date,rainfall_mm,temperature_mean_c,temperature_min_c,temperature_max_c,sea_level_pressure_hpa,relative_humidity_pct,wind_speed_ms,global_radiation_wm2,potential_evaporation_mm,groundwater_head_m,head_obs_count,weather_obs_count,week_valid
2000-01-02,0.0,5.130000000000001,2.0949999999999998,8.254999999999999,1024.25005,94.29445,3.85499995,12.0,0.25525137,,2,2,False
2000-01-09,23.3000011,5.159999914285714,2.552857085714286,7.527142785714285,1017.5428800000001,93.02567,5.037142728571429,19.571428571428573,1.439658015,11.23857142857143,7,7,True
2000-01-16,0.0,2.0714285714285716,0.051428588571428575,3.7314285,1028.9571485714284,90.56763342857143,3.9714285142857144,22.0,1.45780651,11.212857142857144,7,7,True
2000-01-23,10.2000001,4.2628571428571425,1.9657142685714284,5.8485713285714285,1022.7428571428571,88.60571714285713,5.6942856285714285,25.714285714285715,1.8286357700000002,11.221428571428572,7,7,True
2000-01-30,27.299999999999997,3.3257142,0.8828572,5.448571214285714,1016.3857485714286,88.37624357142856,5.925714185714286,28.857142857142858,1.95722531,11.224285714285715,7,7,True
2000-02-06,15.600000300000001,7.4671427999999995,6.111428457142857,9.242856857142856,1020.4000057142857,87.75214357142856,6.721428528571429,33.714285714285715,2.72012202,11.244285714285715,7,7,True
2000-02-13,26.9,5.697142814285714,3.3771428,8.307142328571429,1013.38572,84.62785842857143,7.1328571,44.57142857142857,3.37626237,11.248571428571427,7,7,True
2000-02-20,23.1000004,3.5257141857142855,0.5485714414285714,6.6042856285714295,1008.9857257142856,88.51246214285713,4.712857085714285,50.857142857142854,3.60258648,11.252857142857142,7,7,True
2000-02-27,10.40000034,4.315714271428571,0.3571428257142858,8.251428571428571,1023.6428828571428,86.01706785714285,4.0928571,73.42857142857143,5.35073573,11.227142857142857,7,7,True
2000-03-05,54.6000001,4.732857024285714,1.3271428571428572,7.884285671428572,1010.1571542857143,85.82643014285713,6.927142757142858,67.28571428571429,4.92967391,11.25,7,7,True
2000-03-12,24.0,8.069999957142857,5.204285614285714,10.572857,1019.1000114285715,86.97500128571428,6.871428557142857,54.42857142857143,4.431387979999999,11.258571428571429,7,7,True
2000-03-19,14.900000140000001,6.567142714285715,3.935714214285714,8.737142571428572,1026.0429057142858,87.32537071428571,5.394285628571429,70.85714285714286,5.48247712,11.262857142857143,7,7,True
2000-03-26,17.2000003,6.782857142857144,2.8242857100000003,10.851428357142856,1016.028582857143,89.30006,2.6057142428571427,98.71428571428571,7.817203300000001,11.248571428571427,7,7,True
2000-04-02,1.7,5.595714214285715,2.5942856799999996,8.545714185714285,1010.0857142857143,87.04368557142857,4.008571342857143,70.57142857142857,5.45250468,11.248571428571427,7,7,True
2000-04-09,1.4,6.729999828571429,0.9885713928571429,12.119999857142856,1014.3714285714286,75.08857214285715,4.089999928571428,161.14285714285714,12.749575000000002,11.221428571428573,7,7,True
2000-04-16,12.700000099999999,6.252857142857143,1.337142785714286,11.107142642857143,997.6857142857143,78.47643071428571,4.159999957142857,140.42857142857142,10.9630661,11.215714285714286,7,7,True
2000-04-23,27.700000000000003,12.164285571428573,7.135714057142857,16.96285657142857,1009.1,78.44428914285713,3.555714242857143,141.14285714285714,13.096701999999999,11.212857142857143,7,7,True
2000-04-30,9.100000099999999,13.942857071428572,9.178571428571429,18.931428571428572,1012.5,81.51796,3.3671428142857143,163.85714285714286,16.0335674,11.241428571428571,7,7,True
2000-05-07,19.0,13.774285428571428,9.102857142857143,18.867142857142856,1019.5,80.86820585714285,4.0271427428571425,192.57142857142858,18.9737892,11.245714285714286,7,7,True
2000-05-14,0.0,17.261428285714285,9.95285692857143,24.069999571428575,1020.48572,67.47500099999999,3.4485713999999996,279.7142857142857,28.9020511,11.212857142857144,7,7,True
2000-05-21,35.800000999999995,13.695714142857144,8.142857042857143,18.63428557142857,1010.0142857142857,77.85000042857143,3.529999871428571,202.71428571428572,19.896120500000002,11.221428571428572,7,7,True
2000-05-28,39.3,12.314285428571427,8.091428385714286,16.219999642857143,1009.78572,80.92500114285714,5.2528571,179.0,16.6499357,11.265714285714285,7,7,True
2000-06-04,11.0,13.349999714285714,7.742857,18.36142842857143,1016.3571599999999,81.95214357142858,3.4599999285714285,210.71428571428572,19.969901399999998,11.267142857142858,7,7,True
2000-06-11,9.100000000000001,14.918571285714284,8.407142714285714,20.064285714285713,1016.9142914285715,80.56142857142858,3.2499999714285717,227.0,22.646418200000003,11.235714285714286,7,7,True
2000-06-18,10.0,15.13428542857143,9.271428557142857,20.21714257142857,1025.0285857142858,78.18063571428571,3.5057142142857143,234.0,23.0959964,11.195714285714287,7,7,True
2000-06-25,13.2000001,17.897142714285714,13.404285571428572,23.012856714285714,1013.9857371428571,77.965,4.141428485714286,212.71428571428572,22.981749000000004,11.127142857142857,7,7,True
2000-07-02,7.5000001,12.861428285714286,8.099999914285714,16.762857,1017.0571600000001,74.87142857142858,3.425714242857143,177.0,16.6720328,11.095714285714285,7,7,True
2000-07-09,33.2,14.89,10.84,18.83714242857143,1010.7000057142858,86.31434714285714,2.9714285714285715,154.28571428571428,15.332982499999998,11.087142857142856,7,7,True
2000-07-16,28.100000299999998,13.365713999999999,10.224285471428573,16.971428285714286,1004.4428685714286,86.50928642857143,4.185714185714286,160.85714285714286,15.3543041,11.224285714285713,7,7,True
2000-07-23,1.0,14.767142714285715,11.73714242857143,18.999999714285714,1018.8428628571429,83.74857214285714,3.8599999285714284,165.14285714285714,16.2804723,11.177142857142858,7,7,True
2000-07-30,15.2000001,16.335714,11.775713999999999,20.834285714285716,1011.9285714285714,87.44669371428571,2.6485713714285715,140.57142857142858,14.3222661,11.125714285714285,7,7,True
2000-08-06,14.700000000000001,17.132857,11.497142857142858,22.652857,1019.2142914285714,82.61428642857143,2.5357142285714285,196.28571428571428,20.2881545,11.098571428571429,7,7,True
2000-08-13,14.800001,17.001428285714287,11.437142714285715,22.131428571428568,1017.5571428571428,83.74500142857143,2.3985713428571427,176.28571428571428,18.185883399999998,11.022857142857143,7,7,True
2000-08-20,13.900001,18.155714142857143,13.327142642857142,23.041428285714286,1014.0285714285714,80.27214285714285,3.1728571285714287,172.28571428571428,18.1590703,10.967142857142857,7,7,True
2000-08-27,24.200001,15.497142285714286,9.838571285714284,20.88142842857143,1019.2571542857143,81.29727,2.465714257142857,180.85714285714286,17.9719153,11.057142857142859,7,7,True
2000-09-03,25.7,14.349999357142858,9.668571285714288,19.405714285714286,1012.0285885714286,86.90142914285714,2.807142814285714,151.85714285714286,14.7763285,11.131428571428572,7,7,True
2000-09-10,23.800001,14.779999714285713,11.598571428571429,18.745714285714286,1017.6000171428572,88.92261857142857,3.0528571,92.28571428571429,9.0314766,11.207142857142857,7,7,True
2000-09-17,18.7000001,15.865713928571427,11.921428285714285,19.981428285714287,1011.2285828571429,90.48551071428571,2.7885714285714287,94.57142857142857,9.558571970000001,11.200000000000001,7,7,True
2000-09-24,31.8000001,13.097142714285713,8.96857122857143,17.527142571428573,1015.0000200000001,86.54134585714284,3.9242856571428573,126.85714285714286,12.074014799999999,11.227142857142857,7,7,True
2000-10-01,28.200000000000003,15.1157135,11.597142571428572,18.93571414285714,1009.9714457142857,90.64563771428571,2.8299999999999996,84.42857142857143,8.394876,11.265714285714285,7,7,True
2000-10-08,9.9000003,10.737142857142857,6.807142857142857,14.909999999999998,1016.8285885714286,90.707527,3.339999914285714,76.42857142857143,6.77532504,11.242857142857144,7,7,True
2000-10-15,18.700000099999997,9.999999285714285,6.5842857142857145,13.417142714285715,1001.1285828571429,87.77000214285714,4.717142771428572,71.85714285714286,6.324083170000001,11.264285714285714,7,7,True
2000-10-22,10.100000000000001,11.367142714285714,6.4371426000000005,15.501428428571428,1018.6000142857143,91.02318157142858,3.714285614285714,55.857142857142854,5.0305272,11.245714285714286,7,7,True
2000-10-29,45.3000001,11.622857,9.605713957142857,13.945713999999999,1009.7142914285714,88.50489928571429,6.0614285,40.285714285714285,3.67464888,11.278571428571427,7,7,True
2000-11-05,18.499999999999996,7.931428342857143,5.638571285714286,10.727142714285716,996.5714399999999,87.86571485714286,6.772857071428571,42.42857142857143,3.47966059,11.281428571428572,7,7,True
2000-11-12,30.9,7.704285557142858,5.998571328571429,9.119999857142858,996.9142857142857,88.51067014285715,6.085714142857142,22.857142857142858,1.88139782,11.278571428571428,7,7,True
2000-11-19,15.4,6.391428442857143,3.9485713999999996,8.622857,1004.3571542857143,92.45243928571428,4.659999928571429,30.0,2.35411381,11.285714285714286,7,7,True
2000-11-26,17.3000004,6.461428514285714,3.704285642857143,8.664285528571428,1001.3285771428572,89.78679657142857,5.155714214285714,25.0,1.9744709599999999,,1,7,False
2000-12-03,14.000000000000002,9.549999999999999,6.198571314285714,12.032856999999998,1011.5285714285714,91.15123514285713,4.374285657142857,23.571428571428573,2.0258736,,3,7,False
2000-12-10,20.100000100000003,9.361428428571429,7.2385712571428575,11.142856857142858,1007.4714285714286,86.68072785714286,5.809999928571429,22.285714285714285,1.90973324,11.282857142857141,7,7,True
2000-12-17,31.8000002,7.617142571428571,5.275714257142857,9.734285357142856,1006.3000057142857,87.52011785714285,6.841428514285714,16.857142857142858,1.3475260799999997,11.292857142857143,7,7,True
2000-12-24,11.5,-1.367142826142857,-4.388571385714286,1.5214285785714285,1017.8571714285715,89.044275,3.4357142714285716,26.142857142857142,1.502747186,11.257142857142856,7,7,True
2000-12-31,21.199999999999996,-0.8799999628571429,-3.9757141857142857,0.6457142371428571,998.1428571428571,90.70291514285714,4.391428457142857,19.285714285714285,1.17088926,11.237142857142857,7,7,True
2001-01-07,32.000001499999996,5.574285628571429,3.507142854285714,7.594285671428572,996.5142971428571,91.25745157142858,5.804285571428571,16.571428571428573,1.2833641260000002,11.295714285714286,7,7,True
2001-01-14,2.3,0.6957142571428571,-1.7985714000000002,2.9571428428571425,1023.9857542857143,92.76520442857144,3.1814285,24.857142857142858,1.55836307,11.28,7,7,True
2001-01-21,4.2,-2.1785714285714284,-4.1828569714285715,-0.2085714328571429,1023.7285771428571,92.02282414285715,2.7314285,29.714285714285715,1.64332214,11.234285714285715,7,7,True
2001-01-28,18.0000004,4.168571271428571,1.5842857000000001,6.707142742857143,999.2571542857143,92.90230642857144,4.655714228571428,21.571428571428573,1.60043756,11.267142857142858,7,7,True
2001-02-04,28.2,-0.048571414285714286,-1.88714282,2.427142886571428,1016.9285828571428,92.56094271428572,3.2514284714285715,25.714285714285715,1.61824896,11.26142857142857,7,7,True
2001-02-11,22.90000004,6.5442854285714285,2.3957143142857142,9.739999714285714,1008.4428628571429,89.69764371428572,5.332857142857143,37.57142857142857,2.8553059999999997,11.294285714285715,7,7,True
2001-02-18,7.0,4.031428514285714,0.09428569571428566,8.057142471428572,1033.1857428571427,91.844415,3.0257142,48.0,3.38585247,11.27142857142857,7,7,True
2001-02-25,13.6000002,2.9142857114285716,0.007142799999999973,5.844285671428572,1017.1285771428571,86.89695342857144,4.8042857,60.57142857142857,4.07329271,11.26,7,7,True
2001-03-04,1.2,0.42714283571428574,-2.074285657142857,3.2714285714285714,998.7428742857144,85.61876714285714,3.5,59.42857142857143,3.8250927399999997,11.252857142857142,7,7,True
2001-03-11,15.6000003,6.3428571428571425,2.7657143,9.992857,1007.9285771428571,88.72211857142858,3.9985714,65.28571428571429,4.84248573,11.254285714285714,7,7,True
2001-03-18,24.2,4.5799999285714295,1.9128571157142855,7.434285699999999,1003.5142971428571,88.65338428571428,4.767142814285714,73.42857142857143,5.58781272,11.264285714285714,7,7,True
2001-03-25,7.3,1.9714285342857143,0.018571418571428522,4.161428471428572,1005.3000171428572,87.89102614285714,4.622857057142857,63.42857142857143,4.272755450000001,11.272857142857143,7,7,True
2001-04-01,10.100000000000001,5.542856938571428,1.7371428051428572,9.2171424,1011.3285771428572,86.01033914285713,4.624285671428572,107.28571428571429,8.095653239999999,11.265714285714285,7,7,True
2001-04-08,18.2,9.3271428,4.687142757142857,13.911428285714285,1007.5142857142857,82.56000057142857,5.328571342857143,131.71428571428572,11.3419817,11.27142857142857,7,7,True
2001-04-15,16.1000001,5.348571414285715,1.1271428,9.15142842857143,1018.157142857143,81.51563042857143,4.488571428571428,125.42857142857143,9.3405468,11.258571428571429,7,7,True
2001-04-22,18.100000100000003,4.8314285,0.9671428471428571,9.009999671428572,1008.7571485714286,83.46357285714285,4.021428514285715,150.14285714285714,11.23048725,11.268571428571429,7,7,True
2001-04-29,27.300001299999998,9.354285571428573,4.782857002857143,13.889999857142856,1008.1285885714286,83.50571571428573,3.6885713428571427,152.71428571428572,13.1015348,11.278571428571427,7,7,True
2001-05-06,6.8,10.034285714285716,5.644285642857143,14.985714142857143,1015.5142914285715,80.683572,4.789999985714286,200.71428571428572,17.5393702,11.275714285714285,7,7,True
2001-05-13,0.0,14.638571,7.5799998,21.049999714285715,1021.8714285714286,67.88571471428571,3.938571385714286,282.42857142857144,27.6870729,11.23857142857143,7,7,True
2001-05-20,34.000001,12.469999714285715,8.561428385714285,17.527142714285713,1011.3142971428572,81.603572,4.348571428571429,202.0,18.8061059,11.262857142857143,7,7,True
2001-05-27,1.6,13.504285,6.055714228571428,19.59571414285714,1022.8000142857144,75.52428642857141,3.414285685714286,274.0,25.9145755,11.244285714285715,7,7,True
2001-06-03,26.400000000000002,13.184285285714285,9.022856928571429,17.09857142857143,1014.7000114285714,82.85006571428572,5.17,177.28571428571428,16.9529931,11.25,7,7,True
2001-06-10,6.6,12.174285571428571,6.4285713,17.302857,1013.9000114285715,76.06357200000001,3.3957142285714284,209.28571428571428,19.293621100000003,11.254285714285714,7,7,True
2001-06-17,21.500000999999997,13.811428142857142,8.057142757142858,18.932857000000002,1013.4000114285715,80.80883628571428,3.1228571285714284,215.14285714285714,20.6018464,11.232857142857142,7,7,True
2001-06-24,1.5,13.9342855,9.161428428571428,19.06142828571429,1019.5857257142858,79.01285785714286,3.568571385714286,208.42857142857142,20.1056282,11.218571428571428,7,7,True
2001-07-01,14.3,17.839999714285714,12.139999714285713,23.46999942857143,1019.657157142857,78.315715,3.4314285,241.85714285714286,25.2413712,11.171428571428573,7,7,True
2001-07-08,2.3,20.44,14.482856857142858,25.831428285714285,1013.9000057142857,74.74714357142857,3.4242856285714285,243.57142857142858,26.953512800000002,11.127142857142857,7,7,True
2001-07-15,43.200002,15.468571285714287,11.111428142857141,19.98428557142857,1008.7428742857144,82.38891,4.342857114285715,189.28571428571428,18.911705400000002,11.204285714285716,7,7,True
2001-07-22,26.500000099999998,15.652856857142856,10.295714,20.46857142857143,1010.3142971428571,84.62127071428571,3.247142757142857,189.42857142857142,19.0329512,11.26,7,7,True
2001-07-29,40.300002000000006,18.907142857142855,12.415714142857142,24.849999714285712,1019.2571428571429,83.75150871428572,2.1557142571428574,253.28571428571428,27.1046981,11.217142857142857,7,7,True
2001-08-05,20.000000300000004,17.64714257142857,12.762857071428572,22.55571414285714,1016.6714485714285,81.99214357142857,3.6228570428571425,198.85714285714286,20.7920845,11.235714285714286,7,7,True
2001-08-12,48.6000021,15.594285142857144,11.852857,19.242856857142858,1012.7428571428571,87.08000185714286,4.094285628571429,145.85714285714286,14.58267877,11.264285714285714,7,7,True
2001-08-19,15.4,19.689999857142855,14.307142428571428,24.52999957142857,1013.4428685714286,82.63935114285714,3.522857071428571,184.85714285714286,20.186316200000004,11.268571428571429,7,7,True
2001-08-26,18.1,20.807142714285714,14.561427857142856,27.28714242857143,1018.2285714285715,80.66142928571428,2.2099999571428572,196.42857142857142,21.7596313,11.20857142857143,7,7,True
2001-09-02,12.8000001,15.134285714285713,9.388571357142856,19.74999957142857,1014.2428685714286,85.14714414285716,3.2242857,152.14285714285714,15.05391026,11.207142857142857,7,7,True
2001-09-09,64.2000003,13.649999857142857,10.54857142857143,16.98428542857143,1008.8142914285714,87.90151,4.762857071428571,106.42857142857143,10.15957224,11.288571428571428,7,7,True
2001-09-16,47.4000002,12.359999714285715,9.377142814285715,15.875714285714285,1007.4428685714286,88.035715,4.4357142000000005,102.71428571428571,9.5528172,11.292857142857143,7,7,True
2001-09-23,45.20000000000001,11.732857,9.379999628571428,14.65857142857143,1009.5428685714286,91.34418485714286,3.6971427857142856,72.28571428571429,6.61453683,11.304285714285713,7,7,True
2001-09-30,28.4,13.32714257142857,9.515714228571428,17.862856857142855,1013.8857142857142,91.51398271428572,2.704285614285714,92.14285714285714,8.7494248,11.31,7,7,True
2001-10-07,23.2000011,14.615714142857144,12.064285428571427,18.379999714285713,1006.75716,88.55071571428572,4.979999985714286,75.14285714285714,7.3243902,11.321428571428571,7,7,True
2001-10-14,9.700000099999999,14.778571214285714,11.851428142857143,18.205713714285714,1016.9571485714285,87.18957714285715,4.854285628571428,76.28571428571429,7.48481486,11.304285714285713,7,7,True
2001-10-21,10.200001,13.545714,9.947142685714285,17.744285428571427,1014.1857257142857,89.9979197142857,3.144285671428572,70.71428571428571,6.764239419999999,11.29142857142857,7,7,True
2001-10-28,16.1,11.841428142857142,9.21428542857143,14.545713857142857,1017.1285771428572,92.13471514285713,3.7528571428571427,43.0,3.9284936200000002,11.288571428571428,7,7,True
2001-11-04,9.7,11.275713857142858,8.264285557142857,13.968571,1023.7000057142858,85.16921128571428,5.357142771428571,43.57142857142857,3.94547479,11.277142857142858,7,7,True
2001-11-11,38.4000002,5.671428471428571,2.5414285,8.788571314285715,1012.6714542857143,89.39729057142857,4.107142785714286,36.42857142857143,2.74710082,11.287142857142857,7,7,True
2001-11-18,16.0,6.305714285714286,3.0428571,9.264285328571429,1028.0142857142857,91.82724571428571,2.5971427714285715,32.857142857142854,2.4628045999999997,11.29857142857143,7,7,True
2001-11-25,21.300001199999997,7.278571242857142,4.924285542857143,9.5728568,1019.8428628571429,89.69142785714287,4.2471428,19.428571428571427,1.53520677,11.29142857142857,7,7,True
2001-12-02,29.000000999999997,7.248571285714285,3.804285628142857,9.671428428571428,1013.5000057142857,92.97434799999999,3.458571342857143,21.142857142857142,1.6472160699999998,11.303333333333335,6,7,True
2001-12-09,25.299999999999997,4.359999904285714,1.6499999571428572,7.041428285714285,1028.2000057142857,93.16497100000001,3.4157142142857144,22.714285714285715,1.59464877,11.320000000000002,7,7,True
2001-12-16,1.6,0.8271428485714286,-2.418571371428571,3.4328570999999997,1038.6143285714286,89.07607499999999,2.5385714142857148,22.0,1.36928577,11.284285714285714,7,7,True
2001-12-23,31.8,1.4871428228571428,-2.141428585714286,4.164285628571429,1020.0142971428571,91.16107771428572,4.144285642857143,19.285714285714285,1.21179119,11.285714285714286,7,7,True
2001-12-30,34.900000999999996,2.245714257142857,-1.348571357142857,5.164285628571428,997.7285771428571,91.97856485714286,5.758571185714286,16.571428571428573,1.1339322,11.307142857142859,7,7,True
2002-01-06,0.90000004,-0.9542856714285713,-4.365714117142857,1.4999999714285717,1033.6428714285714,85.95509271428571,3.7614285,32.0,1.83724625,11.292857142857143,7,7,True
2002-01-13,4.2000003,1.0614285785714286,-0.9499999457142857,2.9385714157142857,1032.2857142857142,92.66964771428572,2.4299999714285714,19.857142857142858,1.2717892059999998,11.282857142857141,7,7,True
2002-01-20,24.7000011,4.001428514285714,2.1014285171428573,5.9085712571428575,1016.3143085714286,92.61271928571429,5.128571285714286,18.714285714285715,1.34570313,11.292857142857143,7,7,True
2002-01-27,43.8000004,7.645714142857143,5.768571367142857,9.7214285,1002.1000171428572,89.10586571428573,7.662857142857143,20.428571428571427,1.64718297,11.317142857142857,7,7,True
2002-02-03,11.1,10.168571428571429,7.692857000000001,12.299999714285715,1013.3857142857142,80.23730342857142,8.007142714285715,39.42857142857143,3.47659757,11.332857142857142,7,7,True
2002-02-10,44.10000014,8.42428537142857,6.174285571428571,10.292857,1005.9714342857143,87.73785714285714,7.459999757142858,30.142857142857142,2.5070630499999997,11.327142857142858,7,7,True
2002-02-17,15.5,3.9599998142857147,0.3557142714285713,7.731428485714285,1019.6000142857143,83.57365214285714,5.112857142857143,73.14285714285714,4.92735757,11.34142857142857,7,7,True
2002-02-24,64.70000110000001,4.159999971428571,1.2228571142857143,7.2914284857142855,1003.0285942857143,83.71785714285714,7.307142857142857,62.857142857142854,4.5653467700000006,11.342857142857143,7,7,True
2002-03-03,43.5000001,4.9471428571428575,1.2428571428571427,8.377142828571428,1002.3571428571429,85.2496442857143,6.4199999,73.71428571428571,5.43839863,11.374285714285715,7,7,True
2002-03-10,5.1,7.628571285714286,4.178571385714286,10.371428142857143,1011.7285714285715,80.92714357142857,6.5285712,79.57142857142857,6.490258489999999,11.347142857142856,7,7,True
2002-03-17,7.5,6.488571342857143,2.6714285,11.32714257142857,1014.9285714285714,82.51157928571429,4.604285671428571,79.28571428571429,6.29013844,11.314285714285715,7,7,True
2002-03-24,16.200000199999998,6.668571285714286,3.6642856185714288,10.231428571428571,1016.2428628571428,85.92466357142858,4.5728570714285715,98.42857142857143,7.62506106,11.308571428571428,7,7,True
2002-03-31,0.0,6.029999757142856,-0.14857141571428567,12.697142799999998,1026.9000142857144,71.15071485714286,2.717142785714286,169.42857142857142,12.9855905,11.29142857142857,7,7,True
2002-04-07,0.0,8.988571071428572,3.075714242857143,15.311428285714285,1016.9285885714287,62.550715000000004,4.97,203.28571428571428,17.0755624,11.267142857142858,7,7,True
2002-04-14,3.6000001,6.7414283571428575,0.4814285428571428,11.631428357142857,1014.1428771428572,77.36142985714285,3.807142814285714,150.0,11.8667222,11.231428571428571,7,7,True
2002-04-21,15.900001,8.5357139,4.378571342857143,12.575714000000001,1020.8571628571428,88.87093,2.2957141857142855,117.85714285714286,9.91075394,11.258571428571429,7,7,True
2002-04-28,46.200001,10.805714,6.292856885714286,15.275714285714287,1015.6285771428571,84.04301771428571,4.4,144.42857142857142,12.970981599999998,11.27,7,7,True
2002-05-05,34.9,9.168571071428572,5.919999857142857,12.214285357142858,1008.54288,86.32724571428571,5.445714228571428,114.14285714285714,9.763327630000001,11.311428571428573,7,7,True
2002-05-12,0.0,13.101428285714286,8.575714,17.638571285714285,1014.6428685714285,87.10214414285714,3.3242856142857145,161.14285714285714,15.3822599,11.308571428571428,7,7,True
2002-05-19,1.5,13.931428214285715,8.224285257142856,19.302857,1017.0714342857143,80.18642857142856,4.1514285285714285,220.57142857142858,21.257489200000002,11.272857142857143,7,7,True
2002-05-26,8.9000001,15.238571285714286,9.837142600000002,20.731428285714287,1007.8285828571428,76.22785757142857,4.3171428,204.71428571428572,20.458715700000003,11.255714285714285,7,7,True
2002-06-02,5.5000001,13.584285500000002,7.352857071428572,19.074285285714286,1017.8571428571429,76.19500071428571,3.5671427857142857,250.85714285714286,23.947741999999998,11.248571428571427,7,7,True
2002-06-09,19.1000004,17.554285285714286,12.577142714285714,22.664285285714282,1005.8428628571429,79.2473032857143,3.1614285428571427,186.85714285714286,19.5913928,11.26,7,7,True
2002-06-16,21.400000300000002,14.972857142857142,11.621428357142857,18.99857114285714,1013.4571542857144,86.63,3.829999942857143,165.42857142857142,16.375260599999997,11.275714285714285,7,7,True
2002-06-23,23.2,18.024285,12.008571285714286,23.52142842857143,1018.8142914285714,81.15840842857143,3.378571357142857,216.42857142857142,23.0291643,11.254285714285714,7,7,True
2002-06-30,16.0000001,14.595713928571428,9.962856714285715,19.255714,1018.3714485714287,79.60928685714285,4.4399999999999995,226.28571428571428,22.1394365,11.244285714285715,7,7,True
2002-07-07,16.20000004,14.469999999999999,11.038571285714285,17.701428571428572,1007.7428571428571,87.61730842857142,4.5342857,130.71428571428572,12.8212247,11.26,7,7,True
2002-07-14,20.8000001,17.078571285714286,12.195714285714287,21.641428571428573,1015.4285828571428,84.36047857142856,2.975714228571429,196.42857142857142,20.330710699999997,11.254285714285714,7,7,True
2002-07-21,17.200000000000003,16.6171425,12.434285357142857,20.681428571428572,1016.9428685714286,80.46785714285714,4.082857114285714,179.0,18.4423876,11.215714285714286,7,7,True
2002-07-28,7.6,17.84428542857143,13.012857,22.50714285714286,1014.9857314285715,81.49428685714285,3.7128571142857143,189.85714285714286,20.137332699999998,11.20142857142857,7,7,True
2002-08-04,29.6,20.289999714285717,15.501428357142858,26.345713999999997,1012.4428628571429,82.48762071428573,2.562857071428571,213.42857142857142,23.63214,11.191428571428572,7,7,True
2002-08-11,36.1,18.252856857142856,14.097142142857143,23.098571142857143,1009.5000057142857,89.48111714285714,2.0142856857142855,143.71428571428572,15.231243999999998,11.241428571428571,7,7,True
2002-08-18,0.0,20.115714,13.948571,26.148571428571426,1016.7285771428571,80.90142914285714,2.7871427714285715,225.0,24.677954099999997,11.222857142857142,7,7,True
2002-08-25,53.800000100000005,18.69571385714286,14.532856714285714,22.722857,1016.9142857142857,89.17857485714285,2.2928571285714283,137.0,14.676245000000002,11.251428571428571,7,7,True
2002-09-01,0.0,17.947142714285715,13.162857,22.70857128571429,1019.7714342857143,85.79041357142857,3.0628571,166.28571428571428,17.447765,11.267142857142858,7,7,True
2002-09-08,3.0,16.42428542857143,10.844285428571428,22.554285285714286,1015.8285771428572,81.12000214285715,3.265714271428571,168.0,17.082809,11.22,7,7,True
2002-09-15,28.0,15.968570857142856,11.711428428571429,20.691428285714288,1022.2428914285714,86.69095342857143,3.0928571428571425,138.14285714285714,13.948991300000001,11.262857142857143,7,7,True
2002-09-22,12.899999999999999,13.568570857142857,10.508571285714286,17.197142857142858,1016.44288,87.42428714285714,2.5171428142857146,76.71428571428571,7.3021677,11.242857142857144,7,7,True
2002-09-29,9.6,12.251428142857142,7.909999957142857,16.518571428571427,1022.0000057142857,85.26428628571429,2.825714242857143,106.57142857142857,9.744814300000002,11.245714285714286,7,7,True
2002-10-06,12.6000001,11.912856714285713,6.345714285714286,17.43285714285714,1021.0571485714287,88.83739414285715,3.002857014285714,93.14285714285714,8.45464404,11.224285714285715,7,7,True
2002-10-13,2.2,6.282857057142857,2.1742857,10.294285571428572,1015.9857142857143,81.30760757142856,5.009999971428571,97.14285714285714,7.59655009,11.228571428571428,7,7,True
2002-10-20,18.600000299999998,7.059999871428571,3.431428514285714,10.5399998,1006.1428628571429,90.280585,4.228571328571428,54.857142857142854,4.39592456,11.258571428571429,7,7,True
2002-10-27,40.300000999999995,9.694285714285714,6.5628571,13.264285428571428,997.9142857142857,88.67476414285714,6.375714214285714,43.285714285714285,3.7225577800000003,11.285714285714286,7,7,True
2002-11-03,24.0,7.0728569285714284,3.075714182857143,11.267142714285715,1015.5285771428571,90.7672512857143,3.2514285571428574,44.57142857142857,3.54236494,11.29857142857143,7,7,True
2002-11-10,37.0,5.622857114285714,1.9028571285714284,8.562857,1010.8714342857144,92.06174514285715,3.744285657142857,36.285714285714285,2.77521972,11.308571428571428,7,7,True
2002-11-17,8.399999999999999,7.877142571428571,4.955714265714286,10.668571214285715,998.4714342857143,91.50188628571428,3.6885713142857144,24.571428571428573,2.0368979200000004,11.311428571428573,7,7,True
2002-11-24,2.40000004,5.054285571428571,1.3857142685714285,7.861428442857142,1007.5000057142857,92.86943514285714,3.2771428285714284,28.285714285714285,2.10805566,11.294285714285715,7,7,True
2002-12-01,20.3,6.137142814285714,3.17714281,8.642857000000001,1011.9428571428572,93.21085071428571,3.054285671428571,20.714285714285715,1.61283156,11.297142857142857,7,7,True
2002-12-08,0.0,2.6057142771428574,-0.12428567628571432,4.791428514285714,1020.5142999999999,86.79406585714285,4.984285585714285,17.142857142857142,1.1383866660000002,11.29142857142857,7,7,True
2002-12-15,1.4,-5.127142728571429,-7.084285428571428,-2.6442856214285717,1025.3285857142857,77.91142985714285,5.379999957142857,29.285714285714285,1.4074503259999998,,1,7,False
2002-12-22,18.099999999999998,-0.7814285471428571,-3.009999971428571,0.6414285428571429,1020.7143057142857,94.32143285714287,2.6885714142857142,12.285714285714286,0.7369846819999999,,0,7,False
2002-12-29,51.000001299999994,6.179999928571428,4.4571426842857145,7.348571057142857,1004.9000057142857,93.398097,4.175714171428572,11.714285714285714,0.9088816359999999,,0,7,False
2003-01-05,37.6000013,0.40142857142857136,-2.959999952857143,3.4857140857142856,1002.78572,89.81991428571429,4.284285614285714,15.0,0.916000144,11.34,4,7,True
2003-01-12,11.299999999999999,-4.844285571428571,-9.352857,-2.258571414285714,1024.6142914285715,83.39357214285714,3.1014285428571426,31.0,1.53180862,11.290000000000001,7,7,True
2003-01-19,5.5000001,5.064285642857143,3.1528571285714286,7.0157142285714285,1017.2428628571428,89.55143142857142,6.585714214285715,18.142857142857142,1.34649021,11.312857142857142,7,7,True
2003-01-26,17.7000004,5.5157142142857145,3.3971428571428572,7.678571385714286,1011.9714285714286,90.50256785714285,5.194285671428572,22.857142857142858,1.7246028500000001,11.304285714285713,7,7,True
2003-02-02,24.0,1.5299998,-1.1742856914285713,3.8271426714285712,1008.3143028571428,86.3412057142857,5.482857,29.714285714285715,1.87434681,11.301428571428572,7,7,True
2003-02-09,13.799999999999999,2.634285623285714,0.13428568714285707,4.701428571428571,1008.7571657142856,91.55654428571428,3.979999857142857,35.42857142857143,2.39363269,11.31,7,7,True
2003-02-16,0.0,-1.79571421,-4.352857085714286,1.658571382857143,1032.1143,81.98173057142857,3.2899999857142856,64.0,3.6491674900000004,11.28,7,7,True
2003-02-23,0.0,-1.5585714285714285,-5.124285514285715,3.3485714285714283,1027.6428857142857,84.62857271428571,3.8299998571428575,85.71428571428571,5.02105825,11.252857142857142,7,7,True
2003-03-02,4.7000003,4.531428414285714,-0.20999997142857138,10.945713785714286,1018.4571485714285,80.14285985714285,2.8185714285714285,89.14285714285714,6.4646959299999995,11.255714285714285,7,7,True
2003-03-09,24.0,6.668571242857142,3.1114285685714287,9.638571285714287,1016.7142914285714,87.68668785714286,4.8528571000000005,56.57142857142857,4.445324729999999,11.285714285714286,7,7,True
2003-03-16,2.6000001,5.632857085714286,1.1871427485714285,10.445714071428572,1030.82862,81.66928642857144,4.2685713142857145,115.0,8.412726,11.3,7,7,True
2003-03-23,0.0,4.488571357142857,-1.0342856885714284,10.21999962857143,1030.1571857142858,73.42642857142857,3.0171428142857146,138.42857142857142,10.226995039999998,11.275714285714285,7,7,True
2003-03-30,0.0,8.54285672857143,1.5899999857142857,16.594285714285714,1018.8571542857143,75.18071428571429,2.995714228571429,155.85714285714286,13.0044021,11.27,7,7,True
2003-04-06,14.9000001,5.224285628571429,0.08857142714285704,9.792856857142857,1019.9285971428571,79.03917485714285,5.585714242857143,138.42857142857142,10.361034,11.272857142857143,7,7,True
2003-04-13,4.7000003,3.984285642857143,-2.4314285,9.915714042857143,1018.0000057142857,66.83142914285715,3.071428514285714,184.85714285714286,13.4697402,11.265714285714285,7,7,True
2003-04-20,0.0,12.167142857142858,5.411428457142857,19.10142814285714,1024.071442857143,54.95714357142857,5.392857042857143,219.57142857142858,20.3627074,11.232857142857142,7,7,True
2003-04-27,23.999999999999996,13.157142285714286,6.344285571428571,19.74428514285714,1012.3285828571428,71.9904132857143,3.7757142,189.28571428571428,17.8510212,11.207142857142856,7,7,True
2003-05-04,17.0000002,12.728571,7.971428571428571,17.615714142857144,1009.6428685714285,79.98056557142857,5.297142814285714,169.42857142857142,15.969403999999999,11.262857142857143,7,7,True
2003-05-11,8.2000004,12.038571142857142,6.0314284,17.377142428571428,1018.9714285714286,79.510715,2.7128571,205.28571428571428,18.8637157,11.26142857142857,7,7,True
2003-05-18,29.5,10.8542855,6.4828570857142855,15.33714257142857,1014.4,80.287144,3.9014285,196.85714285714286,17.4377197,11.281428571428572,7,7,True
2003-05-25,49.3000013,12.48857142857143,9.948571214285716,15.849999857142857,1012.5285771428571,90.08515857142856,4.247142728571428,124.57142857142857,11.537724430000003,11.31,7,7,True
2003-06-01,0.0,16.89714228571429,9.738571171428571,23.238571285714283,1019.3714428571428,75.41785857142858,2.9914284714285713,287.85714285714283,29.596924599999998,11.290000000000001,7,7,True
2003-06-08,24.1000003,19.179999714285714,13.109999428571427,25.71571414285714,1014.4285714285714,80.114287,3.0499999428571427,231.57142857142858,24.911214,11.267142857142858,7,7,True
2003-06-15,2.9,15.901428571428571,8.922856999999999,21.709999714285715,1019.5142914285715,78.16714428571429,3.121428557142857,254.85714285714286,25.5624843,11.252857142857142,7,7,True
2003-06-22,5.9000001,16.28571385714286,10.421428428571428,21.197142857142858,1016.1571542857143,79.30357142857143,3.5742856,220.0,22.254306500000002,11.182857142857143,7,7,True
2003-06-29,3.9,16.732856714285713,10.618571142857144,22.571428,1015.2428628571428,76.96714342857142,3.2599999,237.28571428571428,24.3717024,11.081428571428573,7,7,True
2003-07-06,49.000001000000005,15.161428,12.172856814285714,18.698570714285715,1007.7143028571429,89.06137371428572,3.789999942857143,130.28571428571428,12.9723362,11.204285714285714,7,7,True
2003-07-13,0.0,16.772856714285716,9.478571157142856,22.598571285714286,1020.5571657142857,79.19357142857143,2.7785713285714286,244.0,24.9791419,11.15857142857143,7,7,True
2003-07-20,15.9,21.405714,14.361427714285714,28.238571285714283,1015.3,71.68642885714286,3.958571385714286,264.14285714285717,29.712911199999997,11.034285714285714,7,7,True
2003-07-27,7.20000004,18.982856714285713,13.278570928571428,24.314285428571427,1013.08572,79.80285785714285,3.1028571428571428,215.71428571428572,23.1765598,10.941428571428572,7,7,True
2003-08-03,5.0,19.222856857142858,12.749999571428573,25.147142285714285,1019.8285714285714,79.42,2.255714257142857,231.42857142857142,24.9048484,10.862857142857141,7,7,True
2003-08-10,0.0,22.38285671428571,15.174285571428571,30.299999857142858,1021.18574,71.625,2.7885713857142855,262.42857142857144,29.767939199999997,10.768571428571429,7,7,True
2003-08-17,0.0,19.478571214285715,12.115713999999999,26.472857142857144,1017.78572,72.28785714285713,3.121428557142857,221.0,23.915639499999997,10.705714285714285,7,7,True
2003-08-24,6.5,17.804285714285715,12.075714142857143,22.96142857142857,1016.9857257142858,78.76571571428572,3.382857128571428,137.28571428571428,14.3335782,10.65857142857143,7,7,True
2003-08-31,7.9,14.855714142857142,9.902856714285715,19.692857,1012.0000057142857,81.14951142857142,2.9871428285714288,134.71428571428572,13.32548795,10.627142857142857,7,7,True
2003-09-07,6.3,14.215713928571429,8.379999999999999,20.071428285714287,1022.2428771428571,82.52071428571428,2.2971428,153.42857142857142,14.8151523,10.604285714285712,7,7,True
2003-09-14,23.800001,13.122856857142855,8.008571428571429,18.121428428571427,1019.7285714285715,87.12714357142856,2.5171428142857146,125.57142857142857,11.822783399999999,10.721428571428572,7,7,True
2003-09-21,0.0,16.497142571428572,10.39428557142857,23.92714257142857,1020.3571685714286,81.45285842857142,2.325714214285714,161.28571428571428,16.4258825,10.737142857142857,7,7,True
2003-09-28,36.9,11.89428557142857,6.048571214285714,17.86142835714286,1018.0428628571428,80.77571428571427,3.104285657142857,127.42857142857143,11.728040040000002,10.725714285714286,7,7,True
2003-10-05,6.3000001,10.514285571428571,5.3299999,15.961428571428572,1010.2142971428572,87.32579999999999,2.572857142857143,97.85714285714286,8.588232170000001,10.868571428571428,7,7,True
2003-10-12,45.600001000000006,10.202857,6.475713928571429,13.778570928571428,1011.1571628571429,85.36582842857142,4.881428428571428,64.71428571428571,5.6439777200000005,11.092857142857143,7,7,True
2003-10-19,0.0,5.4057141714285715,0.08714284285714287,11.422856999999999,1027.0714485714286,84.313574,3.2371428,108.85714285714286,8.2160827,11.037142857142856,7,7,True
2003-10-26,7.40000004,3.129999885714286,-2.324285614285714,7.867142657142857,1013.4285714285714,88.27224857142858,3.5228570285714285,57.857142857142854,4.0103319399999995,11.0,7,7,True
2003-11-02,16.5,5.242857010000001,1.5828570857142858,9.285714242857143,999.0857257142858,89.32857357142858,3.6842856714285714,51.142857142857146,3.6846970700000004,11.044285714285715,7,7,True
2003-11-09,3.9,7.4714285,4.358571357142857,11.102856714285716,1025.4428771428572,86.27790128571428,4.714285657142858,58.57142857142857,4.70371538,11.1,7,7,True
2003-11-16,8.000000100000001,5.398571357142857,2.921428514285714,7.829999714285714,1019.2428685714285,91.70914214285713,3.812857042857143,29.571428571428573,2.20731503,11.064285714285715,7,7,True
2003-11-23,28.3000002,10.214285571428572,8.107142857142858,11.751428357142856,1011.8285942857143,91.89470128571429,4.8028571428571425,15.142857142857142,1.32243795,11.124285714285715,7,7,True
2003-11-30,13.200000300000001,5.538571371428572,3.4928571014285716,8.035714042857142,1005.9714285714286,91.78678871428572,3.5214284857142855,23.142857142857142,1.7576512499999999,11.209999999999999,7,7,True
2003-12-07,0.7,4.768571428571429,2.687142814285714,7.159999857142857,1023.7143,87.85254657142858,3.8428570714285715,21.571428571428573,1.51392269,11.195714285714287,7,7,True
2003-12-14,50.600002100000005,2.0328572,-1.9828570857142858,5.884285557142857,1014.0285714285714,87.83643228571428,4.381428514285714,27.0,1.6854754400000003,11.184285714285716,7,7,True
2003-12-21,18.5,3.9899999142857143,1.4214285785714285,6.638571242857142,1015.0,87.82141142857144,5.297142857142857,20.428571428571427,1.4492578999999999,11.272857142857143,7,7,True
2003-12-28,27.6000001,4.621428471428572,2.5271428428571427,6.5842855,1010.87144,85.87481,5.918571385714286,14.714285714285714,1.077523958,11.274285714285714,7,7,True
2004-01-04,2.4,-0.011428568571428599,-2.8228571,2.009999941428571,1017.9428571428572,89.52658699999999,3.4571427857142853,20.571428571428573,1.2660028099999998,11.264285714285714,7,7,True
2004-01-11,36.0,5.245714257142857,2.9899998571428568,7.214285585714285,1008.7857257142857,93.25313728571429,4.487142814285714,14.857142857142858,1.12401962,11.277142857142858,7,7,True
2004-01-18,39.099999999999994,4.2914285,2.3071428000000003,6.022857028571429,996.2428685714286,88.06225685714286,6.201428571428572,20.285714285714285,1.46482548,11.304285714285713,7,7,True
2004-01-25,13.6,2.207142827142857,-0.1457142805714286,4.479999928571429,1014.2571657142859,86.42956000000001,3.3728571142857144,22.857142857142858,1.53459594,11.292857142857143,7,7,True
2004-02-01,63.5,2.5571428285714286,-0.48999998571428577,5.001428528571429,1001.6428685714285,89.48836357142856,5.402857114285714,25.571428571428573,1.75622463,11.285714285714286,7,7,True
2004-02-08,40.3000013,9.417142857142858,7.079999671428571,11.607142528571428,1013.7285942857143,85.65495642857142,7.552857028571429,22.857142857142858,1.9024182399999998,11.321428571428571,7,7,True
2004-02-15,15.2,4.6285713714285714,1.6071428514285715,7.412857085714286,1027.5143142857144,91.06053928571428,3.654285671428571,30.0,2.1869700599999997,11.311428571428573,7,7,True
2004-02-22,3.1000001,2.1271427885714287,-0.52,4.927142828571428,1023.1428714285714,81.64833771428572,4.2071428285714285,65.0,4.29134731,11.282857142857141,7,7,True
2004-02-29,9.600000000000001,-0.06571427999999997,-3.0914285142857145,3.747142742857143,1007.2428628571428,83.98928571428571,3.5471427571428573,79.28571428571429,4.93152394,11.274285714285714,7,7,True
2004-03-07,0.0,2.169999957142857,-1.3414285428571429,6.3585714285714285,1025.1857285714286,80.78642928571428,3.5828570714285712,80.28571428571429,5.4097566399999995,11.255714285714285,7,7,True
2004-03-14,5.4000002,3.689999985714286,0.40571429285714283,7.198571314285714,1022.9857342857142,81.9328577142857,4.969999757142857,79.71428571428571,5.70599654,11.244285714285715,7,7,True
2004-03-21,34.1,9.829999857142857,6.771428528571429,13.405714,1015.1714342857142,83.86635128571427,6.962857085714285,73.57142857142857,6.38726366,11.26,7,7,True
2004-03-28,6.3,4.3114285,-0.5857142857142856,8.905713842857143,1016.4285885714286,80.91499999999999,3.308571371428571,125.14285714285714,9.099501,11.281428571428572,7,7,True
2004-04-04,9.5000003,10.00285657142857,4.9271427999999995,15.284285428571428,1015.37144,72.31642942857142,4.99,158.42857142857142,13.774678799999998,11.267142857142858,7,7,True
2004-04-11,33.100001,6.032856971428572,3.071428457142857,9.485714,1011.2714400000001,83.1842857142857,4.3728571,122.42857142857143,9.506903999999999,11.295714285714284,7,7,True
2004-04-18,1.2,9.9471428,3.351428547142857,15.644285285714286,1013.8714342857144,73.19428657142858,3.0457142571428575,180.85714285714286,15.8751314,11.285714285714286,7,7,True
2004-04-25,0.0,10.432856857142857,3.8399999857142855,16.581428428571428,1015.6571485714286,74.23428571428572,3.0542856285714284,191.57142857142858,16.8635995,11.255714285714285,7,7,True
2004-05-02,5.1,14.187142642857141,8.782857085714285,19.68999971428571,1008.9571485714285,73.25642971428572,4.187142757142857,184.71428571428572,18.059448200000002,11.232857142857142,7,7,True
2004-05-09,19.0000003,11.064285571428572,6.314285514285714,15.757142571428572,995.8571599999999,80.90381000000001,3.7342856,142.71428571428572,12.9439381,11.221428571428572,7,7,True
2004-05-16,0.0,11.871428285714286,8.424285514285714,16.159999857142857,1020.8142914285714,80.73071485714286,3.7971428571428567,173.14285714285714,15.9571915,11.20142857142857,7,7,True
2004-05-23,2.1000001,12.022856857142857,5.652856971428571,17.612856999999998,1022.8857142857142,70.30071485714286,4.012857028571429,254.0,23.3122993,11.137142857142857,7,7,True
2004-05-30,8.1,12.481428428571428,5.721428457142857,18.682857000000002,1022.9428628571428,69.13142957142857,3.2428570714285714,227.14285714285714,21.1641722,11.071428571428571,7,7,True
2004-06-06,14.3,14.292856857142857,9.875714142857143,19.198571285714284,1019.4714285714286,83.25842142857142,2.887142814285714,187.14285714285714,18.196716600000002,11.142857142857142,7,7,True
2004-06-13,3.3,17.388571142857142,11.347142714285713,22.455714,1019.6857200000001,77.13071428571428,3.5942857,221.28571428571428,23.039118199999997,11.061428571428573,7,7,True
2004-06-20,18.6000011,13.699999714285713,9.367142514285714,18.181428285714286,1012.1143114285715,78.53285714285714,4.181428542857143,196.57142857142858,18.7775763,11.008571428571429,7,7,True
2004-06-27,65.10000140000001,14.211428142857143,9.6114282,18.490000000000002,1010.4,83.06500000000001,4.718571414285714,179.0,17.4017005,11.164285714285715,7,7,True
2004-07-04,44.400000299999995,15.021428285714284,10.662856857142858,19.297142428571426,1014.3571485714285,80.5614292857143,4.4285713,206.28571428571428,20.340184999999998,11.212857142857143,7,7,True
2004-07-11,20.8000003,14.622856857142859,9.464285514285715,19.57142842857143,1012.9857314285715,79.79285714285713,3.6899999,209.85714285714286,20.529191999999995,11.228571428571428,7,7,True
2004-07-18,59.0000001,15.94428542857143,12.431428071428572,19.99714271428571,1013.2714342857142,85.76785771428571,3.4728570714285714,147.42857142857142,14.988570300000001,11.271428571428572,7,7,True
2004-07-25,19.3000003,16.989999714285712,11.495714142857143,22.108571285714284,1018.1714342857142,84.92778357142856,2.442857142857143,187.57142857142858,19.4790236,11.304285714285713,7,7,True
2004-08-01,0.0,17.605713714285717,11.244285571428572,23.54285657142857,1019.3000000000001,77.34071428571428,2.5028571285714287,245.28571428571428,25.618228300000002,11.265714285714285,7,7,True
2004-08-08,0.0,22.019999857142857,14.694285571428571,29.162856714285713,1013.2000171428572,70.49928642857142,2.6985713999999996,258.85714285714283,29.269669,11.171428571428573,7,7,True
2004-08-15,100.00000000000001,20.277142857142856,15.989999857142859,25.942856857142857,1010.9714342857143,77.92174642857142,3.4242857,174.71428571428572,19.4202912,11.23,7,7,True
2004-08-22,16.8,17.15857107142857,13.055713871428571,21.30428542857143,1008.2285771428571,84.10507642857144,3.8571427857142853,156.57142857142858,16.2446771,11.322857142857144,7,7,True
2004-08-29,33.9000001,15.08428542857143,10.881428571428572,19.43999985714286,1009.7857257142857,86.22163428571427,3.881428542857143,127.42857142857143,12.614767239999999,11.314285714285715,7,7,True
2004-09-05,19.0,16.03714257142857,10.507142642857143,22.32285642857143,1019.4142857142857,83.218272,2.8485714142857144,174.0,17.6191412,11.29857142857143,7,7,True
2004-09-12,2.4,16.597142714285717,11.127142714285714,22.28714257142857,1023.3143200000001,77.54357357142858,4.309999971428572,176.85714285714286,17.985428900000002,11.245714285714286,7,7,True
2004-09-19,6.2,14.11999957142857,9.608571257142858,18.745714142857143,1013.8571428571429,78.98642985714287,4.958571342857143,133.57142857142858,12.890078,11.204285714285716,7,7,True
2004-09-26,42.6000001,12.149999571428571,9.621428428571429,15.105713714285713,1010.2428571428571,85.51000142857143,5.519999814285714,75.85714285714286,7.000584269999999,11.267999999999999,5,7,True
2004-10-03,20.100000299999998,13.272856714285714,10.038570971428571,16.75428557142857,1017.0714342857143,87.72589428571429,3.6514285714285712,81.28571428571429,7.684412439999999,11.29142857142857,7,7,True
2004-10-10,4.8,10.725714085714285,7.025714085714285,15.611428285714286,1015.0285771428571,84.13071599999999,4.164285671428572,90.71428571428571,7.8999685600000005,11.282857142857141,7,7,True
2004-10-17,2.3,8.3657141,4.6685713714285715,12.421428285714285,1007.87144,82.56452542857143,4.255714271428571,76.14285714285714,6.2982966000000005,11.247142857142858,7,7,True
2004-10-24,40.9000011,11.988571285714286,8.549999857142856,15.345714,1005.7428685714286,87.41922885714287,5.422857,56.285714285714285,5.0994975,11.275714285714285,7,7,True
2004-10-31,15.2000011,10.321428142857142,6.654285671428572,13.625713928571429,1007.1285885714286,89.97349357142856,3.5528571285714285,44.857142857142854,3.94340858,11.302857142857144,7,7,True
2004-11-07,6.2000001,8.5057141,5.842857057142857,11.288571214285714,1021.1714342857142,88.724287,3.2057142428571423,38.285714285714285,3.1753928,11.281428571428572,7,7,True
2004-11-14,23.5000015,4.7085713857142855,1.3214285285714287,8.0857141,1019.57146,90.09621642857142,3.1414285142857143,37.714285714285715,2.7685118499999994,11.290000000000001,7,7,True
2004-11-21,35.1000013,6.107142857142857,3.7028569414285712,8.589999857142857,1016.5000114285714,90.18676442857144,4.855714271428572,23.857142857142858,1.78690977,11.311428571428573,7,7,True
2004-11-28,12.4000004,4.712857049999999,0.6614286142857144,7.8228570714285715,1020.9428628571428,90.99210771428571,3.592857085714286,27.285714285714285,1.9363130799999997,11.301428571428572,7,7,True
2004-12-05,3.7,3.9799999285714285,1.8300000028571428,6.189999971428571,1018.5143057142858,93.86202357142858,2.7442856428571427,17.0,1.219251345,11.290000000000001,7,7,True
2004-12-12,0.0,2.74571422,-0.1671428814285714,4.845714214285715,1029.2857285714285,93.68571942857143,2.6385713571428573,15.857142857142858,1.066668809,11.27142857142857,7,7,True
2004-12-19,19.400000300000002,2.46857142,0.11857140285714284,4.978571285714286,1012.2428685714285,91.46450442857143,4.5571427571428575,18.714285714285715,1.2878928,11.275714285714285,7,7,True
2004-12-26,9.100000099999999,2.5642857,-0.4357142857142859,5.4099999,1007.5857371428572,88.48836128571429,5.164285585714286,24.285714285714285,1.61910825,11.29142857142857,7,7,True
2005-01-02,18.200000499999998,3.4528571714285716,0.6657142714285714,5.818571400000001,1016.8857314285715,91.31350714285713,5.337142742857144,19.142857142857142,1.33440192,11.294285714285715,7,7,True
2005-01-09,11.7,7.484285585714285,5.344285471428571,9.632857,1019.38572,84.75682714285713,8.311428342857143,19.857142857142858,1.6041517299999999,11.295714285714286,7,7,True
2005-01-16,8.600000099999999,5.028571409428571,2.3742855714285716,8.017142785714286,1022.3142971428571,87.29334842857143,5.117142657142857,35.857142857142854,2.6198397,11.282857142857141,7,7,True
2005-01-23,32.800000499999996,4.414285685714286,1.0871428657142859,6.747142785714286,1006.3142857142857,87.53798485714286,6.459999942857143,28.142857142857142,2.03811628,11.295714285714284,7,7,True
2005-01-30,3.80000004,0.6628571157142857,-1.8500000285714286,2.9057142142857137,1023.4143114285715,88.95566642857143,3.087142857142857,29.285714285714285,1.82736543,11.284285714285714,7,7,True
2005-02-06,8.9,4.434285571428572,2.0099999857142854,6.759999971428571,1026.8285857142857,86.21262042857143,4.332857085714286,40.42857142857143,2.84782732,11.294285714285715,7,7,True
2005-02-13,44.3,2.9571428714285717,-0.46428568571428575,6.765714257142856,1015.1142857142858,89.958755,4.6285713571428575,44.714285714285715,2.9524607499999997,11.291428571428572,7,7,True
2005-02-20,13.3,1.0414285571428572,-0.8828571142857143,3.182857114285714,1015.1571485714286,87.87452571428571,4.215714185714286,40.0,2.61416665,11.305714285714286,7,7,True
2005-02-27,4.7,-0.20285716371428572,-2.662857058571429,1.6442857142857146,1016.3000057142856,86.64006585714286,4.3928571,50.0,3.0337065099999996,11.292857142857143,7,7,True
2005-03-06,26.400001,-3.7571427857142856,-9.069999828571428,-0.17571428285714283,1012.4428628571429,84.7253977142857,3.9757142714285716,76.57142857142857,3.9810241699999995,11.267142857142858,7,7,True
2005-03-13,15.799999999999999,2.658571397142857,-1.175714247142857,5.449999942857143,1015.1571485714286,90.25644942857143,4.841428528571428,74.42857142857143,5.090110729999999,11.301428571428572,7,7,True
2005-03-20,1.3000001,7.792856814285714,4.1242857008571425,10.992856857142856,1020.1857342857144,83.88775,5.601428499999999,84.85714285714286,6.797108410000001,11.29857142857143,7,7,True
2005-03-27,5.7,10.065713957142858,5.51,15.472856857142856,1013.5571542857143,81.51014228571428,3.8171427857142857,115.0,9.97640214,11.290000000000001,7,7,True
2005-04-03,6.1,9.594285571428571,4.358571342857142,15.252856714285713,1020.4857142857143,67.59424857142857,4.107142828571429,159.57142857142858,13.7369387,11.287142857142856,7,7,True
2005-04-10,25.3000004,7.898571328571429,3.7914285142857147,12.244285528571428,1013.7571542857143,77.39642857142857,5.0957142428571425,146.71428571428572,12.0836773,11.282857142857141,7,7,True
2005-04-17,12.600000999999999,10.768571142857143,5.935714228571428,15.948571142857142,1010.7571542857143,82.07071499999999,3.454285714285714,143.14285714285714,12.749030659999999,11.290000000000001,7,7,True
2005-04-24,8.400001,8.602856871428571,2.3557142357142857,14.484285,1011.8571428571429,72.56419928571428,3.4057142,194.85714285714286,16.2970529,11.285714285714286,7,7,True
2005-05-01,22.7000001,12.569999714285714,6.419999957142857,17.84999985714286,1014.6428685714285,77.96857242857143,3.279999985714286,167.71428571428572,15.6810566,11.291428571428572,7,7,True
2005-05-08,31.500000999999997,10.134285371428572,5.034285714285715,14.260000000000002,1011.3142971428572,85.66500071428571,3.8057142285714285,154.42857142857142,13.4301784,11.29857142857143,7,7,True
2005-05-15,17.300000400000002,8.871428428571429,3.5714285285714285,13.904285571428572,1018.1428628571429,80.27285714285713,4.227142857142857,215.28571428571428,18.1781554,11.314285714285715,7,7,True
2005-05-22,12.3,11.4399999,5.737142857142857,16.55142857142857,1015.6285885714286,75.97142857142856,3.3899999714285713,206.0,18.653793999999998,11.305714285714286,7,7,True
2005-05-29,2.7,17.091428571428573,10.0828571,23.05,1018.0428742857142,68.90928642857143,3.9599998857142857,259.2857142857143,26.945586199999997,11.268571428571429,7,7,True
2005-06-05,27.900001,12.918571142857143,9.387142714285714,17.604285142857144,1016.1714342857142,81.69071485714286,4.058571342857143,160.0,15.019674300000002,11.281428571428572,7,7,True
2005-06-12,7.20000004,10.789999428571429,5.857142828571428,15.208571142857142,1023.4571485714285,74.1985727142857,3.7271428428571434,209.0,18.5891025,11.27142857142857,7,7,True
2005-06-19,0.7,16.341428214285713,9.564285514285714,22.012856857142854,1018.3000342857142,72.06642857142857,3.4328571,252.85714285714286,25.7078834,11.241428571428571,7,7,True
2005-06-26,7.0,19.995714142857143,12.469999571428572,25.932856714285716,1018.7428628571428,71.02928742857144,2.8199998857142856,274.2857142857143,30.018743699999998,11.141428571428571,7,7,True
2005-07-03,18.900001000000003,16.601428428571428,11.079999728571428,21.789999857142856,1015.3000057142857,81.61714357142857,2.4357142571428576,214.57142857142858,21.7873635,11.125714285714285,7,7,True
2005-07-10,26.9000011,16.641428285714287,11.784285428571428,22.164285714285715,1014.0571571428571,83.83500000000001,3.0228571428571427,198.14285714285714,20.440680800000003,11.225714285714286,7,7,True
2005-07-17,0.0,18.337142857142858,12.681428428571428,23.669999571428573,1020.8428771428571,78.625715,3.022857028571429,254.85714285714286,27.0145186,11.15,7,7,True
2005-07-24,27.000000039999996,15.819999571428571,12.302856857142856,19.525714142857144,1010.5571485714287,82.09285785714285,4.011428514285714,150.71428571428572,15.315201299999998,11.111428571428572,7,7,True
2005-07-31,65.2,17.229999714285714,13.647142571428573,21.015714,1009.6714342857142,87.16214428571428,3.0385713857142855,146.0,15.330775799999998,11.224285714285713,7,7,True
2005-08-07,45.800000299999994,13.951428285714286,9.9771425,18.05142857142857,1017.95716,84.62500128571428,3.3442856428571424,175.71428571428572,16.9243222,11.272857142857143,7,7,True
2005-08-14,22.0000003,14.717142714285714,11.218571285714287,18.588571,1012.8571485714285,84.06428571428572,3.7714285,121.71428571428571,11.953298299999998,11.299999999999999,7,7,True
2005-08-21,13.9000006,17.119999571428572,11.681428285714286,22.402857,1018.7428685714285,84.46357228571428,2.5128571142857146,166.14285714285714,17.2521024,11.295714285714284,7,7,True
2005-08-28,20.2000003,14.858571,9.742856814285714,19.574285714285715,1013.6857314285714,83.95500071428572,3.468571428571429,150.42857142857142,14.822134900000002,11.324285714285713,7,7,True
2005-09-04,0.0,18.157142714285715,11.737142571428572,24.698570857142858,1023.2000142857142,79.71214285714287,3.1342857,201.28571428571428,21.1759104,11.278571428571428,7,7,True
2005-09-11,14.0,18.762857142857143,13.870000000000001,24.381428,1012.3714342857144,81.74857214285714,2.8942857,154.28571428571428,16.5748751,11.245714285714286,7,7,True
2005-09-18,23.799999999999997,12.891428285714285,7.8428571428571425,18.052856857142856,1019.5428571428571,84.72507699999998,3.088571357142857,126.42857142857143,11.76876156,11.242857142857144,7,7,True
2005-09-25,5.3,13.417142428571427,7.0771426,20.27285714285714,1020.0714342857143,83.57428642857143,1.8999999514285715,150.14285714285714,14.1888131,11.237142857142857,7,7,True
2005-10-02,20.8000001,12.362856857142857,8.808571357142856,16.147142642857144,1015.9285771428571,87.15657914285714,3.7942857,87.42857142857143,8.0602866,11.277142857142858,7,7,True
2005-10-09,0.0,12.447142642857143,7.5714284,17.905714,1024.60004,89.98571685714286,2.815714242857143,104.14285714285714,9.62104253,11.268571428571429,7,7,True
2005-10-16,0.0,12.928571142857143,8.37142832857143,19.07142842857143,1022.7857485714285,84.502144,3.0357142,110.71428571428571,10.374186499999999,11.23857142857143,7,7,True
2005-10-23,14.400000700000001,10.011428228571429,6.5685714285714285,13.659999785714287,1012.1714485714285,87.44891214285714,4.491428571428572,65.0,5.58666216,11.231428571428571,7,7,True
2005-10-30,27.299999999999997,14.6842855,11.28428557142857,18.528571142857142,1012.5714399999999,85.35276285714285,4.614285557142858,60.285714285714285,5.972749960000001,11.290000000000001,7,7,True
2005-11-06,8.8,12.467142571428571,8.594285657142857,15.525713999999999,1013.28572,86.021532,5.0571427,48.714285714285715,4.55003332,11.282857142857141,7,7,True
2005-11-13,8.7000001,9.439999642857144,6.204285714285715,12.521428357142858,1020.9857285714286,90.80356571428571,4.424285614285714,35.57142857142857,3.0261968100000005,11.277142857142858,7,7,True
2005-11-20,25.1,4.7542857,0.8499999857142857,8.255714285714285,1016.2857342857143,91.16760871428572,3.3299999285714286,35.0,2.56803764,11.288571428571428,7,7,True
2005-11-27,21.2000003,2.997142785714286,1.1514285414285712,4.551428514285714,1009.4714428571427,93.59143242857142,2.954285637142857,18.571428571428573,1.320028015,11.304285714285713,7,7,True
2005-12-04,7.800000000000001,3.0100000000000002,0.5157142885714286,5.335714257142857,999.9857371428571,89.15990842857143,4.217142828571428,23.714285714285715,1.6476142,11.29142857142857,7,7,True
2005-12-11,7.5,4.132857142857143,2.1957142857142857,5.927142757142858,1020.0285971428572,93.84781314285715,3.1571428571428575,15.857142857142858,1.132032006,11.297142857142857,7,7,True
2005-12-18,20.5000001,5.042857092857142,2.8057142785714286,7.304285542857143,1018.5857400000001,89.46325514285715,5.042857128571429,22.142857142857142,1.6450246300000002,11.290000000000001,7,7,True
2005-12-25,7.1,5.748571428571429,3.32,7.634285557142857,1023.3857399999999,92.573863,4.042857071428572,18.857142857142858,1.425214555,11.297142857142857,7,7,True
2006-01-01,12.4000001,-0.4085713571428572,-3.5028570857142856,1.7285713885714284,1008.6142971428571,90.72036,4.179999928571428,19.714285714285715,1.1891939850000002,11.285714285714286,7,7,True
2006-01-08,0.0,0.87285713,-0.8514285628571429,2.43142855,1027.4428571428573,92.94156699999999,3.5699999285714283,15.0,0.9670302060000001,11.288571428571428,7,7,True
2006-01-15,3.9,0.5185714,-2.0157142285714285,3.1971428142857143,1026.6714628571428,90.69105185714285,3.6099999857142855,30.0,1.84707349,11.278571428571428,7,7,True
2006-01-22,16.8,2.5157142857142856,-0.7685714571428571,5.514285514285715,1017.2143028571429,88.4793,4.664285671428572,24.857142857142858,1.6411398499999998,11.284285714285714,7,7,True
2006-01-29,0.0,-2.1142856914285715,-5.872857138571429,1.5185714157142856,1029.7428857142856,80.77748214285714,3.9014285571428573,42.0,2.30852759,11.272857142857143,7,7,True
2006-02-05,0.8,0.5685714285714286,-2.011428542857143,2.9385714000000003,1026.3000057142856,92.58490228571429,2.2442856714285715,22.0,1.41548535,11.251428571428573,7,7,True
2006-02-12,15.000000100000001,2.838571414285714,0.7057143,4.7257142142857145,1015.8285971428571,91.58540142857143,4.711428514285714,25.857142857142858,1.79143295,11.277142857142858,7,7,True
2006-02-19,15.399999999999999,4.009999985714286,1.331428557142857,6.929999799999999,1000.9142857142857,92.13193628571427,3.8828571142857142,38.0,2.72336223,11.295714285714286,7,7,True
2006-02-26,0.0,0.9785714242857143,-0.6485714142857143,3.1257142714285715,1021.5428857142857,81.88157857142858,5.229999928571429,56.142857142857146,3.56175959,11.277142857142858,7,7,True
2006-03-05,19.9000003,0.037142857142857144,-3.235714257142857,3.534285671428571,1000.6428685714285,92.51578714285714,3.927142757142857,73.57142857142857,4.6126216300000005,11.284285714285714,7,7,True
2006-03-12,17.70000004,0.6414285857142856,-2.657142808571429,3.464285585714286,1010.6857314285714,88.39476642857143,3.8099999857142857,74.28571428571429,4.58896735,11.302857142857144,7,7,True
2006-03-19,0.0,-0.27999999428571426,-3.0442857142857145,2.4599998828571428,1026.3571485714285,83.27665428571429,4.149999914285714,91.85714285714286,5.500217590000001,11.272857142857143,7,7,True
2006-03-26,24.4000013,4.779999985714285,0.22571428571428573,9.574285657142857,1008.8714342857144,78.56087557142858,3.779999971428571,125.0,9.03101736,11.282857142857141,7,7,True
2006-04-02,29.4000001,9.838571142857143,6.587142728571428,13.011428357142858,1002.7285771428571,84.250715,6.744285685714286,96.28571428571429,8.3999758,11.315714285714288,7,7,True
2006-04-09,9.299999999999999,5.7514284,2.0342857185714287,9.234285214285714,1011.5428628571428,79.04428642857144,5.275714157142858,149.28571428571428,11.4407698,11.312857142857142,7,7,True
2006-04-16,11.1,7.339999942857142,2.3185714285714285,11.862857071428573,1010.9000057142857,80.36571571428571,4.674285585714286,135.28571428571428,10.9106727,11.308571428571428,7,7,True
2006-04-23,3.6000001,10.028571,6.114285614285714,14.264285428571428,1014.5285771428571,81.61571428571428,3.5557142285714285,126.28571428571429,11.0198939,11.297142857142857,7,7,True
2006-04-30,0.0,9.45714267142857,3.7528570571428572,14.738571357142858,1017.6857200000001,79.10928571428572,3.3671428285714287,168.57142857142858,14.4511646,11.28,7,7,True
2006-05-07,4.2000003,15.989999857142857,8.84571392857143,22.444285142857144,1017.1142857142858,58.60642885714286,4.824285657142857,247.0,25.068973200000002,11.252857142857142,7,7,True
2006-05-14,0.0,15.299999642857143,7.718571285714286,22.87428542857143,1017.4571542857142,58.64571528571428,3.5971427714285715,262.7142857142857,26.164107599999998,11.180000000000001,7,7,True
2006-05-21,44.3,13.579999785714287,9.314285499999999,17.462857142857143,1007.0857314285714,79.17428642857143,4.8942856571428575,159.42857142857142,15.386749600000002,11.218571428571428,7,7,True
2006-05-28,34.2,11.324285571428572,7.894285571428571,14.557142642857142,1012.2285771428571,84.83460485714285,5.154285614285714,149.85714285714286,13.5186827,11.294285714285715,7,7,True
2006-06-04,21.8000001,10.581428428571428,6.317142614285714,14.691428428571427,1020.5142971428571,77.084287,4.4128571,196.85714285714286,17.4250234,11.312857142857142,7,7,True
2006-06-11,0.0,15.301428571428572,7.378571185714286,21.794285142857145,1026.0428714285715,70.895716,2.8757142714285715,291.42857142857144,29.102330799999997,11.264285714285714,7,7,True
2006-06-18,0.0,17.6699995,11.36428542857143,23.112856571428573,1018.9000171428571,73.01428742857142,3.1671428285714285,225.28571428571428,24.066030400000002,11.177142857142856,7,7,True
2006-06-25,19.599999999999998,17.092857071428572,11.407142714285714,22.155714285714286,1013.1285714285714,74.78500128571429,3.838571357142857,198.42857142857142,20.5814904,11.102857142857143,7,7,True
2006-07-02,1.3000001,17.267142571428572,10.389999671428571,23.047142428571426,1021.2714542857144,74.32071499999999,3.192857071428571,243.28571428571428,25.4863375,11.138571428571428,7,7,True
2006-07-09,1.5,21.874285571428572,15.377142642857143,28.12857142857143,1016.0571542857143,67.63785814285714,3.0714285142857145,246.57142857142858,27.9638378,10.957142857142857,7,7,True
2006-07-16,6.1,18.454285571428574,10.281428014285714,24.78285657142857,1026.6285857142857,71.31285714285714,3.1428571,283.2857142857143,29.906344400000002,10.877142857142857,7,7,True
2006-07-23,16.5,22.74714242857143,14.66714257142857,30.97285657142857,1019.7571542857143,68.504287,2.584285714285714,276.14285714285717,31.5831265,10.790000000000001,7,7,True
2006-07-30,20.9,22.072857,16.087142500000002,28.96142814285714,1015.0428628571428,75.94214414285715,2.301428514285714,222.42857142857142,25.2590743,10.774285714285714,7,7,True
2006-08-06,31.9,17.634285428571427,13.619999714285713,22.159999571428575,1009.98572,85.293572,3.705714271428572,194.28571428571428,20.4505287,10.962857142857143,7,7,True
2006-08-13,34.50000060000001,15.037142428571428,10.358571214285714,19.955714,1011.5571542857143,86.3621442857143,2.8185713,155.71428571428572,15.4518777,11.004285714285714,7,7,True
2006-08-20,41.4,17.29142842857143,13.898571214285713,21.754285285714285,1006.8857257142857,85.05714357142857,3.415714285714286,141.0,14.72554845,11.151428571428571,7,7,True
2006-08-27,38.4,15.871428,11.908571285714286,20.587142857142858,1010.5857142857143,87.85902414285715,2.7642856142857144,132.57142857142858,13.3609006,11.217142857142857,7,7,True
2006-09-03,26.9,15.462856428571428,12.088571,18.994285571428573,1010.37144,87.22033928571429,4.367142800000001,115.0,11.388397699999999,11.268571428571429,7,7,True
2006-09-10,6.0,15.949999571428572,10.582857085714286,20.635714142857143,1022.4571628571429,83.1050027142857,3.5271428285714284,150.85714285714286,15.1413555,11.234285714285715,7,7,True
2006-09-17,0.0,19.47999985714286,13.559999785714286,26.20142842857143,1012.2000171428572,77.38357142857141,2.8299999714285713,172.14285714285714,18.650145600000002,11.16,7,7,True
2006-09-24,0.0,17.005714,12.067142285714285,22.735714142857145,1011.9000057142857,79.295,2.9714284999999996,124.71428571428571,12.8716364,11.087142857142856,7,7,True
2006-10-01,10.8,16.06428514285714,11.50428542857143,20.94,1010.1428628571429,85.82097971428571,2.9871428285714288,91.28571428571429,9.247218499999999,11.049999999999999,7,7,True
2006-10-08,29.999999999999996,13.431428071428572,10.361428428571429,16.831428428571428,1007.7428571428571,87.06567714285714,5.2014284857142865,70.71428571428571,6.7187812,11.152857142857142,7,7,True
2006-10-15,3.7,13.661428285714285,9.647142714285716,17.221428,1023.8000000000001,88.06810857142857,3.225714257142857,66.0,6.29490179,11.155714285714286,7,7,True
2006-10-22,9.2000001,12.732857,9.408571100000001,16.501428142857144,1005.1428628571429,86.190715,3.817142814285714,69.71428571428571,6.44732566,11.122857142857143,7,7,True
2006-10-29,25.4000003,13.209999714285715,9.418571228571428,16.015713928571426,1007.8857142857142,86.914472,4.8485713285714285,49.285714285714285,4.68496546,11.23857142857143,7,7,True
2006-11-05,17.500000099999998,8.5999999,4.451428542857143,11.44,1020.6286,84.57088071428572,4.679999842857143,38.142857142857146,3.11527184,11.247142857142858,7,7,True
2006-11-12,19.3000003,8.395714114285713,4.941428528571429,11.145714142857143,1019.7000257142857,85.41230485714286,4.6999998000000005,34.0,2.79571589,11.23857142857143,7,7,True
2006-11-19,13.10000004,10.0271425,7.618571414285715,12.618570857142856,1007.6428628571429,87.70053157142857,4.681428500000001,25.714285714285715,2.277008,11.272857142857143,7,7,True
2006-11-26,26.499999999999996,8.985714142857143,5.967142842857143,11.541428428571427,999.4571485714285,88.97762228571428,5.7271427571428575,21.571428571428573,1.8261121299999998,11.290000000000001,7,7,True
2006-12-03,8.7,8.848571357142857,6.035714185714285,11.182857,1018.4143114285714,89.302958,4.837142785714286,25.714285714285715,2.17897593,11.275714285714285,7,7,True
2006-12-10,39.90000004,8.031428342857144,5.541428442857144,10.622857142857143,1000.4571428571428,88.37229614285715,6.959999728571428,20.142857142857142,1.60545076,11.304285714285713,7,7,True
2006-12-17,18.0,7.231428528571429,4.815714128571429,9.379999671428573,1018.58572,90.39166371428571,6.355714242857142,18.0,1.4344297300000002,11.295714285714284,7,7,True
2006-12-24,0.0,4.488571428571428,2.4271427857142855,6.788571371428572,1038.4285714285713,92.20054785714287,1.9385713857142857,13.714285714285714,0.966729576,11.287142857142856,7,7,True
2006-12-31,14.300000140000002,5.42571428,3.3985712928571425,7.359999951428571,1024.7285857142856,89.63785857142857,4.865714271428572,12.0,0.923885492,11.277142857142858,7,7,True
2007-01-07,37.8000006,7.127142714285715,4.791428528571428,9.255714142857142,1012.3000000000001,91.1464822857143,6.197142657142857,14.0,1.12097368,11.302857142857144,7,7,True
2007-01-14,30.600000100000003,9.375713842857142,6.87571422857143,11.468570999999999,1009.7571428571429,83.51928842857141,8.962856714285715,18.571428571428573,1.56706652,11.317142857142857,7,7,True
2007-01-21,79.400003,7.5614282571428575,4.8985713,10.032856942857142,1007.4285942857142,87.39643071428573,7.744285671428571,20.428571428571427,1.6387305300000001,11.319999999999999,7,7,True
2007-01-28,8.6,1.3057142285714285,-1.8499999857142857,3.925714242857143,1018.4571485714285,87.19436771428572,4.099999942857143,32.142857142857146,2.050903265,11.312857142857142,7,7,True
2007-02-04,2.8,6.265714242857143,3.652857082857143,8.691428285714286,1026.2857142857142,91.18793857142857,4.338571314285714,29.714285714285715,2.30007819,11.294285714285715,7,7,True
2007-02-11,18.4,1.1885714285714286,-0.9257142857142856,3.8128571,1002.0428571428572,92.8734587142857,4.337142685714285,33.42857142857143,2.1875977,11.285714285714286,7,7,True
2007-02-18,20.600000100000003,5.638571357142857,2.475714285714286,8.704285328571428,1009.0000057142857,88.77512214285714,3.8985714000000002,44.714285714285715,3.4182080600000004,11.307142857142859,7,7,True
2007-02-25,30.5,6.882857057142857,4.2071428,9.605713957142857,1005.342857142857,90.74400885714286,3.5857142285714287,34.57142857142857,2.75918709,11.297142857142857,7,7,True
2007-03-04,48.300002000000006,6.222857071428572,3.3457142714285717,9.214285571428572,1001.3428628571429,88.83975728571428,5.809999828571429,53.142857142857146,4.1749462699999995,11.325714285714286,7,7,True
2007-03-11,30.900001,7.7857141428571435,4.927142857142856,10.809999714285713,1017.5857342857144,88.24595542857142,4.928571428571429,77.85714285714286,6.35956758,11.325714285714286,7,7,True
2007-03-18,14.5,7.722857057142858,3.331428457142857,12.625714142857143,1021.157157142857,83.52714357142858,4.697142785714285,118.85714285714286,9.62269656,11.308571428571428,7,7,True
2007-03-25,5.7000001000000005,6.087142857142857,2.8999998828571427,10.171428314285714,1009.5142914285715,77.18071571428571,5.898571428571429,109.14285714285714,8.586537700000001,11.292857142857143,7,7,True
2007-04-01,1.2,10.067142571428572,4.178571428571429,16.069999714285714,1019.5857257142858,67.21928614285714,4.331428528571428,181.71428571428572,15.8705155,11.275714285714285,7,7,True
2007-04-08,0.0,8.105714285714287,2.508571402857143,13.979999428571428,1023.3714342857144,76.70785857142857,3.951428542857143,168.42857142857142,13.8633837,11.242857142857144,7,7,True
2007-04-15,0.0,13.824285642857143,7.478571428571429,19.718571,1021.7285771428571,71.13857142857144,3.9157141857142856,177.57142857142858,17.2906124,11.20857142857143,7,7,True
2007-04-22,0.0,9.569999671428572,2.942857088571429,16.238571142857143,1021.98572,70.23142985714286,3.3357142142857144,207.28571428571428,17.9775019,11.165714285714285,7,7,True
2007-04-29,0.0,16.419999785714285,9.335714285714285,24.105713714285713,1019.7285714285714,69.21857271428571,3.3957142714285715,229.57142857142858,23.3496617,11.120000000000001,7,7,True
2007-05-06,8.8,12.664285285714286,5.602857028571429,19.69142842857143,1016.5142857142857,67.277858,4.2228571142857145,270.7142857142857,25.290314000000002,11.040000000000001,7,7,True
2007-05-13,40.3000001,12.371428285714286,8.674285514285716,15.652856714285715,1005.3571485714285,83.78529428571429,4.949999928571429,144.71428571428572,13.536978060000001,11.202857142857143,7,7,True
2007-05-20,17.6000011,12.515714000000001,6.099999942857143,17.355714,1011.4714342857143,76.855,3.9971428571428573,215.57142857142858,20.1901457,11.22,7,7,True
2007-05-27,18.600001,15.079999428571428,9.492856957142857,20.04,1011.5428742857142,81.52928571428572,2.6571428571428575,195.42857142857142,19.439480000000003,11.20142857142857,7,7,True
2007-06-03,12.0000001,14.722856714285713,9.844285428571428,19.04714257142857,1012.7571628571429,81.42928785714285,3.324285642857143,191.28571428571428,18.9842846,11.182857142857143,7,7,True
2007-06-10,1.5,19.775714142857144,14.612857,25.297142142857144,1018.1714400000001,82.58357271428572,3.085714257142857,234.85714285714286,25.6285813,11.077142857142857,7,7,True
2007-06-17,22.400000999999996,17.311428285714285,13.588571214285716,22.07999985714286,1006.6714457142858,86.53928571428571,3.2128570714285716,166.71428571428572,17.4669563,11.031428571428572,7,7,True
2007-06-24,15.100000000000001,16.692856714285714,12.461428214285714,21.089999714285714,1010.5571600000001,85.69285928571428,2.7328571142857143,176.57142857142858,18.2025652,11.064285714285715,7,7,True
2007-07-01,50.300002000000006,14.695713999999999,10.84,18.381428571428568,1005.3000114285715,84.50000214285714,4.7485713857142855,167.85714285714286,16.5297281,11.161428571428571,7,7,True
2007-07-08,61.30000034,15.37428542857143,12.227142428571428,18.884285714285713,1006.7000228571429,87.7296242857143,4.334285671428572,187.0,18.710370700000002,11.308571428571428,7,7,True
2007-07-15,9.10000004,16.865714142857144,12.052857142857144,21.384285142857145,1012.1285828571429,84.85357142857143,3.5257142285714287,185.42857142857142,19.1561713,11.285714285714286,7,7,True
2007-07-22,37.2,17.891428285714284,12.787142571428571,22.849999714285712,1014.6142971428571,81.75928642857143,3.4285713857142857,238.14285714285714,25.0270972,11.272857142857143,7,7,True
2007-07-29,39.500001999999995,16.025714,12.11999957142857,20.03857142857143,1007.8714514285714,84.59500071428572,4.3285713999999995,170.0,17.252189500000004,11.315714285714288,7,7,True
2007-08-05,2.5,16.44142842857143,10.398570857142857,21.577142714285714,1016.8142914285714,77.08214414285715,3.3099999714285713,233.14285714285714,23.8942828,11.28,7,7,True
2007-08-12,11.900000000000002,17.111428142857143,12.751428142857142,21.559999714285713,1013.4285714285714,84.23357285714285,3.635714228571428,169.57142857142858,17.6424726,11.237142857142857,7,7,True
2007-08-19,24.0000006,16.744285357142857,12.227142857142857,21.35714257142857,1008.7142914285714,82.39571614285714,3.8728570714285717,169.57142857142858,17.4203348,11.255714285714285,7,7,True
2007-08-26,6.6,17.54142842857143,12.475713857142855,22.574285142857143,1015.6285971428572,87.80704200000001,3.117142828571428,150.0,15.6325948,11.205714285714285,7,7,True
2007-09-02,17.3000001,14.007142714285715,9.107142714285715,18.671428285714285,1018.1285828571429,84.12857142857142,3.141428571428572,126.85714285714286,12.149585700000001,11.151428571428571,7,7,True
2007-09-09,9.6000005,14.072856714285715,10.549999957142857,17.66999985714286,1023.2000114285714,84.67500057142857,4.029999985714285,132.28571428571428,12.695540999999999,11.187142857142858,7,7,True
2007-09-16,8.4000003,13.397142428571428,8.948571342857143,17.964285571428572,1019.5428571428572,85.06285771428573,3.5828571142857144,117.28571428571429,11.145730499999999,11.177142857142856,7,7,True
2007-09-23,12.700000500000002,13.762856857142856,9.584285671428571,17.624285285714286,1016.7142857142857,87.32238199999999,3.9214285714285713,98.71428571428571,9.4100358,11.191428571428572,7,7,True
2007-09-30,62.40000130000001,12.167142714285715,8.841428228571429,15.584285571428572,1012.2285771428571,91.183332,4.439999985714286,77.14285714285714,7.11956322,11.241428571428571,7,7,True
2007-10-07,8.1,10.9242855,6.105714185714286,15.039999714285713,1022.9000142857143,91.29475728571428,2.274285585714286,80.28571428571429,7.08837275,11.292857142857143,7,7,True
2007-10-14,0.0,10.261428214285715,5.169999914285714,15.205714142857143,1024.757142857143,88.83548857142857,2.291428557142857,81.57142857142857,7.086646540000001,11.26142857142857,7,7,True
2007-10-21,19.000000099999998,9.181428285714286,4.280000014285714,13.257142857142856,1024.2571685714286,87.57571514285713,3.1414285428571427,70.0,5.93026971,11.275714285714287,7,7,True
2007-10-28,5.5,7.324285428571429,4.848571385714286,9.997142857142858,1026.0857285714285,85.96357285714285,3.7157142142857142,49.285714285714285,3.8044801599999998,11.251428571428573,7,7,True
2007-11-04,2.9,10.088570885714287,7.295714285714285,12.494285285714286,1024.3000285714286,90.05401057142856,3.0571428285714286,33.285714285714285,2.83184734,11.254285714285714,7,7,True
2007-11-11,49.4,7.815714114285714,5.338571371428571,10.168571428571429,1014.1714400000001,87.88680571428571,5.4557142857142855,34.285714285714285,2.7811591399999998,11.288571428571428,7,7,True
2007-11-18,14.300001,3.8057142285714285,0.6714285571428571,7.042857071428571,1018.6285771428572,89.61755500000001,3.3357142142857144,36.0,2.5578817799999998,11.301428571428572,7,7,True
2007-11-25,14.2,5.702857142857143,2.429999964285714,8.4557141,1011.5571542857143,88.98570200000002,4.164285657142857,27.428571428571427,2.11889292,11.28,7,7,True
2007-12-02,34.7000003,6.125714242857143,3.9028570857142855,8.252857014285714,1009.0428628571428,89.12666828571427,5.805714114285714,20.0,1.54498619,11.285714285714286,7,7,True
2007-12-09,47.80000100000001,7.8828570000000004,5.549999999999999,10.002856857142858,998.5714399999999,89.66601785714285,6.6828571,19.428571428571427,1.5846715799999997,11.317142857142857,7,7,True
2007-12-16,1.1,2.4828571,-0.6000000028571428,4.909999857142857,1032.6285857142857,91.06508714285714,2.6928571285714287,21.285714285714285,1.4255787500000001,11.294285714285715,7,7,True
2007-12-23,0.8,-1.568571442857143,-3.524285614285714,0.4142857000000001,1034.4142857142856,92.33319642857143,3.1599999857142858,21.571428571428573,1.259274296,11.265714285714285,7,7,True
2007-12-30,4.9000003,4.331428514285714,2.3371428437142856,6.245714214285714,1020.7000342857143,88.33086328571429,5.681428471428572,15.714285714285714,1.1562712739999998,11.267142857142858,7,7,True
2008-01-06,7.000000099999999,1.025714287142857,-1.1085714285714285,3.427142786571429,1015.3142914285714,88.70211728571428,4.488571328571429,20.142857142857142,1.30590524,11.257142857142856,7,7,True
2008-01-13,15.80000008,6.2485713857142855,3.7014285714285715,8.694285571428571,1006.9428685714286,87.37285771428571,6.412857028571429,19.571428571428573,1.52352186,11.281428571428572,7,7,True
2008-01-20,57.7000004,7.752857071428571,5.185714242857143,10.039999642857143,1003.9571428571428,88.91816485714286,6.8885713428571425,17.142857142857142,1.39277008,11.299999999999999,7,7,True
2008-01-27,47.20000004,6.971428571428571,3.5628571,9.342856999999999,1022.9000057142857,87.29425342857142,6.467142757142858,24.428571428571427,1.89995331,11.328571428571427,7,7,True
2008-02-03,16.50000104,4.7185713,2.6357142677142855,6.401428314285715,1013.7428571428572,82.11714428571429,5.962857085714285,29.428571428571427,2.13499643,11.299999999999999,7,7,True
2008-02-10,8.6,5.598571285714286,1.6914285142857142,10.395714,1023.6428571428571,78.56500071428572,4.244285614285714,51.857142857142854,3.91387552,11.295714285714284,7,7,True
2008-02-17,0.0,1.6685713857142856,-2.1242856714285714,5.941428414285714,1039.6286,83.97097128571428,2.3942857,66.85714285714286,4.29433521,11.277142857142858,7,7,True
2008-02-24,11.2000003,5.694285642857143,2.7514285714285713,8.431428285714286,1022.1571485714286,88.12787228571428,5.058571385714286,39.857142857142854,2.9945004400000004,11.268571428571429,7,7,True
2008-03-02,23.200000000000003,7.169999914285715,4.0142856714285715,10.218571285714287,1008.5857257142858,83.06785842857143,6.742857142857143,64.28571428571429,5.144254359999999,11.292857142857143,7,7,True
2008-03-09,15.2000002,5.467142857142858,1.8957142571428574,8.3014283,1012.4714342857143,83.16500071428571,5.647142799999999,76.14285714285714,5.650572239999999,11.297142857142857,7,7,True
2008-03-16,20.700000000000003,6.751428471428571,4.132857071428572,9.265714285714285,998.1000114285715,81.93714285714286,6.6214285,71.85714285714286,5.735689359999999,11.304285714285713,7,7,True
2008-03-23,36.6000004,2.697142771428571,-0.5328571428571429,6.524285671428571,1001.7142914285714,82.90642928571428,4.9185713714285715,107.57142857142857,7.4564878000000006,11.301428571428572,7,7,True
2008-03-30,19.5,4.619999922857143,0.8185714285714286,8.481428257142857,1001.5571428571428,81.85071557142858,4.852857128571428,121.14285714285714,8.9805732,11.312857142857142,7,7,True
2008-04-06,10.600000099999999,7.0171427,3.461428542857143,10.417142542857144,1016.1000142857143,83.66642914285714,4.175714257142857,102.14285714285714,8.0699466,11.307142857142859,7,7,True
2008-04-13,2.0,5.8671426,0.13857145714285718,11.50428542857143,1003.4714285714286,74.89285842857143,2.7428571142857145,177.14285714285714,13.704513700000001,11.294285714285715,7,7,True
2008-04-20,2.2,6.5228571,2.0342857228571427,11.354285714285714,1011.7571428571429,75.80571499999999,4.411428428571429,162.28571428571428,12.780615399999999,11.275714285714285,7,7,True
2008-04-27,9.6000003,12.29857142857143,6.1985711285714284,18.371428142857145,1018.1143057142857,69.11428642857143,4.3628570714285715,210.14285714285714,19.395961,11.254285714285714,7,7,True
2008-05-04,15.9000001,11.454285428571428,5.472857142857143,17.29,1013.2857285714284,73.56428742857143,3.4014285714285712,199.85714285714286,18.1716124,11.288571428571428,7,7,True
2008-05-11,0.0,16.904285428571427,8.695714114285714,24.022856571428573,1022.042877142857,57.82857142857143,3.5371428285714286,296.57142857142856,30.4304183,11.23857142857143,7,7,True
2008-05-18,5.5,14.017142714285713,7.975714099999999,19.902856928571428,1012.7714457142857,72.31071642857144,3.4485713999999996,219.71428571428572,21.5341511,11.192857142857141,7,7,True
2008-05-25,7.8,12.789999785714285,6.0071425242857135,18.521428571428572,1016.7143028571429,64.83285771428571,4.0128571285714285,257.2857142857143,24.1314,11.137142857142859,7,7,True
2008-06-01,3.3,16.772856785714286,12.439999857142856,21.489999571428573,1013.0571542857142,78.89214357142858,4.131428571428572,176.28571428571428,18.2153094,11.134285714285713,7,7,True
2008-06-08,12.7,19.275714142857144,13.427142571428572,25.207142285714287,1014.8000114285715,74.585716,2.832857057142857,232.0,25.1049345,11.088571428571429,7,7,True
2008-06-15,6.1,13.642857000000001,7.859999771428571,19.112856857142855,1015.6000057142857,74.15285714285713,3.608571385714286,231.57142857142858,22.358325699999998,10.968571428571428,7,7,True
2008-06-22,2.1000001,15.405714142857144,9.005714271428571,21.012857,1013.3571485714285,72.87928828571428,3.5100000000000002,237.85714285714286,23.598323,10.912857142857144,7,7,True
2008-06-29,8.3000004,16.052857,10.152856971428573,21.177142714285715,1016.3000057142857,73.04428642857144,4.5128571428571425,236.85714285714286,23.857903699999998,10.85,7,7,True
2008-07-06,23.0,18.781428142857145,11.882857142857144,24.99999957142857,1012.9142914285715,73.48071657142857,2.7699999285714285,236.85714285714286,25.404579099999996,10.828571428571427,7,7,True
2008-07-13,37.2,15.435713928571428,11.931428499999999,19.235714285714288,1007.6000114285715,83.92968414285714,4.585714214285715,176.42857142857142,17.5711535,10.98857142857143,7,7,True
2008-07-20,47.9000003,15.64714257142857,12.26285685714286,19.392856857142856,1014.2571428571429,84.59071485714286,4.148571328571428,150.0,15.0072307,11.051428571428572,7,7,True
2008-07-27,56.700002100000006,18.87,13.824285571428574,24.119999571428572,1018.4714342857143,82.69000071428572,3.241428528571429,213.0,22.970849299999998,11.194285714285714,7,7,True
2008-08-03,40.2,20.569999714285718,14.908571142857143,25.927142142857143,1014.6857314285714,79.01785714285714,3.2057142571428576,218.85714285714286,24.2645122,11.224285714285715,7,7,True
2008-08-10,22.5,17.829999714285716,13.762857,22.285714000000002,1008.6428685714285,83.568572,3.9199999,183.42857142857142,19.2560101,11.284285714285714,7,7,True
2008-08-17,13.6000001,15.89428557142857,10.868570857142856,21.272857,1007.0428628571428,80.80785714285715,3.9457142000000003,188.85714285714286,19.008916499999998,11.262857142857143,7,7,True
2008-08-24,33.6000001,15.467142857142857,12.2742855,19.372856857142857,1010.1857257142857,89.11883571428572,3.7771428571428567,113.71428571428571,11.3702058,11.267142857142858,7,7,True
2008-08-31,8.400001,17.60714242857143,13.718571285714287,21.31714285714286,1017.6428571428571,86.62992642857144,3.5971427571428576,126.14285714285714,13.218087490000002,11.245714285714286,7,7,True
2008-09-07,17.200000000000003,15.371428428571429,12.027142642857143,18.99714271428571,1004.5428685714286,84.93161785714285,4.937142814285714,108.14285714285714,10.825752,11.24,7,7,True
2008-09-14,8.2,15.8242855,10.689999785714287,20.671428285714285,1015.8571428571429,80.59,3.9685713857142857,148.14285714285714,14.8542708,11.221428571428572,7,7,True
2008-09-21,0.0,11.182857,5.732857014285714,17.287142285714285,1026.7571714285714,83.31988842857143,2.1314285714285712,122.28571428571429,10.9155208,11.16,7,7,True
2008-09-28,6.199999999999999,11.604285214285714,6.7628571428571425,17.109999428571427,1027.3857485714286,88.41708785714286,2.625714257142857,102.85714285714286,9.231194850000001,11.114285714285714,7,7,True
2008-10-05,87.500001,10.102856857142857,7.214285571428571,12.852857142857143,1003.0571485714287,90.263546,5.242857057142857,64.14285714285714,5.58266465,11.271428571428572,7,7,True
2008-10-12,4.2000003,11.929999857142857,7.867142814285714,16.137142857142855,1022.1714342857142,91.66116285714286,2.9385714285714286,83.28571428571429,7.59544395,11.311428571428573,7,7,True
2008-10-19,12.100000000000001,11.478571285714285,8.275714285714285,14.834285142857143,1015.4571485714285,89.89988142857143,4.067142814285714,58.42857142857143,5.28293448,11.281428571428572,7,7,True
2008-10-26,23.4,9.422857085714286,5.092857114285715,12.94428542857143,1018.0285771428571,88.76558857142857,4.7742856,57.714285714285715,4.94654583,11.281428571428572,7,7,True
2008-11-02,8.2000002,4.655714185714286,1.2885713914285712,8.3385711,1008.0428571428572,93.01143114285715,2.8828571142857142,44.857142857142854,3.3226489299999997,11.29142857142857,7,7,True
2008-11-09,12.1,8.834285571428572,6.927142742857143,10.568571214285713,1015.51432,90.38119214285715,3.821428514285714,30.428571428571427,2.57133258,11.277142857142858,7,7,True
2008-11-16,52.5000001,8.924285442857142,6.248571371428572,11.23714242857143,1016.5000114285714,92.13957785714285,5.528571328571429,26.857142857142858,2.23189124,11.321428571428571,7,7,True
2008-11-23,30.300001039999998,4.938571385714285,2.3128571399999998,8.141428571428571,1008.8000057142857,90.19496571428571,5.2199998999999995,25.571428571428573,1.8850739500000002,11.307142857142859,7,7,True
2008-11-30,10.600000099999999,3.3528570714285713,0.7671428428571428,5.505714142857143,1005.2285714285715,93.000035,3.8742856285714287,18.571428571428573,1.29998677,11.29857142857143,7,7,True
2008-12-07,11.3000004,3.152857057142857,0.60714282,5.688571342857143,1000.5428628571428,93.99267842857144,3.2385714,22.285714285714285,1.57895627,11.29857142857143,7,7,True
2008-12-14,7.9,1.3299999714285715,-0.6999999685714285,3.5371428000000003,1011.8571428571429,92.62465428571429,4.074285642857142,20.428571428571427,1.342013855,11.294285714285715,7,7,True
2008-12-21,8.0,3.805714200857143,0.21714286285714285,6.247142671428571,1017.8000114285715,92.60231171428572,4.068571357142857,15.857142857142858,1.15173608,11.282857142857141,7,7,True
2008-12-28,0.0,2.3985714285714286,-0.5057142742857142,4.76999991,1035.5571714285713,89.54378185714286,3.9999998857142853,26.285714285714285,1.69818505,11.268571428571429,7,7,True
2009-01-04,8.8000003,-2.0971428137142856,-5.5599997,0.5828571285714287,1027.6571714285715,92.36236557142857,2.842857128571428,26.428571428571427,1.422764549,11.227142857142857,7,7,True
2009-01-11,0.90000004,-2.834285694285714,-6.507142728571429,0.2071428462857143,1026.5286057142857,88.14190642857143,3.2585714142857145,34.714285714285715,1.8937958,11.225714285714286,7,7,True
2009-01-18,14.5,3.302857085714286,1.1871428214285713,4.707142642857143,1012.7428742857144,85.27404057142857,4.7557142571428574,17.428571428571427,1.22303308,11.258571428571429,7,7,True
2009-01-25,31.9,3.154285642857143,1.0842857114285713,5.615714242857143,991.08572,91.16225714285714,5.1000000000000005,28.0,1.97259281,11.295714285714284,7,7,True
2009-02-01,0.0,-0.7514285571428571,-2.465714257142857,1.5842856571428572,1018.0285771428571,88.5097227142857,4.259999957142857,41.857142857142854,2.52753444,11.28,7,7,True
2009-02-08,3.7,1.997142857142857,-0.5285714357142857,4.685714271428572,996.8428628571429,89.93663928571428,3.459999942857143,32.42857142857143,2.23259798,11.268571428571429,7,7,True
2009-02-15,28.700001200000003,0.8114285428571428,-1.7842856714285715,3.6171428142857143,1012.9285714285714,92.55114785714285,3.914285671428572,40.857142857142854,2.59119779,11.287142857142856,7,7,True
2009-02-22,13.900000099999998,3.3028570714285714,0.9071428857142857,5.5985713285714285,1024.1285857142857,89.45588142857143,3.418571414285714,34.0,2.36296728,11.29857142857143,7,7,True
2009-03-01,11.299999999999999,5.8485713142857145,4.124285657142857,7.655714285714287,1017.8714285714286,91.51716871428572,4.0142856714285715,36.285714285714285,2.78538331,11.290000000000001,7,7,True
2009-03-08,20.0000007,5.6228571,2.7085713714285715,7.871428457142857,1001.4142971428572,88.72024142857143,4.9828570999999995,66.28571428571429,5.13345973,11.294285714285715,7,7,True
2009-03-15,9.100000099999999,6.228571242857143,3.3928570857142857,9.097142857142858,1015.4714542857143,88.98111200000001,4.509999985714286,62.0,4.824749730000001,11.301428571428572,7,7,True
2009-03-22,1.2,5.195714257142858,0.49000000285714285,10.074285571428572,1030.7428714285713,84.10881057142856,3.0199999571428573,131.85714285714286,9.7643244,11.287142857142856,7,7,True
2009-03-29,29.9000003,4.969999942857143,1.8185714,7.947142757142856,1001.5285828571429,86.97357357142857,4.939999942857143,87.71428571428571,6.51449652,11.29857142857143,7,7,True
2009-04-05,0.0,8.621428442857143,3.0085713857142857,14.569999285714285,1021.1285771428572,82.835002,3.207142785714286,158.0,13.287758,11.292857142857143,7,7,True
2009-04-12,4.5,12.888571285714287,6.964285599999999,19.192857142857143,1010.8000057142857,78.5464292857143,3.4414285,162.0,15.3818309,11.277142857142858,7,7,True
2009-04-19,0.0,12.544285428571428,6.357142857142857,19.309999857142856,1012.0857257142858,74.06071485714286,4.055714157142857,218.85714285714286,20.3740181,11.251428571428573,7,7,True
2009-04-26,3.6000001,12.172856857142857,5.182857142857143,18.774285428571428,1019.8142857142857,70.35214428571429,3.445714242857143,227.71428571428572,20.989001599999998,11.197142857142856,7,7,True
2009-05-03,8.8,10.961428571428572,5.665714071428572,16.039999714285717,1015.5857400000001,84.80142928571429,2.757142828571429,171.71428571428572,15.46771635,11.198571428571428,7,7,True
2009-05-10,21.800001,11.571428142857142,7.271428428571428,15.755714142857142,1016.4000114285715,79.67714342857143,4.534285657142857,185.71428571428572,16.855796,11.241428571428571,7,7,True
2009-05-17,43.7,12.444284999999999,7.261428371428572,17.305714,1015.0143028571429,72.65643014285715,4.927142657142857,199.28571428571428,18.478178599999996,11.231428571428571,7,7,True
2009-05-24,3.1000001,13.63428542857143,7.0799999,19.227142571428573,1017.8142914285714,76.27571485714286,3.0728571000000002,256.85714285714283,24.5609191,11.268571428571429,7,7,True
2009-05-31,23.8000003,14.608570857142857,7.035714285714286,20.485714285714288,1022.9142914285715,74.84357142857142,4.6571428571428575,260.57142857142856,25.454788900000004,11.277142857142858,7,7,True
2009-06-07,13.700001,12.43571392857143,6.971428571428571,17.471428142857143,1013.5000057142857,71.32928628571429,4.267142714285714,225.28571428571428,21.169718500000002,11.217142857142859,7,7,True
2009-06-14,21.5000004,13.829999785714287,8.919999814285715,18.345713999999997,1013.1142971428571,79.000715,3.8742856142857143,200.57142857142858,19.244024099999997,11.277142857142858,7,7,True
2009-06-21,28.700000000000003,14.095713857142856,8.629999914285715,18.507142714285713,1018.8143028571429,76.22643000000001,3.488571314285714,227.28571428571428,21.9818232,11.287142857142856,7,7,True
2009-06-28,0.0,17.66142842857143,12.258571285714286,22.557142285714285,1019.70002,79.70000057142856,4.0542856857142855,250.42857142857142,25.9029695,11.268571428571429,7,7,True
2009-07-05,14.700000000000001,20.09571414285714,13.181427999999999,26.761428285714285,1016.6428742857142,79.50428699999999,2.848571342857143,274.42857142857144,30.0256311,11.164285714285715,7,7,True
2009-07-12,46.1000004,15.067142714285714,11.361428428571429,19.06857114285714,1008.0285885714286,85.23173557142857,4.191428571428571,183.57142857142858,18.2686742,11.218571428571428,7,7,True
2009-07-19,18.100000199999997,17.69142857142857,13.265714000000001,22.245714,1011.5285714285714,80.94285985714285,3.4985714142857143,227.14285714285714,23.8787769,11.217142857142857,7,7,True
2009-07-26,25.6000001,17.027142714285713,12.271428571428572,21.342857142857145,1011.4428628571429,82.79500071428572,3.525714285714286,203.57142857142858,21.009252,11.241428571428571,7,7,True
2009-08-02,21.3000003,16.877142499999998,11.639999571428572,22.421428142857142,1014.9000114285715,80.22428642857143,3.018571357142857,198.42857142857142,20.347656699999998,11.26,7,7,True
2009-08-09,0.0,19.054285714285715,13.358571142857143,23.985713999999998,1019.08572,76.03785842857143,2.351428557142857,217.71428571428572,23.445248,11.208571428571428,7,7,True
2009-08-16,5.1,17.609999714285713,12.169999714285714,22.722856857142858,1015.5285771428571,80.96285771428572,3.041428542857143,194.42857142857142,20.3226935,11.112857142857143,7,7,True
2009-08-23,11.2,18.11714257142857,11.734285428571429,25.26428542857143,1018.6,77.02571499999999,2.8999999142857145,211.28571428571428,22.2453349,11.040000000000001,7,7,True
2009-08-30,23.300001599999998,16.521428214285713,11.51142857142857,21.64999957142857,1012.8428628571429,79.7989857142857,3.7171426857142857,161.14285714285714,16.518148,11.085714285714285,7,7,True
2009-09-06,26.2000004,15.33,11.9771425,19.942857,1009.7428628571428,81.60142857142857,4.8285714,134.0,13.377446499999998,11.185714285714285,7,7,True
2009-09-13,0.8,15.608571285714286,11.354285428571428,20.56428557142857,1026.0000142857143,81.83642985714286,3.4442856999999996,144.57142857142858,14.465782700000002,11.135714285714286,7,7,True
2009-09-20,0.0,14.299999428571429,8.638571285714287,19.931428428571426,1020.0000057142857,83.79928714285714,3.378571385714286,130.42857142857142,12.60776334,11.09,7,7,True
2009-09-27,0.0,12.597142857142856,6.348571228571429,18.755714,1024.8285857142857,85.07214285714285,2.5042857,115.71428571428571,10.73854657,11.004285714285714,7,7,True
2009-10-04,14.7,12.555714285714286,8.72571417142857,15.451428142857143,1013.5857314285714,87.21961142857143,4.291428528571428,64.0,5.897519249999999,11.015714285714285,7,7,True
2009-10-11,35.4000003,10.504285571428571,5.488571271428571,14.872856571428573,1012.88572,90.11403499999999,3.0671428285714284,61.57142857142857,5.332607190000001,11.135714285714286,7,7,True
2009-10-18,8.9000001,6.8728571,1.4171428285714287,11.948571142857144,1025.2714485714284,83.45500128571429,3.457142857142857,94.85714285714286,7.4202097600000005,11.191428571428572,7,7,True
2009-10-25,7.6000002,8.441428442857143,5.369999871428571,11.772856857142857,1009.6857257142857,84.99513857142857,4.134285657142857,53.0,4.40613426,11.165714285714285,7,7,True
2009-11-01,17.7,10.898571385714288,8.502857,13.317142428571428,1019.3143114285714,91.641343,3.291428471428571,35.857142857142854,3.17119987,11.187142857142858,7,7,True
2009-11-08,14.50000034,7.369999771428572,4.251428514285714,9.851428499999999,996.3857257142857,92.68125357142857,3.9399999142857145,33.857142857142854,2.7509355100000006,11.244285714285715,7,7,True
2009-11-15,27.900001099999997,8.745714285714286,6.421428342857142,10.544285614285714,1006.8000171428572,90.65287985714285,4.382857057142857,20.285714285714285,1.7208631900000002,11.274285714285714,7,7,True
2009-11-22,23.0000002,10.587142714285715,7.825714228571429,13.299999785714286,1011.1285771428572,87.428047,6.307142814285714,27.714285714285715,2.47511523,11.282857142857141,7,7,True
2009-11-29,31.8,8.569999942857143,6.8742855714285716,10.4714285,998.7142914285714,86.73142857142857,7.099999957142857,17.0,1.43274613,11.29857142857143,7,7,True
2009-12-06,26.1000004,5.632857142857143,2.6828570142857138,8.381428528571428,1003.5714342857143,91.58550142857143,3.962857142857143,20.857142857142858,1.5739979100000001,11.297142857142857,7,7,True
2009-12-13,13.2000001,5.141428514285714,2.2971428,7.221428542857142,1020.4714285714284,91.33824857142858,3.472857114285714,19.428571428571427,1.42482383,11.305714285714286,7,7,True
2009-12-20,18.1000004,-3.9085714285714284,-7.134285585714286,-1.4828571428571429,1011.4428628571429,89.50877657142857,3.5657142714285714,23.0,1.20785159,11.27,7,7,True
2009-12-27,33.6,0.21571424857142857,-2.1057142585714286,2.235714257142857,994.0428628571428,91.48332500000001,4.939999957142858,18.857142857142858,1.19335328,11.278571428571428,7,7,True
2010-01-03,11.9,-1.8057143,-5.344285642857143,0.4428571575714286,1005.4857314285715,91.61598314285713,3.8671428142857143,19.714285714285715,1.145408575,11.307142857142859,7,7,True
2010-01-10,8.0,-3.0,-6.515714142857142,-0.9414285428571428,1013.5142971428571,93.16744857142858,4.529999785714286,20.285714285714285,1.10095309,11.277142857142858,7,7,True
2010-01-17,7.9,-0.8271428571428572,-2.4657142142857142,0.19571428428571433,1014.6857257142857,90.13690714285714,4.019999914285714,17.428571428571427,1.04740699,11.26,7,7,True
2010-01-24,1.1,-0.5871428571428572,-1.6557142714285715,0.6142856999999999,1022.9857199999999,92.36595471428572,3.994285685714286,19.714285714285715,1.18633291,11.288571428571428,7,7,True
2010-01-31,20.200000600000003,-2.245714092857143,-5.678571428571429,0.4771428857142857,1010.8714285714285,87.06691857142857,3.9299999571428574,37.42857142857143,2.06941822,11.277142857142858,7,7,True
2010-02-07,24.5000003,0.7085714142857142,-2.1871428137142854,3.0514284657142854,1009.88572,92.10592571428572,4.159999914285715,27.857142857142858,1.7924509899999999,11.308571428571428,7,7,True
2010-02-14,3.2,-3.551428514285714,-7.002857142857143,-1.8514285085714286,1015.6142914285714,85.72415628571427,4.0814284999999995,36.285714285714285,1.95399565,11.28,7,7,True
2010-02-21,10.0,-0.7642857171428571,-3.4757142314285714,1.81571426,997.08572,88.06403771428572,3.8599999428571428,52.57142857142857,3.15369225,11.264285714285714,7,7,True
2010-02-28,40.2,4.249999997142857,1.7828571328571428,6.851428271428572,991.2714400000001,91.89175014285715,4.924285642857143,33.285714285714285,2.45877863,11.320000000000002,7,7,True
2010-03-07,10.2,0.981428582857143,-3.1757142285714286,4.829999857142857,1021.9714285714286,80.59285842857142,4.092857042857143,110.57142857142857,7.07053625,11.320000000000002,7,7,True
2010-03-14,3.6000000400000003,2.1828571285714284,-1.1042856857142858,5.4585713857142855,1024.1285971428572,87.18928714285714,4.008571342857143,72.42857142857143,4.77870574,11.294285714285715,7,7,True
2010-03-21,19.600000299999998,8.15,3.7057142499999998,11.868571357142857,1016.7000057142858,83.38415371428572,4.428571428571429,85.14285714285714,7.0084668,11.312857142857142,7,7,True
2010-03-28,4.9000002,9.649999857142857,4.972857014285714,14.121428357142857,1009.6857314285714,77.49928571428572,3.858571385714286,119.42857142857143,10.39504565,11.31,7,7,True
2010-04-04,26.1000002,7.711428385714286,4.4257142428571425,11.694285371428572,1003.0714342857143,78.07214357142857,5.1599998142857135,120.28571428571429,9.876382400000002,11.304285714285713,7,7,True
2010-04-11,1.4,8.625714242857143,3.8542856428571426,13.082856857142858,1025.9571485714284,75.18857214285715,3.832857057142857,152.85714285714286,12.8563828,11.301428571428572,7,7,True
2010-04-18,0.0,8.152857142857142,1.1328571157142857,14.511428142857142,1021.25716,71.44928571428571,4.037142828571429,228.28571428571428,18.845049500000002,11.274285714285714,7,7,True
2010-04-25,1.5,8.221428428571429,1.5071428142857144,14.364285357142856,1018.15716,65.73857142857143,3.5542857,218.28571428571428,18.0953517,11.235714285714286,7,7,True
2010-05-02,38.8,12.147142528571427,6.547142857142857,17.088570999999998,1015.6285714285714,76.51928571428572,3.768571371428571,169.57142857142858,15.849950199999999,11.245714285714286,7,7,True
2010-05-09,9.7000001,7.7271427571428575,4.548571285714286,10.664285714285715,1013.4428628571429,82.07142971428571,4.027142785714285,126.42857142857143,10.33219834,11.308571428571428,7,7,True
2010-05-16,22.6,7.9485711,4.592857085714286,11.109999857142856,1012.1000057142857,78.11928657142857,3.4728570285714286,142.0,11.87653925,11.307142857142859,7,7,True
2010-05-23,0.0,11.81428557142857,5.507142628571429,17.40714242857143,1026.44292,77.07142857142857,3.9757142714285716,255.71428571428572,23.359809199999997,11.285714285714286,7,7,True
2010-05-30,7.0,11.685714285714285,5.469999814285714,16.964285714285715,1011.2143085714285,75.13,3.518571357142857,212.42857142857142,19.397730900000003,11.248571428571427,7,7,True
2010-06-06,3.2,14.655714142857144,7.0571427571428575,21.31428557142857,1017.7000114285714,73.28571428571429,3.1342856571428572,265.85714285714283,26.032950899999996,11.209999999999999,7,7,True
2010-06-13,20.700001,15.754285571428571,11.021428571428572,19.749999714285714,1008.6428571428571,84.45714342857143,3.2657142,152.85714285714286,15.253805499999999,11.234285714285715,7,7,True
2010-06-20,4.1,12.851428428571428,7.861428514285714,17.468571,1017.842857142857,76.74143000000001,4.207142814285715,229.71428571428572,21.7412758,11.171428571428573,7,7,True
2010-06-27,0.0,16.274285357142855,7.564285714285715,22.919999571428573,1020.1714285714286,69.88000071428571,2.418571385714286,297.0,30.1881478,11.084285714285715,7,7,True
2010-07-04,4.4,20.994285714285716,13.767142714285715,28.128570999999997,1017.2714342857143,71.30214342857143,2.5099999142857143,270.14285714285717,30.038408600000004,10.944285714285714,7,7,True
2010-07-11,43.800002000000006,20.99999928571429,12.90714257142857,27.958571142857142,1018.8285828571428,67.21214285714287,2.9614285285714286,268.14285714285717,29.818695099999996,10.884285714285713,7,7,True
2010-07-18,50.699999999999996,19.252857142857145,13.802857071428573,24.507142428571427,1013.6714342857142,76.89357199999999,3.6157142285714285,246.85714285714286,26.565747100000003,11.205714285714285,7,7,True
2010-07-25,0.0,18.855714,11.854285385714286,24.719999714285713,1015.6000057142857,71.39857142857143,2.4471427571428572,239.57142857142858,25.639916200000002,11.077142857142857,7,7,True
2010-08-01,36.4000001,17.234285285714286,12.828571285714286,21.332856999999997,1013.0142914285715,82.60714414285714,2.6399999857142857,168.85714285714286,17.4853612,11.115714285714287,7,7,True
2010-08-08,36.4000001,16.0071425,10.96428542857143,20.52999957142857,1013.3000000000001,85.22500057142858,2.3142856857142857,166.42857142857142,16.791597200000002,11.198571428571428,7,7,True
2010-08-15,30.900001,16.768571,10.971428142857144,21.949999714285717,1014.5142914285715,81.31428628571429,3.0214285571428574,181.57142857142858,18.5906619,11.281428571428572,7,7,True
2010-08-22,15.2000003,17.73428542857143,13.359999714285715,22.037142714285714,1011.6571542857143,84.10204214285714,3.3857142714285717,136.71428571428572,14.3302085,11.290000000000001,7,7,True
2010-08-29,86.700002,14.329999928571429,10.848571000000002,18.18285657142857,1007.3285771428572,86.40928714285714,4.355714242857142,124.0,12.101876850000002,11.311428571428573,7,7,True
2010-09-05,5.9,12.678571428571429,7.315714042857143,18.3,1020.7571485714286,84.19428642857143,2.781428542857143,157.71428571428572,14.6874722,11.331428571428571,7,7,True
2010-09-12,8.8,14.6999995,10.955714142857143,18.37142857142857,1013.6428742857144,84.27319571428572,3.918571357142857,104.14285714285714,10.21823256,11.288571428571428,7,7,True
2010-09-19,61.600001,12.431428142857143,8.834285571428572,16.19714242857143,1012.2428628571428,87.03500185714286,4.488571371428572,103.0,9.5188789,11.315714285714284,7,7,True
2010-09-26,13.600000099999999,13.255713857142856,9.072856914285714,17.967142714285714,1010.7142971428572,88.52643,2.6042856714285714,105.28571428571429,10.0187188,11.287142857142856,7,7,True
2010-10-03,14.3000001,12.041428428571427,8.1271427,15.74714257142857,1012.48572,89.39749571428571,3.159999928571428,75.85714285714286,6.957635830000001,11.282857142857141,7,7,True
2010-10-10,1.1,13.678570857142857,9.875714,17.98428542857143,1013.48572,87.34297142857143,3.4971427857142854,91.14285714285714,8.61304733,11.268571428571429,7,7,True
2010-10-17,8.1,7.859999914285715,3.219999957142857,12.157142714285714,1018.2000114285713,88.59508285714286,2.5728571000000002,76.28571428571429,6.1625092,11.247142857142858,7,7,True
2010-10-24,50.4,7.431428528571429,3.8485714000000004,11.109999714285715,1010.1428628571429,86.03587428571429,5.012857142857143,64.0,5.17651546,11.292857142857143,7,7,True
2010-10-31,11.3000001,8.872857,5.485714285714286,11.212856857142857,1013.4000114285715,88.55940771428571,4.405714214285714,39.714285714285715,3.29878618,11.29857142857143,7,7,True
2010-11-07,32.5,9.669999814285715,6.258571429999999,11.902856857142856,1010.6428628571429,92.15122,4.835714214285714,28.571428571428573,2.4139308699999997,11.301428571428572,7,7,True
2010-11-14,25.400001139999997,6.701428428571428,4.2114284571428575,8.719999914285713,989.4714285714286,89.72456714285714,5.589999957142857,22.142857142857142,1.74713044,11.297142857142857,7,7,True
2010-11-21,0.0,4.759999928571429,1.6485714171428572,7.457142714285714,1014.3571485714285,93.10947085714285,2.4299999285714287,27.0,2.0108071000000005,11.294285714285715,7,7,True
2010-11-28,3.4,0.31999995714285717,-2.1828571,2.481428571428571,1005.4857199999999,92.49703785714287,2.861428528571429,28.571428571428573,1.78673093,11.277142857142858,7,7,True
2010-12-05,8.0,-3.0828570714285712,-5.4585713,-1.3985714571428574,1010.0000114285714,85.35071571428571,5.252857071428571,22.571428571428573,1.22044032,11.244285714285715,7,7,True
2010-12-12,24.6000001,0.36428567142857143,-2.5485714285714285,2.7014285342857143,1013.4428571428572,91.74884428571428,3.5514285142857145,17.714285714285715,1.12350771,11.262857142857143,7,7,True
2010-12-19,13.8,-3.2399999285714287,-7.244285628571428,-0.7657142857142858,1010.2000142857142,91.18679142857142,3.251428514285714,18.714285714285715,1.015008756,11.278571428571427,7,7,True
2010-12-26,5.300000000000001,-3.7928570714285716,-7.359999728571429,-1.9185714057142857,1011.6285828571429,90.13552871428571,4.128571385714285,20.428571428571427,1.0723462140000002,11.247142857142858,7,7,True
2011-01-02,4.6000001,-0.8614285342857144,-3.6614284322857142,1.15428562,1022.0285771428571,92.147585,3.308571342857143,22.142857142857142,1.3499734140000001,11.244285714285715,7,7,True
2011-01-09,15.4000001,2.0399999471428574,-0.39428570000000007,4.4742856571428575,1007.1,88.62580071428572,4.514285614285714,21.714285714285715,1.45681097,11.287142857142857,7,7,True
2011-01-16,28.400000300000002,5.595714098571428,3.6885714057142858,7.965714071428572,1012.2714400000001,91.83778771428571,5.2342856,18.428571428571427,1.37327709,11.311428571428573,7,7,True
2011-01-23,6.5000002,3.388571385714286,0.6199999571428572,5.661428557142857,1028.1571714285715,93.62561500000001,3.2728571142857144,19.0,1.30325892,11.302857142857144,7,7,True
2011-01-30,5.5,-0.09285710000000012,-2.5928571675714283,2.17428567,1020.0142857142857,89.23164857142856,3.5985713857142856,37.857142857142854,2.2345789400000005,11.285714285714286,7,7,True
2011-02-06,11.7,4.692856971428571,3.2485714285714287,6.455714242857143,1019.3428628571429,89.21404271428571,7.3357142,21.142857142857142,1.5797666449999999,11.281428571428572,7,7,True
2011-02-13,11.0,4.6057142142857135,1.4157142528571427,7.922857142857143,1015.1857200000001,88.00597057142856,4.2671428,40.857142857142854,2.99597114,11.28,7,7,True
2011-02-20,10.500001,1.9914285,-0.56142855,4.617142857142857,1009.7285942857143,85.41404999999999,4.457142742857143,49.857142857142854,3.3510878600000003,11.287142857142856,7,7,True
2011-02-27,8.0000003,1.2585714285714285,-1.3685713720000001,3.7828571428571425,1019.2714285714286,78.26071557142858,4.107142785714286,56.714285714285715,3.5086795299999998,11.265714285714285,7,7,True
2011-03-06,0.0,0.8985713728571428,-1.5957142857142856,4.942857142857143,1032.9857142857143,88.95658371428571,3.819999985714286,82.85714285714286,5.23865977,11.268571428571429,7,7,True
2011-03-13,6.5,5.535714214285714,1.2957142714285717,10.149999571428571,1014.1857142857143,74.3307142857143,4.534285671428571,97.85714285714286,7.24893877,11.26,7,7,True
2011-03-20,0.0,5.992856928571428,2.1985714,10.872856642857142,1021.37144,86.14839785714285,3.534285628571429,90.57142857142857,6.794686929999999,11.255714285714285,7,7,True
2011-03-27,0.0,5.711428528571429,-0.9685714218571428,12.629999714285715,1028.5286057142857,79.17714342857143,2.425714257142857,147.85714285714286,11.2297761,11.234285714285715,7,7,True
2011-04-03,8.7,9.322857114285714,3.638571285714286,14.638571142857144,1014.3142914285714,84.23577114285715,3.4257142714285713,120.85714285714286,10.20363427,11.227142857142857,7,7,True
2011-04-10,0.0,10.065713928571428,4.974285671428572,14.668571,1023.3714571428571,81.19714357142857,4.618571385714286,156.28571428571428,13.4975671,11.207142857142857,7,7,True
2011-04-17,2.9,9.622856857142859,2.9214285514285714,15.558570928571429,1021.4286028571429,72.87928571428571,3.1671428285714285,182.57142857142858,15.741549399999998,11.171428571428573,7,7,True
2011-04-24,0.0,15.792856857142857,7.3314283428571425,23.719999857142856,1016.0714342857143,58.42500128571429,2.9842856714285717,247.28571428571428,24.8270461,11.111428571428572,7,7,True
2011-05-01,0.0,13.432857,7.358571014285714,20.021428571428572,1017.7714285714285,62.64857142857143,5.225714228571428,241.57142857142858,22.9659457,11.044285714285715,7,7,True
2011-05-08,0.0,12.387142857142859,3.6057142514285716,19.455714142857143,1019.3142914285714,55.085,4.011428528571429,266.0,24.5506607,10.950000000000001,7,7,True
2011-05-15,16.8,13.73142842857143,8.51571422857143,19.547142428571426,1020.1285828571429,74.92357342857143,3.4257142571428574,218.14285714285714,20.8729401,10.994285714285715,7,7,True
2011-05-22,10.0,13.445714285714287,8.4614282,17.652857,1017.65716,81.24071571428571,3.4699999142857143,165.71428571428572,15.8655481,11.077142857142858,7,7,True
2011-05-29,17.9000001,13.537142357142857,7.919999914285714,18.322856714285713,1015.8714285714286,71.55571457142857,5.251428442857143,217.57142857142858,20.8274497,11.004285714285714,7,7,True
2011-06-05,8.7,16.039999642857143,8.724285528571428,22.12428542857143,1021.6285714285714,75.41071585714285,3.698571342857143,271.14285714285717,27.467496399999998,10.995714285714286,7,7,True
2011-06-12,7.300000240000001,14.048570999999999,7.922856957142857,18.955713857142857,1010.9000114285715,77.81571485714286,2.911428514285714,201.28571428571428,19.4274789,10.924285714285714,7,7,True
2011-06-19,34.1,15.064285357142856,10.56285707142857,18.97999985714286,1010.2428685714286,81.715715,4.0914285,170.42857142857142,16.950849100000003,10.95142857142857,7,7,True
2011-06-26,15.4000001,15.134285142857143,10.595714228571428,19.199999714285717,1015.5142914285715,83.71504557142858,3.695714242857143,182.71428571428572,18.1561734,11.102857142857143,7,7,True
2011-07-03,16.1,17.10999957142857,12.1,21.744285428571427,1017.9714285714286,76.50214342857143,4.072857042857143,210.57142857142858,22.0825198,11.049999999999999,7,7,True
2011-07-10,8.7000001,16.118571142857142,9.857142585714286,21.227142714285716,1012.5428742857142,77.48143,2.941428542857143,216.71428571428572,21.9754722,10.937142857142858,7,7,True
2011-07-17,71.40000099999999,15.727142714285716,11.958571142857142,19.988571,1008.9428685714286,84.94071828571428,4.342857057142857,161.85714285714286,16.396358999999997,11.132857142857144,7,7,True
2011-07-24,33.800001300000005,14.701428071428571,11.661428,17.977142714285712,1005.5714399999999,84.83785785714285,4.472857085714286,149.0,14.774393000000002,11.228571428571428,7,7,True
2011-07-31,17.500000999999997,15.398571142857142,11.788571285714285,18.818571,1016.1142914285714,86.00797128571428,2.6757142571428574,151.42857142857142,15.2086363,11.278571428571428,7,7,True
2011-08-07,41.6,18.80571414285714,13.881428428571429,23.845713999999997,1011.1000114285715,81.83714285714287,3.1257142,189.0,20.2077628,11.267142857142858,7,7,True
2011-08-14,29.299999999999997,15.445713999999999,11.235714142857145,18.735714142857145,1009.8000057142856,88.25633785714285,3.997142828571428,123.42857142857143,12.2601659,11.299999999999999,7,7,True
2011-08-21,4.9000001,15.948571285714285,9.705714,21.395713857142855,1015.9714285714286,83.19285714285715,2.8728570714285717,170.71428571428572,17.1983727,11.275714285714285,7,7,True
2011-08-28,23.8000003,17.098571285714286,12.778571142857142,21.941428142857145,1012.3428742857143,88.43387342857143,3.1599999142857143,141.57142857142858,14.657302200000002,11.255714285714285,7,7,True
2011-09-04,4.8000001,14.90142842857143,9.611428385714285,19.695714000000002,1012.4857257142858,84.85928642857142,2.6057142857142854,137.85714285714286,13.6604673,11.282857142857141,7,7,True
2011-09-11,60.700001,15.957142428571428,13.118571142857144,19.542857,1008.2000171428572,87.961634,4.711428514285714,99.85714285714286,10.1072212,11.299999999999999,7,7,True
2011-09-18,15.799999999999999,13.552857000000001,9.472857099999999,17.281428285714284,1010.6714342857142,84.30499999999999,4.5299999571428575,107.0,10.15809956,11.302857142857144,7,7,True
2011-09-25,0.0,13.311428142857142,8.19714277142857,18.49285714285714,1016.6714342857142,85.1557142857143,3.259999957142857,113.57142857142857,10.70062486,11.287142857142856,7,7,True
2011-10-02,1.5,15.689999642857144,8.829999942857143,23.758571285714286,1026.4857285714286,86.21011342857142,1.6785714071428572,137.0,13.6880966,11.251428571428573,7,7,True
2011-10-09,45.400001,12.745714142857143,8.022856914285715,17.3171425,1013.3714285714286,84.8600007142857,4.535714128571429,68.85714285714286,6.37951217,11.26142857142857,7,7,True
2011-10-16,15.2000001,9.709999999999999,5.414285571428572,14.258571357142857,1023.1143342857142,86.75561285714285,3.212857085714286,82.71428571428571,6.81459842,11.302857142857144,7,7,True
2011-10-23,15.7,7.744285285714286,3.4299999571428574,12.192856785714286,1017.28572,83.97428628571429,4.139999914285714,82.0,6.639552909999999,11.301428571428572,7,7,True
2011-10-30,1.1,10.37714257142857,6.8528571142857135,13.592856857142857,1014.98572,86.56188542857141,3.9457142142857142,55.714285714285715,4.83645909,11.28,7,7,True
2011-11-06,2.4,11.798570999999999,8.027142671428573,14.958571142857142,1010.2285828571429,86.85452485714286,3.239999957142857,43.42857142857143,4.01357849,11.268571428571429,7,7,True
2011-11-13,0.0,5.1599998000000005,3.1028570714285713,7.805714171428571,1024.6571485714287,90.34855914285716,3.882857085714286,35.57142857142857,2.58768457,11.25,7,7,True
2011-11-20,0.0,1.5699999571428571,-1.0357142571428573,5.261428557142857,1022.6000057142857,94.042255,2.5985714,32.714285714285715,2.14936725,11.22857142857143,7,7,True
2011-11-27,4.70000004,5.694285542857143,2.885714242857143,8.071428114285714,1021.6857200000001,89.63265057142857,4.367142785714285,22.0,1.6213755099999998,11.224285714285715,7,7,True
2011-12-04,34.1000011,6.309999857142857,3.6257142285714288,9.294285357142856,1010.0857400000001,88.36779628571428,5.367142785714286,26.428571428571427,2.04526409,11.255714285714287,7,7,True
2011-12-11,45.8,4.048571385714285,1.665714242857143,6.787142728571429,1004.2714285714285,86.54932442857144,6.442857057142858,21.428571428571427,1.55550774,11.31,7,7,True
2011-12-18,39.200000100000004,4.439999885714285,2.8514285714285714,6.469999857142858,996.6000114285715,88.33983028571429,6.139999885714286,17.857142857142858,1.3183119799999998,11.312857142857142,7,7,True
2011-12-25,23.7,5.99,3.7299999428571433,7.881428528571429,1016.38572,91.61315642857143,5.277142857142857,18.142857142857142,1.366345156,11.314285714285715,7,7,True
2012-01-01,42.6,7.3585711,5.571428471428571,9.487142857142857,1016.5428571428572,89.12976357142858,5.911428385714286,13.428571428571429,1.05833233,11.304285714285715,7,7,True
2012-01-08,50.6000012,6.421428471428571,4.047142757142857,8.454285628571428,1006.7142914285714,85.03999999999999,7.558571057142857,18.428571428571427,1.44931601,11.332857142857142,7,7,True
2012-01-15,1.7,5.441428514285714,2.45999996,7.782856885714286,1026.1857285714286,88.57921214285714,4.3799999000000005,24.571428571428573,1.7981826699999999,11.302857142857144,7,7,True
2012-01-22,23.6000001,2.989999957142857,-0.22285717142857134,6.235714185714286,1015.7714428571428,88.74185914285714,4.807142737142857,25.571428571428573,1.7129266300000001,11.290000000000001,7,7,True
2012-01-29,7.7000003,1.855714257142857,-0.47428571428571425,4.555714185714286,1021.28574,90.75587357142857,3.7457141999999997,31.0,2.0915117100000002,11.3,7,7,True
2012-02-05,2.1000001,-7.205714128571429,-10.939999914285716,-3.5528571,1034.9143142857142,73.16000271428571,3.8671428142857143,61.142857142857146,2.7008523700000002,11.252857142857142,7,7,True
2012-02-12,1.7,-5.664285485714286,-11.289999857142858,-1.6328571299999999,1038.5857285714285,78.72142857142856,3.3142856714285713,55.857142857142854,2.59874465,11.188571428571427,7,7,True
2012-02-19,13.6000001,3.665714257142857,0.8099999857142858,6.209999957142857,1016.0142857142857,90.94697371428572,4.887142785714286,38.857142857142854,2.7570295,11.245714285714286,7,7,True
2012-02-26,8.100000099999999,5.805714271428571,2.6457141714285717,8.84,1023.8286057142858,88.79540999999999,5.278571342857143,54.0,4.0511582399999995,11.282857142857141,7,7,True
2012-03-04,3.50000014,7.195714071428571,4.954285685714285,9.11428557142857,1023.2571428571428,93.77937,3.3457142857142856,37.714285714285715,3.0064864,11.268571428571429,7,7,True
2012-03-11,9.4000001,6.467142857142856,3.827142857142857,9.654285585714288,1025.9428857142857,85.68714414285715,4.267142785714285,66.0,5.15946461,11.275714285714285,7,7,True
2012-03-18,0.0,7.297142742857142,3.7214285214285714,10.557142714285716,1024.742857142857,85.734287,3.0285713857142857,76.28571428571429,6.123770070000001,11.267142857142858,7,7,True
2012-03-25,0.0,8.105714171428572,2.437142857142857,14.854285428571428,1031.7857142857142,84.05928685714285,3.2057141857142857,159.71428571428572,13.0980927,11.252857142857142,7,7,True
2012-04-01,0.0,7.815714,2.1699998857142857,12.904285142857143,1024.5000057142856,80.61428628571427,4.812857071428572,134.0,10.96007604,11.221428571428573,7,7,True
2012-04-08,4.9000001,5.204285714285715,0.5828571485714286,9.015714285714285,1010.8285885714286,79.2350007142857,3.7357142000000003,124.14285714285714,9.32300849,11.200000000000001,7,7,True
2012-04-15,17.599999999999998,7.161428314285715,3.4857142424285716,11.0042855,1002.3714285714286,86.23309642857143,3.6414285428571427,123.71428571428571,9.89342298,11.23857142857143,7,7,True
2012-04-22,14.6000002,7.192857071428572,2.3828571,12.058571,1000.5714342857143,79.644287,4.328571285714285,163.57142857142858,13.1766251,11.215714285714286,7,7,True
2012-04-29,17.1,10.345714142857144,6.778571385714286,14.255714,1004.6142914285714,83.21349428571429,5.027142814285715,136.57142857142858,12.0791591,11.241428571428571,7,7,True
2012-05-06,0.0,11.28428557142857,6.524285671428572,15.534284999999999,1012.4428742857143,79.46612414285714,3.651428542857143,159.42857142857142,14.682432799999999,11.231428571428571,7,7,True
2012-05-13,20.0,12.155714214285714,6.521428528571429,16.461428285714284,1019.2571485714286,79.32857257142857,4.077142814285714,167.42857142857142,14.9643614,11.247142857142858,7,7,True
2012-05-20,8.2,11.732856857142858,6.837142842857142,16.73,1013.1571485714286,73.912859,3.777142814285714,203.57142857142858,18.518473299999997,11.25,7,7,True
2012-05-27,4.9,20.092857142857145,13.199999857142856,26.39142842857143,1018.6571685714287,66.92642857142857,3.9971427999999998,301.14285714285717,32.884378000000005,11.211428571428572,7,7,True
2012-06-03,23.800001200000004,12.647142857142857,7.775714171428571,16.81428557142857,1015.2285771428571,80.75149499999999,2.988571428571429,189.28571428571428,17.889134950000003,11.20857142857143,7,7,True
2012-06-10,15.700000039999999,12.878571285714285,9.034285642857142,16.909999714285714,1008.2142914285714,79.33428685714286,3.9628571285714287,177.57142857142858,16.869160599999997,11.23857142857143,7,7,True
2012-06-17,18.299999999999997,13.71285657142857,8.85571407142857,18.444285428571426,1012.3428628571429,78.35214414285714,3.9400000000000004,187.85714285714286,17.994011299999997,11.207142857142857,7,7,True
2012-06-24,42.0,15.21428542857143,11.122856928571428,19.289999857142856,1015.2142857142857,80.62071428571429,4.278571342857143,189.71428571428572,18.90569394,11.267142857142858,7,7,True
2012-07-01,2.6000001,16.91142842857143,11.635714142857141,21.06999942857143,1013.2142914285714,80.16928642857144,3.825714285714286,194.0,19.979885399999997,11.26142857142857,7,7,True
2012-07-08,15.100001299999999,18.954285285714285,13.869999714285713,23.73714257142857,1012.0142971428571,78.27642914285714,2.941428514285714,217.28571428571428,23.283785400000003,11.218571428571428,7,7,True
2012-07-15,34.4000004,14.701428142857143,11.477142714285716,18.664285714285715,1008.2285828571429,85.81357257142858,3.967142742857143,169.28571428571428,16.6096987,11.252857142857142,7,7,True
2012-07-22,39.6,14.584285571428572,10.159999714285714,18.777142714285713,1016.9142914285715,82.92928642857143,3.8628570714285715,184.28571428571428,17.938151700000002,11.288571428571428,7,7,True
2012-07-29,16.6,18.927142857142858,12.40142842857143,24.76999957142857,1015.4857257142858,75.65571485714285,2.6414285,258.2857142857143,27.761761,11.247142857142858,7,7,True
2012-08-05,40.2,16.962856857142857,11.819999571428571,21.738571142857143,1012.9714457142857,81.72428642857143,2.7657142142857145,196.42857142857142,20.3025229,11.267142857142858,7,7,True
2012-08-12,22.400001000000003,15.792856928571428,10.808571285714285,20.545714,1020.2857257142857,81.75857142857144,2.891428557142857,195.0,19.598374,11.301428571428572,7,7,True
2012-08-19,10.6,21.169999714285716,14.951428214285714,27.521428428571426,1015.28572,69.49500057142858,3.0442856857142857,229.57142857142858,25.624503,11.252857142857142,7,7,True
2012-08-26,36.000001000000005,17.652856714285715,12.545714,22.691427857142855,1011.8428742857143,82.52000057142857,3.109999942857143,161.28571428571428,16.899100200000003,11.234285714285715,7,7,True
2012-09-02,20.599999999999998,15.467142857142857,9.997142585714286,20.278571285714285,1018.9285714285714,81.16571485714285,2.942857057142857,156.28571428571428,15.608205700000001,11.275714285714285,7,7,True
2012-09-09,0.0,16.388571000000002,10.825714142857143,21.949999428571427,1021.5714428571429,82.05214357142857,2.678571414285714,156.28571428571428,15.9375292,11.222857142857142,7,7,True
2012-09-16,9.200000000000001,13.927142571428572,9.822857071428572,18.017142571428572,1012.1857257142857,83.34928628571429,3.481428514285714,111.57142857142857,10.77344107,11.205714285714285,7,7,True
2012-09-23,23.300001,11.255713928571428,6.381428428571428,15.658571142857141,1014.6000057142857,82.89,3.4342856571428575,105.42857142857143,9.4680087,11.209999999999999,7,7,True
2012-09-30,13.9,12.25999942857143,8.7328571,16.369999714285715,1005.2714342857143,85.258177,4.658571342857143,82.71428571428571,7.650526049999999,11.257142857142856,7,7,True
2012-10-07,38.000000140000004,11.56999942857143,8.289999671428571,15.468571428571428,1010.6999999999999,87.05706714285714,4.3371428142857145,74.85714285714286,6.7810205,11.27142857142857,7,7,True
2012-10-14,25.3000001,7.944285614285714,3.12,12.735713714285714,1009.2428685714285,86.32142928571429,3.3599999428571428,80.57142857142857,6.5955438299999996,11.265714285714285,7,7,True
2012-10-21,8.50000004,12.764285357142857,9.948571357142857,15.684285500000001,1009.0571428571428,86.72485200000001,3.984285685714286,54.142857142857146,5.072120259999999,11.275714285714285,7,7,True
2012-10-28,5.1,8.255714071428573,4.885713962857143,11.994285428571429,1017.0571428571428,86.64411914285714,2.7628570285714287,57.857142857142854,4.62872252,11.258571428571429,7,7,True
2012-11-04,23.0000006,6.431428457142857,3.4557142857142855,9.232857,996.4571542857144,87.71804514285714,4.638571428571429,40.0,3.17348489,11.272857142857143,7,7,True
2012-11-11,13.5,8.274285714285714,5.5071426,10.415714,1009.9000057142857,88.68620414285715,4.402857142857143,33.0,2.7065225900000005,11.285714285714286,7,7,True
2012-11-18,4.0,5.215714271428571,1.341428572,7.862856985714286,1020.6999999999999,90.71160699999999,2.8271428000000003,26.857142857142858,2.0403643999999996,11.268571428571429,7,7,True
2012-11-25,12.1,6.238571428571428,2.858571387142857,9.932856857142857,1013.6428685714285,90.02521228571428,4.714285714285714,28.428571428571427,2.24923731,11.262857142857143,7,7,True
2012-12-02,10.7,3.8999999857142855,0.5471428514285714,6.83,1006.5857142857143,91.32953571428571,2.8728571,24.428571428571427,1.75968719,11.268571428571429,7,7,True
2012-12-09,31.9,0.4228571271428571,-3.8471428342857146,3.3014285142857145,1006.4000114285715,89.97030071428571,4.609999957142857,25.0,1.53449796,11.282857142857141,7,7,True
2012-12-16,23.7000003,2.501428474285714,-0.05285709428571434,4.822857129428571,1008.3000257142858,89.39074642857143,4.207142714285714,18.285714285714285,1.237961876,11.301428571428572,7,7,True
2012-12-23,37.100000300000005,4.4542857,2.7399999428571427,6.082857,1011.2000114285714,91.37261485714285,4.0728571,10.857142857142858,0.795904306,11.304285714285713,7,7,True
2012-12-30,24.9,7.3485713142857145,4.471428514285714,9.705714071428572,1005.6714400000001,88.10355214285714,5.992857071428572,18.0,1.455060546,11.311428571428573,7,7,True
2013-01-06,12.800001,7.679999799999999,6.049999728571429,9.198571171428572,1020.9428857142857,90.90907857142858,5.209999971428571,13.0,1.045997904,11.295714285714284,7,7,True
2013-01-13,16.70000004,3.2271427714285714,0.8014285285714287,5.001428428571429,1019.4285714285714,89.02793799999999,3.1757142000000003,19.428571428571427,1.28499335,11.287142857142856,7,7,True
2013-01-20,3.2,-4.089999885714286,-6.442857142857143,-1.9899999857142858,1009.5714285714286,81.88285714285713,3.8771427285714286,22.714285714285715,1.1934391400000002,11.26142857142857,7,7,True
2013-01-27,11.6,-3.288571357142857,-6.178571428571429,-1.3314286142857144,1009.0142857142857,86.13619000000001,4.209999871428572,25.142857142857142,1.34430967,11.24,7,7,True
2013-02-03,44.500001,5.797142828571429,3.2142856714285712,8.195714142857144,1004.7428685714286,86.08402142857143,6.629999914285714,28.142857142857142,2.14540808,11.302857142857144,7,7,True
2013-02-10,14.7,1.352857142857143,-1.5457142428571429,4.334285671428572,1007.5143085714286,87.60654414285715,3.792857028571429,46.142857142857146,3.0460124200000003,11.297142857142857,7,7,True
2013-02-17,3.6,0.3557143000000001,-1.8028571285714285,2.185714277142857,1018.4857428571429,81.48308557142857,3.361428514285714,44.0,2.74182039,11.274285714285714,7,7,True
2013-02-24,3.0,-0.03857142857142857,-2.3214285714285716,1.7657142785714286,1021.8714342857141,80.56615428571429,4.1785713428571425,41.857142857142854,2.5666947999999996,11.267142857142858,7,7,True
2013-03-03,1.0,2.164285714285714,-0.7400000042857143,4.277142785714285,1027.9000142857144,88.05683714285715,3.2571428571428567,43.714285714285715,2.95572029,11.257142857142856,7,7,True
2013-03-10,12.3,4.144285614285715,0.16428570042857146,8.164285285714286,1005.7428571428571,79.36090928571427,4.808571371428571,80.14285714285714,6.06555073,11.262857142857143,7,7,True
2013-03-17,9.2000001,-0.25285708571428567,-3.6128570885714284,2.9842856128571427,1007.8285885714286,75.13214357142859,4.654285685714286,99.42857142857143,6.0776829900000005,11.257142857142856,7,7,True
2013-03-24,0.0,0.052857165714285746,-2.854285672,3.26999998,1011.7285828571429,69.09857142857143,6.058571157142857,97.28571428571429,6.04292822,11.254285714285714,7,7,True
2013-03-31,0.0,-0.18999999999999997,-3.6785713714285713,3.625714185714286,1013.6714285714286,70.14214285714286,4.702857085714286,132.57142857142858,8.2275267,11.225714285714286,7,7,True
2013-04-07,0.0,2.808571371428571,-2.041428537142857,8.238571228571429,1017.1857257142857,64.06642857142857,4.805714185714286,176.71428571428572,12.214780100000002,11.214285714285714,7,7,True
2013-04-14,23.1,7.585713957142858,3.004285557142857,11.992857,1006.3571428571429,83.157681,4.249999885714286,100.0,8.112169949999998,11.242857142857144,7,7,True
2013-04-21,2.3,10.374285428571428,3.919999908571428,15.467142714285714,1020.20002,73.23357142857142,4.874285671428572,184.42857142857142,16.0180686,11.258571428571429,7,7,True
2013-04-28,6.5,9.714285528571429,3.7928571028571434,15.461428285714288,1016.8714342857144,75.63131571428572,3.825714242857143,165.28571428571428,14.3287594,11.224285714285715,7,7,True
2013-05-05,0.0,9.815713814285715,3.329999942857143,16.43285714285714,1020.4571485714285,67.92500071428572,3.9242856857142856,241.57142857142858,20.9660559,11.195714285714287,7,7,True
2013-05-12,17.200001,13.265714000000001,8.414285714285715,18.395714,1013.0142914285715,76.16714357142857,4.154285671428571,187.71428571428572,17.8840262,11.177142857142856,7,7,True
2013-05-19,14.0,10.669999500000001,7.162857085714286,14.057142571428571,1005.0571542857143,86.04342842857143,3.592857085714286,135.14285714285714,12.07220014,11.221428571428572,7,7,True
2013-05-26,16.8000006,9.055714228571428,5.598571385714286,12.432857,1010.3428628571429,86.36476285714286,4.232857,126.28571428571429,10.57835596,11.231428571428571,7,7,True
2013-06-02,13.3,12.578571142857143,7.994285642857142,17.068570857142856,1010.8571571428572,79.63857271428571,4.0985713285714285,208.57142857142858,19.5709404,11.26142857142857,7,7,True
2013-06-09,0.0,13.809999857142857,8.838571285714286,19.61714242857143,1021.5714342857143,72.43428571428572,4.2128571,285.2857142857143,27.470426399999997,11.237142857142857,7,7,True
2013-06-16,12.30000004,14.822856428571429,9.888571428571428,19.064285714285713,1014.0285714285714,74.23357142857142,4.228571357142857,199.85714285714286,19.520967,11.212857142857143,7,7,True
2013-06-23,39.9000002,17.751428142857144,13.442856785714286,22.372856857142857,1011.9285828571428,84.26804485714285,4.074285671428571,173.28571428571428,18.224654100000002,11.215714285714284,7,7,True
2013-06-30,12.8000003,13.168571142857143,8.947142671428571,16.722857,1020.9285771428571,81.85714357142857,4.235714242857143,154.42857142857142,14.5914453,11.264285714285714,7,7,True
2013-07-07,0.90000004,16.962857,11.357142785714286,21.927142714285715,1021.2571485714286,81.08071485714285,2.8757142428571427,219.0,22.482797,11.228571428571428,7,7,True
2013-07-14,0.0,15.587142428571427,10.822856928571428,19.96285657142857,1025.0571485714286,79.15214342857143,3.0514284857142857,226.57142857142858,22.668466099999996,11.131428571428572,7,7,True
2013-07-21,0.0,18.98999985714286,11.7428565,25.50999942857143,1023.6142857142858,76.93500057142856,2.642857142857143,269.57142857142856,28.8364135,11.01,7,7,True
2013-07-28,29.1000006,21.43428557142857,15.192856857142857,27.40428485714286,1012.7857257142857,79.30605285714286,2.364285642857143,219.28571428571428,24.711050999999998,10.914285714285715,7,7,True
2013-08-04,18.2,20.358571,14.352856785714286,25.499999142857146,1014.8285885714286,78.44214414285715,3.281428557142857,228.85714285714286,25.289431,11.027142857142858,7,7,True
2013-08-11,43.3000003,16.977142714285716,11.3771425,21.924285,1016.2714400000001,80.93669214285715,3.2271428285714285,188.28571428571428,19.544576099999997,11.117142857142856,7,7,True
2013-08-18,18.599999999999998,16.36714257142857,11.195714285714287,21.377142857142854,1016.0,83.62,3.3042857000000003,173.0,17.5241557,11.145714285714286,7,7,True
2013-08-25,4.6,17.129999857142856,11.218571428571428,22.449999714285713,1019.0428628571428,78.43571485714286,2.5285714285714285,173.71428571428572,17.9696857,11.12857142857143,7,7,True
2013-09-01,0.0,16.23999957142857,9.501428514285715,22.258571142857143,1020.1285971428572,76.61714285714287,3.0157142142857145,175.14285714285714,17.7908084,11.0,7,7,True
2013-09-08,30.300000299999997,17.621428142857145,12.762856857142856,22.841428142857144,1018.4142857142857,84.98016914285714,2.6214285428571427,123.71428571428571,13.121820160000002,10.959999999999999,7,7,True
2013-09-15,45.700001,13.344285714285714,9.302857099999999,18.012857,1012.64288,88.46767942857143,2.965714185714286,94.42857142857143,8.969401199999998,11.225714285714286,7,7,True
2013-09-22,10.2000002,12.26142857142857,8.4185713,16.747142642857145,1009.7571685714286,86.36376057142857,3.7428570857142853,101.14285714285714,9.301743600000002,11.23,7,7,True
2013-09-29,0.0,12.155714142857144,7.4657140857142865,16.785713857142856,1016.7000228571429,84.00910857142857,3.0242856714285713,106.71428571428571,9.612374679999999,11.18142857142857,7,7,True
2013-10-06,3.5,11.002856857142858,6.3299999285714295,16.204285285714285,1017.8285714285714,76.01857185714286,3.965714242857143,114.14285714285714,10.029457070000001,11.129999999999999,7,7,True
2013-10-13,21.60000024,10.815713885714286,6.195714199999999,14.62142857142857,1017.028582857143,88.93178642857143,3.432857114285714,64.42857142857143,5.707060299999999,11.141428571428571,7,7,True
2013-10-20,19.800000400000002,11.259999714285714,7.864285671428571,14.405714000000001,1010.9286000000001,87.8943322857143,3.6542857,52.0,4.6932103099999996,11.194285714285714,7,7,True
2013-10-27,22.000000999999997,14.177142714285713,10.7757141,17.618571285714285,1007.0142914285715,85.19714357142857,5.135714057142857,60.142857142857146,5.84393439,11.214285714285714,7,7,True
2013-11-03,47.0000013,10.024285428571428,7.761428385714287,12.711428357142855,1006.48572,85.96445485714285,5.801428528571429,43.285714285714285,3.7606861800000004,11.255714285714285,7,7,True
2013-11-10,59.20000100000001,7.727142785714286,4.529999942857143,10.502856857142858,999.9571485714285,89.39077928571429,4.427142814285714,38.42857142857143,3.14373602,11.299999999999999,7,7,True
2013-11-17,6.90000004,6.185714285714286,3.0999999714285713,9.311428385714285,1025.8000142857143,91.56729414285714,3.129999957142857,32.714285714285715,2.5194896300000003,11.299999999999999,7,7,True
2013-11-24,4.1,4.049999914285714,0.33142858428571426,6.944285714285714,1012.2286028571428,89.52270857142857,3.211428485714286,28.0,2.00346998,11.274285714285714,7,7,True
2013-12-01,15.90000004,6.102857071428572,3.041428428571429,8.475714285714286,1027.5143,90.42846514285715,3.442857071428571,22.0,1.6777649399999999,11.274285714285714,7,7,True
2013-12-08,22.8000012,4.022857085714286,0.9428571371428572,7.0142855285714285,1022.38572,89.21586342857142,4.805714228571429,19.0,1.34926298,11.285714285714286,7,7,True
2013-12-15,7.0,4.669999885714286,2.5599999414285715,7.0628571,1026.6428628571427,91.46053714285713,4.339999857142857,19.428571428571427,1.4128029300000002,11.284285714285714,7,7,True
2013-12-22,21.900000000000002,6.9014285428571425,4.342857100000001,8.894285514285714,1015.1285771428572,86.74820357142858,5.8671427000000005,16.428571428571427,1.302948415,11.281428571428572,7,7,True
2013-12-29,27.2000003,6.285714214285714,2.927142842857143,8.575714185714286,997.4714342857143,88.80161642857142,5.969999871428572,19.0,1.4807473500000001,11.29857142857143,7,7,True
2014-01-05,16.40000024,6.691428471428572,4.521428542857143,8.6099999,1004.8857142857142,83.67643,6.022857057142857,26.0,2.050562,11.285714285714286,7,7,True
2014-01-12,32.20000004,7.162856785714285,4.607142814285715,9.569999957142857,1010.1714342857142,88.00086514285714,5.982856957142857,22.0,1.7283191500000004,11.305714285714286,7,7,True
2014-01-19,13.5000003,5.592857085714286,2.9099999828571432,7.797142814285714,1002.3000171428572,89.16707714285714,4.247142785714286,22.714285714285715,1.7381654800000002,11.292857142857143,7,7,True
2014-01-26,15.899999999999999,0.46999996571428576,-0.9971428685714285,2.3685714,1010.8285828571428,91.83839,3.591428442857143,20.714285714285715,1.3092727849999999,11.277142857142858,7,7,True
2014-02-02,5.6000001,1.8542856714285716,-0.7985714285714287,4.562857142857142,1001.8571542857143,83.8471442857143,5.181428442857142,42.42857142857143,2.8874256000000003,11.287142857142856,7,7,True
2014-02-09,28.900000199999997,5.7528571,2.7499999714285717,8.422857,996.2571428571429,82.95142928571428,6.259999942857143,41.857142857142854,3.19308501,11.282857142857141,7,7,True
2014-02-16,12.400000200000001,5.509999957142857,2.159999941428571,8.422857042857142,997.1714342857142,82.12714342857143,6.281428414285714,54.0,4.1600775500000005,11.287142857142856,7,7,True
2014-02-23,9.10000004,6.248571285714285,3.255714157142857,9.247142428571427,1010.0714342857143,86.68521985714285,4.6042856,54.42857142857143,4.25756857,11.278571428571427,7,7,True
2014-03-02,7.7,6.112856957142857,2.708571357142857,10.108571242857142,1006.9857314285715,82.77500071428572,3.9242856571428573,75.28571428571429,5.90350925,11.27,7,7,True
2014-03-09,0.0,6.975714171428572,0.35571427285714285,12.942857,1017.6285771428572,77.5614292857143,3.324285685714286,112.14285714285714,9.036413,11.26142857142857,7,7,True
2014-03-16,3.6000001,7.88285707142857,2.8085714285714287,13.195714,1025.8428714285715,80.30428571428571,4.2528571,124.14285714285714,10.0592197,11.242857142857144,7,7,True
2014-03-23,34.9,8.2171425,5.189999885714286,12.558571285714285,1009.8142914285714,81.18214342857142,5.199999985714285,95.85714285714286,8.044081949999999,11.265714285714285,7,7,True
2014-03-30,0.0,7.365714185714286,1.4871428142857144,13.778571357142857,1016.0714399999999,76.06142942857143,3.4599999,155.57142857142858,12.5832523,11.268571428571429,7,7,True
2014-04-06,0.90000004,11.32714257142857,6.051428414285715,16.944285285714283,1010.8000171428572,84.25643057142858,2.7714284857142855,113.57142857142857,10.241494059999999,11.251428571428573,7,7,True
2014-04-13,19.5,10.282856714285714,6.065714257142857,14.714285571428572,1017.1285771428572,81.25428785714287,4.025714214285714,135.0,11.7702976,11.27,7,7,True
2014-04-20,5.10000004,9.182857042857142,3.839999842857143,14.341428142857142,1019.1571485714286,73.11000057142857,5.1342856,201.0,17.184080599999998,11.258571428571429,7,7,True
2014-04-27,19.199999999999996,13.138570857142856,8.755713814285714,18.055714000000002,1012.5142971428571,86.07857285714286,2.9085714285714284,163.57142857142858,15.559767099999998,11.241428571428571,7,7,True
2014-05-04,24.699999999999996,11.039999728571429,7.258571357142857,15.249999571428571,1016.5,81.16543514285715,2.6414285428571427,157.85714285714286,14.090093,11.272857142857143,7,7,True
2014-05-11,53.90000140000001,11.747142642857142,8.9085711,14.929999642857142,1006.8571428571429,82.94587285714286,4.888571371428571,127.42857142857143,11.71105276,11.272857142857143,7,7,True
2014-05-18,4.9000003,11.245714142857143,5.511428457142857,16.368571214285716,1022.2285714285715,78.295715,3.2571428428571427,227.71428571428572,20.5877655,11.295714285714284,7,7,True
2014-05-25,7.800000000000001,17.46,11.154285428571429,22.417142428571427,1011.4285828571428,74.09714357142857,2.819999985714286,231.85714285714286,24.1612221,11.262857142857143,7,7,True
2014-06-01,72.5,13.072856999999999,8.687142814285714,17.572857,1018.3142857142857,80.35173685714287,3.508571357142857,179.14285714285714,16.907763,11.304285714285713,7,7,True
2014-06-08,18.199999999999996,16.11142842857143,10.548571171428572,21.447142857142858,1014.0571428571428,76.71143,2.865714214285714,245.71428571428572,24.8840066,11.290000000000001,7,7,True
2014-06-15,4.6,17.39428571428571,12.378571285714287,22.545713857142857,1022.38572,76.25928742857143,3.322857085714286,246.28571428571428,25.5007412,11.254285714285714,7,7,True
2014-06-22,3.4,14.521428428571427,10.445714071428572,18.562857142857144,1020.5142914285715,78.40928685714286,4.177142842857143,166.0,16.199443199999997,11.204285714285716,7,7,True
2014-06-29,16.5,15.291428571428572,10.891428571428571,20.007142857142856,1014.6714457142856,78.84571557142856,2.505714257142857,205.28571428571428,20.3931271,11.131428571428572,7,7,True
2014-07-06,13.30000064,17.424285571428573,11.262856714285714,22.882857,1013.9857314285715,76.47428571428573,3.2514285285714286,229.71428571428572,23.814575600000005,11.071428571428571,7,7,True
2014-07-13,12.899999999999999,18.792856857142855,14.069999357142859,24.002857,1011.0428628571428,81.16803857142857,3.204285642857143,199.0,21.55139424,11.062857142857142,7,7,True
2014-07-20,18.2,21.01999957142857,14.862856857142857,26.70142757142857,1015.9142857142857,73.82785714285716,2.798571414285714,236.14285714285714,26.392392599999994,10.927142857142856,7,7,True
2014-07-27,15.800001,20.41999985714286,16.50714257142857,24.361428285714286,1016.4000114285715,80.93410714285713,3.0942857,215.71428571428572,23.870313,10.97,7,7,True
2014-08-03,4.6,20.13428557142857,14.204285428571428,25.934285428571428,1011.2285828571429,77.15500057142857,2.8842856714285716,233.14285714285714,25.5549022,10.85,7,7,True
2014-08-10,23.700001,18.577142714285714,12.397142428571428,24.23428557142857,1012.2428628571428,77.85071500000001,3.109999957142857,184.85714285714286,19.6763905,10.79142857142857,7,7,True
2014-08-17,32.500000099999994,15.347142285714286,11.834285142857143,19.575714142857144,1008.5142971428571,81.15642857142858,4.3699999428571425,171.14285714285714,17.1458125,10.915714285714285,7,7,True
2014-08-24,35.800000000000004,12.368571142857144,8.292857071428571,17.12,1011.2285771428571,85.59000071428571,3.5942856428571432,161.14285714285714,14.9555437,11.154285714285715,7,7,True
2014-08-31,15.7000001,14.951428428571429,9.627142642857143,19.849999714285712,1013.2714285714285,82.12857199999999,2.96,154.28571428571428,15.1907788,11.112857142857141,7,7,True
2014-09-07,0.0,16.52142842857143,10.918571214285715,21.878571285714287,1018.4285714285714,86.13022757142858,2.2199999999999998,150.85714285714286,15.369252000000001,11.078571428571427,7,7,True
2014-09-14,0.0,15.107142571428572,10.369999714285715,19.72,1021.342857142857,84.49214285714285,2.9842856857142857,134.71428571428572,13.308232,10.987142857142857,7,7,True
2014-09-21,3.4,17.377142714285714,12.368571285714285,22.98999957142857,1014.5142857142857,84.83071485714287,2.688571385714286,139.71428571428572,14.5703742,10.911428571428571,7,7,True
2014-09-28,13.7,13.228571142857144,7.942857057142858,17.734285285714286,1019.6142914285714,84.47756357142858,2.997142757142857,93.28571428571429,8.8004247,10.945714285714287,7,7,True
2014-10-05,9.1000001,15.309999714285714,11.414285714285715,19.39571414285714,1022.1714285714286,89.08274800000001,2.3085714000000004,90.28571428571429,8.97220463,10.978571428571428,7,7,True
2014-10-12,16.9,12.75,9.4514285,16.148571285714286,1007.5857142857143,88.13896642857142,3.9214285714285713,74.14285714285714,6.96694797,11.031428571428572,7,7,True
2014-10-19,8.7000001,14.072857,10.65714257142857,17.94714257142857,1008.4285771428571,91.20418928571428,3.5471428,55.142857142857146,5.35097019,11.075714285714286,7,7,True
2014-10-26,25.700000399999997,11.632857142857143,9.132857,13.971428571428572,1015.2142914285714,87.14247342857142,4.617142785714286,40.42857142857143,3.6978678799999996,11.15857142857143,7,7,True
2014-11-02,7.6000000000000005,11.829999785714287,8.802856957142856,15.177142714285713,1017.8143028571429,89.4495007142857,3.5085714,55.285714285714285,5.08545975,11.138571428571428,7,7,True
2014-11-09,5.4,8.692856914285715,6.168571414285714,11.369999785714285,1003.0428685714286,88.11619228571429,3.771428528571428,41.857142857142854,3.54265206,11.14857142857143,7,7,True
2014-11-16,24.4,8.707142685714286,5.612857114285714,11.291428428571427,1005.9571542857144,92.22332057142857,3.1114285571428573,29.428571428571427,2.4677183300000003,11.145714285714286,7,7,True
2014-11-23,4.8,7.095714257142857,4.214285671428572,9.547142571428571,1018.0714342857143,91.00367671428572,2.951428542857143,29.285714285714285,2.34754374,11.204285714285716,7,7,True
2014-11-30,1.3000001,3.664285685714286,1.5357142357142857,5.872857128571428,1016.9714485714286,88.80232428571428,4.212857071428571,27.142857142857142,1.9691042499999998,11.187142857142858,7,7,True
2014-12-07,7.7000003,0.7528571571428572,-1.4114285514285714,2.8728570957142856,1018.4285828571428,89.28938657142858,3.791428542857143,14.714285714285714,0.9563928,11.154285714285715,7,7,True
2014-12-14,41.600001,3.6614285714285715,0.9814285365714286,6.359999885714286,1009.6571542857143,88.37077771428572,5.641428499999999,19.857142857142858,1.4090567900000002,11.239999999999998,7,7,True
2014-12-21,41.5,6.837142785714286,4.1742857,9.452857071428571,1010.7142857142857,88.84309499999999,6.324285714285714,12.857142857142858,1.007666754,11.268571428571429,7,7,True
2014-12-28,27.1000016,4.869999961428571,2.145714285714286,6.9999999142857146,1016.5,84.25928714285715,6.262857042857143,19.714285714285715,1.3672166600000002,11.281428571428572,7,7,True
2015-01-04,8.9,4.255714228571429,1.6899999371428573,6.349999957142857,1028.5142857142857,85.68010285714286,5.0485714,22.571428571428573,1.630717694,11.26,7,7,True
2015-01-11,30.400000100000003,5.578571328571428,2.8614285571428573,8.167142771428571,1017.4714342857143,85.90976357142857,6.772856928571429,18.142857142857142,1.3571450699999998,11.262857142857143,7,7,True
2015-01-18,62.30000010000001,4.928571314285714,2.4742856714285715,7.147142714285715,1005.2714342857143,87.69047785714285,6.2299999,21.571428571428573,1.5587007099999999,11.299999999999999,7,7,True
2015-01-25,9.2000001,-0.11571428571428578,-2.4428571242857147,1.7899999714285715,1018.7428628571428,90.51309642857143,2.9057142142857146,24.428571428571427,1.5113941,11.272857142857143,7,7,True
2015-02-01,31.200000999999997,2.335714265714286,-0.10428571428571431,4.579999871428571,994.7000114285714,91.55396371428571,4.4457141857142854,27.142857142857142,1.8500490600000001,11.287142857142856,7,7,True
2015-02-08,6.700000340000001,0.7700000014285714,-2.538571357142857,3.8399998714285712,1019.4285828571428,88.44968714285713,3.3814285142857146,49.57142857142857,3.16844799,11.27142857142857,7,7,True
2015-02-15,1.5,4.2357141857142855,2.2657142857142856,6.552857071428571,1021.0143142857142,87.28616657142857,3.4457142142857142,39.285714285714285,2.84655146,11.264285714285714,7,7,True
2015-02-22,35.50000034,2.5099999285714287,-0.9214285685714286,6.838571328571429,1016.9857342857142,89.34625857142858,4.2828571,59.42857142857143,4.03532816,11.257142857142856,7,7,True
2015-03-01,27.800001399999996,5.001428571428571,1.4614285442857144,8.161428571428571,1006.8000057142857,84.97319271428572,5.569999914285715,69.0,5.1803111,11.281428571428572,7,7,True
2015-03-08,10.6,5.635714157142857,2.035714281428571,9.82142837142857,1021.9571428571428,80.89928642857141,5.3314284857142855,81.14285714285714,6.30008462,11.278571428571427,7,7,True
2015-03-15,1.3000001,4.8757142571428576,0.29857145285714287,9.06285692857143,1029.1714714285715,83.69500000000001,3.5514285142857145,106.71428571428571,7.87669505,11.254285714285714,7,7,True
2015-03-22,3.4,6.1557142,1.1071428214285715,11.397142714285716,1025.1285857142857,83.27643,3.5185714,126.0,9.76650036,11.237142857142857,7,7,True
2015-03-29,30.0,5.8199999714285715,1.7442857285714284,9.07,1008.1428571428571,87.33117885714286,4.571428542857142,82.85714285714286,6.27596212,11.252857142857142,7,7,True
2015-04-05,31.1,5.344285671428572,1.2885714314285714,9.117142857142857,1012.7000057142858,77.6121442857143,6.064285514285714,145.14285714285714,10.9492408,11.282857142857141,7,7,True
2015-04-12,3.5,8.285714285714286,2.921428557142857,13.955714,1026.8428571428572,83.08428571428571,3.338571357142857,161.28571428571428,13.435839699999999,11.267142857142858,7,7,True
2015-04-19,0.0,8.558571128571428,3.0871428428571432,14.432857,1022.6285714285714,75.47071428571428,3.8871428285714282,214.0,17.8573959,11.244285714285715,7,7,True
2015-04-26,3.3,9.33,4.017142828571429,14.657142785714285,1018.8857257142857,81.60312142857143,3.4757142857142855,182.42857142857142,15.54383581,11.209999999999999,7,7,True
2015-05-03,13.900000100000002,7.812857071428572,0.9328571642857143,13.321428000000001,1010.7571485714286,74.50142985714285,4.002857114285715,203.42857142857142,16.586538899999997,11.218571428571428,7,7,True
2015-05-10,26.800000000000004,12.734285571428572,8.058571371428572,17.355714142857142,1011.8428685714285,75.30357342857143,5.117142814285714,195.57142857142858,18.315755,11.245714285714286,7,7,True
2015-05-17,1.4,11.162857,5.805714042857143,16.47428557142857,1018.7428628571428,73.89071571428572,3.9628570571428576,203.14285714285714,18.3973645,11.20857142857143,7,7,True
2015-05-24,17.099999999999998,11.14714257142857,6.331428528571428,15.792857,1016.4428628571429,77.25071428571428,3.877142842857143,213.14285714285714,19.238806,11.208571428571428,7,7,True
2015-05-31,23.6000001,11.16428557142857,6.791428528571429,15.56714242857143,1013.8142971428572,77.4542857142857,4.248571428571429,173.85714285714286,15.5812418,11.191428571428572,7,7,True
2015-06-07,11.1,14.457142428571428,7.5885710571428575,19.28999957142857,1019.8571485714285,71.80000128571429,4.4014285428571425,251.42857142857142,24.4971615,11.222857142857142,7,7,True
2015-06-14,3.2000001,14.561428214285714,8.812857085714286,19.44142857142857,1020.6428571428571,75.50642914285716,3.809999871428571,236.85714285714286,23.191875,11.162857142857144,7,7,True
2015-06-21,11.7,12.414285714285715,7.229999757142857,16.82999985714286,1019.1285828571429,79.9542857142857,3.421428542857143,180.85714285714286,16.7679738,11.105714285714285,7,7,True
2015-06-28,16.5,14.958571428571428,9.297142857142857,19.482856714285713,1016.3428628571429,82.00857214285715,2.9799999571428573,189.0,18.7296182,11.17,7,7,True
2015-07-05,34.4,21.591428428571426,14.742856857142856,28.555713571428573,1019.88572,74.24357142857143,3.19,290.85714285714283,32.5981683,11.117142857142856,7,7,True
2015-07-12,10.000000400000001,16.79571357142857,11.172856828571428,21.892857,1015.2857314285715,77.39142914285715,3.8314285000000003,215.14285714285714,22.0818514,11.12857142857143,7,7,True
2015-07-19,29.1000004,17.472856857142855,12.935713857142858,21.27142814285714,1014.6285828571429,84.49341414285713,3.4585712999999996,180.57142857142858,18.9636127,11.14,7,7,True
2015-07-26,29.4000011,17.0671425,11.677142428571429,22.064285428571427,1010.6000114285714,79.41857142857144,3.7128571285714287,204.85714285714286,21.242336100000003,11.114285714285714,7,7,True
2015-08-02,78.10000099999999,14.674285428571428,10.214285285714285,19.34714285714286,1010.78572,80.54428728571429,3.939999957142857,196.42857142857142,19.2781364,11.305714285714286,7,7,True
2015-08-09,11.1,18.401428142857146,10.909999742857142,25.041428571428575,1016.9285828571428,78.31428757142858,2.572857114285714,230.42857142857142,24.530331,11.252857142857142,7,7,True
2015-08-16,56.699999999999996,18.591428285714283,14.49571392857143,22.94142842857143,1015.2714400000001,85.6090827142857,2.9814285428571425,149.71428571428572,16.058801900000002,11.215714285714286,7,7,True
2015-08-23,21.599999999999998,17.539999857142856,12.2999995,22.547142714285712,1016.9142914285715,78.69553842857144,2.7842856428571428,170.71428571428572,17.9783833,11.294285714285715,7,7,True
2015-08-30,54.600001000000006,17.032857,12.518571142857143,21.499999714285714,1011.8571599999999,83.62857199999999,3.7814285,144.28571428571428,14.9009043,11.297142857142857,7,7,True
2015-09-06,44.1000004,14.257142428571429,10.837142671428571,18.464285142857143,1013.3714342857144,87.04015914285715,4.379999928571428,130.57142857142858,12.6525726,11.308571428571428,7,7,True
2015-09-13,8.80000014,13.932856571428571,9.5228571,18.502857142857145,1019.8857485714286,86.12500057142857,3.081428471428571,140.14285714285714,13.3672522,11.3,4,7,True
2015-09-20,30.4000001,13.749999857142857,9.937142571428572,17.767142571428572,1006.7571428571429,88.17071685714286,3.891428428571429,92.0,8.79706367,,0,7,False
2015-09-27,8.1,11.834285571428572,6.877142614285715,16.740000000000002,1017.1285914285714,89.46913642857143,2.5314285,97.42857142857143,8.8464594,,0,7,False
2015-10-04,0.0,10.792857142857143,4.974285628571429,17.169999714285716,1028.6142914285715,87.29021071428572,2.3814285285714285,133.28571428571428,11.7841572,,0,7,False
2015-10-11,13.6000001,11.8628571,8.424285428571428,15.352856785714286,1015.3285828571428,86.86744571428572,3.052857085714286,77.71428571428571,6.8813464,,0,7,False
2015-10-18,22.599999999999998,6.799999914285714,4.249999971428571,9.042857,1019.3285828571428,89.15122714285714,2.7642856428571427,39.42857142857143,3.0305656300000003,,0,7,False
2015-10-25,2.0,10.098571000000002,5.822856857142858,13.324285142857141,1019.6142914285714,89.3339942857143,2.6928571142857143,44.285714285714285,3.8393388699999997,,0,7,False
2015-11-01,0.0,8.528571285714285,4.454285642857143,11.924285571428571,1021.1857285714286,92.16214642857143,2.5971428285714286,62.0,5.16946828,,0,7,False
2015-11-08,27.500001299999997,11.671428571428573,8.235714214285714,14.681428428571428,1019.8571485714285,90.96196499999999,3.5342856285714284,38.857142857142854,3.4575625899999998,,0,7,False
2015-11-15,57.6000001,12.29857142857143,9.504285542857144,14.002857,1017.0142914285715,87.33635114285714,6.654285571428572,26.857142857142858,2.46066705,,0,7,False
2015-11-22,43.4,8.402856828571428,6.008571285714285,10.728571,1004.1857200000001,86.31267157142858,5.907142814285714,23.285714285714285,1.9256704300000003,,0,7,False
2015-11-29,32.200000599999996,5.115714114285715,2.3799999714285716,7.812857085714286,1010.3,88.27830642857144,5.229999928571429,29.285714285714285,2.16996215,,0,7,False
2015-12-06,20.8,8.765714285714285,6.401428514285714,11.018571285714286,1019.5000057142857,82.70189357142858,6.642857057142857,19.142857142857142,1.60975021,,0,7,False
2015-12-13,27.900001000000003,7.544285542857144,5.342857100000001,10.195714285714287,1023.657157142857,87.97683842857143,5.024285628571429,25.571428571428573,2.07403978,,0,7,False
2015-12-20,6.700000000000001,9.815714142857143,7.741428514285714,11.562856785714287,1018.5714457142858,89.57582528571429,4.404285671428572,15.571428571428571,1.3362548400000003,,0,7,False
2015-12-27,14.9000001,10.3142855,7.655714171428571,12.732856785714286,1018.3285714285714,85.66906071428572,7.098571242857143,18.285714285714285,1.5987661100000001,,0,7,False
2016-01-03,8.5000003,5.648571364285714,3.424285671428571,7.749999985714285,1017.9285857142858,88.54711857142857,4.809999914285714,22.285714285714285,1.7362697999999999,,0,7,False
2016-01-10,15.7,0.9514285571428572,-1.0742856857142857,3.6771426785714287,994.9428571428572,89.33950214285714,5.204285657142857,19.571428571428573,1.359813795,,0,7,False
2016-01-17,42.9,2.1271428714285716,0.13999998571428574,4.368571414285714,1005.9428685714286,91.15985357142857,3.9157142,20.285714285714285,1.34758129,,0,7,False
2016-01-24,7.7,0.41428568857142867,-2.7514285285714286,3.36714286,1022.600017142857,90.08952571428573,3.311428457142857,32.285714285714285,1.97254828,,0,7,False
2016-01-31,38.2000001,7.998571285714285,5.155714271428572,10.117142785714284,1013.6142914285714,85.7200007142857,6.974285457142857,28.428571428571427,2.32219595,,0,7,False
2016-02-07,11.1000001,7.332857,4.958571328571429,9.001428200000001,1010.7571485714286,82.96438557142856,6.494285685714287,28.0,2.24373033,,0,7,False
2016-02-14,49.699999999999996,3.4099999142857143,0.9671428714285714,6.052857128571428,992.7714285714285,88.80157799999999,5.661428514285714,36.42857142857143,2.60503156,,0,7,False
2016-02-21,27.10000004,2.847142714285714,-0.48571432,6.031428528571429,1016.6857200000001,85.58109,4.527142828571429,60.42857142857143,3.9312775,,0,7,False
2016-02-28,5.0,2.3514285,-1.3885714314285715,6.8785713,1013.1285771428572,86.12406071428572,3.474285642857143,78.71428571428571,5.2922239200000005,,0,7,False
2016-03-06,26.8000004,1.9385714257142854,-1.6114285285714287,6.192856985714286,1003.58572,88.89444928571427,3.4357142571428567,69.14285714285714,4.668353300000001,,0,7,False
2016-03-13,0.0,2.8128571,-1.2771428285714284,7.429999957142857,1021.0857485714286,82.88285785714287,3.478571357142857,109.85714285714286,7.608473440000001,,0,7,False
2016-03-20,3.6000001,4.958571342857143,0.7828571214285713,9.011428528571429,1027.2714571428571,83.77619085714286,3.738571385714286,97.28571428571429,7.13293773,,0,7,False
2016-03-27,16.700000199999998,7.418571271428571,3.525714237142857,10.631428428571429,1012.0428571428572,85.63081714285714,4.435714157142857,89.28571428571429,7.317772799999999,,0,7,False
2016-04-03,12.5,8.465713971428572,3.7114285714285713,12.629999285714286,1009.6000057142857,78.140715,4.0342857,140.85714285714286,11.744205499999998,,0,7,False
2016-04-10,17.6000003,9.007142671428571,4.608571385714286,13.2171425,1007.7000057142858,81.55071485714286,3.8499999428571425,134.57142857142858,11.44010986,,0,7,False
2016-04-17,27.700000399999997,9.217142642857143,4.2371428,14.037142357142857,1007.8285828571428,81.194287,3.561428457142857,167.28571428571428,14.291633299999997,,0,7,False
2016-04-24,4.4000001,6.6228569,1.115714262857143,11.359999714285715,1021.58572,76.31785785714285,4.019999957142857,198.42857142857142,15.5742285,,0,7,False
2016-05-01,37.2000003,5.357142742857143,0.7385714142857143,10.214285571428572,1010.8285971428571,82.92142985714285,4.107142814285714,159.0,12.170371600000001,,0,7,False
2016-05-08,3.1000001,14.147142857142857,6.0728569,20.212857000000003,1019.6714285714286,63.154999999999994,3.637142785714286,282.42857142857144,27.355397500000002,,0,7,False
2016-05-15,3.6000001,15.198571142857142,10.234285400000001,20.455714,1010.28572,62.11214428571429,5.178571385714285,254.57142857142858,25.511218999999997,,0,7,False
2016-05-22,15.80000104,13.66428557142857,8.299999971428571,18.332856999999997,1012.4285714285714,76.8307142857143,3.3157142285714287,172.71428571428572,16.566208099999997,,0,7,False
2016-05-29,7.3,13.49428507142857,9.855714142857142,17.042857,1014.3714342857144,86.80785828571427,3.508571371428571,146.0,14.1234399,,0,7,False
2016-06-05,8.2000003,18.758571142857143,14.087142571428572,24.104285285714287,1012.48572,83.21357214285715,3.6428571285714284,215.14285714285714,23.0179484,,0,7,False
2016-06-12,18.4,15.155714285714286,10.144285428571427,20.40142857142857,1016.97144,78.57642928571428,2.711428514285714,224.28571428571428,22.1980775,,0,7,False
2016-06-19,38.199999999999996,15.221428285714286,11.784285142857142,19.377142857142854,1006.1285771428572,84.40214342857143,2.5214285571428574,171.71428571428572,17.073790300000002,,0,7,False
2016-06-26,29.6000001,17.951428214285713,13.505713857142856,21.701428285714286,1017.028582857143,85.93394785714285,3.138571328571428,185.42857142857142,19.5621923,,0,7,False
2016-07-03,20.2000003,15.445713999999999,11.585714071428571,19.249999857142857,1012.88572,82.79928642857143,4.104285585714286,179.28571428571428,17.831961200000002,,0,7,False
2016-07-10,11.3000003,16.62857142857143,11.45285692857143,21.425713857142856,1016.0714457142858,80.78642857142857,3.614285642857143,208.42857142857142,21.3371827,,0,7,False
2016-07-17,29.9000007,16.365714,12.174285571428571,20.141428571428573,1016.9714457142857,81.59071428571428,3.808571342857143,181.42857142857142,18.4144628,,0,7,False
2016-07-24,9.6,20.87857114285714,15.465714214285715,26.951428,1017.9285771428571,79.83500000000001,2.265714242857143,246.14285714285714,27.3476431,,0,7,False
2016-07-31,36.500000299999996,17.582857,12.907142642857142,22.244285428571427,1014.9571542857142,85.35428685714285,2.591428514285714,171.28571428571428,17.8718499,,0,7,False
2016-08-07,11.0,16.759999714285716,12.024285285714285,21.014285285714287,1015.7000057142858,84.755,3.609999985714286,158.0,16.1240372,,0,7,False
2016-08-14,23.1,14.688571142857143,10.1014284,18.924285714285713,1020.3142857142857,84.83901585714285,3.5271428,144.71428571428572,14.056314200000003,,0,7,False
2016-08-21,12.8,16.217142714285714,10.131428357142855,21.939999999999998,1015.1571542857143,81.22285842857143,2.8485714142857144,205.57142857142858,20.8084896,,0,7,False
2016-08-28,24.900000999999996,20.599999857142855,15.335714142857142,26.251428,1018.7428685714285,81.24857142857142,2.962857085714286,197.42857142857142,21.957369800000002,,0,7,False
2016-09-04,22.200000099999997,16.752856857142856,10.908570999999998,22.139999714285715,1018.3142971428572,83.52071571428571,2.8685713714285717,162.85714285714286,16.661837000000002,,0,7,False
2016-09-11,0.0,17.89,11.564285285714286,23.907142857142855,1017.9857257142858,83.09000057142858,1.9828571142857143,178.71428571428572,18.7649233,,0,7,False
2016-09-18,5.8,19.548571285714285,13.817142428571428,25.671428428571428,1014.7142971428572,77.69500142857143,2.5814285000000003,151.57142857142858,16.6215042,,0,7,False
2016-09-25,0.0,14.368571285714285,7.174285528571429,20.918571285714286,1020.6142971428571,79.52,2.065714257142857,130.0,12.6538537,,3,7,False
2016-10-02,18.000001,13.972857000000001,9.009999857142857,18.524285285714285,1015.7000057142857,83.33345971428571,3.4957141999999997,98.57142857142857,9.49895202,11.107142857142858,7,7,True
2016-10-09,0.0,10.07857102857143,5.162857,14.574285571428572,1028.2143142857144,82.56357214285715,3.282857128571429,88.14285714285714,7.6606552500000005,11.122857142857143,7,7,True
2016-10-16,2.1000001,8.845714,4.924285665714286,12.634285285714286,1018.4285771428571,85.44967057142857,3.5514285285714284,61.142857142857146,5.15376666,11.074285714285713,7,7,True
2016-10-23,38.4,8.167142728571429,4.268571357142857,12.52,1015.1428628571429,91.64296357142858,2.4571428285714285,49.857142857142854,4.1287312400000005,11.174285714285714,7,7,True
2016-10-30,0.0,8.611428571428572,3.914285685714286,12.735714,1027.2714285714285,91.417355,2.925714242857143,42.714285714285715,3.52212608,11.204285714285716,7,7,True
2016-11-06,16.400000300000002,7.652857042857143,4.114285685714285,11.414285642857141,1012.5571571428571,90.04983714285716,3.084285657142857,39.0,3.1816226,11.217142857142857,7,7,True
2016-11-13,1.1,1.6999999757142858,-1.6371428371428571,4.421428571428572,1013.9428628571428,89.07412857142857,3.0071428,34.42857142857143,2.28483563,11.221428571428573,7,7,True
2016-11-20,37.1000004,6.9614283285714285,3.1342857428571427,9.949999828571427,1007.6857314285714,88.25301785714285,5.301428442857143,24.857142857142858,1.9609104900000003,11.251428571428571,7,7,True
2016-11-27,0.0,6.1599998142857135,1.779999942857143,9.582857142857142,1016.97144,87.16121,3.495714271428571,29.571428571428573,2.25522556,11.252857142857142,7,7,True
2016-12-04,1.0,1.5642856571428572,-2.812857114285714,5.8757141142857146,1028.2714485714284,88.94595357142857,2.647142771428572,36.285714285714285,2.2863785400000003,11.22857142857143,7,7,True
2016-12-11,24.7,4.3371428000000005,1.3871429542857143,7.339999785714285,1024.48572,89.04949857142857,3.7199999957142857,20.0,1.3183330560000002,11.225714285714286,7,7,True
2016-12-18,3.90000014,5.9442856285714285,4.025714171428572,7.484285657142857,1027.9143,92.96202585714286,2.6714285714285713,13.714285714285714,1.04449699,11.262857142857143,7,7,True
2016-12-25,9.6,5.125714071428571,2.9928571228571426,7.0599999,1024.0857142857144,90.50758785714285,5.172857071428572,15.0,1.105624245,11.252857142857142,7,7,True
2017-01-01,4.5,3.1914283857142856,0.5985714571428572,5.602856992857142,1032.4000057142857,89.49968642857142,4.445714285714286,21.857142857142858,1.52269234,11.248571428571427,7,7,True
2017-01-08,11.60000034,1.22,-1.68285711,3.909999942857143,1026.328577142857,85.65636842857144,3.954285657142857,26.571428571428573,1.6699312899999998,11.247142857142858,7,7,True
2017-01-15,43.70000034,3.309999957142857,0.6085714305714285,5.655714285714285,1007.7428685714285,87.84902585714285,5.005714285714285,25.571428571428573,1.7920856900000002,11.281428571428572,7,7,True
2017-01-22,0.0,-2.702857114285714,-6.1071427,1.1671428542857143,1034.3857285714287,91.71081228571428,1.2542857,35.42857142857143,1.96528057,11.27,7,7,True
2017-01-29,9.1,0.7757142571428572,-2.0428571,3.3028570428571427,1022.9857257142858,85.57752428571429,2.8771428,33.42857142857143,2.1431602,11.247142857142858,7,7,True
2017-02-05,15.0000001,5.0214285,2.83285711,7.041428428571429,1007.7571542857143,90.78748285714286,3.1542856571428572,27.142857142857142,2.08097702,11.277142857142858,7,7,True
2017-02-12,1.7,-0.5928571128571428,-2.088571414285714,0.6214285471428572,1024.6857142857143,82.42833499999999,5.198571385714286,25.714285714285715,1.55844243,11.267142857142858,7,7,True
2017-02-19,4.500000099999999,4.089999951428571,0.5028571714285717,8.318571242857143,1027.171442857143,84.28870400000001,3.9557142857142855,56.857142857142854,3.9844948600000003,11.252857142857142,7,7,True
2017-02-26,48.6000013,6.819999928571429,3.6457141914285716,9.275714242857143,1007.0428800000001,86.42164928571428,6.497142671428572,42.0,3.25506684,11.288571428571428,7,7,True
2017-03-05,46.69999999999999,6.357142857142857,2.8942857,9.658570999999998,996.7571485714286,83.78571485714285,4.988571385714286,57.285714285714285,4.49839715,11.305714285714286,7,7,True
2017-03-12,7.9,6.255714185714285,2.8499999928571427,9.737142714285714,1016.0428714285715,84.70079771428571,3.382857128571428,75.85714285714286,5.97757441,11.287142857142856,7,7,True
2017-03-19,29.400000000000002,8.021428514285715,3.1457142857142855,12.158571285714286,1018.2285828571429,84.11124214285714,4.667142785714286,103.14285714285714,8.44446995,11.27142857142857,7,7,True
2017-03-26,8.2,6.997142585714286,1.9428571,11.77999942857143,1019.1000057142857,76.52214357142857,4.377142785714286,146.42857142857142,11.526452799999998,11.28,7,7,True
2017-04-02,11.30000004,11.551428428571429,6.0571427714285715,17.649999714285716,1018.8571599999999,79.77000057142857,3.3885713714285717,146.85714285714286,13.27519134,11.26,7,7,True
2017-04-09,0.0,9.438571285714286,3.3971428142857145,14.835713857142858,1025.0000428571427,77.57571428571428,2.9728570142857142,158.14285714285714,13.5964066,11.25,7,7,True
2017-04-16,15.9000001,8.232857085714286,3.397142842857143,11.857142571428572,1016.3857257142857,79.49928642857142,4.781428457142858,124.0,10.2483483,11.247142857142858,7,7,True
2017-04-23,5.1,5.975714285714285,0.9557143000000001,10.818571142857142,1027.7,74.25428571428571,4.044285657142857,170.57142857142858,12.9380274,11.244285714285715,7,7,True
2017-04-30,7.1000000000000005,6.857142728571428,0.6971428228571429,12.058570857142858,1012.7142857142857,75.51214357142858,4.039999914285715,190.85714285714286,15.2383908,11.242857142857144,7,7,True
2017-05-07,4.8000001,10.1114285,7.404285657142857,14.268571142857143,1017.9000057142857,80.61000057142857,4.537142814285715,136.42857142857142,12.0217273,11.215714285714286,7,7,True
2017-05-14,8.4,12.068571285714286,5.592857071428571,17.67428542857143,1011.7000114285713,74.83142914285715,3.302857114285714,205.57142857142858,18.9295214,11.19,7,7,True
2017-05-21,0.90000004,16.217142714285714,10.36714282857143,21.684285285714285,1019.5714285714286,72.53357142857143,3.2957142285714283,208.42857142857142,20.982360299999996,11.174285714285714,7,7,True
2017-05-28,6.0,17.472857,9.877142785714286,23.99428514285714,1020.3571571428572,69.24642928571429,3.271428542857143,273.2857142857143,28.485967199999997,11.117142857142856,7,7,True
2017-06-04,0.0,17.025714142857144,9.629999857142858,23.462856714285714,1016.0571485714287,72.92785714285715,2.9985713857142855,244.57142857142858,25.1087604,11.069999999999999,7,7,True
2017-06-11,36.5,15.952856857142859,10.718570999999999,20.851428285714285,1010.3285714285714,75.11571500000001,4.755714214285715,203.85714285714286,20.7514993,11.137142857142857,7,7,True
2017-06-18,0.0,16.96999957142857,10.624285714285715,22.265714,1019.2428571428571,75.25285771428571,3.5542857000000003,219.71428571428572,22.723554,11.104285714285714,7,7,True
2017-06-25,25.6,18.938571142857143,13.685714,24.061428,1014.3571599999999,77.28214285714286,3.9142856285714283,214.71428571428572,23.206929499999998,10.975714285714286,7,7,True
2017-07-02,47.8,16.057142857142857,11.445713885714285,20.50428557142857,1006.5142971428571,85.0940762857143,3.3071428285714286,161.71428571428572,16.290725100000003,11.164285714285715,7,7,True
2017-07-09,8.4,17.142857,10.817142528571429,22.482857,1017.3142857142857,79.11714357142857,2.662857042857143,231.85714285714286,23.956035,11.17,7,7,True
2017-07-16,44.700001,16.35714257142857,11.76142842857143,20.749999714285714,1015.6142914285714,82.66785914285715,3.065714257142857,166.71428571428572,16.8968044,11.157142857142857,7,7,True
2017-07-23,32.9,18.35571385714286,12.215714142857141,24.042857,1013.7857257142857,80.2214297142857,2.9885714,221.42857142857142,23.3968064,11.137142857142859,7,7,True
2017-07-30,63.60000004,17.135714,13.387142428571428,21.211428285714284,1008.1285771428571,85.26214414285714,3.8299999857142857,167.28571428571428,17.4012336,11.191428571428572,7,7,True
2017-08-06,5.6000001,17.22142842857143,12.604285428571428,21.638571000000002,1013.7428628571428,78.81000114285713,3.657142842857143,184.71428571428572,19.0896728,11.244285714285715,7,7,True
2017-08-13,6.600000100000001,15.889999714285713,10.848571357142857,21.214285142857143,1016.0428628571428,83.57642928571428,2.7842857000000003,160.28571428571428,16.125810400000002,11.182857142857143,7,7,True
2017-08-20,23.600000299999998,16.76714242857143,11.425713928571428,21.414285285714282,1016.25716,83.54500128571429,3.3342856714285714,159.0,16.3006103,11.155714285714286,7,7,True
2017-08-27,0.0,16.599999642857142,10.268571357142857,22.437142714285716,1018.1285885714286,79.48857285714287,2.2771428142857144,196.0,20.007605500000004,11.172857142857143,7,7,True
2017-09-03,14.0,15.57714257142857,8.948571242857144,21.752857,1016.0142857142857,83.46410857142857,2.0471428428571428,166.85714285714286,16.6716582,11.17,7,7,True
2017-09-10,44.30000020000001,15.015714142857144,10.728571285714285,18.867142857142856,1007.157142857143,86.18837257142857,3.6014284714285716,115.57142857142857,11.4512873,11.222857142857142,7,7,True
2017-09-17,39.3000003,12.538571000000001,9.511428385714286,16.048571142857142,1002.8571542857143,86.35604271428572,4.864285714285714,115.71428571428571,10.860395099999998,11.277142857142858,7,7,True
2017-09-24,4.1,12.307142785714287,7.268571328571428,17.85714257142857,1019.6428742857144,87.32846214285713,2.0085713857142857,116.42857142857143,10.7591207,11.26,7,7,True
2017-10-01,25.800000999999998,13.905714,9.5171426,18.00285692857143,1020.47144,90.8724557142857,2.8371428,74.85714285714286,7.200314390000001,11.247142857142858,7,7,True
2017-10-08,32.800001,12.095713857142856,9.371427957142856,15.117142571428571,1013.3857257142857,85.1546842857143,5.0571427714285715,71.0,6.54014954,11.281428571428572,7,7,True
2017-10-15,8.600000099999999,13.617142714285714,9.342857142857143,16.837142571428572,1018.0714342857143,88.84151357142856,4.275714242857143,64.28571428571429,6.16825196,11.278571428571427,7,7,True
2017-10-22,35.3000003,13.385714142857143,9.722856957142856,17.621428428571427,1012.157142857143,87.42800857142856,3.827142857142857,59.142857142857146,5.68350686,11.271428571428572,7,7,True
2017-10-29,12.4,11.901428285714287,8.647142742857143,14.868571285714285,1018.2428685714286,85.84071428571428,5.254285671428572,42.714285714285715,3.8604214199999998,11.29142857142857,7,7,True
2017-11-05,7.4000001,9.158571285714286,5.407142757142857,12.219999785714284,1015.3000114285715,89.110565,3.4257142571428574,39.42857142857143,3.3395852,11.27142857142857,7,7,True
2017-11-12,28.0,5.4899999571428575,2.0028571428571427,8.369999857142856,1015.5000057142857,90.51797071428572,3.1242856714285714,36.285714285714285,2.7270624,11.27,7,7,True
2017-11-19,14.500000100000001,6.7928571,3.1942857142857144,9.454285357142856,1019.8857142857142,87.78651,4.042857071428572,32.0,2.48303883,11.288571428571428,7,7,True
2017-11-26,35.400001,7.124285642857143,4.5128571285714285,9.844285385714285,1008.2428571428571,88.72282071428572,4.761428542857142,21.142857142857142,1.67705934,11.304285714285713,7,7,True
2017-12-03,15.399999999999999,2.5557142857142856,-0.005714344285714252,5.148571385714286,1011.5000314285714,91.75727514285714,3.6671427857142858,17.428571428571427,1.197994094,11.29142857142857,7,7,True
2017-12-10,31.200000000000003,4.4028570714285715,3.1299999628571427,6.292857057142856,1012.4428714285714,87.51683,5.579999957142857,13.571428571428571,0.992682335,11.284285714285714,7,7,True
2017-12-17,33.4000001,1.9814285142857142,-0.48285714428571425,3.989999957142857,999.3571485714285,92.059986,4.391428514285715,19.142857142857142,1.30172939,11.304285714285713,7,7,True
2017-12-24,2.7,5.8085713,3.6828570999999997,6.904285657142857,1028.9857285714286,93.98196428571428,3.9457142857142857,10.714285714285714,0.8030292689999999,11.285714285714286,7,7,True
2017-12-31,42.100001,5.492857128571429,3.234285671857143,7.778571385714286,996.657142857143,87.76901357142857,6.2499999285714285,16.714285714285715,1.24604735,11.281428571428572,7,7,True
2018-01-07,35.400001,5.134285614285715,2.947142822857143,7.125714199999999,1001.6143000000001,87.28238214285714,6.0128571,18.857142857142858,1.37790651,11.308571428571428,7,7,True
2018-01-14,2.0,2.5657141857142856,0.6585714285714286,4.658571371428572,1020.0000057142857,85.09260657142856,3.565714214285714,23.714285714285715,1.58423893,11.278571428571427,7,7,True
2018-01-21,49.800001140000006,2.699999985714286,0.0014285828571428405,5.682856985714286,999.7285771428571,88.90933700000001,5.111428557142857,21.428571428571427,1.4884897700000002,11.304285714285713,7,7,True
2018-01-28,16.4000001,6.9114284857142865,4.049999971428571,8.972857,1016.2143114285715,90.858187,5.248571414285714,20.0,1.5816546900000001,11.292857142857143,7,7,True
2018-02-04,26.7000002,3.692857142857143,1.0657142877142858,6.1514285,1010.8285714285714,88.12928699999999,4.959999885714287,27.285714285714285,1.93100845,11.292857142857143,7,7,True
2018-02-11,4.90000004,-0.5585714414285714,-3.7771428285714284,2.6285713857142854,1015.1999999999999,83.170715,3.5457142142857143,60.285714285714285,3.5975368200000006,11.27142857142857,7,7,True
2018-02-18,1.7,1.2999999848571429,-2.198571397142857,5.8157142,1017.1714542857143,81.91173171428571,3.6557142714285717,74.0,4.83894035,11.264285714285714,7,7,True
2018-02-25,0.0,-0.8642857014285715,-4.607142814285714,3.3242856514285717,1025.9428771428572,78.44000142857143,3.4171427571428574,85.57142857142857,5.09585634,11.23857142857143,7,7,True
2018-03-04,3.1000001,-4.137142828571429,-7.777142642857143,-0.00571427142857152,1013.2142971428572,64.17642914285715,6.174285542857143,104.42857142857143,5.44395553,11.202857142857143,7,7,True
2018-03-11,13.2,6.124285457142856,1.2271428285714285,11.218571,996.2714285714285,86.33428642857143,3.4957141857142857,76.57142857142857,5.96672668,11.227142857142857,7,7,True
2018-03-18,4.6000001,3.3628571571428574,0.05428569428571427,7.102856957142857,1005.3285714285714,71.26349414285714,6.104285528571428,86.71428571428571,5.96639927,11.251428571428573,7,7,True
2018-03-25,4.2000001000000005,3.8642857200000003,0.04000002857142855,7.4485714142857145,1013.9857257142858,80.08753342857143,3.834285714285714,103.71428571428571,7.1958224600000005,11.232857142857142,7,7,True
2018-04-01,23.3000011,5.6685712285714285,2.0028571428571427,10.032856857142857,1006.0571542857143,83.78754214285713,3.245714257142857,95.57142857142857,7.373868379999999,11.255714285714285,7,7,True
2018-04-08,9.0,9.602856857142857,3.32,15.457142428571428,1007.1428628571429,75.9714297142857,4.089999857142858,144.57142857142858,12.633455900000001,11.258571428571429,7,7,True
2018-04-15,10.2000001,11.358571285714286,6.385714185714286,16.815714,1008.47144,83.33643,3.9328571,120.0,10.9457123,11.244285714285715,7,7,True
2018-04-22,4.4,15.395713857142857,6.919999957142857,22.799999714285715,1021.6714628571428,67.26000157142856,3.0171428571428573,240.14285714285714,23.9184458,11.232857142857142,7,7,True
2018-04-29,34.700001,10.761427999999999,6.314285571428571,14.332856714285715,1010.7714342857143,80.15912785714285,4.5014284714285715,146.71428571428572,13.079949800000001,11.231428571428571,7,7,True
2018-05-06,6.9,11.24,4.3999998428571425,16.83857142857143,1015.342857142857,71.05071557142857,4.105714271428571,239.42857142857142,21.8011101,11.262857142857143,7,7,True
2018-05-13,20.9,16.892856857142856,9.744285571428572,22.724285285714284,1013.5142971428571,67.44714442857142,3.2057142428571432,244.71428571428572,25.3875359,11.221428571428573,7,7,True
2018-05-20,0.0,14.235714285714286,9.349999942857142,19.16428528571429,1020.0000114285714,73.46857214285716,3.8657141999999998,225.0,22.1061123,11.244285714285715,7,7,True
2018-05-27,2.5,19.16,13.389999571428572,25.482857,1018.9428628571429,62.548571428571435,4.04,222.71428571428572,23.922944299999994,11.177142857142856,7,7,True
2018-06-03,23.500000999999997,20.11999971428571,15.549999428571429,25.782856857142857,1015.7571428571429,84.07285985714286,2.6757142714285713,209.0,23.059335,11.211428571428572,7,7,True
2018-06-10,7.9,18.152857,12.882856928571428,23.097142285714284,1014.4428685714286,79.04142985714284,2.9014285285714285,202.71428571428572,21.4458502,11.22,7,7,True
2018-06-17,1.9,15.598571285714286,10.978571142857144,20.145714,1014.8428685714287,75.88928628571429,3.4142857,190.28571428571428,19.124418300000002,11.15857142857143,7,7,True
2018-06-24,14.70000014,15.118571214285714,11.832856857142858,18.759999571428573,1021.2428771428571,82.06642942857142,4.7042855999999995,164.85714285714286,16.3184997,11.131428571428572,7,7,True
2018-07-01,0.0,17.377142142857142,11.118571285714285,23.23428542857143,1022.5571485714285,69.68214357142857,3.7514285,236.57142857142858,24.5494836,11.038571428571428,7,7,True
2018-07-08,0.0,16.745714,8.534285671428572,23.167142714285713,1019.5142914285715,70.87142857142858,2.9799999285714285,240.42857142857142,24.620068399999997,10.877142857142857,7,7,True
2018-07-15,1.9,17.09142842857143,10.375714142857143,22.97571414285714,1019.4571428571428,74.82285785714285,3.2942856571428574,217.42857142857142,22.4948834,10.790000000000001,7,7,True
2018-07-22,0.0,20.08714257142857,12.551428285714286,27.259999714285716,1015.0142971428571,64.319286,2.835714285714286,265.0,28.9830102,10.709999999999999,7,7,True
2018-07-29,3.2,23.91571385714286,15.308571071428572,31.505713571428572,1013.6857142857143,60.08500057142857,2.9571428285714285,258.42857142857144,30.2387157,10.651428571428571,7,7,True
2018-08-05,1.6,21.525713857142854,13.307142571428571,29.20999942857143,1020.0857428571428,67.214286,2.5085714142857145,254.0,28.442624300000002,10.604285714285714,7,7,True
2018-08-12,26.0,19.18714242857143,10.852857,26.48999985714286,1013.8285714285714,71.910715,3.4099999,203.42857142857142,22.033201799999997,10.634285714285713,7,7,True
2018-08-19,11.1,18.03714242857143,13.852856642857144,22.924285571428573,1015.3714342857144,81.68857200000001,3.3771428,155.71428571428572,16.3385623,10.775714285714285,7,7,True
2018-08-26,23.599999999999998,16.659999714285714,11.062856885714284,21.912856857142856,1014.0714399999999,81.38928571428572,3.029999971428571,162.71428571428572,16.6595981,10.70857142857143,7,7,True
2018-09-02,3.2,14.874285285714285,8.881428528571428,20.437142714285716,1019.7000371428572,80.87357271428571,2.7528570571428572,156.57142857142858,15.320061200000001,10.731428571428571,7,7,True
2018-09-09,17.1000013,17.127142714285714,12.615713857142856,22.16142857142857,1016.1000171428572,82.53007942857143,2.9814284714285715,144.42857142857142,14.955300099999999,10.735714285714286,7,7,True
2018-09-16,5.5,14.277142857142858,8.995713742857143,19.075714285714287,1020.5000228571429,83.36075142857143,3.0328571,113.85714285714286,10.9491016,10.79857142857143,7,7,True
2018-09-23,22.2,15.387142428571428,10.619999857142858,20.142856857142856,1013.0714342857143,78.28116571428572,4.434285714285714,118.14285714285714,12.03108783,10.758571428571429,7,7,True
2018-09-30,2.4,11.094285571428571,4.494285685714286,16.827142714285714,1028.0571428571427,78.71785714285714,3.2514285428571426,129.85714285714286,11.583665700000001,10.854285714285714,7,7,True
2018-10-07,9.4,11.244285285714286,6.349999914285715,16.64142857142857,1017.9285828571428,83.71642928571428,3.429999957142857,99.28571428571429,8.908583700000001,10.831428571428571,7,7,True
2018-10-14,0.0,15.594285428571428,9.402856971428573,21.878570999999997,1016.2142971428572,75.28428785714286,3.2542857,116.0,11.5921789,10.781428571428572,7,7,True
2018-10-21,0.8,12.345714114285714,6.148571271428572,18.352857,1022.5857428571428,81.91071542857142,2.2199999285714287,83.0,7.678976219999999,10.72857142857143,7,7,True
2018-10-28,14.0,9.198571,5.177142865714286,12.531428385714287,1017.2142857142857,85.706455,4.351428485714286,51.285714285714285,4.25054747,10.75,7,7,True
2018-11-04,14.8,6.331428471428572,2.7028570885714283,10.34999957142857,1011.5142971428571,87.65381628571429,3.7214285714285715,48.285714285714285,3.78295915,10.89,7,7,True
2018-11-11,8.300000100000002,10.127142571428573,5.7271428,13.437142499999998,1008.6285714285714,87.40948285714286,3.585714285714286,41.142857142857146,3.5918948500000005,10.907142857142857,7,7,True
2018-11-18,4.0,5.539999971428571,2.3714284,9.392856914285714,1025.9714485714285,88.97024071428572,3.3942857,45.714285714285715,3.3850446699999996,10.97857142857143,7,7,True
2018-11-25,1.7,2.9142856428571426,1.0128570971428572,4.437142742857143,1017.2428685714286,86.491727,4.637142828571428,19.571428571428573,1.36638175,10.955714285714285,7,7,True
2018-12-02,20.0,6.227142842857143,3.472857128571429,8.277142842857144,1010.7142971428572,88.30096642857143,4.952857142857143,19.142857142857142,1.47490169,11.004285714285714,7,7,True
2018-12-09,63.400000299999995,7.49,4.031428528571429,10.031428385714287,1006.38572,88.94795928571429,5.475714228571428,18.142857142857142,1.43353224,11.180000000000001,7,7,True
2018-12-16,4.699999999999999,1.8128570885714286,-0.47142856857142856,3.965714224285714,1021.6714542857143,85.56483557142857,3.7142856,19.857142857142858,1.34822999,11.257142857142856,7,7,True
2018-12-23,34.9000001,6.541428457142857,4.748571357142857,8.199999857142858,1011.4857257142858,91.14607285714285,4.365714185714286,11.714285714285714,0.922770335,11.242857142857144,7,7,True
2018-12-30,3.5,5.857142857142857,4.0314285142857145,7.209999871428571,1028.9571428571428,89.75154714285713,3.7785713857142857,15.428571428571429,1.168799275,11.218571428571428,7,7,True
2019-01-06,7.700000040000001,5.884285714285714,3.3614284000000003,7.7328570999999995,1032.6000428571429,87.43341685714286,4.792857128571428,18.857142857142858,1.4122614800000002,11.197142857142856,7,7,True
2019-01-13,32.8000003,5.827142685714286,3.339999957142857,7.6428571000000005,1017.4142914285715,87.545598,5.8742855714285716,16.142857142857142,1.2252357800000002,11.23,7,7,True
2019-01-20,9.0000001,1.8771428428571428,-1.1614285857142856,4.744285654285714,1012.5428628571428,86.3692862857143,4.391428514285715,31.428571428571427,1.99042984,11.235714285714286,7,7,True
2019-01-27,30.7000003,-0.45857141428571413,-3.4285713999999996,1.9528571585714285,1004.8714342857144,88.7249222857143,3.7357142285714287,24.571428571428573,1.4731965599999999,11.217142857142857,7,7,True
2019-02-03,5.699999999999999,0.7442856999999999,-1.4371428571428573,2.8485714085714284,999.6428628571429,89.240667,3.4885713857142853,32.42857142857143,2.10588594,11.247142857142858,7,7,True
2019-02-10,35.700001,5.574285671428571,3.427142857142857,7.2828567714285715,1009.6285771428571,87.00796071428572,6.398571242857143,23.714285714285715,1.83920689,11.245714285714286,7,7,True
2019-02-17,0.0,5.978571342857143,0.96142856,11.064285428571427,1027.3285857142857,79.52642857142857,3.645714185714286,74.28571428571429,5.73194352,11.235714285714286,7,7,True
2019-02-24,3.3000001,6.662856914285714,2.295714241428571,11.299999642857143,1027.4714428571428,84.18136785714286,3.241428528571429,72.14285714285714,5.58577332,11.209999999999999,7,7,True
2019-03-03,21.5,7.099999942857143,1.162857,13.911428428571428,1019.5571628571428,80.62428571428572,3.1457142857142855,77.85714285714286,6.152493580000001,11.197142857142856,7,7,True
2019-03-10,49.6000002,7.149999642857144,4.202857082857142,9.975714242857142,999.5428628571428,80.91000071428572,6.864285628571429,66.28571428571429,5.360514090000001,11.25,7,7,True
2019-03-17,54.3,6.615714157142857,3.9485713514285714,9.467142571428571,1002.8143028571428,81.41857200000001,7.739999785714287,55.285714285714285,4.36906886,11.281428571428572,7,7,True
2019-03-24,4.4,7.189999814285715,2.892857067142857,11.7071425,1027.4714714285715,84.84428642857142,3.4642856285714285,104.42857142857143,8.2896286,11.252857142857142,7,7,True
2019-03-31,1.3000001,8.004285528571428,3.018571395714286,12.514285357142857,1028.2714285714285,81.10285785714287,3.5042856571428573,128.28571428571428,10.548421999999999,11.222857142857142,7,7,True
2019-04-07,5.7,8.237142685714286,3.5828571142857144,12.985714142857145,1007.4428742857143,79.27357142857143,2.9871427714285717,141.85714285714286,11.95822794,11.205714285714285,7,7,True
2019-04-14,2.1000001,5.672856828571428,0.71285714,10.837142685714285,1022.0857285714285,70.51928757142858,4.687142714285714,181.57142857142858,13.9500941,11.178571428571429,7,7,True
2019-04-21,0.0,12.801428,5.519999928571429,19.907142571428572,1025.328577142857,55.992857571428566,4.335714285714286,245.42857142857142,22.928723100000003,11.14,7,7,True
2019-04-28,28.6000004,13.051428285714286,7.284285428571429,18.718571,1008.5714514285715,69.09285714285714,4.405714285714286,191.57142857142858,18.4559413,11.154285714285715,7,7,True
2019-05-05,3.7,7.941428142857142,3.9914283999999998,12.015713642857142,1016.8142914285714,79.76845914285715,3.8499999857142853,168.0,13.6596687,11.177142857142856,7,7,True
2019-05-12,10.7,8.584285657142857,2.8785713562857143,13.809999857142857,1013.6000057142857,77.62214285714286,3.487142785714286,196.14285714285714,16.4350515,11.154285714285715,7,7,True
2019-05-19,1.6,11.869999714285713,5.372856857142857,17.732857,1020.3143142857143,71.76785771428571,3.4171427999999997,236.0,21.372575100000002,11.098571428571429,7,7,True
2019-05-26,9.1,13.579999857142857,8.204285685714286,19.169999571428573,1014.0000057142857,77.808572,3.9399999571428572,188.0,17.9848031,11.057142857142859,7,7,True
2019-06-02,1.3000001,15.777142857142858,9.22142847142857,21.06142842857143,1016.5142914285715,71.60357285714285,3.8999999857142855,227.0,22.8603737,11.058571428571428,7,7,True
2019-06-09,20.6,16.301428285714287,10.501428342857142,21.058571142857144,1011.9714342857143,73.55928628571428,4.229999914285714,209.14285714285714,21.2906119,11.052857142857144,7,7,True
2019-06-16,16.8000001,16.02999942857143,10.514285285714285,20.721428428571432,1012.8857257142857,80.69214342857143,3.6285714285714286,197.42857142857142,19.994561800000003,11.054285714285713,7,7,True
2019-06-23,15.8,18.19999985714286,10.919999714285714,24.16285657142857,1016.2142914285714,73.62785714285714,2.9214285285714285,237.85714285714286,25.115623499999998,11.03,7,7,True
2019-06-30,0.0,20.417142428571427,13.78428557142857,26.559999428571427,1021.2285771428571,67.61,3.5242857,242.28571428571428,26.613457200000003,10.891428571428571,7,7,True
2019-07-07,1.7,15.525713999999999,9.472857028571427,20.49142857142857,1018.7000057142858,70.85071428571429,3.7928570571428573,214.57142857142858,21.432995299999998,10.775714285714287,7,7,True
2019-07-14,9.9,15.015714071428572,10.741428571428571,19.46428542857143,1017.1571542857143,80.16714371428573,3.0228571285714283,143.85714285714286,14.150189,10.742857142857144,7,7,True
2019-07-21,7.8,17.38142842857143,12.634285714285713,22.349999857142855,1015.2571542857143,75.958572,2.8842856571428572,192.0,20.075183,10.708571428571428,7,7,True
2019-07-28,0.0,24.89714257142857,16.495714,32.85,1012.47144,59.520714857142856,3.6271428,259.14285714285717,30.802587199999998,10.627142857142857,7,7,True
2019-08-04,9.4000001,18.515713857142856,13.032856999999998,24.318571285714285,1014.2571485714286,76.89714357142859,2.7342857,185.42857142857142,19.7678923,10.555714285714286,7,7,True
2019-08-11,7.1000001,18.574285571428568,13.498571142857143,23.494285428571427,1008.6714342857142,75.46571557142856,4.312857057142858,184.42857142857142,19.6715998,10.528571428571427,7,7,True
2019-08-18,29.6000001,16.378571142857144,12.105714142857142,21.05285685714286,1011.1000114285714,83.00214457142856,3.7914285714285714,146.0,14.841142999999999,10.56142857142857,7,7,True
2019-08-25,0.0,17.758570857142857,10.118571428571428,25.224285714285713,1022.1285771428572,72.13500071428571,2.8071428285714286,230.85714285714286,24.133267399999998,10.59,7,7,True
2019-09-01,13.4000001,20.358571285714284,12.207142857142857,27.712857000000003,1016.1571485714286,72.99642857142858,2.677142771428571,196.57142857142858,21.7008607,10.527142857142858,7,7,True
2019-09-08,22.500000999999997,14.15142807142857,9.215714142857141,18.762856714285714,1018.6000057142857,81.55285714285715,3.7457142142857145,131.57142857142858,12.6816256,10.540000000000001,7,7,True
2019-09-15,11.1000003,13.852856857142857,7.5600000000000005,19.328570857142857,1023.3285971428571,83.04468285714286,2.9014285714285712,139.85714285714286,13.348053700000001,10.605714285714285,7,7,True
2019-09-22,3.7,12.428571142857143,6.335714071428571,18.735713999999998,1022.1857200000001,76.80642928571429,2.721428442857143,134.85714285714286,12.5358087,10.618571428571428,7,7,True
2019-09-29,83.19999999999999,15.048571142857144,12.314285428571427,18.242856999999997,1005.842857142857,89.81466285714285,4.161428542857143,70.28571428571429,6.9709848999999995,10.64857142857143,7,7,True
2019-10-06,32.6000001,10.618571142857144,7.269999885714285,14.171428285714285,1009.6999999999999,87.01616214285714,3.875714185714286,77.42857142857143,6.89236341,11.135714285714286,7,7,True
2019-10-13,52.1000003,12.055714,9.144285571428572,15.23999992857143,1007.9000114285715,89.2835942857143,4.8042856,54.857142857142854,4.99623509,11.184285714285716,7,7,True
2019-10-20,24.200000000000003,12.594285428571428,10.167142357142856,15.16714257142857,1006.842857142857,89.81801914285714,3.609999985714286,53.57142857142857,5.0459591,11.221428571428573,7,7,True
2019-10-27,6.4000001,12.217142642857143,8.675714042857143,15.558571071428572,1014.6857200000001,86.88458657142857,4.2485714,50.857142857142854,4.68874104,11.2,7,7,True
2019-11-03,24.1,6.354285671428571,2.6357142928571426,11.371428142857143,1011.1428714285714,86.92594142857142,3.2399999857142854,62.57142857142857,4.748030190000001,11.187142857142858,7,7,True
2019-11-10,17.3000003,6.434285714285714,2.7728569534285716,9.887142571428571,1000.9714342857143,92.28966242857143,2.8942856285714282,39.57142857142857,3.05843473,11.231428571428571,7,7,True
2019-11-17,16.600001,4.337142757142857,1.3814285514285716,6.889999828571428,1003.6000057142857,89.99787714285715,4.247142785714286,26.857142857142858,1.9806968,11.217142857142859,7,7,True
2019-11-24,12.6,4.1814285714285715,0.9171428571428571,6.807142714285715,1009.0143085714286,92.66905228571429,3.5614285714285714,26.0,1.8878522400000002,11.237142857142857,7,7,True
2019-12-01,23.7,5.654285671428572,2.0371427714285715,8.521428342857144,1006.0857314285714,91.63661,3.377142757142857,22.714285714285715,1.68626113,11.235714285714286,7,7,True
2019-12-08,20.700000000000003,5.335714128571429,2.1457142714285715,8.234285585714286,1013.9714285714286,91.01804442857143,5.272857114285714,23.142857142857142,1.71333645,11.23857142857143,7,7,True
2019-12-15,12.4000001,4.851428457142857,2.6571427714285716,6.784285628571429,997.1714342857142,84.47762,5.714285671428572,22.428571428571427,1.6895494100000001,11.24,7,7,True
2019-12-22,9.500000100000001,7.702856842857143,5.029999942857144,10.165713714285715,997.5000057142857,86.0615827142857,4.414285657142857,20.571428571428573,1.69526523,11.227142857142857,7,7,True
2019-12-29,9.799999999999999,3.871428557142857,1.6357142571428571,5.934285671428571,1022.7142971428572,90.17345985714287,3.265714228571429,17.857142857142858,1.25543935,11.23,7,7,True
2020-01-05,15.4000001,3.9485713999999996,0.5528571228571428,6.748571257142857,1027.3286142857144,89.25910842857142,4.0985714,24.285714285714285,1.7291478599999999,11.225714285714286,7,7,True
2020-01-12,11.5,6.9185713571428575,3.3599999142857144,9.432856857142857,1019.58572,89.5243997142857,5.2799999,20.0,1.58176286,11.231428571428571,7,7,True
2020-01-19,23.100000099999995,6.7757142,3.6299999142857144,9.461428371428571,1017.2285714285715,87.17571428571429,5.417142857142857,30.142857142857142,2.3624924099999998,11.245714285714286,7,7,True
2020-01-26,3.5,3.222857114285714,0.5328571285714286,5.799999957142857,1030.0428857142856,92.77421785714286,3.0842856714285714,25.571428571428573,1.7886520299999997,11.225714285714286,7,7,True
2020-02-02,33.7000001,7.534285671428571,5.595714200000001,9.41714267142857,1001.3714342857144,88.72821571428572,6.334285685714286,25.857142857142858,2.11719279,11.254285714285714,7,7,True
2020-02-09,23.800001,5.8557142,2.7285713942857144,8.554285528571429,1017.8000285714286,82.90500071428572,5.008571371428571,44.285714285714285,3.34438349,11.235714285714286,7,7,True
2020-02-16,46.6000013,6.664285657142857,3.7057141714285713,8.915713985714286,1003.6000114285715,81.5,7.662857085714286,38.285714285714285,3.0319333200000003,11.27,7,7,True
2020-02-23,49.9,6.989999857142857,4.8128571,9.39428557142857,1013.14288,81.235715,7.738571342857143,47.142857142857146,3.7515328899999996,11.265714285714285,7,7,True
2020-03-01,50.80000009999999,4.927142828571428,1.9828570514285713,8.338570928571428,998.6000114285714,85.08142914285715,6.042857085714286,61.57142857142857,4.66323544,11.282857142857141,7,7,True
2020-03-08,19.4000007,5.451428471428572,2.2714285528571425,8.478571257142857,1002.6000114285715,86.50827857142858,4.3214285285714285,78.14285714285714,5.95833112,11.26142857142857,7,7,True
2020-03-15,28.100000000000005,7.872857142857143,3.982857107142857,11.477142571428573,1009.7571485714286,80.69428571428571,6.179999714285714,97.42857142857143,7.93111959,11.262857142857143,7,7,True
2020-03-22,1.3000001,6.4742855285714285,2.3371427585714284,10.309999857142857,1027.2857285714285,75.52142914285714,4.492857114285714,117.85714285714286,9.0360216,11.235714285714286,7,7,True
2020-03-29,0.0,5.064285714285715,-0.7457142571428571,10.539999857142858,1028.6857428571427,53.85357285714286,4.95,204.71428571428572,15.2684012,11.202857142857143,7,7,True
2020-04-05,1.7,6.111428500000001,-0.9485714428571429,11.571428142857144,1021.971442857143,69.08428685714286,3.774285628571429,163.0,12.7427739,11.174285714285714,7,7,True
2020-04-12,0.0,11.398571428571428,3.9228570285714284,19.59857142857143,1024.1142857142856,66.01,2.7428571142857145,230.14285714285714,20.7101434,11.134285714285713,7,7,True
2020-04-19,0.0,8.292857057142857,1.748571382857143,14.514285428571428,1021.3142857142857,64.61214328571428,4.29,228.71428571428572,19.0012257,11.097142857142856,7,7,True
2020-04-26,0.0,11.23999992857143,3.9699999428571426,17.989999714285712,1018.3428628571429,57.880000714285714,4.479999957142857,266.14285714285717,23.9848907,11.044285714285715,7,7,True
2020-05-03,17.4000001,10.245714285714286,5.827142857142857,14.588571071428571,1005.2000057142857,78.84571428571428,3.8857141714285715,172.71428571428572,15.277789,11.044285714285715,7,7,True
2020-05-10,0.0,10.789999714285715,2.4828571,18.099999857142855,1019.1999999999999,68.130715,2.8657142857142857,276.85714285714283,24.585632800000003,11.014285714285714,7,7,True
2020-05-17,1.3000001,8.181428514285715,0.7942856857142857,13.885713857142857,1019.2571485714286,68.94642999999999,4.089999971428571,221.14285714285714,18.2828538,10.955714285714285,7,7,True
2020-05-24,9.2000004,15.484285071428571,10.167142285714286,20.775714,1021.4142914285715,71.59785714285714,3.8642856714285716,224.0,22.3351375,10.914285714285715,7,7,True
2020-05-31,0.0,14.039999714285713,6.149999942857143,20.305714,1030.9714714285715,67.95357171428572,3.571428514285714,280.57142857142856,26.9681153,10.905714285714286,7,7,True
2020-06-07,30.3000003,14.311428285714285,9.255714285714285,19.558571,1004.8571542857143,73.15071485714286,4.235714199999999,240.28571428571428,23.974148800000002,10.87142857142857,7,7,True
2020-06-14,21.4000011,16.111428285714286,11.56285707142857,20.84428557142857,1013.7714400000001,83.03642985714285,2.902857142857143,196.28571428571428,19.8651787,10.902857142857142,7,7,True
2020-06-21,5.000000099999999,17.72714242857143,13.209999642857143,22.647142857142857,1015.7142971428572,82.0950017142857,2.3099999714285713,223.42857142857142,23.347161099999997,10.848571428571429,7,7,True
2020-06-28,11.3,20.177142428571425,13.065714285714288,26.09714242857143,1017.6999999999999,68.44428642857143,3.212857142857143,299.42857142857144,32.7798497,10.758571428571429,7,7,True
2020-07-05,38.5000004,16.38999992857143,12.701428428571429,20.179999857142857,1009.0428628571428,81.557224,5.182856985714286,160.28571428571428,16.3480721,10.925714285714287,7,7,True
2020-07-12,47.5,13.738571071428572,8.982857014285715,17.719999714285713,1017.7571485714286,84.09285785714285,3.228571357142857,183.57142857142858,17.5854626,11.141428571428571,7,7,True
2020-07-19,8.299999999999999,16.628571142857144,10.848571428571429,21.681428285714283,1017.5142914285715,83.32571500000002,1.854285657142857,226.57142857142858,23.2582559,11.132857142857144,7,7,True
2020-07-26,20.6,16.291428142857143,10.324285528571428,21.297142428571426,1016.1000057142857,77.7,3.077142785714286,230.0,23.2388364,11.055714285714286,7,7,True
2020-08-02,3.2,17.442857,10.782856814285713,22.815713857142857,1015.0285885714286,76.63500057142858,3.2371427714285717,224.57142857142858,23.427081199999996,11.072857142857142,7,7,True
2020-08-09,0.0,20.732856642857143,12.5571428,27.774285285714285,1017.4857199999999,68.03071485714285,2.4057142714285713,261.0,28.9455713,10.927142857142856,7,7,True
2020-08-16,14.5,23.988571285714283,17.828571285714286,30.545714,1013.9142971428572,71.11285871428571,2.558571371428571,236.71428571428572,27.726254399999995,10.79142857142857,7,7,True
2020-08-23,27.900000000000002,19.714285571428572,14.327142642857142,24.675713857142856,1009.5714399999999,79.378572,3.4414285,180.71428571428572,19.6871797,10.81857142857143,7,7,True
2020-08-30,51.39999999999999,15.497142285714286,11.279999857142856,19.46714257142857,1007.0285771428571,86.8028597142857,4.261428414285715,129.85714285714286,12.987026100000001,11.02,7,7,True
2020-09-06,28.6000012,14.359999857142856,8.795714242857143,19.51428557142857,1018.3571542857143,82.30166785714286,2.719999942857143,152.14285714285714,14.746160200000002,11.084285714285715,7,7,True
2020-09-13,2.6000001,14.854285571428571,9.441428285714284,19.797142714285712,1020.9428742857143,86.09571271428571,3.042857071428571,125.71428571428571,12.2754145,11.094285714285714,7,7,True
2020-09-20,0.0,15.335714,7.937142628571428,23.122857000000003,1023.0857142857143,75.10642928571428,2.969999942857143,185.0,18.309934000000002,11.002857142857142,7,7,True
2020-09-27,23.600000100000003,13.195713999999999,7.871428385714286,18.892856857142856,1003.0857142857142,82.1997757142857,3.2571427571428573,132.57142857142858,12.6294712,11.005714285714285,7,7,True
2020-10-04,18.3,13.09,9.937142499999998,16.174285285714284,1001.9571485714285,89.33317657142857,3.6757142857142857,66.42857142857143,6.325307179999999,11.12857142857143,7,7,True
2020-10-11,57.199999999999996,10.618571285714285,7.5214285,13.972856714285713,1008.9714285714286,90.002933,4.118571385714286,65.57142857142857,5.776360769999999,11.212857142857144,7,7,True
2020-10-18,0.0,8.731428457142858,4.892857,12.705713928571429,1019.8571542857143,85.72142914285713,2.6671428285714285,79.0,6.628732459999999,11.214285714285714,7,7,True
2020-10-25,12.8,11.994285285714286,8.72714257142857,15.354285428571428,1007.7142914285714,87.89706371428572,4.614285657142857,46.142857142857146,4.23294232,11.205714285714285,7,7,True
2020-11-01,28.500000299999996,11.438571285714286,9.077142814285713,13.672856714285714,1007.6714342857142,88.96116842857143,5.349999971428572,41.57142857142857,3.7474288299999996,11.222857142857142,7,7,True
2020-11-08,2.4,8.752857071428572,4.352857028571429,13.207142357142857,1024.4571542857143,87.59366085714285,3.6214283999999997,58.857142857142854,4.851486619999999,11.212857142857144,7,7,True
2020-11-15,15.8000011,9.304285671428572,6.318571385714286,11.9842855,1016.8285714285713,90.728435,3.5171428142857146,32.57142857142857,2.77082399,11.202857142857143,7,7,True
2020-11-22,14.4000001,8.7457142,5.328571414285714,11.521428285714284,1021.1285828571429,87.03787214285714,5.3228569142857145,31.0,2.58710278,11.221428571428573,7,7,True
2020-11-29,1.4,6.4159998,3.8,9.0839999,1020.64,90.61196600000001,3.01999994,34.0,1.89025013,,5,5,False
