date,rainfall_mm,temperature_mean_c,temperature_min_c,temperature_max_c,sea_level_pressure_hpa,relative_humidity_pct,wind_speed_ms,global_radiation_wm2,potential_evaporation_mm,groundwater_head_m
2000-01-01,0.0,4.11,0.96,8.51,1022.8,94.5963,3.3799999,14.0,0.14475416,11.24
2000-01-02,0.0,6.15,3.23,8.0,1025.7001,93.9926,4.33,10.0,0.11049721,11.24
2000-01-03,14.900001,8.16,5.3199997,9.15,1018.2,93.38889,6.7599998,8.0,0.094390765,11.23
2000-01-04,3.6000001,4.81,2.24,8.58,1013.3,94.700005,4.12,10.0,0.10641749,11.26
2000-01-05,0.0,3.9599998,1.81,5.5099998,1017.60004,90.840004,4.7799997,36.0,0.3713231,11.24
2000-01-06,2.3,6.52,3.6399999,8.57,1014.10004,91.333336,6.0,20.0,0.22489901,11.24
2000-01-07,0.8,5.74,4.08,7.0299997,1018.60004,93.2353,5.6299996,20.0,0.21886876,11.24
2000-01-08,1.7,5.0899997,2.04,7.81,1016.10004,93.35715,5.4,12.0,0.12871249,11.24
2000-01-09,0.0,1.8399999,-1.26,6.04,1024.9,94.325005,2.57,31.0,0.2950464,11.22
2000-01-10,0.0,-0.53,-2.8799999,1.3199999,1035.0,95.200005,2.5,26.0,0.22424282,11.21
2000-01-11,0.0,1.75,-0.29999998,3.6399999,1033.9,91.36667,5.6299996,28.0,0.26425323,11.21
2000-01-12,0.0,1.05,-0.17,3.0,1026.4,85.340004,6.19,30.0,0.27685067,11.22
2000-01-13,0.0,1.36,-0.58,2.81,1017.4,84.485,4.47,15.0,0.14080116,11.21
2000-01-14,0.0,2.37,1.53,2.99,1021.60004,93.54286,2.24,13.0,0.12641871,11.22
2000-01-15,0.0,2.77,-0.28,5.33,1034.8,91.08889,2.37,29.0,0.28409278,11.21
2000-01-16,0.0,5.73,3.04,7.0299997,1033.6,92.950005,4.4,13.0,0.14114714,11.21
2000-01-17,0.0,6.91,6.17,7.3199997,1027.4,94.200005,7.5299997,13.0,0.14701836,11.22
2000-01-18,0.0,6.31,3.9599998,7.54,1024.0,82.130005,8.86,30.0,0.33347294,11.21
2000-01-19,0.6,3.61,0.39999998,5.49,1030.3,87.46,4.18,33.0,0.3339688,11.2
2000-01-20,1.7,5.08,3.81,6.24,1026.3,91.92667,5.74,13.0,0.13866173,11.21
2000-01-21,4.8,4.87,2.6599998,6.42,1023.0,86.475,5.69,27.0,0.28645897,11.22
2000-01-22,3.1000001,3.83,2.04,5.6299996,1008.9,91.48334,4.8599997,22.0,0.22695404,11.26
2000-01-23,0.0,-0.77,-5.2799997,2.3,1019.3,86.565,3.0,42.0,0.36210093,11.23
2000-01-24,0.0,-2.6,-6.1299996,-0.37,1025.1,79.78,2.08,50.0,0.39766005,11.21
2000-01-25,0.8,0.37,-3.72,2.6399999,1027.2001,91.58948,3.26,48.0,0.43117565,11.2
2000-01-26,0.0,3.1999998,1.4,5.6299996,1029.2001,94.200005,4.42,21.0,0.20957676,11.22
2000-01-27,0.0,3.0,2.31,3.97,1024.3,91.84211,5.5699997,19.0,0.18876365,11.21
2000-01-28,12.1,4.06,1.99,5.85,1010.4,90.51,7.8999996,13.0,0.13507017,11.22
2000-01-29,7.5,7.8999996,5.2,10.45,991.9,88.54211,10.67,16.0,0.18969081,11.27
2000-01-30,6.9,7.35,5.13,9.969999,1006.60004,82.17,7.58,35.0,0.40528822,11.24
2000-01-31,0.0,9.29,8.48,10.429999,1015.10004,84.94,8.58,41.0,0.50055254,11.26
2000-02-01,5.5,8.33,7.2999997,9.67,1014.0,86.93,8.07,22.0,0.26139334,11.25
2000-02-02,0.0,6.87,6.12,8.08,1014.5,87.55,6.27,48.0,0.5455866,11.25
2000-02-03,0.0,5.98,3.9199998,9.0,1028.8,87.76,5.17,50.0,0.54862124,11.24
2000-02-04,5.4,6.97,4.62,8.59,1027.8,93.075005,7.56,15.0,0.169921,11.23
2000-02-05,0.0,7.93,7.2799997,10.33,1025.6,85.32,6.04,39.0,0.4554229,11.25
2000-02-06,4.7000003,6.8999996,5.06,8.599999,1017.0,88.69,5.3599997,21.0,0.2386244,11.23
2000-02-07,2.7,7.48,5.58,9.22,1008.2,87.115,7.8599997,45.0,0.52273726,11.25
2000-02-08,8.0,7.6099997,5.3599997,10.559999,1000.3,82.270004,8.7,17.0,0.19900978,11.25
2000-02-09,0.0,5.83,3.3999999,7.72,1014.60004,79.385,8.36,33.0,0.36292067,11.24
2000-02-10,8.6,5.79,3.82,8.139999,1014.2,84.385,7.33,31.0,0.34055403,11.25
2000-02-11,0.0,4.67,1.53,8.309999,1025.1,85.130005,5.12,78.0,0.8210894,11.25
2000-02-12,7.6,3.75,1.67,6.5499997,1016.3,89.705,6.73,44.0,0.45085183,11.25
2000-02-13,0.0,4.75,2.28,7.6499996,1015.0,84.405,5.83,64.0,0.6790994,11.25
2000-02-14,2.1000001,4.3199997,0.17999999,7.87,1018.10004,87.53,4.47,69.0,0.7203847,11.25
2000-02-15,7.7000003,5.68,3.84,8.46,1010.0,88.48,4.64,47.0,0.5155869,11.24
2000-02-16,3.4,2.6499999,0.21,4.98,997.0,87.615005,6.08,53.0,0.5278636,11.26
2000-02-17,3.9,2.06,-0.65,5.8399997,1005.10004,92.25556,4.0,54.0,0.5239941,11.25
2000-02-18,3.3,3.6799998,0.42,7.04,999.8,92.96667,5.08,19.0,0.19594881,11.27
2000-02-19,2.7,4.14,2.23,5.22,1006.4,89.615,5.5699997,27.0,0.28190267,11.25
2000-02-20,0.0,2.1499999,-2.3899999,6.8199997,1026.5,81.125,3.1499999,87.0,0.8369057,11.25
2000-02-21,0.90000004,1.79,-3.08,5.06,1027.0,89.885,2.97,68.0,0.6452227,11.23
2000-02-22,0.0,3.8899999,-0.13,7.0,1023.60004,91.426315,3.12,45.0,0.4615495,11.23
2000-02-23,3.3,3.02,-1.9599999,8.12,1023.4,90.76316,2.62,73.0,0.72612786,11.21
2000-02-24,6.2000003,6.74,4.0299997,9.65,1018.60004,86.355,5.47,49.0,0.5535873,11.24
2000-02-25,0.0,4.4,1.99,7.83,1023.4,85.925,4.8399997,95.0,0.9917812,11.24
2000-02-26,0.0,4.2,1.22,9.41,1029.7001,85.695,3.59,90.0,0.93006617,11.22
2000-02-27,0.0,6.17,0.42999998,10.69,1019.8,72.07,6.04,94.0,1.042401,11.22
2000-02-28,8.8,7.8799996,4.45,12.33,1008.9,84.600006,7.35,21.0,0.2468076,11.24
2000-02-29,5.4,6.29,3.74,8.59,1002.60004,87.905,7.89,68.0,0.76349974,11.24
2000-03-01,2.3,5.0299997,1.67,7.5899997,1002.0,84.695,6.04,89.0,0.95971394,11.25
2000-03-02,32.8,4.21,1.23,7.7,1012.0,87.685005,7.6499996,66.0,0.68869394,11.24
2000-03-03,2.6000001,6.43,1.03,9.03,999.60004,82.555,8.95,69.0,0.7793167,11.27
2000-03-04,2.7,0.90999997,-1.16,4.24,1017.5,88.57,6.33,85.0,0.78420424,11.26
2000-03-05,0.0,2.3799999,-1.67,5.71,1028.5,84.775,4.2799997,73.0,0.70743775,11.25
2000-03-06,1.1,6.24,3.33,8.12,1022.9,87.365,8.11,40.0,0.44388163,11.24
2000-03-07,5.8,9.37,7.5499997,11.96,1017.10004,90.505005,8.3,49.0,0.5990317,11.25
2000-03-08,12.2,10.99,9.51,12.21,1013.5,91.36,8.95,31.0,0.39675805,11.27
2000-03-09,0.0,9.2,4.24,12.65,1017.2,85.895004,8.73,47.0,0.57179564,11.27
2000-03-10,3.9,5.73,1.3399999,8.63,1023.0,78.995,3.87,79.0,0.862331,11.26
2000-03-11,1.0,7.85,5.3399997,9.76,1015.10004,86.87,7.25,62.0,0.7258733,11.26
2000-03-12,0.0,7.1099997,5.12,10.679999,1024.9,87.835,2.8899999,73.0,0.83171666,11.26
2000-03-13,2.1000001,7.46,5.45,9.349999,1022.60004,91.905266,3.9499998,47.0,0.54187346,11.25
2000-03-14,7.4,6.8999996,1.88,9.679999,1016.7,89.715004,6.22,37.0,0.4204952,11.28
2000-03-15,2.2,5.2799997,1.55,7.35,1025.5,79.43,7.23,98.0,1.0527021,11.26
2000-03-16,0.0,6.99,5.7599998,8.25,1027.7001,88.560005,5.62,68.0,0.7708254,11.27
2000-03-17,2.3,7.69,6.77,9.19,1027.7001,88.06842,6.1099997,50.0,0.57909256,11.25
2000-03-18,0.90000004,6.2999997,5.2999997,7.52,1028.2001,90.288895,5.5,44.0,0.487921,11.27
2000-03-19,0.0,5.35,0.84,9.82,1033.9,83.310005,3.1299999,152.0,1.6295674,11.26
2000-03-20,0.0,5.19,0.19,9.2699995,1028.8,92.71053,2.37,87.0,0.9301826,11.26
2000-03-21,0.0,7.33,5.13,9.32,1023.2,85.78,1.4599999,74.0,0.849535,11.26
2000-03-22,0.0,7.23,0.45,13.19,1017.3,83.61,1.41,155.0,1.7790431,11.25
2000-03-23,0.0,6.2,0.65999997,11.309999,1014.7,90.61,3.59,133.0,1.4800646,11.22
2000-03-24,5.2000003,7.33,5.08,9.86,1008.60004,92.44211,3.78,50.0,0.5780707,11.23
2000-03-25,9.1,7.99,4.96,12.57,1011.10004,91.82778,2.9299998,92.0,1.0836622,11.25
2000-03-26,2.9,6.21,3.3,10.44,1008.5,88.12,2.7,100.0,1.1166451,11.27
2000-03-27,0.0,5.25,2.22,9.12,1011.8,84.200005,4.0899997,96.0,1.0374627,11.26
2000-03-28,0.0,4.0699997,3.4199998,5.12,1017.9,87.315,6.1,31.0,0.32091752,11.26
2000-03-29,0.0,5.5,3.55,7.24,1017.3,85.415,6.85,65.0,0.70624673,11.24
2000-03-30,0.0,5.7,4.6,7.8599997,1011.5,88.465004,4.71,38.0,0.41680953,11.25
2000-03-31,0.0,5.45,3.01,7.1499996,1006.2,88.735,1.78,54.0,0.5891064,11.25
2000-04-01,1.7,5.2599998,0.66999996,9.83,1003.9,88.71579,1.5899999,103.0,1.1180255,11.24
2000-04-02,0.0,7.94,0.69,13.5,1002.0,86.46,2.9399998,107.0,1.2639363,11.24
2000-04-03,1.4,11.639999,4.5099998,18.9,991.8,71.915,3.9399998,169.0,2.2202342,11.24
2000-04-04,0.0,8.94,4.13,13.059999,992.0,86.63,4.99,94.0,1.1484095,11.23
2000-04-05,0.0,3.46,-0.28,6.54,1012.7,65.29,6.0299997,131.0,1.3313206,11.21
2000-04-06,0.0,4.75,-0.84999996,10.26,1030.3,76.945,3.09,187.0,1.9685291,11.21
2000-04-07,0.0,5.7599998,-0.19999999,12.05,1032.6,78.325005,3.27,200.0,2.1747158,11.23
2000-04-08,0.0,5.12,-1.99,11.28,1024.0,77.58,1.81,119.0,1.2724845,11.22
2000-04-09,0.0,7.44,1.5999999,12.75,1017.2,68.935,5.5,228.0,2.6338813,11.21
2000-04-10,0.0,3.81,-1.88,9.63,1013.5,67.74,4.27,210.0,2.159535,11.21
2000-04-11,1.0,6.41,-1.8,13.21,995.7,69.490005,2.3799999,171.0,1.933915,11.22
2000-04-12,3.7,6.21,2.4199998,10.17,989.5,82.93,4.18,95.0,1.0710156,11.22
2000-04-13,3.5,5.54,2.95,9.179999,991.8,85.995,5.13,110.0,1.2124958,11.21
2000-04-14,0.0,5.89,1.11,10.91,998.8,86.975,3.6599998,161.0,1.7883017,11.22
2000-04-15,3.1000001,7.83,1.26,13.13,996.0,85.700005,3.76,84.0,0.9918631,11.22
2000-04-16,1.4,8.08,5.2999997,11.5199995,998.5,70.505005,5.74,152.0,1.8059399,11.21
2000-04-17,2.3,9.63,5.18,14.78,998.9,79.130005,5.02,131.0,1.6265182,11.22
2000-04-18,0.0,10.19,5.95,15.29,1007.8,74.795,4.6,145.0,1.8209504,11.21
2000-04-19,0.0,12.179999,6.3399997,18.119999,1010.3,75.630005,2.6499999,129.0,1.7047578,11.2
2000-04-20,0.0,13.58,5.8399997,19.699999,1012.7,73.2,3.9499998,201.0,2.7460988,11.2
2000-04-21,0.0,13.66,8.94,17.699999,1013.9,73.21,3.37,204.0,2.791066,11.19
2000-04-22,21.6,13.96,7.35,19.609999,1011.3,79.145004,3.05,104.0,1.4344436,11.19
2000-04-23,3.8,11.95,10.349999,13.54,1008.8,94.00001,2.25,74.0,0.9728672,11.28
2000-04-24,0.0,10.66,6.91,15.11,1012.7,83.405,3.1499999,118.0,1.4975634,11.25
2000-04-25,0.0,13.25,5.62,19.92,1012.4,72.67,4.22,224.0,3.0366118,11.25
2000-04-26,3.1000001,15.25,8.33,25.15,1008.9,71.9,4.14,238.0,3.3835688,11.25
2000-04-27,0.0,15.11,9.74,19.73,1010.9,81.875,3.77,185.0,2.6199598,11.24
2000-04-28,0.0,18.52,12.67,24.33,1005.9,75.665,2.9399998,211.0,3.2128422,11.24
2000-04-29,6.0,13.04,10.91,14.67,1014.8,92.83572,3.33,125.0,1.684324,11.23
2000-04-30,0.0,11.7699995,10.07,13.61,1021.9,92.275,2.02,46.0,0.5986974,11.23
2000-05-01,0.0,10.9,8.28,15.0,1023.0,92.81111,3.1299999,114.0,1.4496326,11.23
2000-05-02,4.9,9.65,8.41,11.69,1023.2,93.600006,4.5099998,87.0,1.0690551,11.23
2000-05-03,4.6,11.509999,8.84,14.94,1020.5,92.4,3.26,111.0,1.4358494,11.29
2000-05-04,0.0,11.96,8.3,17.3,1020.3,90.12632,3.61,209.0,2.7352624,11.26
2000-05-05,0.0,16.14,7.93,22.99,1017.3,67.255005,3.9099998,279.0,4.0316887,11.24
2000-05-06,0.0,17.949999,10.92,24.9,1015.9,62.955,5.0899997,280.0,4.202157,11.24
2000-05-07,9.5,18.31,11.04,25.25,1016.3,66.93,4.68,268.0,4.050144,11.23
2000-05-08,0.0,17.75,13.0,23.199999,1018.0,76.19,2.87,246.0,3.6745832,11.25
2000-05-09,0.0,17.859999,11.09,24.82,1018.0,78.585,2.11,256.0,3.8323765,11.24
2000-05-10,0.0,18.48,11.0199995,25.76,1017.9,68.200005,3.34,262.0,3.9705002,11.22
2000-05-11,0.0,15.19,8.48,20.91,1020.10004,74.335,4.2599998,291.0,4.114345,11.22
2000-05-12,0.0,16.119999,8.9,22.789999,1022.2,64.75,5.38,294.0,4.2391396,11.21
2000-05-13,0.0,16.46,8.33,23.48,1023.8,51.885002,4.16,303.0,4.3982606,11.18
2000-05-14,0.0,18.97,8.849999,27.529999,1023.4,58.38,2.02,306.0,4.672846,11.17
2000-05-15,0.0,20.75,10.36,29.17,1018.8,56.905003,1.7199999,301.0,4.756072,11.16
2000-05-16,9.400001,20.96,12.04,29.25,1012.7,67.405,3.12,274.0,4.353469,11.15
2000-05-17,0.0,13.57,10.75,16.82,1009.5,78.47,5.5499997,164.0,2.2428963,11.24
2000-05-18,9.1,11.34,8.32,14.33,1005.3,79.75,5.2999997,179.0,2.3201828,11.22
2000-05-19,7.3,9.67,7.2999997,13.44,1005.2,88.745,3.4199998,158.0,1.9583496,11.3
2000-05-20,0.0,10.099999,5.0899997,14.259999,1010.3,84.14,3.09,209.0,2.61535,11.25
2000-05-21,10.0,9.48,3.1399999,13.17,1008.3,89.535,2.51,134.0,1.6498008,11.23
2000-05-22,0.0,11.62,7.3599997,15.799999,1014.2,85.03,2.18,183.0,2.3802683,11.26
2000-05-23,10.6,13.32,6.37,17.83,1015.7,87.12,4.23,182.0,2.4681656,11.25
2000-05-24,3.7,13.58,10.559999,16.949999,1012.4,79.87,3.77,165.0,2.254527,11.27
2000-05-25,5.1,12.509999,8.09,15.73,1008.0,84.235,6.1099997,166.0,2.213958,11.27
2000-05-26,2.2,12.96,7.2,16.71,1012.10004,76.61,4.21,209.0,2.8137608,11.28
2000-05-27,3.4,12.389999,9.03,16.0,1006.8,68.020004,7.68,214.0,2.847051,11.26
2000-05-28,14.3,9.82,8.03,14.5199995,999.3,85.590004,8.59,134.0,1.672205,11.27
2000-05-29,3.4,10.17,6.66,14.41,1009.8,82.62,4.94,195.0,2.4453664,11.28
2000-05-30,3.9,10.349999,4.97,16.32,1014.4,79.18,2.27,213.0,2.6787562,11.28
2000-05-31,0.0,12.309999,4.08,17.949999,1019.10004,71.130005,1.9699999,294.0,3.8838608,11.27
2000-06-01,0.8,13.87,9.809999,18.01,1018.10004,86.525,3.87,114.0,1.5649011,11.27
2000-06-02,0.0,15.12,9.83,20.13,1018.2,84.245,3.83,241.0,3.404492,11.26
2000-06-03,2.9,15.32,9.11,20.73,1019.10004,87.03,3.4099998,224.0,3.1774187,11.25
2000-06-04,0.0,16.31,9.74,20.98,1015.8,82.935,3.9299998,194.0,2.8151062,11.26
2000-06-05,8.3,12.99,8.24,17.9,1016.7,89.17,2.47,118.0,1.5868541,11.23
2000-06-06,0.8,11.759999,7.81,15.04,1016.9,86.94,3.6299999,129.0,1.6820378,11.26
2000-06-07,0.0,12.05,5.94,16.41,1020.9,85.81,3.32,218.0,2.8588827,11.25
2000-06-08,0.0,14.54,5.31,20.57,1020.2,71.47,3.05,298.0,4.151595,11.24
2000-06-09,0.0,21.21,11.78,28.66,1011.7,69.64,3.8999999,319.0,5.0919805,11.24
2000-06-10,0.0,17.4,11.13,21.82,1014.60004,83.165,3.07,232.0,3.4450889,11.22
2000-06-11,0.0,14.48,8.639999,20.05,1017.4,77.735,3.31,275.0,3.8299792,11.21
2000-06-12,0.0,15.719999,11.13,19.98,1023.2,80.8,4.9,235.0,3.3579204,11.19
2000-06-13,1.0,16.5,14.03,19.5,1023.7,88.67,4.06,199.0,2.891182,11.19
2000-06-14,9.0,15.13,12.44,19.99,1021.7,92.29445,3.24,84.0,1.1853462,11.19
2000-06-15,0.0,13.71,6.77,18.539999,1023.4,78.705,3.9099998,231.0,3.152465,11.24
2000-06-16,0.0,11.45,5.6,16.619999,1028.6,71.415,4.08,252.0,3.2435868,11.21
2000-06-17,0.0,13.719999,3.8899999,20.15,1029.9,67.815,1.4399999,319.0,4.343406,11.18
2000-06-18,0.0,19.71,11.04,26.74,1024.7001,67.565,2.9099998,318.0,4.92209,11.17
2000-06-19,0.0,24.38,14.9,31.98,1017.8,66.275,3.37,329.0,5.517546,11.14
2000-06-20,0.0,25.32,17.14,32.6,1012.60004,67.65,2.83,311.0,5.295681,11.12
2000-06-21,3.0,20.51,15.21,26.599998,1011.60004,76.57,3.97,238.0,3.7529402,11.09
2000-06-22,2.1000001,15.549999,13.0,19.789999,1013.10004,80.9,4.56,185.0,2.6434076,11.11
2000-06-23,4.6,14.23,11.96,18.99,1013.5,84.065,5.0499997,155.0,2.149516,11.11
2000-06-24,3.0,13.12,11.389999,16.46,1012.60004,89.0,4.5699997,154.0,2.0809572,11.15
2000-06-25,0.5,12.17,10.23,14.67,1016.7,81.295,4.64,117.0,1.541701,11.17
2000-06-26,0.0,11.65,8.19,14.9,1022.10004,72.89,4.73,178.0,2.3093476,11.15
2000-06-27,0.0,12.71,8.71,16.42,1022.0,66.705,4.33,217.0,2.891988,11.12
2000-06-28,0.0,11.969999,9.59,15.15,1019.2,70.265,3.9099998,145.0,1.8990211,11.1
2000-06-29,0.0,11.599999,6.8999996,14.5,1018.60004,75.315,3.6399999,133.0,1.7258295,11.09
2000-06-30,0.0,12.25,6.2599998,16.91,1015.10004,73.925,2.98,213.0,2.8142054,11.08
2000-07-01,2.6000001,12.46,4.9,16.02,1011.4,84.92,1.38,138.0,1.8356766,11.05
2000-07-02,4.9,17.39,12.15,23.439999,1011.0,80.08,3.01,215.0,3.1959646,11.08
2000-07-03,0.0,18.09,12.75,24.31,1008.7,84.525,2.01,177.0,2.6701906,11.1
2000-07-04,0.0,17.43,11.86,23.199999,1006.3,88.23685,2.05,219.0,3.263347,11.07
2000-07-05,6.3,15.49,13.15,17.0,1011.0,93.37858,2.79,145.0,2.0707386,11.05
2000-07-06,0.0,14.48,9.71,18.93,1019.5,82.06,2.81,186.0,2.5883844,11.08
2000-07-07,0.0,12.75,8.67,16.66,1017.0,76.39,3.21,161.0,2.1521423,11.06
2000-07-08,10.7,12.86,8.45,17.039999,1013.10004,86.0,3.1,127.0,1.704936,11.04
2000-07-09,16.2,13.13,11.29,14.719999,999.3,93.61,4.83,65.0,0.8832436,11.21
2000-07-10,2.8,14.41,11.8,18.699999,988.8,86.335,5.35,183.0,2.5727232,11.27
2000-07-11,2.9,13.25,11.259999,16.72,996.7,89.380005,5.12,141.0,1.9234852,11.22
2000-07-12,0.0,12.37,8.46,15.62,1011.3,80.495,4.2999997,173.0,2.2961862,11.19
2000-07-13,3.4,13.63,7.5099998,17.47,1008.4,90.08,3.4299998,122.0,1.6715968,11.19
2000-07-14,14.8,13.29,10.2699995,16.84,1004.60004,84.44,3.86,166.0,2.2595356,11.21
2000-07-15,4.2000003,12.799999,10.29,16.75,1008.2,86.98,3.82,174.0,2.3370993,11.26
2000-07-16,0.0,13.809999,11.98,16.699999,1013.10004,87.855,3.4199998,167.0,2.2936778,11.23
2000-07-17,0.0,13.21,11.679999,16.789999,1017.3,88.66,2.9399998,85.0,1.1489261,11.22
2000-07-18,1.0,12.54,9.37,15.62,1017.9,82.575005,3.3899999,135.0,1.794573,11.21
2000-07-19,0.0,14.759999,11.48,18.65,1017.7,83.94,5.12,125.0,1.7518697,11.19
2000-07-20,0.0,15.45,11.21,19.96,1020.60004,79.285,4.39,205.0,2.9146783,11.18
2000-07-21,0.0,14.83,11.3,19.13,1022.7,78.175,4.66,232.0,3.2505095,11.16
2000-07-22,0.0,16.39,13.559999,21.359999,1019.9,86.165,3.8899999,166.0,2.4093695,11.14
2000-07-23,0.0,16.19,13.559999,21.49,1015.8,87.44,2.6299999,208.0,3.0105462,11.14
2000-07-24,1.8000001,17.289999,12.849999,24.08,1007.3,84.695,4.3399997,219.0,3.2529898,11.13
2000-07-25,0.0,17.0,14.65,20.41,1004.3,91.23685,3.34,99.0,1.4633825,11.11
2000-07-26,0.0,15.94,11.559999,18.69,1009.9,88.795006,3.22,121.0,1.745682,11.1
2000-07-27,3.7,16.13,10.5,20.5,1013.7,82.9,1.43,145.0,2.0975924,11.09
2000-07-28,9.7,16.1,11.69,19.41,1012.3,91.55,2.1399999,116.0,1.6778443,11.12
2000-07-29,0.0,15.839999,10.23,21.5,1015.2,86.155,1.8,168.0,2.413867,11.18
2000-07-30,0.0,16.05,10.95,21.25,1020.8,86.795,2.27,116.0,1.6709081,11.15
2000-07-31,0.0,17.26,10.24,23.23,1022.9,79.135,1.8299999,221.0,3.2630262,11.13
2000-08-01,6.9,20.369999,14.28,26.38,1016.9,77.57,2.8,221.0,3.4705093,11.1
2000-08-02,2.9,17.69,13.73,22.279999,1013.9,82.355,3.29,202.0,3.017924,11.15
2000-08-03,4.9,16.93,12.48,22.01,1015.10004,81.880005,3.6599998,204.0,2.999729,11.11
2000-08-04,0.0,15.41,9.63,20.8,1020.4,85.875,1.88,209.0,2.96914,11.09
2000-08-05,0.0,15.29,9.25,21.49,1023.8,84.93,1.4399999,164.0,2.3207302,11.06
2000-08-06,0.0,16.98,10.87,22.38,1021.5,86.555,2.85,153.0,2.2470958,11.05
2000-08-07,3.0,15.599999,10.61,20.98,1021.7,82.41,2.6699998,190.0,2.7092617,11.04
2000-08-08,2.4,15.12,9.51,20.97,1019.7,88.490005,3.03,156.0,2.2025046,11.06
2000-08-09,0.0,16.57,9.33,21.6,1019.9,81.975,1.9599999,205.0,2.986785,11.03
2000-08-10,0.0,17.6,15.309999,19.99,1013.9,88.78,3.48,87.0,1.297452,11.03
2000-08-11,0.0,17.17,12.7,21.38,1014.9,84.72,1.6999999,123.0,1.8177531,11.02
2000-08-12,0.0,16.91,11.65,22.91,1015.4,83.490005,1.54,231.0,3.3949878,11.0
2000-08-13,9.400001,20.039999,10.95,27.09,1017.4,76.35,2.4099998,242.0,3.7771392,10.98
2000-08-14,0.0,21.31,16.88,26.42,1017.3,79.51,2.76,184.0,2.9372048,11.03
2000-08-15,0.0,19.1,13.5199995,22.99,1017.5,84.96,3.81,126.0,1.9325647,11.01
2000-08-16,0.0,16.8,13.12,22.539999,1014.2,81.35,3.79,162.0,2.3764677,10.99
2000-08-17,0.0,17.38,11.83,22.85,1011.3,78.125,4.24,196.0,2.912638,10.96
2000-08-18,0.0,17.31,11.719999,22.25,1013.7,77.49,2.87,212.0,3.1433194,10.94
2000-08-19,0.0,18.039999,13.82,22.46,1011.4,81.845,2.3899999,137.0,2.0628479,10.93
2000-08-20,13.900001,17.15,12.4,21.779999,1012.8,78.625,2.35,189.0,2.7940278,10.91
2000-08-21,1.7,14.929999,11.45,19.279999,1015.0,82.245,1.88,152.0,2.1406567,11.06
2000-08-22,7.8,14.799999,9.53,20.31,1020.8,85.405,1.8299999,182.0,2.550056,11.05
2000-08-23,0.0,13.46,6.39,19.59,1025.5,78.29,2.19,233.0,3.1581886,11.1
2000-08-24,0.0,14.099999,5.0,21.34,1023.60004,78.045,2.53,225.0,3.098741,11.06
2000-08-25,0.0,16.25,11.45,21.31,1022.60004,83.015,2.33,138.0,1.9950733,11.05
2000-08-26,4.3,18.279999,10.99,24.57,1013.5,69.375,4.68,233.0,3.5224316,11.03
2000-08-27,10.400001,16.66,14.059999,19.77,1013.8,92.70589,1.8199999,103.0,1.5067681,11.05
2000-08-28,2.9,15.009999,9.99,20.52,1017.60004,90.035,3.01,149.0,2.1001363,11.14
2000-08-29,0.0,14.57,9.679999,20.16,1019.0,85.945,2.75,183.0,2.5523882,11.13
2000-08-30,0.0,13.509999,7.06,19.21,1017.9,85.085,1.8399999,190.0,2.5861754,11.11
2000-08-31,0.0,14.349999,8.15,20.08,1012.60004,82.905,1.73,194.0,2.6987627,11.08
2000-09-01,15.2,14.009999,10.25,18.98,1003.10004,90.65,2.9399998,111.0,1.5376848,11.08
2000-09-02,3.8,14.73,11.65,18.64,1002.3,89.92,3.09,117.0,1.6482341,11.15
2000-09-03,3.8,14.2699995,10.9,18.25,1011.7,83.770004,4.29,119.0,1.652947,11.23
2000-09-04,0.0,13.11,9.04,16.58,1020.10004,88.405,2.27,140.0,1.885653,11.21
2000-09-05,1.9,14.929999,10.73,19.48,1020.4,84.265,2.4099998,110.0,1.5460202,11.17
2000-09-06,10.900001,13.92,12.09,17.1,1007.2,90.565,5.17,45.0,0.621085,11.19
2000-09-07,2.4,14.91,12.99,18.69,1012.0,84.54,4.41,122.0,1.7193254,11.22
2000-09-08,8.6,15.61,13.28,18.06,1017.60004,88.82883,3.97,42.0,0.5999218,11.21
2000-09-09,0.0,14.969999,12.48,19.13,1023.10004,93.11765,1.16,91.0,1.2788414,11.24
2000-09-10,0.0,16.01,10.58,22.18,1022.8,92.73685,1.9799999,96.0,1.3806298,11.21
2000-09-11,0.0,16.4,11.639999,21.439999,1018.2,90.345,2.52,171.0,2.4839735,11.21
2000-09-12,0.0,17.289999,13.17,22.82,1009.8,91.35,3.51,107.0,1.5879836,11.2
2000-09-13,0.0,15.25,12.66,17.23,1011.4,91.08,3.74,62.0,0.88061357,11.19
2000-09-14,0.0,15.7,11.42,20.55,1015.0,87.71,2.08,103.0,1.47554,11.17
2000-09-15,16.6,16.68,13.04,21.08,1011.10004,90.53,2.87,77.0,1.1279675,11.17
2000-09-16,0.0,14.7699995,10.099999,18.939999,1004.10004,89.055,3.05,98.0,1.3808717,11.24
2000-09-17,2.1000001,14.969999,11.42,17.81,1009.0,93.328575,1.75,44.0,0.6216221,11.22
2000-09-18,0.0,15.62,10.889999,19.81,1007.3,89.785,3.6799998,101.0,1.448456,11.22
2000-09-19,0.0,14.9,9.69,19.8,1005.10004,82.275,5.7599998,171.0,2.4156132,11.2
2000-09-20,22.4,10.63,8.62,12.679999,1008.5,89.15,4.58,60.0,0.7622554,11.18
2000-09-21,2.6000001,10.32,8.75,13.009999,1017.2,93.229416,2.24,87.0,1.0919058,11.28
2000-09-22,0.0,13.429999,7.3999996,19.56,1022.9,88.765,2.87,143.0,1.9388763,11.25
2000-09-23,0.0,13.74,8.98,19.41,1024.2001,85.880005,3.59,161.0,2.1980534,11.23
2000-09-24,6.8,13.04,8.45,18.42,1019.8,76.705,4.75,165.0,2.2188547,11.23
2000-09-25,11.5,13.429999,8.65,19.27,1020.60004,88.255005,1.99,114.0,1.5470823,11.25
2000-09-26,4.6,13.809999,11.34,16.74,1017.9,95.200005,2.47,52.0,0.7128604,11.3
2000-09-27,2.2,15.929999,13.33,18.859999,1013.10004,86.765,3.78,98.0,1.4119105,11.27
2000-09-28,0.6,15.259999,14.42,17.34,1004.9,91.48667,4.46,40.0,0.5696419,11.28
2000-09-29,0.0,17.27,10.969999,23.24,1003.9,86.435,2.55,114.0,1.6946489,11.26
2000-09-30,0.0,15.339999,10.429999,20.26,1004.60004,91.344444,2.11,120.0,1.7121325,11.25
2000-10-01,9.3,14.7699995,12.04,16.84,1004.8,95.03334,2.45,53.0,0.7465995,11.25
2000-10-02,0.0,12.92,10.19,17.4,1006.4,91.58501,3.4099998,100.0,1.348084,11.26
2000-10-03,0.0,12.7,9.4,17.15,1019.60004,91.15,3.24,75.0,1.0002594,11.24
2000-10-04,0.0,12.25,9.55,14.63,1019.4,93.19445,3.3899999,66.0,0.87046444,11.23
2000-10-05,3.2,12.29,7.21,16.49,1015.60004,89.715004,3.4099998,51.0,0.6743622,11.25
2000-10-06,1.5,9.15,4.9,14.45,1019.60004,88.5,3.6499999,93.0,1.1285827,11.26
2000-10-07,0.0,7.6,3.11,13.42,1022.9,87.88947,2.48,88.0,1.0187522,11.23
2000-10-08,5.2000003,8.25,3.29,10.83,1014.3,92.918755,3.8,62.0,0.7348201,11.23
2000-10-09,4.9,9.639999,5.12,13.9,1006.10004,84.835,3.6699998,92.0,1.1388938,11.25
2000-10-10,12.5,8.889999,6.43,11.58,986.3,87.855,7.2799997,52.0,0.63607574,11.29
2000-10-11,1.3000001,9.5,6.47,13.19,980.5,86.11,7.24,66.0,0.8234026,11.28
2000-10-12,0.0,11.389999,8.05,15.25,996.3,81.615,5.48,108.0,1.407096,11.27
2000-10-13,0.0,11.099999,6.75,15.469999,1009.60004,87.450005,3.3899999,72.0,0.92572623,11.26
2000-10-14,0.0,8.809999,6.21,10.21,1017.2,91.325005,2.37,63.0,0.7579374,11.24
2000-10-15,0.0,10.67,7.06,14.32,1011.9,95.200005,3.59,50.0,0.6349514,11.26
2000-10-16,2.2,13.349999,10.7699995,17.81,1004.8,91.310005,5.7599998,53.0,0.7223965,11.25
2000-10-17,1.5,10.3,5.3399997,14.44,1020.4,91.189476,3.52,65.0,0.8142035,11.24
2000-10-18,6.4,9.65,3.98,13.04,1021.4,85.85,4.13,68.0,0.8362567,11.24
2000-10-19,0.0,9.88,3.04,14.349999,1018.2,93.77778,2.8799999,48.0,0.5949388,11.27
2000-10-20,0.0,8.44,1.78,13.04,1020.3,94.575005,3.36,50.0,0.5942449,11.24
2000-10-21,0.0,14.16,9.8,17.31,1019.9,90.135,3.6699998,44.0,0.6076924,11.24
2000-10-22,0.0,13.79,10.349999,18.52,1025.2001,90.325005,2.6799998,63.0,0.8607944,11.24
2000-10-23,17.4,14.54,11.509999,18.619999,1017.5,86.635,4.91,70.0,0.9762096,11.24
2000-10-24,1.4,11.82,10.71,13.83,1013.8,89.455,5.97,39.0,0.5099665,11.28
2000-10-25,3.8,11.62,9.26,13.65,1004.8,88.345,7.0899997,21.0,0.2742311,11.28
2000-10-26,7.3,9.63,7.6099997,12.599999,1008.9,86.755005,4.95,58.0,0.7168933,11.29
2000-10-27,8.2,10.559999,7.74,13.0,1011.9,94.01429,5.2599998,20.0,0.253233,11.28
2000-10-28,2.1000001,13.2,12.009999,13.48,1008.5,93.36,5.56,17.0,0.23053868,11.29
2000-10-29,5.1,9.99,8.4,12.44,1002.60004,80.97,8.69,57.0,0.7135767,11.29
2000-10-30,7.8,10.349999,7.49,13.12,985.9,85.89,11.5199995,22.0,0.28018522,11.29
2000-10-31,1.9,8.82,7.4199996,10.429999,990.5,86.785,7.98,27.0,0.32896987,11.29
2000-11-01,0.0,7.58,6.0499997,9.46,996.0,90.495,6.6,37.0,0.4336495,11.29
2000-11-02,7.1,7.8199997,4.96,11.3,995.10004,87.67,6.37,52.0,0.6140937,11.28
2000-11-03,0.0,7.7799997,4.91,10.92,996.2,84.090004,5.67,47.0,0.5540946,11.28
2000-11-04,0.0,6.92,4.2799997,9.98,1005.7,91.15,4.67,63.0,0.72029513,11.27
2000-11-05,1.7,6.25,4.36,9.88,1006.60004,88.98,4.6,49.0,0.54837257,11.27
2000-11-06,1.0,6.2999997,5.22,7.73,985.2,83.64,6.5,23.0,0.260598,11.29
2000-11-07,0.0,7.8799996,4.3199997,10.38,980.5,87.705,4.61,37.0,0.44081393,11.26
2000-11-08,5.6,8.45,6.94,9.21,987.3,90.81579,6.43,20.0,0.24147587,11.27
2000-11-09,5.8,8.0,6.79,9.05,1000.3,92.188896,6.5299997,18.0,0.21317509,11.26
2000-11-10,7.8,7.1299996,5.7,8.54,1012.2,93.58,5.2799997,24.0,0.27530125,11.3
2000-11-11,0.0,7.93,5.37,9.719999,1012.9,85.53,6.8999996,18.0,0.21146221,11.28
2000-11-12,10.7,8.24,7.6499996,9.21,1000.0,86.115005,6.35,20.0,0.23857147,11.29
2000-11-13,0.0,7.5299997,4.23,9.51,998.8,93.62222,3.8,38.0,0.44410044,11.3
2000-11-14,0.0,5.64,3.1699998,8.33,1005.3,93.950005,2.54,30.0,0.32946053,11.29
2000-11-15,1.1,5.6099997,3.32,8.15,1009.4,92.94546,4.11,30.0,0.32845193,11.28
2000-11-16,4.9,7.0699997,4.95,9.059999,1006.60004,88.16316,5.93,30.0,0.34443277,11.28
2000-11-17,0.0,5.22,2.71,8.04,1009.10004,93.72728,3.6599998,36.0,0.38920563,11.28
2000-11-18,4.0,5.45,2.29,7.89,1006.3,91.17895,5.99,30.0,0.32726458,11.27
2000-11-19,5.4,8.22,6.97,9.38,995.0,93.58,6.5899997,16.0,0.19119793,11.3
2000-11-20,3.0,6.2,4.65,7.83,998.60004,92.288895,4.36,21.0,0.23559082,11.3
2000-11-21,1.8000001,5.06,2.1599998,7.3599997,1002.4,86.575005,4.56,31.0,0.33454436,
2000-11-22,0.0,7.8799996,5.35,10.62,1001.0,87.49,6.68,32.0,0.3775082,
2000-11-23,4.2000003,6.66,2.6299999,9.559999,1001.8,93.4077,4.2799997,14.0,0.15908743,
2000-11-24,0.0,6.99,3.3,9.12,1004.8,92.318756,4.7599998,22.0,0.25218606,
2000-11-25,7.1,5.74,3.1699998,7.97,1003.2,85.955,5.5,31.0,0.34191027,
2000-11-26,1.2,6.7,4.67,8.19,997.5,90.47222,5.95,24.0,0.27364382,
2000-11-27,4.0,5.85,3.6,8.73,1012.2,92.62308,4.25,28.0,0.30850565,
2000-11-28,2.3,10.48,5.8599997,13.87,1009.7,92.34706,5.29,13.0,0.1644059,
2000-11-29,0.0,11.57,9.51,14.46,1007.4,86.37,4.56,29.0,0.37779847,
2000-11-30,0.0,9.21,4.81,11.84,1014.2,92.15625,3.6899998,33.0,0.40213645,
2000-12-01,2.0,11.13,7.18,12.95,1009.8,89.066666,4.93,19.0,0.24446024,11.28
2000-12-02,4.9,10.61,8.0199995,12.309999,1013.0,92.47059,3.9199998,25.0,0.31681427,11.28
2000-12-03,0.8,8.0,4.41,10.07,1014.4,93.025,3.98,18.0,0.21175262,11.29
2000-12-04,0.0,7.16,4.19,9.309999,1012.4,87.990005,5.66,23.0,0.2640477,11.28
2000-12-05,0.0,9.37,6.19,11.41,1011.3,83.81,5.38,33.0,0.4044915,11.27
2000-12-06,5.4,10.37,9.2699995,11.599999,1009.7,90.57778,4.83,14.0,0.17652804,11.28
2000-12-07,3.6000001,9.28,7.2999997,10.78,1005.7,92.48889,4.5299997,25.0,0.30643743,11.29
2000-12-08,0.0,11.309999,9.7,13.5,999.4,78.065,7.0099998,19.0,0.24670637,11.29
2000-12-09,0.0,9.25,7.1499996,10.7,1007.4,83.265,6.45,26.0,0.31817853,11.28
2000-12-10,11.1,8.79,6.87,10.7,1006.4,90.56842,6.81,16.0,0.19334367,11.29
2000-12-11,9.3,11.139999,8.22,12.87,1013.3,87.4,7.52,17.0,0.21845718,11.28
2000-12-12,9.0,12.929999,11.95,13.23,1010.4,91.90667,7.23,6.0,0.08077411,11.29
2000-12-13,3.6000001,10.55,6.97,12.889999,1002.10004,81.005005,11.36,17.0,0.21611515,11.3
2000-12-14,5.1,6.89,5.2,9.139999,1000.3,85.605,6.89,24.0,0.27487406,11.3
2000-12-15,3.6000001,5.14,2.3999999,7.5099998,998.7,87.92778,6.6099997,15.0,0.16261655,11.29
2000-12-16,1.2,3.82,1.8499999,6.3599997,1006.5,86.16,4.88,18.0,0.1858651,11.3
2000-12-17,0.0,2.85,0.34,6.14,1012.8,92.63637,3.3999999,21.0,0.20882393,11.29
2000-12-18,0.0,1.12,-2.0,4.13,1018.0,93.3,2.22,11.0,0.102278166,11.28
2000-12-19,0.0,-0.42999998,-2.98,3.83,1023.8,93.288895,3.3999999,28.0,0.24409917,11.27
2000-12-20,0.0,-0.29,-1.37,1.79,1024.2001,86.64,6.1,31.0,0.27171922,11.26
2000-12-21,0.0,-1.86,-4.5299997,0.56,1024.2001,82.57,5.45,38.0,0.31214818,11.26
2000-12-22,0.0,-4.48,-7.99,0.14,1019.3,86.66316,2.59,43.0,0.31560585,11.25
2000-12-23,6.1,-3.6799998,-7.45,-0.85999995,1011.2,91.97858,1.51,23.0,0.17597891,11.24
2000-12-24,5.4,0.049999997,-4.4,1.06,1004.3,88.86929,2.78,9.0,0.08091769,11.24
2000-12-25,0.0,-1.78,-6.5699997,0.53999996,1002.2,85.76,4.5899997,23.0,0.19218323,11.25
2000-12-26,0.0,-3.1899998,-7.0699997,-1.03,996.4,84.99,4.24,18.0,0.1421038,11.24
2000-12-27,7.9,-1.0699999,-1.5899999,-1.03,992.0,92.01,3.4399998,9.0,0.07793843,11.23
2000-12-28,5.6,-0.01,-1.09,1.4699999,991.7,92.61167,4.25,16.0,0.14460221,11.24
2000-12-29,3.9,0.17,-2.02,1.13,992.9,93.21334,6.39,26.0,0.23647554,11.23
2000-12-30,1.4,0.84999996,-2.81,1.8399999,998.9,92.920006,4.0299997,14.0,0.13027017,11.24
2000-12-31,2.4,-1.13,-6.68,1.5999999,1012.9,93.41539,3.8,29.0,0.24731588,11.23
2001-01-01,1.8000001,1.89,0.29999998,4.5699997,997.2,90.988235,6.6299996,9.0,0.08717648,11.26
2001-01-02,7.5,6.5899997,3.49,9.09,992.2,89.15,5.5899997,23.0,0.26203972,11.28
2001-01-03,4.7000003,5.87,2.82,8.41,1000.3,90.54445,5.2,24.0,0.26620543,11.3
2001-01-04,3.1000001,6.7799997,4.36,8.15,995.0,91.21177,6.21,11.0,0.1258869,11.3
2001-01-05,14.900001,7.14,5.93,9.54,987.10004,92.9077,6.52,8.0,0.092930056,11.3
2001-01-06,0.0,5.79,4.29,7.23,996.7,92.229416,5.12,26.0,0.28817907,11.32
2001-01-07,0.0,4.96,3.36,6.17,1007.10004,91.77059,5.3599997,15.0,0.16094647,11.31
2001-01-08,2.3,3.79,1.67,4.85,1010.10004,93.700005,4.72,22.0,0.22649306,11.3
2001-01-09,0.0,3.9599998,1.9699999,6.31,1013.10004,93.64001,3.6999998,18.0,0.18610796,11.29
2001-01-10,0.0,2.52,1.01,3.36,1015.5,91.02251,3.55,13.0,0.12754591,11.28
2001-01-11,0.0,-0.21,-3.05,2.8799999,1025.2001,88.405,2.8799999,48.0,0.42183185,11.29
2001-01-12,0.0,-0.44,-3.56,4.58,1030.0,94.200005,1.8499999,27.0,0.23441768,11.27
2001-01-13,0.0,-3.24,-5.2999997,-1.99,1037.3,95.200005,2.44,31.0,0.23787001,11.27
2001-01-14,0.0,-1.51,-5.33,0.71,1036.7001,93.188896,3.1299999,15.0,0.1240966,11.26
2001-01-15,0.0,-2.08,-3.72,-0.44,1030.0,91.090004,4.79,36.0,0.29191124,11.26
2001-01-16,0.0,-3.36,-5.72,-0.59,1025.9,89.055,3.1299999,46.0,0.3536469,11.24
2001-01-17,0.0,-5.1,-7.7599998,-2.49,1020.8,90.69474,2.4299998,47.0,0.33484805,11.24
2001-01-18,0.0,-3.61,-8.389999,0.45,1020.2,92.46001,2.06,23.0,0.17550379,11.23
2001-01-19,3.0,0.17,-0.42,1.02,1022.3,93.04001,1.48,17.0,0.15194161,11.22
2001-01-20,0.0,0.11,-0.96,0.90999997,1024.3,93.62,1.5999999,16.0,0.14249583,11.22
2001-01-21,1.2,-1.38,-2.31,-0.32,1022.60004,94.200005,3.6299999,23.0,0.19297472,11.23
2001-01-22,2.6000001,0.52,-1.5899999,4.12,1007.10004,93.77223,4.7999997,14.0,0.128001,11.23
2001-01-23,5.4,5.71,3.1,9.2,997.7,93.34445,5.45,22.0,0.2430937,11.26
2001-01-24,1.2,7.6499996,3.4099998,10.88,993.9,89.405,6.92,27.0,0.31743175,11.28
2001-01-25,1.1,5.0499997,2.29,7.6499996,1001.2,93.288895,4.79,19.0,0.2051037,11.27
2001-01-26,2.0,4.0099998,1.93,6.15,999.60004,92.788895,4.79,25.0,0.26080847,11.27
2001-01-27,5.7000003,2.81,1.17,3.6499999,993.3,93.51667,3.3799999,19.0,0.1907166,11.28
2001-01-28,0.0,3.4299998,0.78,5.2999997,1002.0,94.200005,2.46,25.0,0.25528234,11.28
2001-01-29,0.0,2.35,0.45,5.35,1016.60004,91.51579,2.06,28.0,0.27284524,11.26
2001-01-30,0.0,2.03,0.59999996,4.39,1022.60004,92.01053,1.9599999,27.0,0.25913915,11.27
2001-01-31,1.0,1.04,-2.05,4.06,1025.6,92.505264,1.79,30.0,0.27687132,11.26
2001-02-01,0.8,1.04,-1.8299999,4.58,1026.9,93.0,2.6499999,35.0,0.3227754,11.27
2001-02-02,3.9,-1.0699999,-2.29,-0.099999994,1018.8,94.200005,3.4199998,16.0,0.13629648,11.26
2001-02-03,4.3,-3.26,-3.9399998,-2.4099998,1006.7,92.85334,5.8399997,23.0,0.1798151,11.26
2001-02-04,18.2,-2.47,-4.15,1.12,1001.3,91.84167,5.04,21.0,0.17050627,11.25
2001-02-05,5.9,5.58,1.5,9.139999,991.4,93.53334,5.62,19.0,0.20974483,11.28
2001-02-06,1.7,9.139999,6.79,12.04,996.9,90.96875,6.77,18.0,0.22065441,11.3
2001-02-07,6.4,9.51,8.26,11.16,1000.10004,87.72,5.73,44.0,0.54419917,11.3
2001-02-08,8.0,7.98,2.04,11.0,995.7,88.41667,6.12,37.0,0.438897,11.3
2001-02-09,0.0,2.52,-2.45,6.16,1017.3,89.725006,2.45,56.0,0.54887974,11.29
2001-02-10,0.90000004,1.9,-3.9099998,6.12,1030.8,87.625,2.96,71.0,0.67503226,11.3
2001-02-11,0.0,9.179999,4.54,12.559999,1026.9,89.89474,7.68,18.0,0.21789859,11.29
2001-02-12,3.5,9.03,3.53,12.309999,1022.7,90.755005,5.9,17.0,0.20530298,11.29
2001-02-13,0.0,4.77,1.01,8.92,1034.1,92.950005,3.4099998,75.0,0.7885014,11.28
2001-02-14,0.0,1.68,-1.64,6.6299996,1035.1,92.67084,1.15,60.0,0.56438136,11.28
2001-02-15,0.0,2.4299998,-2.52,11.349999,1031.9,92.39167,1.09,79.0,0.7655535,11.27
2001-02-16,3.5,2.1599998,-2.22,4.62,1030.1,91.87639,2.6699998,26.0,0.24970129,11.26
2001-02-17,0.0,3.48,0.65999997,5.02,1039.2001,91.361115,3.28,31.0,0.31080544,11.26
2001-02-18,0.0,4.67,1.8399999,7.5499997,1039.2001,90.90588,3.6799998,48.0,0.5016065,11.26
2001-02-19,1.2,4.36,1.4399999,6.19,1033.8,92.85333,4.96,29.0,0.30069745,11.26
2001-02-20,2.1000001,5.14,2.9199998,7.69,1030.1,90.03158,5.23,44.0,0.4693418,11.26
2001-02-21,1.2,6.31,3.6,9.13,1022.10004,88.825005,5.72,39.0,0.43392366,11.26
2001-02-22,4.0,4.58,2.1399999,7.1,1010.7,87.270004,6.56,52.0,0.5498539,11.27
2001-02-23,0.0,1.06,-1.92,4.14,1004.5,79.815,3.73,88.0,0.822753,11.27
2001-02-24,2.0,-1.54,-6.14,2.59,1010.8,77.565,3.3899999,100.0,0.8395105,11.26
2001-02-25,3.1000001,0.48999998,-1.99,4.0699997,1007.9,91.918755,4.04,72.0,0.6572124,11.24
2001-02-26,0.0,1.3,-1.9599999,4.88,1004.10004,90.415,3.04,75.0,0.70780015,11.27
2001-02-27,0.0,1.01,-1.54,4.21,997.60004,76.095,4.13,89.0,0.83386415,11.25
2001-02-28,0.0,1.8499999,-0.32,5.71,995.3,82.85,3.26,60.0,0.580948,11.26
2001-03-01,1.2,0.79999995,-0.68,2.28,994.9,93.03637,2.96,34.0,0.31650725,11.26
2001-03-02,0.0,-0.35,-4.0699997,2.37,1000.0,89.94,3.3,51.0,0.4524687,11.25
2001-03-03,0.0,-1.99,-4.44,0.12,999.60004,80.745,3.36,52.0,0.43138203,11.24
2001-03-04,0.0,0.37,-1.51,3.33,999.7,86.25,4.45,55.0,0.50212246,11.24
2001-03-05,0.0,1.0,-3.1699998,5.58,1019.3,83.1,1.93,96.0,0.8878411,11.25
2001-03-06,0.0,1.75,-3.56,7.79,1021.5,78.78,3.8999999,142.0,1.3495357,11.24
2001-03-07,1.5,4.38,-0.69,9.21,1010.0,90.685005,3.8799999,51.0,0.5358357,11.25
2001-03-08,2.4,7.58,2.3899999,11.11,1002.10004,93.98572,3.74,38.0,0.44405943,11.25
2001-03-09,1.1,9.24,7.21,11.599999,999.4,89.995,5.15,50.0,0.61395144,11.26
2001-03-10,4.2000003,9.67,8.51,11.21,1000.5,92.8091,4.4,32.0,0.39746982,11.26
2001-03-11,6.4,10.78,8.67,13.45,1002.7,91.700005,4.99,48.0,0.61379254,11.27
2001-03-12,0.8,7.87,3.8999999,12.98,1000.7,81.96,5.92,106.0,1.250304,11.27
2001-03-13,4.5,5.2599998,2.61,7.56,996.60004,91.055,6.02,64.0,0.69732726,11.27
2001-03-14,1.9,5.3399997,2.46,7.52,1003.7,90.14,5.41,81.0,0.881623,11.26
2001-03-15,0.0,5.23,0.96,9.55,1008.60004,90.87369,1.77,109.0,1.1791207,11.27
2001-03-16,0.0,4.98,1.87,8.01,1011.3,86.675,3.21,91.0,0.9749268,11.25
2001-03-17,6.9,2.1,0.98999995,3.79,1004.4,90.275,6.6099997,33.0,0.32081786,11.25
2001-03-18,10.1,1.28,0.59999996,2.6299999,999.3,89.595,4.43,30.0,0.2836931,11.28
2001-03-19,0.0,0.79999995,-0.82,2.78,1009.2,88.915,5.98,63.0,0.581573,11.28
2001-03-20,0.0,2.22,-0.96999997,6.0299997,1016.10004,80.965004,2.72,133.0,1.2901978,11.29
2001-03-21,0.0,0.14999999,-2.8999999,2.36,1003.9,80.045,5.8799996,77.0,0.6951976,11.27
2001-03-22,1.5,1.4699999,0.19,3.12,1000.3,93.700005,2.72,38.0,0.36171767,11.26
2001-03-23,5.8,3.3999999,1.24,5.5099998,1002.10004,94.03334,4.45,31.0,0.3161998,11.27
2001-03-24,0.0,3.75,1.8199999,5.62,1002.9,92.55883,3.9499998,62.0,0.6398918,11.27
2001-03-25,0.0,2.01,1.5699999,3.7099998,1002.60004,85.020004,6.66,40.0,0.38797778,11.27
2001-03-26,0.0,0.90999997,-0.90999997,3.1899998,1013.0,85.745,3.75,92.0,0.85100454,11.25
2001-03-27,0.7,1.51,-2.07,5.75,1014.8,73.69,6.0099998,170.0,1.6072216,11.26
2001-03-28,6.9,4.14,-0.099999994,8.92,1002.5,86.12,6.33,107.0,1.1194988,11.27
2001-03-29,2.5,6.3999996,4.0099998,8.91,996.4,93.380005,3.3899999,74.0,0.8363431,11.27
2001-03-30,0.0,5.96,1.67,9.889999,1011.5,92.18236,3.33,102.0,1.1282233,11.27
2001-03-31,0.0,9.059999,3.3,12.559999,1019.10004,82.895004,5.45,105.0,1.2712257,11.27
2001-04-01,0.0,10.82,6.2599998,15.299999,1022.0,88.060005,4.11,101.0,1.2821362,11.27
2001-04-02,0.0,13.58,5.5,20.4,1014.3,74.615,3.4099998,187.0,2.5532172,11.27
2001-04-03,0.0,10.78,6.19,14.219999,1012.0,78.045,5.0,134.0,1.7065978,11.26
2001-04-04,3.7,8.76,3.84,14.059999,1002.4,83.68,7.31,105.0,1.2700804,11.28
2001-04-05,9.2,7.6699996,5.7999997,12.07,1008.0,79.37,7.37,132.0,1.5423136,11.26
2001-04-06,2.9,10.09,6.2799997,13.07,1000.5,90.37,6.0099998,74.0,0.9297982,11.28
2001-04-07,2.4,8.46,3.5,12.7,1001.0,84.5,4.49,144.0,1.7279432,11.28
2001-04-08,0.0,5.95,1.6999999,10.86,1014.4,87.340004,3.7099998,146.0,1.6120313,11.27
2001-04-09,1.6,7.79,1.5,10.98,1015.2,83.5,3.74,126.0,1.4724435,11.27
2001-04-10,1.3000001,8.72,6.2999997,11.33,1007.9,93.18125,3.26,84.0,1.0123076,11.26
2001-04-11,0.0,7.54,2.96,11.62,1021.7,81.355,5.04,121.0,1.3990381,11.26
2001-04-12,1.0,3.5,-0.25,7.5499997,1026.4,77.795,5.42,157.0,1.5860345,11.25
2001-04-13,0.0,2.6399999,-1.26,7.4199996,1028.8,62.655003,4.89,170.0,1.6629556,11.25
2001-04-14,8.8,1.1,-2.7,5.3399997,1022.8,79.86,4.16,131.0,1.2137492,11.25
2001-04-15,3.4,6.15,1.3399999,9.82,1004.3,92.26316,4.91,89.0,0.9940183,11.27
2001-04-16,0.0,5.71,4.2,8.16,1012.4,87.46,4.41,81.0,0.88834405,11.26
2001-04-17,6.6,5.4,2.37,7.6099997,1014.0,80.07,4.94,96.0,1.0414145,11.25
2001-04-18,2.6000001,4.24,1.0799999,8.33,1002.3,84.975,6.04,122.0,1.2809373,11.27
2001-04-19,4.4,3.6599998,1.15,8.48,1003.5,87.700005,4.31,169.0,1.7382122,11.27
2001-04-20,4.5,3.72,-0.04,7.75,1008.60004,86.615005,2.4299998,133.0,1.3670285,11.27
2001-04-21,0.0,5.02,-0.96999997,11.059999,1012.5,81.89,3.6999998,224.0,2.401519,11.28
2001-04-22,0.0,6.0699997,-1.02,11.679999,1008.0,75.535,2.32,226.0,2.5130317,11.28
2001-04-23,0.0,6.79,-0.39999998,13.4,1005.5,75.58,2.1299999,213.0,2.4257488,11.28
2001-04-24,0.0,10.32,1.0699999,16.32,1007.2,71.69,3.75,181.0,2.2816823,11.26
2001-04-25,14.400001,9.2699995,6.42,12.21,1007.10004,93.00001,2.76,84.0,1.0286824,11.26
2001-04-26,5.7000003,9.2699995,7.5899997,12.44,1011.10004,89.14,5.3199997,132.0,1.613557,11.29
2001-04-27,2.5,9.25,6.5299997,13.599999,1012.5,88.745,3.4199998,132.0,1.611617,11.28
2001-04-28,2.3,9.17,6.2,12.82,1005.9,87.605,4.72,135.0,1.649482,11.29
2001-04-29,2.4,11.41,6.0699997,16.44,1007.60004,78.78,3.72,192.0,2.4907653,11.29
2001-04-30,0.0,12.75,7.94,19.14,1011.60004,85.83,3.1299999,193.0,2.5855517,11.3
2001-05-01,0.0,8.96,6.0099998,12.19,1021.0,84.845,5.85,147.0,1.7730793,11.27
2001-05-02,0.0,12.05,5.12,18.25,1019.2,73.47,4.99,249.0,3.2677214,11.27
2001-05-03,6.8,11.86,7.43,20.06,1005.0,81.11,4.04,202.0,2.6538224,11.27
2001-05-04,0.0,8.0,4.67,11.41,1010.5,84.020004,4.63,126.0,1.4850091,11.28
2001-05-05,0.0,7.16,3.54,9.67,1018.8,78.71,5.27,246.0,2.815402,11.27
2001-05-06,0.0,9.46,4.7999997,14.179999,1022.5,76.8,5.62,242.0,2.9587843,11.27
2001-05-07,0.0,9.099999,3.97,14.54,1026.8,75.925,4.72,271.0,3.2732291,11.26
2001-05-08,0.0,10.21,3.53,15.08,1027.4,80.835,3.1399999,222.0,2.7654762,11.26
2001-05-09,0.0,15.339999,7.9199996,21.23,1023.0,66.31,4.25,292.0,4.13786,11.24
2001-05-10,0.0,17.699999,10.889999,24.439999,1021.2,61.48,4.7599998,296.0,4.4122105,11.24
2001-05-11,0.0,16.71,9.37,23.64,1022.0,65.345,3.79,307.0,4.482759,11.23
2001-05-12,0.0,16.56,8.37,23.9,1020.7,62.030003,4.04,303.0,4.4124317,11.22
2001-05-13,0.0,16.85,9.01,24.519999,1012.0,63.275,2.87,286.0,4.2031064,11.22
2001-05-14,5.8,15.46,10.84,21.63,1005.60004,78.92,3.49,218.0,3.1174204,11.22
2001-05-15,5.3,13.469999,9.57,18.26,1004.5,83.42,4.08,200.0,2.7341585,11.25
2001-05-16,12.3,13.21,11.179999,18.119999,1002.4,87.840004,4.89,169.0,2.2979853,11.25
2001-05-17,8.900001,12.009999,8.63,17.38,1004.60004,77.04,6.24,196.0,2.5852249,11.27
2001-05-18,1.7,10.7,7.8399997,14.73,1013.3,84.9,5.42,140.0,1.7782083,11.29
2001-05-19,0.0,11.04,5.93,15.73,1022.5,80.235,3.72,244.0,3.1149552,11.29
2001-05-20,0.0,11.4,5.94,16.84,1026.3,78.87,2.6,247.0,3.1781533,11.27
2001-05-21,0.0,10.639999,3.6599998,15.809999,1025.9,78.125,3.35,281.0,3.5439608,11.27
2001-05-22,0.0,11.889999,3.99,17.74,1024.7001,76.825005,3.6999998,319.0,4.1597967,11.26
2001-05-23,0.0,14.849999,6.2599998,21.93,1024.9,70.14,3.3,319.0,4.4677844,11.25
2001-05-24,0.0,13.69,6.81,19.67,1023.3,75.48,3.86,315.0,4.296938,11.24
2001-05-25,0.0,12.78,5.02,20.06,1022.2,70.655,2.72,321.0,4.285075,11.23
2001-05-26,0.0,15.589999,6.49,23.71,1019.2,68.1,2.87,245.0,3.4959567,11.23
2001-05-27,1.6,15.089999,10.16,18.25,1019.4,89.345,4.1,118.0,1.6650639,11.23
2001-05-28,0.7,16.289999,14.719999,17.5,1017.60004,93.74546,5.1,94.0,1.3625615,11.25
2001-05-29,0.0,15.469999,10.25,19.47,1017.60004,74.87,6.25,282.0,4.015668,11.23
2001-05-30,0.0,15.33,7.7599998,21.49,1016.5,73.355,3.36,281.0,3.9906845,11.2
2001-05-31,3.3,12.63,7.93,16.71,1014.0,85.945,4.06,200.0,2.6688066,11.27
2001-06-01,8.5,12.4,8.75,17.66,1016.7,81.29,4.68,165.0,2.186793,11.24
2001-06-02,11.6,10.78,6.89,14.92,1006.0,90.96,5.49,89.0,1.1364417,11.27
2001-06-03,2.3,9.389999,6.8599997,11.94,1014.5,79.785,7.25,130.0,1.5920378,11.29
2001-06-04,0.0,11.37,7.22,15.4,1021.5,83.525,4.02,109.0,1.4042511,11.26
2001-06-05,0.0,13.73,6.83,19.51,1017.5,76.935,2.9099998,203.0,2.7780702,11.26
2001-06-06,3.2,15.46,9.54,21.289999,1010.2,76.090004,3.37,214.0,3.0550153,11.25
2001-06-07,3.4,12.219999,7.4199996,15.91,1008.4,73.91,6.12,202.0,2.6742504,11.27
2001-06-08,0.0,10.66,4.79,16.32,1011.10004,76.45,3.57,260.0,3.3020144,11.26
2001-06-09,0.0,10.53,3.4199998,15.67,1014.60004,69.87,1.9499999,265.0,3.3486824,11.24
2001-06-10,0.0,11.25,5.7799997,17.02,1014.0,75.665,1.8299999,212.0,2.7313373,11.24
2001-06-11,1.0,11.7,4.0099998,16.49,1018.5,76.265,3.57,259.0,3.3696508,11.23
2001-06-12,0.0,12.799999,6.69,16.859999,1018.4,78.105,3.74,188.0,2.5147345,11.24
2001-06-13,0.0,12.21,5.38,17.4,1016.3,78.25,2.8799999,219.0,2.8891373,11.22
2001-06-14,0.0,13.509999,6.39,19.4,1016.10004,72.71,2.71,284.0,3.8683991,11.21
2001-06-15,12.900001,15.79,10.11,22.71,1009.5,83.2,2.87,197.0,2.8333678,11.2
2001-06-16,3.7,15.719999,11.5199995,21.33,1006.60004,85.395004,2.79,222.0,3.1914816,11.26
2001-06-17,3.9,14.95,12.3,18.34,1008.4,91.73685,3.3,137.0,1.9350753,11.27
2001-06-18,0.0,13.11,10.82,16.72,1021.7,84.625,4.61,157.0,2.113274,11.24
2001-06-19,0.0,13.2699995,8.54,18.63,1026.6,74.615,2.54,209.0,2.8186784,11.23
2001-06-20,0.0,15.74,8.559999,22.21,1018.60004,70.26,3.58,250.0,3.5798197,11.23
2001-06-21,1.5,14.61,11.04,18.699999,1013.5,74.9,4.15,233.0,3.2595453,11.22
2001-06-22,0.0,13.179999,10.86,16.279999,1014.4,82.785,4.8199997,168.0,2.2717986,11.22
2001-06-23,0.0,13.19,7.44,18.17,1020.10004,83.575005,2.74,194.0,2.6180606,11.2
2001-06-24,0.0,14.44,6.87,22.72,1022.2,82.33,2.54,248.0,3.4444516,11.19
2001-06-25,0.0,15.389999,7.56,21.949999,1025.4,78.625,2.84,307.0,4.3514028,11.18
2001-06-26,0.0,18.64,10.25,25.119999,1019.7,72.945,3.73,306.0,4.648938,11.17
2001-06-27,0.0,19.05,14.889999,25.64,1011.9,79.555,3.24,188.0,2.8860192,11.16
2001-06-28,0.0,18.939999,14.41,23.8,1016.3,74.575,4.0899997,234.0,3.5795615,11.14
2001-06-29,14.3,19.06,14.009999,24.38,1020.4,75.955,3.4499998,235.0,3.5982752,11.12
2001-06-30,0.0,17.64,13.38,22.279999,1019.2,85.365005,2.8,163.0,2.4284167,11.23
2001-07-01,0.0,16.16,10.48,21.119999,1024.7001,81.19,3.87,260.0,3.7487578,11.2
2001-07-02,0.0,17.09,9.92,22.59,1027.9,82.745,1.86,226.0,3.3194225,11.17
2001-07-03,0.0,17.9,10.929999,22.59,1021.7,80.01,3.01,265.0,3.965314,11.18
2001-07-04,0.0,20.76,12.61,26.66,1014.5,66.03,4.5499997,327.0,5.1745787,11.14
2001-07-05,0.0,23.42,16.52,30.109999,1013.2,66.91,3.57,318.0,5.2614894,11.13
2001-07-06,0.0,23.76,17.199999,31.32,1009.60004,64.21,3.12,275.0,4.578647,11.11
2001-07-07,0.0,21.31,17.39,26.029999,1003.4,74.015,3.81,212.0,3.3982584,11.08
2001-07-08,2.3,18.84,16.81,21.52,1007.0,89.310005,4.0499997,82.0,1.2558028,11.08
2001-07-09,0.0,17.56,13.139999,21.42,1012.5,76.15,4.23,166.0,2.4747922,11.15
2001-07-10,8.5,18.039999,13.0,24.88,1007.5,80.905,4.33,192.0,2.8948038,11.11
2001-07-11,10.400001,15.37,12.12,18.39,1005.60004,82.72,6.77,205.0,2.9257355,11.21
2001-07-12,12.0,14.62,10.599999,19.49,1008.10004,78.16,5.48,218.0,3.0566764,11.21
2001-07-13,3.4,13.94,10.32,18.039999,1007.2,89.04,4.1,200.0,2.761668,11.24
2001-07-14,8.900001,14.08,9.46,18.41,1006.10004,89.74737,2.4299998,135.0,1.8710123,11.25
2001-07-15,0.0,14.67,9.139999,19.26,1014.2,80.0,3.06,209.0,2.9270172,11.26
2001-07-16,0.0,14.25,8.55,19.47,1016.3,79.435005,1.76,200.0,2.7718637,11.24
2001-07-17,13.5,15.57,6.7,20.68,1009.9,75.98,2.46,238.0,3.4062092,11.22
2001-07-18,7.0,15.559999,12.7,20.57,1000.0,85.485,3.8899999,176.0,2.527548,11.29
2001-07-19,3.6000001,15.29,12.57,19.02,1000.10004,90.73889,3.4099998,164.0,2.3412664,11.28
2001-07-20,2.4,14.73,9.969999,19.77,1010.9,89.655,3.72,167.0,2.3449347,11.29
2001-07-21,0.0,15.13,8.36,19.35,1017.10004,88.405,4.0899997,165.0,2.3323545,11.26
2001-07-22,0.0,19.039999,13.219999,24.42,1017.9,82.65,3.3999999,216.0,3.3087747,11.24
2001-07-23,3.2,16.65,12.41,21.39,1018.2,92.655556,2.1299999,182.0,2.657748,11.24
2001-07-24,0.0,18.27,11.74,24.85,1017.3,85.85,1.9399999,269.0,4.060721,11.21
2001-07-25,0.0,17.51,9.92,24.67,1019.8,84.515,1.8,271.0,4.02601,11.2
2001-07-26,0.0,18.9,12.07,25.369999,1018.9,80.9,2.34,280.0,4.276348,11.18
2001-07-27,37.100002,21.38,14.83,27.619999,1017.7,76.990005,2.25,249.0,3.9791148,11.17
2001-07-28,0.0,19.76,14.059999,24.48,1020.4,85.675,2.6,245.0,3.8008356,11.27
2001-07-29,0.0,19.88,11.88,25.57,1022.5,79.675,2.03,277.0,4.3039207,11.25
2001-07-30,0.0,20.56,16.72,24.619999,1021.9,79.78,3.04,252.0,3.9646795,11.24
2001-07-31,0.0,19.23,14.4,25.0,1020.7,84.560005,3.4299998,166.0,2.5497017,11.23
2001-08-01,0.0,16.039999,11.5,21.33,1024.7001,77.035,2.6399999,232.0,3.3364,11.21
2001-08-02,5.7000003,18.949999,10.63,25.34,1013.7,74.695,3.9199998,234.0,3.5832756,11.21
2001-08-03,1.1,17.71,13.88,21.35,1008.4,87.41,4.56,156.0,2.3359864,11.24
2001-08-04,6.8,15.96,11.2699995,20.66,1013.60004,84.065,3.82,165.0,2.3783028,11.25
2001-08-05,6.4,15.08,10.94,19.59,1013.7,86.4,3.9499998,187.0,2.6437385,11.27
2001-08-06,8.0,16.73,11.5,20.56,1010.2,88.35,4.19,145.0,2.126987,11.23
2001-08-07,12.1,17.539999,15.389999,21.449999,1006.3,88.57,3.1699998,133.0,1.9862413,11.26
2001-08-08,3.6000001,15.94,13.17,19.199999,1002.0,87.715004,6.43,166.0,2.401801,11.27
2001-08-09,9.900001,15.059999,12.23,19.18,1011.4,87.145004,2.4299998,166.0,2.3478208,11.27
2001-08-10,1.6,13.559999,9.45,17.99,1019.7,87.44,3.4199998,156.0,2.1244183,11.28
2001-08-11,0.0,15.049999,7.39,19.98,1023.8,80.335,3.57,200.0,2.8149788,11.27
2001-08-12,13.400001,15.28,13.84,16.34,1015.8,90.005005,5.45,55.0,0.78043157,11.27
2001-08-13,0.0,18.01,14.799999,19.15,1012.0,93.145454,4.31,60.0,0.9027198,11.29
2001-08-14,0.0,21.34,15.94,27.31,1015.0,84.79,2.6,236.0,3.7718132,11.27
2001-08-15,13.8,23.98,16.25,31.179998,1013.60004,76.455,2.53,244.0,4.071832,11.26
2001-08-16,0.0,18.91,13.389999,23.6,1013.2,84.965004,4.3199997,163.0,2.4945521,11.28
2001-08-17,0.0,17.31,11.559999,22.85,1019.0,80.205,2.99,254.0,3.7591639,11.25
2001-08-18,1.6,18.529999,13.09,23.42,1013.7,80.045,3.6699998,162.0,2.46084,11.26
2001-08-19,0.0,19.75,15.12,24.199999,1007.60004,78.87,4.24,175.0,2.7253952,11.27
2001-08-20,0.0,17.18,11.429999,22.279999,1014.3,85.950005,3.1,135.0,1.9959197,11.24
2001-08-21,0.0,17.75,9.48,24.58,1020.7,82.37,1.8399999,237.0,3.5369024,11.23
2001-08-22,0.0,20.5,14.059999,27.58,1022.5,76.355,2.5,222.0,3.4883132,11.22
2001-08-23,0.0,22.05,16.89,27.73,1019.8,78.44,2.12,183.0,2.9559438,11.21
2001-08-24,0.0,22.66,17.109999,28.83,1017.3,81.68,1.1,190.0,3.1022165,11.2
2001-08-25,0.0,23.31,15.429999,31.16,1017.5,77.48,1.65,230.0,3.7943916,11.19
2001-08-26,18.1,22.199999,17.529999,28.849998,1015.5,82.355,3.1599998,178.0,2.8859441,11.17
2001-08-27,0.0,16.31,10.11,19.869999,1018.7,79.785,4.61,196.0,2.8411775,11.24
2001-08-28,0.0,13.88,8.58,19.199999,1019.4,81.18,3.86,188.0,2.5800161,11.23
2001-08-29,0.0,14.24,7.22,20.18,1016.60004,82.985,2.19,205.0,2.8401737,11.21
2001-08-30,1.3000001,16.51,10.2699995,21.08,1009.2,84.020004,2.35,150.0,2.1910083,11.2
2001-08-31,0.0,15.78,10.71,20.05,1008.4,88.85,2.56,129.0,1.8556973,11.21
2001-09-01,0.0,14.32,9.49,20.33,1014.60004,85.65,3.37,149.0,2.0697374,11.18
2001-09-02,11.5,14.9,9.34,17.539999,1012.8,93.560005,3.6299999,48.0,0.67609996,11.18
2001-09-03,13.7,15.099999,13.0,16.779999,1008.9,93.5077,2.81,52.0,0.73680854,11.29
2001-09-04,23.7,13.34,11.21,17.21,1006.8,92.16316,4.0,120.0,1.6339204,11.3
2001-09-05,0.0,13.57,10.09,17.23,1015.5,86.585,3.9599998,135.0,1.8419214,11.29
2001-09-06,1.2,14.19,10.3,19.22,1013.10004,89.08,3.07,96.0,1.3302851,11.28
2001-09-07,17.6,14.03,12.19,16.279999,1009.4,91.86471,4.95,79.0,1.0922146,11.27
2001-09-08,5.7000003,12.45,8.23,15.86,1003.8,82.295,7.0499997,146.0,1.9476794,11.29
2001-09-09,2.3,12.87,8.82,16.31,1004.2,79.815,7.5,117.0,1.5767428,11.3
2001-09-10,1.3000001,12.59,10.88,14.95,1007.4,85.28,7.0,90.0,1.2030113,11.28
2001-09-11,2.2,12.429999,11.36,14.86,1010.4,85.65,5.44,75.0,0.9973148,11.28
2001-09-12,12.3,14.219999,10.73,16.75,1011.4,86.085,3.9399998,111.0,1.5402217,11.29
2001-09-13,2.1000001,12.49,8.57,16.84,1000.7,88.565,3.8999999,119.0,1.5910907,11.32
2001-09-14,9.1,11.9,8.25,16.58,1005.0,91.130005,2.8999999,113.0,1.4860718,11.3
2001-09-15,5.8,11.99,8.76,15.86,1006.60004,90.18,4.43,97.0,1.2777096,11.29
2001-09-16,14.6,10.9,7.0899997,15.29,1010.60004,89.36,3.4399998,114.0,1.4573973,11.29
2001-09-17,8.8,10.86,7.8199997,13.63,1011.4,94.137505,3.1499999,62.0,0.79150605,11.31
2001-09-18,6.4,10.09,7.5699997,13.2,1011.3,93.53334,2.31,91.0,1.1379248,11.29
2001-09-19,1.5,12.03,9.74,15.04,1004.7,83.840004,5.5099998,73.0,0.96331024,11.3
2001-09-20,7.6,11.53,10.429999,13.11,1006.5,93.12858,2.9399998,43.0,0.5598206,11.29
2001-09-21,8.1,12.83,10.219999,16.55,1011.60004,90.39,4.69,92.0,1.2349132,11.31
2001-09-22,11.1,12.679999,10.29,15.5,1011.10004,92.168755,3.77,77.0,1.0299749,11.31
2001-09-23,1.7,12.11,9.59,15.58,1010.2,92.21111,3.51,68.0,0.89708704,11.32
2001-09-24,0.0,11.969999,6.8999996,16.55,1014.0,90.285,3.6599998,100.0,1.3125046,11.31
2001-09-25,0.0,10.62,6.93,16.39,1017.0,94.200005,1.56,99.0,1.2527388,11.31
2001-09-26,3.0,11.59,7.45,16.699999,1018.3,93.092865,2.1299999,90.0,1.1677002,11.3
2001-09-27,17.5,13.429999,11.3,16.3,1012.9,93.840004,2.61,57.0,0.775902,11.3
2001-09-28,0.0,14.65,9.94,19.779999,1014.0,91.37,2.1599998,88.0,1.231961,11.32
2001-09-29,4.4,14.98,9.75,20.51,1011.2,89.36,2.6699998,125.0,1.7649064,11.32
2001-09-30,3.5,16.05,14.34,18.81,1009.8,88.450005,4.14,86.0,1.2437118,11.31
2001-10-01,1.8000001,16.46,14.21,18.65,1001.8,85.485,7.46,51.0,0.7461311,11.32
2001-10-02,11.0,15.38,13.98,19.32,1003.60004,92.100006,5.83,27.0,0.385712,11.34
2001-10-03,0.0,14.71,12.37,18.109999,1008.60004,86.71,5.31,94.0,1.3204577,11.32
2001-10-04,0.0,13.67,11.67,17.55,1012.10004,89.645004,4.61,86.0,1.1777378,11.31
2001-10-05,0.0,12.849999,9.98,18.07,1010.7,88.195,3.1499999,107.0,1.4374849,11.32
2001-10-06,10.400001,14.36,8.809999,19.51,1006.8,91.195,3.51,97.0,1.3527042,11.31
2001-10-07,0.0,14.88,13.429999,17.449999,1003.7,86.525,4.99,64.0,0.9041625,11.33
2001-10-08,0.0,14.25,12.799999,16.85,1002.5,78.43,7.24,71.0,0.98926526,11.31
2001-10-09,2.8,13.84,12.58,16.0,1008.8,83.17,7.06,60.0,0.8260462,11.3
2001-10-10,5.6,13.42,10.55,15.599999,1020.10004,87.01,6.27,80.0,1.0856254,11.31
2001-10-11,1.3000001,15.099999,13.559999,16.98,1025.0,92.90625,5.3199997,39.0,0.5492932,11.31
2001-10-12,0.0,14.48,11.01,18.609999,1024.8,87.415,3.3999999,117.0,1.6248934,11.31
2001-10-13,0.0,15.5199995,10.65,21.699999,1021.0,90.61579,2.1699998,93.0,1.3241187,11.3
2001-10-14,0.0,16.84,11.809999,21.699999,1016.5,90.78,2.52,74.0,1.0855727,11.29
2001-10-15,0.0,16.199999,13.28,19.88,1014.8,89.91,3.6,82.0,1.1875305,11.29
2001-10-16,0.0,12.46,6.22,16.99,1025.6,85.285,2.02,88.0,1.163802,11.3
2001-10-17,0.0,12.0199995,7.2599998,15.87,1021.8,92.86667,3.5,77.0,1.0086426,11.28
2001-10-18,9.400001,13.66,10.86,17.699999,1013.60004,92.315384,3.34,70.0,0.95783174,11.29
2001-10-19,0.0,14.5199995,12.059999,18.88,1013.0,93.26154,2.6499999,64.0,0.8936576,11.29
2001-10-20,0.0,13.79,10.44,19.529999,1007.4,84.91,3.9399998,83.0,1.1419826,11.3
2001-10-21,0.8,12.17,9.51,15.36,1003.10004,91.436844,2.96,31.0,0.41079238,11.29
2001-10-22,2.0,11.759999,9.349999,13.46,1010.60004,93.288895,3.31,32.0,0.41835323,11.29
2001-10-23,11.3,11.08,6.94,13.009999,1016.2,94.700005,3.12,26.0,0.33316985,11.28
2001-10-24,1.6,12.559999,10.7,14.4,1018.9,92.92857,3.49,37.0,0.49189028,11.29
2001-10-25,0.0,11.929999,9.82,14.87,1020.5,93.600006,3.09,40.0,0.52305096,11.3
2001-10-26,1.2,12.41,10.429999,15.46,1016.2,89.655,5.29,53.0,0.70274407,11.29
2001-10-27,0.0,12.42,9.74,15.559999,1015.0,91.31053,4.47,47.0,0.62365043,11.28
2001-10-28,0.0,10.73,7.52,15.059999,1022.5,89.46,3.5,66.0,0.8356348,11.29
2001-10-29,0.0,11.509999,7.1099997,13.63,1019.10004,89.98947,5.8399997,28.0,0.36241013,11.28
2001-10-30,2.9,15.58,12.24,18.46,1012.9,77.605,8.07,70.0,1.0009396,11.28
2001-10-31,3.7,11.309999,7.94,15.16,1013.4,81.21,7.73,47.0,0.6066372,11.28
2001-11-01,0.0,9.139999,6.6099997,12.45,1033.0,83.635,4.5899997,61.0,0.73555285,11.27
2001-11-02,0.0,10.38,6.71,13.139999,1037.4,89.095,3.56,43.0,0.5358158,11.28
2001-11-03,1.2,10.84,9.2699995,13.509999,1030.4,87.505005,3.29,29.0,0.36700708,11.28
2001-11-04,1.9,10.17,7.97,11.429999,1019.7,87.145004,4.42,27.0,0.33711213,11.27
2001-11-05,1.3000001,7.02,3.25,10.61,1020.10004,82.465004,3.77,59.0,0.67190313,11.26
2001-11-06,2.6000001,9.25,6.2999997,12.58,1007.3,88.775,5.79,33.0,0.40386045,11.27
2001-11-07,12.8,7.9199996,6.48,9.98,1002.60004,91.7353,4.0099998,24.0,0.28325072,11.28
2001-11-08,18.1,4.17,0.39,8.2699995,992.0,93.05,4.0899997,23.0,0.2422452,11.3
2001-11-09,2.5,1.4699999,-1.79,5.35,1017.0,93.13572,2.18,56.0,0.5279745,11.3
2001-11-10,0.0,3.1699998,-0.52,5.8599997,1028.2001,83.745,4.72,45.0,0.44885415,11.31
2001-11-11,1.1,6.7,3.6799998,8.87,1021.5,92.87501,4.19,15.0,0.16901267,11.29
2001-11-12,6.0,9.15,5.24,10.96,1012.7,90.5954,3.6799998,15.0,0.18260314,11.3
2001-11-13,6.0,4.68,2.12,7.24,1018.2,88.31579,3.3,39.0,0.41216275,11.3
2001-11-14,0.0,2.84,-2.26,7.6099997,1030.3,89.505005,2.9099998,56.0,0.5513429,11.31
2001-11-15,0.0,2.85,-3.3,7.6699996,1037.5,91.74118,3.1699998,49.0,0.48070997,11.3
2001-11-16,0.0,8.91,6.98,11.509999,1038.0,94.03334,2.47,33.0,0.394392,11.3
2001-11-17,1.7,8.03,6.74,10.349999,1034.1,93.9,1.42,15.0,0.17498802,11.29
2001-11-18,2.3,7.68,5.7799997,9.51,1025.3,94.700005,1.23,23.0,0.26660582,11.29
2001-11-19,0.0,7.85,5.5299997,10.46,1024.9,95.200005,1.8299999,25.0,0.29133382,11.3
2001-11-20,0.0,7.08,3.47,9.09,1027.8,90.35263,2.8899999,17.0,0.19323626,11.28
2001-11-21,10.900001,9.389999,7.8399997,10.719999,1021.10004,91.62,7.71,15.0,0.18314919,11.29
2001-11-22,5.3,6.0899997,2.6799998,10.34,1011.9,85.975,6.7,16.0,0.17767848,11.3
2001-11-23,1.5,4.12,1.9699999,6.1299996,1019.8,86.455,3.99,38.0,0.39366463,11.29
2001-11-24,1.8000001,6.33,4.5299997,8.84,1019.2,88.23079,2.95,12.0,0.13379249,11.29
2001-11-25,1.8000001,10.09,8.45,11.429999,1014.2,90.00657,3.6599998,13.0,0.1623519,11.29
2001-11-26,0.0,5.45,0.049999997,9.44,1012.10004,91.78236,2.11,27.0,0.2936635,11.3
2001-11-27,2.9,3.86,-0.44,7.43,1008.4,93.01875,3.6699998,36.0,0.3718655,11.3
2001-11-28,3.7,5.41,3.47,8.179999,1011.9,91.052635,3.98,33.0,0.35848913,11.3
2001-11-29,8.900001,7.45,5.1099997,8.79,1011.8,93.53334,4.7599998,11.0,0.12744275,11.3
2001-11-30,6.5,10.219999,8.79,11.94,1010.4,93.672226,3.1699998,12.0,0.15064909,
2001-12-01,3.0,11.83,6.3399997,12.84,1014.3,93.81112,4.33,11.0,0.1438434,11.32
2001-12-02,4.0,6.52,3.31,9.08,1025.6,93.950005,2.19,18.0,0.2012627,11.3
2001-12-03,0.8,7.73,6.8799996,8.849999,1021.7,93.412506,2.31,9.0,0.10466073,11.32
2001-12-04,7.3,8.55,7.46,9.45,1010.10004,92.875,5.96,12.0,0.14375871,11.32
2001-12-05,17.2,7.2799997,4.66,10.61,1012.9,93.100006,4.97,23.0,0.2649551,11.32
2001-12-06,0.0,5.8399997,0.53,9.559999,1027.3,92.25263,3.9399998,28.0,0.3060676,11.32
2001-12-07,0.0,0.59999996,-3.07,5.24,1039.8,93.35132,1.4599999,32.0,0.28795195,11.34
2001-12-08,0.0,0.90999997,-2.77,4.06,1042.8,94.450005,2.6699998,27.0,0.2455017,11.31
2001-12-09,0.0,-0.39,-2.1399999,1.52,1042.8,92.71333,2.6,28.0,0.24175298,11.31
2001-12-10,0.0,0.85999995,-3.07,4.56,1041.2001,91.8,1.3,25.0,0.22708146,11.3
2001-12-11,0.0,5.79,3.58,8.46,1036.6,89.89667,2.22,18.0,0.19552381,11.3
2001-12-12,0.0,2.81,0.89,6.0,1033.5,87.99334,2.61,11.0,0.10799282,11.29
2001-12-13,0.0,1.55,-3.9399998,4.17,1037.2001,86.090004,4.17,22.0,0.2056789,11.29
2001-12-14,0.0,-5.0,-7.14,-3.56,1043.0,83.89,2.35,28.0,0.19749974,11.27
2001-12-15,0.0,0.19999999,-4.06,1.9699999,1039.1,90.912506,2.74,16.0,0.14177231,11.27
2001-12-16,1.6,-0.42,-3.1899998,2.4299998,1039.7001,92.950005,2.3799999,34.0,0.29373673,11.27
2001-12-17,0.0,1.56,-1.56,5.0499997,1035.9,94.700005,2.0,19.0,0.17782952,11.28
2001-12-18,0.0,3.1699998,-1.06,5.74,1034.8,94.060005,2.23,10.0,0.09938992,11.27
2001-12-19,4.5,4.38,2.1299999,6.23,1022.9,90.53684,5.17,13.0,0.13566026,11.28
2001-12-20,7.6,0.59999996,-2.45,3.55,1023.60004,88.020004,4.2599998,31.0,0.28158346,11.27
2001-12-21,14.5,4.23,0.94,7.1099997,1002.60004,91.5875,6.71,7.0,0.07345961,11.31
2001-12-22,1.4,-0.26,-5.75,2.09,1003.8,93.51819,3.82,15.0,0.13325252,11.3
2001-12-23,3.8,-3.27,-7.24,-0.62,1016.5,85.705,4.8199997,40.0,0.3106159,11.29
2001-12-24,7.0,3.4499998,-1.8499999,7.54,999.4,93.700005,8.389999,9.0,0.09209668,11.3
2001-12-25,2.0,4.23,0.96,7.45,990.4,89.950005,5.94,23.0,0.2429475,11.32
2001-12-26,1.1,1.3399999,-0.83,3.24,999.60004,93.10715,4.2999997,19.0,0.18004861,11.3
2001-12-27,9.400001,2.08,-1.66,5.5699997,1000.5,94.200005,6.0899997,8.0,0.07788862,11.3
2001-12-28,3.0,5.12,2.18,7.58,992.0,86.715004,9.09,17.0,0.18482213,11.32
2001-12-29,6.5,0.82,-1.2099999,3.1699998,996.4,91.97778,2.8999999,20.0,0.18615928,11.31
2001-12-30,5.9,-1.3199999,-7.0299997,1.5999999,1005.8,94.200005,3.6,20.0,0.16996938,11.3
2001-12-31,0.90000004,-1.48,-8.0199995,2.11,1025.9,94.700005,3.1799998,40.0,0.33353338,11.3
2002-01-01,0.0,1.09,-2.3799999,2.97,1033.4,93.147064,5.04,24.0,0.22093464,11.3
2002-01-02,0.0,1.52,-1.15,2.9399998,1034.0,92.078575,3.7099998,22.0,0.2058156,11.3
2002-01-03,0.0,-2.75,-5.39,-1.04,1036.7001,80.535,4.92,45.0,0.3529795,11.29
2002-01-04,0.0,-4.5499997,-7.8399997,-1.7199999,1035.4,68.995,3.37,44.0,0.31852227,11.29
2002-01-05,0.0,-2.27,-6.1099997,1.0799999,1036.1,78.28,3.22,40.0,0.32049504,11.28
2002-01-06,0.0,1.76,0.32999998,4.16,1034.0,93.950005,2.8899999,9.0,0.08496582,11.29
2002-01-07,0.0,2.26,1.15,4.04,1034.3,93.637505,1.09,12.0,0.11540564,11.28
2002-01-08,0.0,1.64,0.42,2.51,1035.0,93.325005,1.5799999,11.0,0.10331918,11.29
2002-01-09,0.0,-0.98999995,-3.4199998,1.88,1036.8,91.78001,1.4699999,30.0,0.25362542,11.28
2002-01-10,0.0,-1.5899999,-4.2599998,-0.14999999,1033.8,93.240005,2.78,23.0,0.18997672,11.27
2002-01-11,4.2000003,0.87,-2.59,2.8999999,1028.1,94.700005,3.78,11.0,0.10070958,11.27
2002-01-12,0.0,2.59,1.75,3.37,1030.4,92.235,3.22,12.0,0.117067896,11.29
2002-01-13,0.0,2.6499999,0.29999998,6.02,1027.6,89.770004,3.09,40.0,0.39168477,11.3
2002-01-14,0.0,1.39,-0.39999998,2.6699998,1025.0,92.94616,3.52,21.0,0.1964919,11.28
2002-01-15,3.6000001,2.18,1.37,3.03,1015.9,92.73334,4.52,16.0,0.1550005,11.29
2002-01-16,0.0,2.87,1.54,5.66,1019.60004,93.28096,3.23,25.0,0.24785015,11.29
2002-01-17,4.0,4.27,3.24,5.41,1018.10004,93.828575,5.58,13.0,0.13549255,11.29
2002-01-18,2.2,4.44,2.37,6.45,1016.9,92.18,4.62,22.0,0.23077574,11.3
2002-01-19,0.0,5.96,3.6599998,8.04,1010.10004,91.5,6.25,23.0,0.25458306,11.3
2002-01-20,14.900001,6.8999996,2.9299998,10.099999,1008.60004,91.82,8.179999,11.0,0.12550923,11.3
2002-01-21,0.0,9.74,8.13,11.15,1008.10004,91.81579,6.94,13.0,0.16123232,11.31
2002-01-22,2.1000001,6.73,5.85,8.94,1002.0,88.87895,7.43,21.0,0.23912694,11.32
2002-01-23,4.2000003,7.02,6.0,8.54,997.60004,88.255005,7.72,16.0,0.18422733,11.32
2002-01-24,4.0,7.8399997,4.93,10.26,991.9,89.426315,8.84,15.0,0.17752014,11.31
2002-01-25,5.9,4.0099998,0.65999997,7.27,1013.10004,85.4,5.21,36.0,0.37285927,11.31
2002-01-26,22.5,9.41,7.6499996,10.7699995,999.8,90.935,10.8,17.0,0.209702,11.32
2002-01-27,5.1,8.7699995,7.16,11.12,1002.2,89.03,6.7,25.0,0.30251497,11.33
2002-01-28,3.8,10.53,8.46,12.559999,1008.2,83.755005,11.929999,37.0,0.46886164,11.35
2002-01-29,0.7,9.23,8.179999,10.91,1017.7,86.49,9.08,29.0,0.35303053,11.34
2002-01-30,4.1,10.42,7.77,11.74,1014.4,90.611115,5.85,28.0,0.3528051,11.34
2002-01-31,0.0,8.21,6.15,11.13,1011.5,84.96,7.54,34.0,0.40302178,11.33
2002-02-01,0.0,10.49,7.6,12.63,1013.5,83.53,8.2,26.0,0.32835382,11.33
2002-02-02,0.0,12.15,9.24,14.33,1016.7,66.17,7.74,66.0,0.86923844,11.33
2002-02-03,2.5,10.15,6.45,12.799999,1011.7,66.145004,5.71,56.0,0.70128626,11.31
2002-02-04,15.8,8.3,6.1299996,12.11,1010.0,84.455,8.679999,26.0,0.30922738,11.32
2002-02-05,3.2,10.34,8.01,12.03,998.5,91.43,6.85,16.0,0.20258132,11.34
2002-02-06,0.90000004,7.1499996,6.1099997,8.72,1000.3,89.475,6.68,37.0,0.42715576,11.33
2002-02-07,1.3000001,6.0099998,4.43,7.02,1014.7,86.795,6.49,31.0,0.34288892,11.33
2002-02-08,2.0,9.5199995,6.1099997,11.15,1013.10004,91.195,6.6299996,44.0,0.5411569,11.33
2002-02-09,0.0,10.059999,6.06,11.759999,1001.9,84.65,9.28,21.0,0.26348177,11.32
2002-02-10,20.9,7.5899997,6.37,9.26,1003.3,86.165,7.6099997,36.0,0.420571,11.32
2002-02-11,13.6,10.88,9.11,11.45,999.0,91.55556,11.3,18.0,0.23115247,11.35
2002-02-12,0.0,10.059999,7.64,11.78,1005.9,83.82,9.24,44.0,0.55107456,11.36
2002-02-13,0.0,5.1099997,1.7199999,9.03,1017.0,89.325005,3.03,57.0,0.6115064,11.35
2002-02-14,0.0,1.01,-2.74,4.0899997,1030.4,79.185,4.69,100.0,0.91929984,11.33
2002-02-15,0.0,-0.45,-4.89,5.0,1034.0,79.69,2.87,99.0,0.85714126,11.34
2002-02-16,0.0,0.63,-3.36,6.22,1030.7001,76.48,2.79,99.0,0.8966026,11.33
2002-02-17,1.9,0.48,-4.99,6.5499997,1020.2,84.96,1.87,95.0,0.86058044,11.33
2002-02-18,6.6,4.31,1.52,7.6099997,1015.60004,88.69,5.0,50.0,0.5225285,11.32
2002-02-19,16.0,4.83,2.3899999,7.5899997,1009.10004,84.9,7.74,59.0,0.6296619,11.32
2002-02-20,1.7,6.19,1.9399999,8.96,990.60004,82.23,7.83,63.0,0.70941037,11.35
2002-02-21,17.9,3.3,1.3,6.27,1013.2,67.41,6.27,103.0,1.0405854,11.34
2002-02-22,10.0,5.85,1.16,10.62,994.7,86.405,10.34,32.0,0.355727,11.35
2002-02-23,10.400001,2.23,0.08,4.85,993.10004,88.46,8.83,54.0,0.53086686,11.36
2002-02-24,2.1000001,2.4099998,0.17,5.14,1004.9,87.93,5.14,79.0,0.77656674,11.36
2002-02-25,31.9,4.9,1.5799999,9.86,999.5,93.887505,4.85,34.0,0.36553353,11.36
2002-02-26,1.5,9.7,7.45,11.75,986.8,81.925,11.03,53.0,0.6629537,11.4
2002-02-27,1.7,5.97,2.12,8.12,993.3,76.310005,9.3,84.0,0.93803173,11.38
2002-02-28,6.0,4.62,3.28,7.17,996.5,86.68,6.8799996,54.0,0.57606703,11.37
2002-03-01,0.0,3.22,-2.3899999,7.0099998,1009.7,84.995,3.98,84.0,0.8478479,11.39
2002-03-02,1.3000001,1.56,-3.31,6.52,1014.0,88.245,4.0699997,128.0,1.2129805,11.37
2002-03-03,1.1,4.66,-0.03,8.21,1016.7,84.705,4.83,79.0,0.83498424,11.35
2002-03-04,0.0,7.71,6.31,9.929999,1017.5,90.705,4.3399997,41.0,0.47745445,11.37
2002-03-05,0.0,6.81,4.17,9.58,1012.3,83.615,4.06,51.0,0.5792312,11.36
2002-03-06,2.3,7.8199997,4.77,9.95,1001.4,86.815,8.62,29.0,0.34144214,11.35
2002-03-07,0.0,8.3,4.8399997,10.19,1009.9,76.305,9.389999,93.0,1.1061345,11.34
2002-03-08,0.0,7.6299996,2.18,11.71,1021.0,80.560005,5.0899997,110.0,1.2757542,11.34
2002-03-09,2.8,8.04,4.27,10.889999,1007.3,77.365,7.46,114.0,1.3472157,11.34
2002-03-10,0.0,7.0899997,2.71,10.349999,1012.7,71.125,6.74,119.0,1.3630263,11.33
2002-03-11,0.0,9.01,6.0299997,13.2,1013.0,78.365005,4.85,99.0,1.2002188,11.33
2002-03-12,2.5,8.86,4.29,13.98,1015.2,82.57,2.1499999,63.0,0.7597295,11.32
2002-03-13,1.2,4.74,0.62,7.41,1018.3,85.64,3.55,29.0,0.30708453,11.31
2002-03-14,0.0,3.8899999,0.45,8.179999,1017.5,77.71,6.7,85.0,0.87465596,11.32
2002-03-15,0.0,2.53,0.84,4.38,1015.9,81.225,7.46,73.0,0.71632135,11.31
2002-03-16,0.0,7.87,2.78,15.69,1014.9,82.75,3.6599998,133.0,1.5581952,11.31
2002-03-17,3.8,8.5199995,3.6899998,16.449999,1009.7,89.32105,3.86,73.0,0.8739331,11.3
2002-03-18,11.5,9.349999,6.6499996,12.82,999.60004,90.155,5.52,72.0,0.88674164,11.31
2002-03-19,2.1000001,7.66,5.17,9.86,999.0,88.515,7.0899997,75.0,0.87985027,11.32
2002-03-20,0.0,7.33,5.7599998,9.45,1009.8,92.08948,3.36,79.0,0.91282105,11.31
2002-03-21,2.6000001,8.51,5.97,12.71,1014.3,90.06316,5.15,75.0,0.8956923,11.31
2002-03-22,0.0,5.85,3.3999999,9.09,1022.7,81.615005,4.39,112.0,1.2275026,11.31
2002-03-23,0.0,4.64,-0.58,9.74,1032.5,82.04,3.6699998,133.0,1.3932719,11.31
2002-03-24,0.0,3.34,-0.71999997,7.95,1035.8,76.995,2.83,143.0,1.4291813,11.29
2002-03-25,0.0,2.6299999,-1.5899999,7.8799996,1031.7001,73.175,2.6599998,185.0,1.8061475,11.3
2002-03-26,0.0,3.9299998,-0.63,9.0,1029.9,70.305,2.35,152.0,1.5559702,11.29
2002-03-27,0.0,3.7099998,-1.41,8.83,1033.4,76.37,2.6499999,168.0,1.7033858,11.29
2002-03-28,0.0,5.2599998,-2.08,13.37,1030.8,69.655,2.9199998,198.0,2.1197348,11.3
2002-03-29,0.0,8.059999,0.12,17.43,1024.0,65.845,3.12,203.0,2.3815582,11.29
2002-03-30,0.0,8.2,0.14999999,15.4,1021.5,71.895004,2.31,133.0,1.5686743,11.28
2002-03-31,0.0,10.42,4.4,16.97,1017.0,70.81,3.01,147.0,1.8501197,11.29
2002-04-01,0.0,11.059999,6.2599998,16.199999,1017.2,78.73,2.6,152.0,1.9459007,11.28
2002-04-02,0.0,13.389999,6.0899997,21.41,1016.5,55.495003,4.29,200.0,2.7159758,11.29
2002-04-03,0.0,12.75,7.95,18.56,1013.10004,53.65,7.0,208.0,2.7848058,11.28
2002-04-04,0.0,9.54,4.79,15.94,1011.60004,50.57,5.99,204.0,2.5121045,11.27
2002-04-05,0.0,6.91,1.49,12.74,1014.60004,58.435,6.98,216.0,2.458068,11.26
2002-04-06,0.0,3.9299998,-2.11,10.15,1022.3,62.975002,5.13,231.0,2.3742282,11.25
2002-04-07,0.0,5.3399997,-2.9399998,12.179999,1023.2,78.0,2.8,212.0,2.2844794,11.24
2002-04-08,0.0,6.62,-2.24,13.719999,1024.2001,71.41,2.62,207.0,2.3234363,11.24
2002-04-09,0.0,5.8599997,-0.26,10.59,1022.4,78.950005,3.0,146.0,1.6008973,11.23
2002-04-10,0.0,6.7599998,-0.31,12.23,1021.10004,68.035,5.52,201.0,2.269474,11.24
2002-04-11,0.0,7.39,2.4199998,12.59,1011.3,73.42,3.98,141.0,1.6310043,11.24
2002-04-12,0.0,6.6099997,-0.78,12.7699995,1005.3,84.665,4.22,168.0,1.9027698,11.23
2002-04-13,0.0,6.6499996,2.24,9.07,1006.0,79.085,4.2999997,97.0,1.0996132,11.22
2002-04-14,3.6000001,7.2999997,2.3,10.45,1008.7,85.965004,3.01,90.0,1.0395273,11.22
2002-04-15,6.0,7.8399997,6.81,9.5,1011.8,94.200005,2.6599998,45.0,0.52751374,11.25
2002-04-16,0.0,7.9199996,5.81,9.32,1015.10004,93.23334,2.9399998,58.0,0.6804644,11.25
2002-04-17,0.0,7.87,3.72,11.719999,1015.7,86.97,1.9799999,80.0,0.9369042,11.26
2002-04-18,9.900001,8.9,4.5699997,14.33,1016.4,90.950005,2.27,126.0,1.5203685,11.25
2002-04-19,0.0,8.639999,3.8999999,13.179999,1021.0,85.61,2.6799998,152.0,1.8164986,11.27
2002-04-20,0.0,8.69,3.9299998,12.66,1030.2001,88.66316,2.03,127.0,1.5135115,11.26
2002-04-21,0.0,9.889999,1.91,17.32,1035.8,82.47,1.51,237.0,2.915493,11.27
2002-04-22,0.0,13.809999,5.4,19.77,1030.3,71.03,3.31,188.0,2.5648463,11.26
2002-04-23,0.0,12.599999,9.719999,16.51,1028.6,81.67,4.19,180.0,2.3859463,11.26
2002-04-24,0.0,13.0,7.0,18.4,1025.6,84.8,2.87,158.0,2.1177201,11.25
2002-04-25,0.0,11.0,4.36,17.57,1019.5,86.04,3.46,171.0,2.1835134,11.25
2002-04-26,23.0,8.71,6.2799997,12.44,1003.8,90.111115,5.08,65.0,0.784601,11.25
2002-04-27,10.400001,7.24,5.0299997,10.32,1005.0,83.395004,5.44,172.0,1.9865918,11.31
2002-04-28,12.8,9.28,6.2599998,11.92,996.60004,91.255005,6.45,77.0,0.9477627,11.31
2002-04-29,5.8,8.5199995,5.0299997,11.67,997.60004,80.185,8.22,168.0,2.022663,11.31
2002-04-30,3.4,10.219999,6.39,12.84,1003.60004,82.135,6.44,96.0,1.2088237,11.32
2002-05-01,4.5,9.57,4.02,14.5199995,1003.9,84.05,5.56,195.0,2.411663,11.31
2002-05-02,5.6,9.559999,4.45,14.87,1008.3,90.265,3.1299999,111.0,1.3696835,11.31
2002-05-03,1.9,8.74,7.9199996,10.429999,1014.7,87.355,4.72,108.0,1.2981943,11.31
2002-05-04,12.5,8.45,6.56,10.139999,1016.60004,87.815,5.7799997,74.0,0.88125783,11.3
2002-05-05,1.2,9.12,7.0699997,11.03,1015.10004,92.48572,4.27,47.0,0.5710423,11.32
2002-05-06,0.0,9.889999,4.08,14.389999,1023.3,91.4,2.97,102.0,1.261732,11.32
2002-05-07,0.0,12.49,7.94,17.58,1023.5,84.175,2.6299999,216.0,2.8611991,11.32
2002-05-08,0.0,11.82,7.46,16.13,1017.2,93.175,4.29,165.0,2.1544857,11.31
2002-05-09,0.0,16.4,10.11,22.65,1009.10004,84.265,3.84,231.0,3.3664684,11.31
2002-05-10,0.0,16.63,12.469999,22.93,1006.60004,84.520004,3.1999998,185.0,2.7115479,11.3
2002-05-11,0.0,12.849999,10.969999,14.08,1008.5,90.115005,3.1799998,109.0,1.4656585,11.3
2002-05-12,0.0,11.63,7.0,15.71,1014.3,82.065,3.1599998,120.0,1.5611683,11.3
2002-05-13,0.0,15.36,6.5099998,21.17,1013.8,74.425,3.79,263.0,3.7412758,11.28
2002-05-14,1.5,13.599999,10.49,17.24,1013.0,78.975,7.06,158.0,2.1593955,11.29
2002-05-15,0.0,13.299999,9.059999,18.4,1023.3,79.18,4.5899997,204.0,2.7568502,11.28
2002-05-16,0.0,14.7699995,8.059999,21.949999,1020.8,75.945,3.21,298.0,4.1725197,11.27
2002-05-17,0.0,12.54,5.77,18.35,1015.60004,85.455,3.57,273.0,3.6324317,11.27
2002-05-18,0.0,13.58,8.5,19.25,1014.7,85.115,3.58,160.0,2.1842265,11.27
2002-05-19,0.0,14.37,9.179999,18.76,1018.3,82.21,3.26,188.0,2.6107898,11.25
2002-05-20,0.0,16.84,7.8999996,23.47,1015.0,72.765,3.1599998,243.0,3.5666654,11.26
2002-05-21,0.0,19.67,12.45,25.13,1005.8,61.245003,5.12,281.0,4.3722997,11.25
2002-05-22,4.1,17.18,14.429999,22.51,1001.5,79.68,4.06,159.0,2.3612463,11.25
2002-05-23,0.0,15.259999,10.9,19.46,1007.5,79.68,2.9199998,176.0,2.5039952,11.26
2002-05-24,0.0,13.62,7.9199996,19.369999,1007.3,81.295,5.69,170.0,2.3297336,11.25
2002-05-25,2.7,11.86,7.83,16.859999,1010.10004,79.865,5.16,201.0,2.6350489,11.25
2002-05-26,2.1000001,12.24,7.43,18.32,1007.60004,79.065,4.11,203.0,2.6897266,11.27
2002-05-27,1.8000001,13.95,7.45,19.46,1007.2,77.375,2.8999999,265.0,3.6600645,11.28
2002-05-28,0.0,14.92,10.2,19.88,1009.0,79.69,2.48,186.0,2.624822,11.27
2002-05-29,1.0,12.73,9.08,16.92,1013.9,79.755005,4.74,205.0,2.7423995,11.24
2002-05-30,2.7,12.7699995,7.87,17.789999,1021.9,77.955,3.9499998,239.0,3.190044,11.25
2002-05-31,0.0,12.309999,5.81,17.869999,1024.4,74.925,4.62,247.0,3.2558844,11.24
2002-06-01,0.0,12.36,3.9499998,18.48,1027.1,76.15,2.4099998,302.0,3.9814956,11.23
2002-06-02,0.0,16.05,7.1099997,23.119999,1021.5,67.515,3.87,312.0,4.493032,11.23
2002-06-03,5.7000003,18.699999,12.91,25.71,1010.4,68.090004,4.2,240.0,3.6616232,11.22
2002-06-04,0.0,17.38,12.08,23.859999,1007.3,80.06,3.05,245.0,3.6458318,11.26
2002-06-05,0.0,21.279999,15.12,26.55,999.7,71.195,5.04,183.0,2.9351573,11.25
2002-06-06,3.3,17.699999,15.219999,21.779999,1003.10004,83.47,2.52,161.0,2.4147477,11.24
2002-06-07,6.5,15.67,13.12,18.22,1003.9,92.611115,3.08,98.0,1.4087222,11.3
2002-06-08,0.0,15.33,10.65,19.539999,1008.7,84.66,1.5899999,169.0,2.407049,11.29
2002-06-09,3.6000001,16.82,8.94,22.99,1007.8,74.645004,2.6499999,212.0,3.1182616,11.26
2002-06-10,5.5,13.46,10.34,17.949999,1009.2,87.745,4.22,151.0,2.0599523,11.28
2002-06-11,5.6,13.36,10.01,18.16,1013.2,83.61,3.9299998,217.0,2.948571,11.27
2002-06-12,7.2000003,13.59,9.76,18.47,1013.0,90.46,3.35,123.0,1.6806492,11.28
2002-06-13,2.0,13.42,11.509999,16.66,1013.60004,87.705,4.16,132.0,1.7958975,11.29
2002-06-14,1.1,16.82,12.13,21.05,1014.7,88.515,2.59,140.0,2.0542314,11.27
2002-06-15,0.0,17.57,15.0199995,20.109999,1013.4,81.595,4.9,230.0,3.4285617,11.28
2002-06-16,0.0,16.59,12.58,20.59,1017.10004,86.78,3.6599998,165.0,2.4073975,11.26
2002-06-17,0.0,23.22,14.13,30.21,1016.9,75.895004,2.71,307.0,5.058325,11.25
2002-06-18,0.0,22.449999,12.349999,32.34,1014.9,79.295,4.0299997,272.0,4.42892,11.24
2002-06-19,15.1,17.359999,10.88,23.769999,1022.7,77.380005,2.79,268.0,3.965357,11.22
2002-06-20,2.7,15.299999,13.17,18.01,1018.3,92.95385,3.3799999,71.0,1.0069793,11.28
2002-06-21,2.7,15.599999,10.78,19.93,1021.10004,81.51,2.6299999,194.0,2.766907,11.27
2002-06-22,0.8,16.52,10.95,20.84,1018.4,83.885,3.86,143.0,2.0823748,11.27
2002-06-23,1.9,15.719999,11.8,19.55,1019.4,77.19,4.25,260.0,3.7203012,11.25
2002-06-24,0.0,15.059999,9.86,20.55,1024.5,76.75,3.33,289.0,4.067499,11.27
2002-06-25,0.0,15.86,9.78,21.449999,1026.2001,77.43,3.46,264.0,3.7797341,11.24
2002-06-26,2.1000001,15.99,8.349999,21.859999,1020.3,76.31,3.78,258.0,3.7121897,11.23
2002-06-27,1.9,14.2,10.5199995,18.31,1013.2,78.375,4.7,239.0,3.3124952,11.24
2002-06-28,7.0,12.849999,9.7,17.27,1014.3,84.145004,5.93,187.0,2.5085855,11.24
2002-06-29,0.0,13.2699995,9.0199995,18.1,1018.10004,78.11,4.66,236.0,3.1935732,11.25
2002-06-30,5.0,14.94,12.509999,17.25,1012.0,86.145004,5.22,111.0,1.5653598,11.24
2002-07-01,2.7,13.28,12.13,14.29,1002.2,92.48948,6.37,52.0,0.7083163,11.26
2002-07-02,3.9,13.92,11.639999,17.56,1000.2,83.125,5.98,177.0,2.4496324,11.27
2002-07-03,7.5,14.0,11.82,15.65,998.7,93.26667,4.91,71.0,0.9850267,11.27
2002-07-04,0.0,14.7,10.15,18.81,1010.9,84.69,5.38,202.0,2.83446,11.27
2002-07-05,0.90000004,14.94,10.13,19.35,1012.8,84.475,2.59,142.0,2.0019298,11.25
2002-07-06,1.2,15.29,10.94,19.67,1013.4,86.895004,3.37,128.0,1.8183005,11.26
2002-07-07,0.0,15.16,10.46,18.58,1016.0,88.380005,3.1399999,143.0,2.023559,11.24
2002-07-08,0.0,18.96,13.12,23.84,1011.8,75.32,3.6699998,270.0,4.1378937,11.23
2002-07-09,1.8000001,20.38,13.65,26.63,1007.60004,83.24,2.54,221.0,3.4811277,11.22
2002-07-10,14.6,14.49,11.82,16.96,1010.5,93.50001,2.47,105.0,1.4665517,11.23
2002-07-11,2.9,14.099999,10.53,18.96,1017.60004,85.555,3.87,249.0,3.4372282,11.31
2002-07-12,0.0,16.55,8.07,22.5,1020.8,74.965004,2.1699998,241.0,3.508692,11.27
2002-07-13,1.5,16.63,14.32,19.34,1017.5,90.583336,3.02,136.0,1.9856669,11.27
2002-07-14,0.0,18.44,13.86,23.26,1022.2,87.36,3.09,153.0,2.3135505,11.25
2002-07-15,0.0,19.56,14.469999,24.09,1022.0,77.165,3.6299999,288.0,4.4491525,11.23
2002-07-16,0.0,18.48,13.59,23.47,1017.9,80.735,4.14,207.0,3.1369984,11.23
2002-07-17,0.0,17.15,14.7699995,21.56,1016.8,82.805,5.47,157.0,2.3177395,11.22
2002-07-18,0.0,15.2699995,13.37,18.35,1016.60004,75.75,6.23,148.0,2.0989804,11.21
2002-07-19,0.0,14.889999,12.04,17.15,1018.0,82.125,3.61,109.0,1.5319624,11.19
2002-07-20,5.4,15.54,6.54,21.17,1016.10004,77.07,1.7199999,200.0,2.8539581,11.2
2002-07-21,11.8,15.429999,12.259999,18.98,1011.2,87.625,3.78,144.0,2.0535963,11.23
2002-07-22,0.0,15.15,12.82,19.06,1015.5,79.58,5.23,160.0,2.264039,11.22
2002-07-23,5.6,16.8,14.61,19.73,1010.0,87.895004,4.9,109.0,1.6013492,11.2
2002-07-24,0.0,16.09,12.61,19.24,1011.8,79.520004,4.81,192.0,2.7770286,11.24
2002-07-25,2.0,15.75,12.19,20.09,1014.10004,79.99,3.4099998,173.0,2.4818509,11.21
2002-07-26,0.0,17.539999,12.12,22.46,1015.10004,86.745,3.62,152.0,2.2631435,11.21
2002-07-27,0.0,20.279999,10.7,27.07,1019.10004,82.935,2.02,247.0,3.8699055,11.18
2002-07-28,0.0,23.3,16.039999,29.9,1019.3,73.795,2.0,296.0,4.880016,11.15
2002-07-29,0.0,23.55,15.94,30.289999,1018.3,73.025,2.18,287.0,4.7515826,11.13
2002-07-30,11.7,23.369999,18.039999,32.5,1011.4,76.78,2.76,252.0,4.168287,11.12
2002-07-31,9.5,22.449999,17.01,28.939999,1008.2,83.075005,2.1699998,238.0,3.8827438,11.19
2002-08-01,5.9,18.81,16.1,22.74,1009.60004,93.48334,3.6799998,109.0,1.6669244,11.24
2002-08-02,0.0,19.1,14.91,24.64,1013.5,75.75,2.8899999,250.0,3.8394234,11.23
2002-08-03,2.5,16.98,13.2699995,21.4,1013.7,89.695,2.46,150.0,2.2090473,11.21
2002-08-04,0.0,17.77,13.24,23.91,1012.4,85.605,1.8,208.0,3.1141315,11.22
2002-08-05,11.2,17.63,13.429999,22.789999,1012.4,91.125,1.78,92.0,1.3735504,11.21
2002-08-06,0.0,18.09,14.259999,22.09,1011.9,89.855,1.77,156.0,2.3508554,11.26
2002-08-07,0.0,18.119999,12.75,24.56,1015.2,86.78,1.37,169.0,2.5454404,11.23
2002-08-08,0.0,18.99,15.009999,23.74,1011.9,87.29,1.77,137.0,2.1007237,11.24
2002-08-09,11.8,18.68,13.74,25.07,1005.60004,85.495,2.31,177.0,2.7036867,11.22
2002-08-10,10.2,17.619999,14.139999,20.42,1004.7,92.73334,2.18,138.0,2.0653517,11.25
2002-08-11,2.9,18.64,15.349999,23.019999,1004.8,93.08948,2.9199998,137.0,2.0916357,11.28
2002-08-12,0.0,17.289999,13.389999,21.8,1009.5,86.24,3.99,177.0,2.6271245,11.27
2002-08-13,0.0,17.539999,13.349999,22.83,1017.8,83.5,3.4299998,224.0,3.3320754,11.24
2002-08-14,0.0,19.06,12.96,24.81,1020.10004,87.775,2.1499999,192.0,2.9401526,11.24
2002-08-15,0.0,20.71,13.389999,27.26,1018.8,81.85,1.61,239.0,3.7737496,11.22
2002-08-16,0.0,21.21,14.63,28.07,1019.4,78.705,2.27,260.0,4.140643,11.21
2002-08-17,0.0,21.76,12.46,28.71,1017.5,74.770004,2.6599998,251.0,4.037342,11.2
2002-08-18,0.0,23.24,17.46,29.56,1014.0,73.47,3.3999999,232.0,3.826867,11.18
2002-08-19,1.1,21.8,17.289999,25.22,1014.4,84.465004,2.18,165.0,2.6582336,11.18
2002-08-20,26.2,21.359999,15.92,28.65,1013.3,82.28,2.53,189.0,3.0232146,11.16
2002-08-21,1.6,18.93,17.06,22.55,1012.9,94.100006,1.9,120.0,1.837358,11.28
2002-08-22,2.1000001,17.06,12.469999,19.609999,1017.4,90.625,2.51,121.0,1.7826047,11.27
2002-08-23,1.2,16.529999,12.62,20.75,1019.0,91.895004,2.23,150.0,2.1843052,11.28
2002-08-24,21.6,17.279999,12.94,19.85,1019.0,94.00001,2.1399999,67.0,0.9909826,11.27
2002-08-25,0.0,17.91,13.429999,22.43,1022.4,86.885,2.56,147.0,2.1995463,11.32
2002-08-26,0.0,17.83,10.94,22.72,1020.3,88.565,2.3999999,173.0,2.586282,11.29
2002-08-27,0.0,20.42,17.289999,25.41,1015.0,88.857895,3.8899999,167.0,2.6263978,11.29
2002-08-28,0.0,19.6,14.46,24.14,1017.10004,87.3,3.36,188.0,2.9109936,11.27
2002-08-29,0.0,17.47,13.03,23.26,1018.4,87.62,1.5799999,169.0,2.5098543,11.27
2002-08-30,0.0,18.38,13.61,23.38,1017.7,90.1,3.28,166.0,2.5109339,11.26
2002-08-31,0.0,17.08,13.28,19.85,1020.3,81.655,4.33,128.0,1.884606,11.25
2002-09-01,0.0,14.849999,9.53,20.199999,1029.6,76.435,2.6,173.0,2.4186974,11.24
2002-09-02,0.0,15.21,8.58,21.699999,1030.0,80.39,2.83,209.0,2.945459,11.23
2002-09-03,0.0,16.88,10.38,23.289999,1020.10004,73.740005,4.16,199.0,2.9180534,11.24
2002-09-04,0.0,15.559999,9.42,22.9,1011.4,81.200005,2.23,158.0,2.2595217,11.22
2002-09-05,0.0,15.46,8.139999,22.74,1013.7,81.315,1.9699999,165.0,2.352458,11.21
2002-09-06,0.0,16.51,12.59,21.05,1013.4,87.23,4.46,136.0,1.9835454,11.2
2002-09-07,3.0,17.15,14.16,21.59,1010.7,84.765,4.22,140.0,2.0711632,11.2
2002-09-08,0.0,18.199999,12.639999,24.609999,1011.5,79.200005,2.99,169.0,2.5526083,11.24
2002-09-09,17.0,19.17,13.23,26.96,1012.7,82.6,3.77,175.0,2.6918395,11.22
2002-09-10,11.0,14.259999,13.38,15.38,1020.2,93.4,2.23,54.0,0.7474552,11.3
2002-09-11,0.0,17.109999,13.63,20.68,1025.2001,91.51667,2.7,107.0,1.5737088,11.28
2002-09-12,0.0,16.09,12.17,21.279999,1027.7001,80.83,4.06,194.0,2.7899241,11.27
2002-09-13,0.0,15.969999,9.929999,22.05,1026.0,85.270004,2.96,188.0,2.6982722,11.25
2002-09-14,0.0,15.559999,11.19,19.689999,1021.60004,88.875,3.72,89.0,1.2680053,11.26
2002-09-15,0.0,13.62,8.45,18.8,1022.3,84.345,2.21,160.0,2.1797862,11.26
2002-09-16,0.0,13.349999,7.44,18.34,1019.10004,88.53,2.45,86.0,1.1655446,11.25
2002-09-17,0.0,14.799999,12.4,18.31,1017.10004,84.615,3.1399999,79.0,1.108438,11.24
2002-09-18,0.0,14.179999,12.429999,17.05,1016.7,86.925,2.04,55.0,0.7609076,11.24
2002-09-19,0.0,13.83,12.16,17.52,1017.10004,86.67,1.51,54.0,0.7408591,11.22
2002-09-20,0.0,13.799999,10.2,17.16,1019.0,85.235,2.34,82.0,1.1233777,11.21
2002-09-21,2.8,12.91,9.45,16.63,1016.0,89.505005,2.46,65.0,0.8726525,11.22
2002-09-22,10.1,12.11,9.48,15.37,1010.10004,90.490005,3.6799998,116.0,1.5303882,11.32
2002-09-23,0.0,11.23,6.5899997,15.38,1019.7,78.395004,5.45,150.0,1.9268532,11.24
2002-09-24,6.9,10.3,5.41,15.5,1023.5,82.315,2.9299998,163.0,2.0389993,11.23
2002-09-25,1.2,13.099999,9.49,15.86,1016.0,90.275,3.29,64.0,0.8632177,11.27
2002-09-26,1.5,13.009999,9.88,16.72,1014.5,89.23,2.74,82.0,1.1042427,11.26
2002-09-27,0.0,12.4,8.28,16.19,1023.60004,80.035,1.9,125.0,1.6519896,11.24
2002-09-28,0.0,13.12,8.74,17.51,1027.9,90.79,1.8499999,70.0,0.940127,11.24
2002-09-29,0.0,12.599999,6.98,18.47,1028.8,85.81,1.62,92.0,1.2193848,11.24
2002-09-30,0.0,11.37,5.2,19.43,1026.1,85.265,1.9399999,145.0,1.8644098,11.23
2002-10-01,0.0,11.309999,5.29,19.6,1023.2,87.295,1.3399999,128.0,1.6452556,11.21
2002-10-02,0.0,12.259999,5.93,18.93,1021.10004,89.865005,1.5799999,92.0,1.2128322,11.21
2002-10-03,1.8000001,13.5199995,9.01,18.33,1020.2,93.52857,2.8899999,48.0,0.6529136,11.2
2002-10-04,5.0,12.28,8.11,16.88,1024.3,88.045,3.7099998,118.0,1.5543302,11.21
2002-10-05,5.0,12.88,7.79,15.58,1016.7,93.818184,4.72,27.0,0.36211774,11.26
2002-10-06,0.8,9.7699995,3.09,13.28,1015.8,84.045,4.8399997,94.0,1.1627849,11.25
2002-10-07,0.0,7.5499997,1.7199999,12.59,1017.9,91.68824,3.1299999,71.0,0.82266754,11.26
2002-10-08,0.0,4.69,-1.9,10.07,1017.8,82.165,2.6399999,129.0,1.3640523,11.25
2002-10-09,0.0,9.0,3.34,14.2699995,1014.4,82.065,6.25,106.0,1.2838907,11.24
2002-10-10,0.0,7.0499997,4.27,11.28,1015.4,74.090004,6.71,131.0,1.4966565,11.23
2002-10-11,0.0,5.72,2.23,10.11,1018.3,74.065,6.08,124.0,1.3563113,11.21
2002-10-12,0.0,4.98,1.48,8.0199995,1014.8,78.215004,5.41,87.0,0.93038195,11.21
2002-10-13,2.2,4.99,4.08,5.72,1013.3,86.865005,4.85,32.0,0.3425898,11.2
2002-10-14,3.6000001,4.65,3.6,6.6299996,1006.5,94.3,4.7,23.0,0.2443175,11.23
2002-10-15,5.6,6.6499996,3.1,9.8,1008.0,92.57778,3.04,48.0,0.5436,11.25
2002-10-16,0.0,11.34,7.08,13.9,996.3,89.41,5.5899997,42.0,0.5464991,11.27
2002-10-17,2.6000001,9.01,4.5899997,11.69,997.60004,89.97,5.5899997,64.0,0.78141946,11.26
2002-10-18,0.0,6.48,2.05,10.25,1004.0,90.655,4.46,52.0,0.5869414,11.27
2002-10-19,1.3000001,5.0299997,1.3199999,10.45,1014.3,88.426315,3.3799999,79.0,0.8464562,11.26
2002-10-20,5.5,6.2599998,2.28,11.059999,1016.3,86.625,2.84,76.0,0.8466909,11.27
2002-10-21,4.1,7.89,4.77,12.599999,999.0,94.03334,4.0099998,22.0,0.25986224,11.28
2002-10-22,6.4,12.9,11.09,15.37,988.8,92.990005,5.13,41.0,0.55640805,11.28
2002-10-23,5.1,9.45,4.65,13.509999,993.5,86.415,6.15,51.0,0.63161945,11.28
2002-10-24,0.0,6.48,3.62,10.84,1006.9,85.675,4.43,81.0,0.91295457,11.29
2002-10-25,10.2,10.98,7.64,13.67,994.5,90.72,6.3199997,23.0,0.29671687,11.28
2002-10-26,6.1,9.41,6.8399997,11.9,1004.8,83.965004,7.58,47.0,0.5784465,11.29
2002-10-27,8.400001,10.75,7.33,14.96,997.9,86.925,11.01,38.0,0.4865501,11.3
2002-10-28,1.2,8.599999,5.33,11.929999,1022.60004,81.53,6.19,71.0,0.84688103,11.3
2002-10-29,0.0,7.22,4.99,9.58,1018.7,90.315,2.87,26.0,0.29812652,11.3
2002-10-30,0.0,5.24,-0.34,11.46,1016.0,92.965004,1.18,67.0,0.72226113,11.3
2002-10-31,0.0,4.75,0.42999998,12.15,1019.9,91.221054,1.31,61.0,0.64561605,11.3
2002-11-01,11.2,6.87,-0.08,11.05,1015.0,92.398026,2.3799999,22.0,0.24999928,11.28
2002-11-02,10.5,9.5199995,7.1299996,11.84,1011.5,93.575005,4.63,37.0,0.45539263,11.3
2002-11-03,1.1,7.31,4.0699997,10.86,1005.0,93.36667,4.2,28.0,0.3240883,11.31
2002-11-04,0.0,6.12,3.56,7.49,1014.9,93.45334,1.93,29.0,0.32186615,11.3
2002-11-05,0.0,3.76,2.69,4.92,1025.0,93.54,2.23,49.0,0.4999271,11.3
2002-11-06,13.5,6.6,1.35,10.98,1015.9,91.31053,5.0099998,54.0,0.60821414,11.3
2002-11-07,2.8,6.54,3.3799999,9.139999,1009.5,92.8,3.25,24.0,0.27066496,11.31
2002-11-08,16.2,5.5099998,2.1299999,9.42,1004.2,92.31334,5.67,31.0,0.33920032,11.31
2002-11-09,2.5,6.45,1.4,10.26,1000.60004,88.165,4.92,39.0,0.4405392,11.32
2002-11-10,2.0,4.38,-1.1899999,7.73,1006.0,92.850006,3.1999998,28.0,0.29480785,11.32
2002-11-11,1.7,7.97,5.1,11.74,1001.7,93.318184,3.4499998,38.0,0.44933763,11.32
2002-11-12,0.0,9.139999,7.71,10.59,1003.8,89.700005,5.5499997,23.0,0.28105482,11.32
2002-11-13,3.9,8.889999,6.92,10.2699995,993.9,91.825005,4.91,18.0,0.21940272,11.32
2002-11-14,0.0,9.21,6.54,12.74,988.7,84.16,4.63,33.0,0.40686294,11.31
2002-11-15,0.0,5.31,0.72999996,10.179999,994.8,93.473335,2.1499999,24.0,0.2621699,11.31
2002-11-16,2.8,6.5,1.4699999,8.96,999.3,93.83667,2.45,16.0,0.1811347,11.3
2002-11-17,0.0,8.12,6.22,10.2,1007.10004,94.200005,2.6799998,20.0,0.23693521,11.3
2002-11-18,0.0,7.3599997,3.78,8.8,1013.7,94.03334,2.6699998,20.0,0.23086931,11.29
2002-11-19,0.0,4.94,1.43,7.3799996,1014.9,93.24546,2.5,26.0,0.27766004,11.28
2002-11-20,0.0,0.95,-0.65999997,3.8899999,1011.3,92.91429,4.35,40.0,0.37093768,11.3
2002-11-21,0.90000004,4.56,1.0699999,7.1499996,998.2,91.90834,4.98,16.0,0.17019022,11.3
2002-11-22,0.0,6.0499997,2.47,8.45,999.8,94.4,2.85,18.0,0.20085523,11.3
2002-11-23,1.5,5.39,0.79999995,9.86,1006.10004,91.684616,2.86,45.0,0.48998618,11.3
2002-11-24,0.0,6.1299996,0.81,9.5,1008.5,91.9,2.73,33.0,0.367557,11.29
2002-11-25,11.7,4.39,0.96999997,5.19,1004.8,93.15,3.34,13.0,0.1370086,11.29
2002-11-26,0.0,6.75,3.62,10.19,1012.3,93.630775,2.79,20.0,0.22672571,11.29
2002-11-27,0.0,5.48,3.23,8.429999,1015.9,93.240005,3.6399999,39.0,0.4237732,11.31
2002-11-28,2.8,7.0299997,4.72,9.7,1010.0,93.85385,3.05,23.0,0.26330262,11.3
2002-11-29,0.0,6.6,2.22,9.91,1013.5,93.950005,1.77,15.0,0.16914877,11.3
2002-11-30,0.0,5.74,1.68,8.36,1019.2,92.86711,1.53,15.0,0.16410176,11.29
2002-12-01,5.8,6.97,5.7999997,8.72,1007.9,91.78421,5.2599998,20.0,0.2287709,11.3
2002-12-02,0.0,6.56,4.81,7.5,999.9,93.12667,4.83,11.0,0.12472628,11.31
2002-12-03,0.0,6.16,3.27,7.6,1012.5,93.225006,2.71,17.0,0.1891485,11.29
2002-12-04,0.0,3.86,0.5,7.1499996,1015.2,93.32223,2.81,17.0,0.17496407,11.3
2002-12-05,0.0,3.9299998,0.90999997,5.41,1023.9,93.15455,4.1,17.0,0.17457812,11.28
2002-12-06,0.0,1.7099999,0.089999996,3.47,1031.1,87.665,6.2599998,10.0,0.09438231,11.29
2002-12-07,0.0,-0.78999996,-4.65,1.88,1029.3,79.450005,6.7999997,12.0,0.102751836,11.29
2002-12-08,0.0,-3.1899998,-5.7999997,0.53,1031.7001,67.615,7.3799996,36.0,0.27783555,11.28
2002-12-09,0.0,-6.1099997,-8.679999,-3.3799999,1033.0,75.365,6.56,42.0,0.2828397,11.26
2002-12-10,0.0,-7.1099997,-9.889999,-3.7099998,1029.7001,73.03,5.77,42.0,0.26988837,
2002-12-11,0.0,-6.14,-8.94,-2.3,1028.4,64.200005,6.17,41.0,0.27656484,
2002-12-12,0.0,-5.5299997,-6.81,-3.1399999,1023.9,74.465004,4.52,31.0,0.21597348,
2002-12-13,0.0,-6.12,-8.16,-3.6999998,1025.6,82.5,3.3,25.0,0.16912168,
2002-12-14,0.0,-3.27,-4.35,-1.48,1022.4,89.785,4.5,12.0,0.092832856,
2002-12-15,1.4,-1.61,-2.76,-0.79999995,1014.3,86.035,6.8399997,12.0,0.1002294,
2002-12-16,1.7,-0.32999998,-1.03,0.56,1011.4,94.200005,4.11,9.0,0.07936439,
2002-12-17,0.0,0.08,-3.3999999,1.09,1023.5,93.175,2.18,7.0,0.062296998,
2002-12-18,0.0,-0.84999996,-5.42,2.6599998,1031.5,94.450005,2.0,20.0,0.17060587,
2002-12-19,0.0,-0.25,-2.01,1.27,1030.7001,94.512505,2.11,17.0,0.14867283,
2002-12-20,0.0,-2.09,-3.05,-1.49,1019.5,94.575005,1.6999999,13.0,0.10605744,
2002-12-21,0.0,-1.8499999,-3.1399999,-0.74,1019.10004,94.637505,1.5,12.0,0.098926924,
2002-12-22,16.4,-0.17999999,-3.02,1.14,1009.3,94.700005,5.22,8.0,0.07106023,
2002-12-23,5.2000003,0.61,0.14999999,1.25,1014.4,91.9,4.7999997,13.0,0.11876527,
2002-12-24,4.8,3.3799999,1.1,4.7799997,1010.3,92.66667,4.46,13.0,0.13191576,
2002-12-25,1.5,6.95,4.42,8.429999,1013.10004,93.433334,2.75,13.0,0.14823139,
2002-12-26,8.1,7.8999996,6.5099998,9.37,1004.0,94.200005,4.61,13.0,0.15323405,
2002-12-27,10.2,9.55,6.8199997,10.57,994.7,93.5,4.37,9.0,0.111710906,
2002-12-28,1.4,8.37,6.5699997,9.679999,996.9,94.86667,4.3199997,11.0,0.13190545,
2002-12-29,19.800001,6.5,5.6299996,7.3599997,1000.9,93.22,3.9199998,10.0,0.11311881,
2002-12-30,4.2000003,2.34,0.32,6.14,1000.5,93.950005,5.8399997,8.0,0.0786335,
2002-12-31,0.0,-1.76,-5.52,0.59,1015.2,80.54,6.58,31.0,0.25715563,
2003-01-01,13.6,1.17,-4.94,8.179999,999.7,92.10909,4.13,10.0,0.094149314,
2003-01-02,18.800001,5.52,2.28,7.3999996,984.4,93.700005,3.4399998,8.0,0.08846249,11.34
2003-01-03,0.0,1.15,-0.65999997,2.23,996.7,93.66,3.01,11.0,0.10366654,11.36
2003-01-04,0.0,-3.05,-6.17,-0.39,1011.4,81.945,3.9199998,20.0,0.1573342,11.34
2003-01-05,1.0,-2.56,-6.0299997,0.25,1011.60004,92.8353,3.07,17.0,0.13659847,11.32
2003-01-06,0.0,-2.11,-6.79,-0.51,1016.3,84.450005,4.64,25.0,0.20419048,11.32
2003-01-07,1.7,-6.3599997,-10.11,-4.08,1022.0,83.695,1.7099999,24.0,0.1608725,11.31
2003-01-08,0.0,-6.0099998,-11.04,-3.51,1020.5,83.94,2.6299999,25.0,0.17061219,11.3
2003-01-09,0.0,-9.76,-13.42,-6.8399997,1022.60004,80.015,2.62,48.0,0.27035064,11.27
2003-01-10,0.0,-6.3199997,-10.099999,-3.29,1026.8,78.135,2.2,31.0,0.20751676,11.29
2003-01-11,0.0,-4.5099998,-12.4,-0.52,1034.5,85.96,2.54,37.0,0.2685021,11.27
2003-01-12,9.6,1.16,-1.61,2.9399998,1029.6,87.56,5.37,27.0,0.24976395,11.27
2003-01-13,2.2,5.5,2.6499999,7.37,1020.5,94.28001,6.5,13.0,0.14101927,11.32
2003-01-14,0.0,7.25,6.64,8.4,1023.5,90.840004,7.5099998,13.0,0.14885518,11.32
2003-01-15,0.7,6.0299997,4.54,7.2599998,1019.3,86.3,8.09,12.0,0.13251002,11.32
2003-01-16,0.0,5.0,3.61,7.39,1022.5,90.0,6.0699997,27.0,0.2877838,11.32
2003-01-17,0.0,3.21,1.03,5.74,1017.4,88.065,6.49,29.0,0.29137897,11.31
2003-01-18,0.0,4.45,2.07,5.7599998,1014.4,91.100006,5.44,14.0,0.14710064,11.3
2003-01-19,2.6000001,4.0099998,1.53,7.19,1003.10004,86.275,6.0,19.0,0.19784233,11.3
2003-01-20,2.1000001,7.47,5.25,8.72,998.3,88.44,6.8199997,18.0,0.21003497,11.3
2003-01-21,2.2,7.0,5.58,9.42,990.0,90.685005,5.13,24.0,0.27720857,11.31
2003-01-22,4.8,6.83,5.67,8.45,991.8,91.535,5.2,25.0,0.2870029,11.31
2003-01-23,0.0,5.06,2.02,6.5499997,1016.8,90.18421,5.31,14.0,0.14996067,11.31
2003-01-24,0.0,2.6799998,-0.13,5.79,1035.4,86.33,3.32,41.0,0.40020102,11.31
2003-01-25,4.2000003,4.23,2.82,6.02,1027.4,92.34375,5.6,22.0,0.22786038,11.3
2003-01-26,4.4,5.3399997,2.57,8.8,1024.1,94.00001,4.98,16.0,0.17233434,11.29
2003-01-27,3.4,8.809999,8.15,10.179999,1019.9,93.63334,5.7599998,22.0,0.26434764,11.3
2003-01-28,5.6,5.2799997,3.34,8.07,1004.8,82.925,8.0199995,24.0,0.2605607,11.31
2003-01-29,3.4,3.03,0.72999996,5.2999997,998.10004,90.66843,4.46,22.0,0.2219744,11.31
2003-01-30,4.0,-0.44,-2.9299998,2.56,1000.8,86.435,5.16,26.0,0.22972912,11.31
2003-01-31,0.0,-4.24,-8.4,-1.54,1018.10004,71.3,3.47,58.0,0.43074378,11.3
2003-02-01,2.5,-3.57,-8.01,-1.8,1015.60004,85.06,5.3399997,37.0,0.28367996,11.29
2003-02-02,5.1,1.8399999,-1.1,4.02,1000.9,94.36667,6.17,19.0,0.18331121,11.29
2003-02-03,4.6,1.9699999,-0.19999999,4.52,988.10004,90.16843,5.7999997,36.0,0.3515601,11.3
2003-02-04,6.4,0.66999996,-1.2099999,2.7,989.0,94.61667,4.8199997,35.0,0.3253256,11.31
2003-02-05,1.7,1.64,-0.14,3.48,1004.5,89.54737,4.14,46.0,0.43960634,11.33
2003-02-06,0.0,-0.049999997,-3.47,2.72,1018.60004,85.23,2.55,65.0,0.5771567,11.31
2003-02-07,1.1,2.9399998,0.84,5.35,1019.10004,93.46667,3.97,17.0,0.16900972,11.31
2003-02-08,0.0,6.16,4.8399997,7.39,1021.4,93.77778,3.1599998,17.0,0.18830863,11.31
2003-02-09,0.0,5.1099997,0.28,6.75,1020.60004,94.08889,3.4199998,32.0,0.3426656,11.3
2003-02-10,0.0,0.55,-2.3799999,4.72,1024.5,89.335,2.2,78.0,0.70674574,11.31
2003-02-11,0.0,-1.29,-3.21,3.02,1028.0,92.44211,2.3,43.0,0.36094368,11.29
2003-02-12,0.0,-3.1599998,-3.99,-2.2,1031.3,93.65,2.85,38.0,0.2937356,11.28
2003-02-13,0.0,-2.99,-6.0,1.27,1031.2001,75.495,3.8999999,88.0,0.6854008,11.28
2003-02-14,0.0,-1.8499999,-7.5899997,4.0499997,1032.6,64.605,3.78,87.0,0.7112633,11.28
2003-02-15,0.0,-0.65999997,-1.68,0.29999998,1037.4,84.63,4.15,17.0,0.14563532,11.26
2003-02-16,0.0,-3.1699998,-5.62,0.45,1039.8,73.715004,3.85,97.0,0.74544305,11.26
2003-02-17,0.0,-3.74,-8.559999,2.11,1039.9,76.585,2.9399998,96.0,0.7191013,11.27
2003-02-18,0.0,-3.79,-7.33,-2.01,1031.9,85.990005,4.21,62.0,0.46575615,11.26
2003-02-19,0.0,-2.02,-4.67,1.92,1023.4,86.845,5.3599997,72.0,0.5877217,11.26
2003-02-20,0.0,-2.19,-4.18,2.45,1018.4,90.285,4.3199997,88.0,0.7153594,11.25
2003-02-21,0.0,-0.61,-4.54,4.46,1024.2001,87.9,3.3,83.0,0.7181421,11.25
2003-02-22,0.0,-0.29,-3.1599998,4.73,1027.5,87.525,3.9499998,95.0,0.8310558,11.23
2003-02-23,0.0,1.73,-3.4299998,9.78,1028.2001,77.270004,2.73,104.0,0.9839218,11.25
2003-02-24,0.0,3.57,-1.8,12.009999,1028.3,79.380005,2.28,106.0,1.0723827,11.25
2003-02-25,0.0,2.6799998,-1.9,9.0199995,1022.8,74.41,3.12,112.0,1.1008197,11.25
2003-02-26,0.0,1.9,-3.6599998,9.91,1015.5,72.385,2.62,115.0,1.1028126,11.26
2003-02-27,0.0,3.1699998,-2.74,10.54,1016.3,77.67,2.59,91.0,0.91357356,11.25
2003-02-28,0.0,6.7,1.99,13.61,1019.9,80.630005,2.47,70.0,0.7893456,11.25
2003-03-01,4.7000003,7.3799996,2.87,12.139999,1016.3,83.255005,3.58,89.0,1.0267062,11.26
2003-03-02,0.0,6.3199997,3.77,9.389999,1010.10004,93.270004,3.07,41.0,0.45905557,11.27
2003-03-03,0.0,4.44,0.32999998,8.11,1019.2,91.44444,2.35,53.0,0.55528814,11.27
2003-03-04,0.0,5.73,1.02,8.54,1021.0,81.72,4.15,76.0,0.8304229,11.29
2003-03-05,0.0,9.9,6.99,13.45,1016.0,87.01,3.48,52.0,0.64550555,11.28
2003-03-06,1.1,6.3599997,1.87,9.44,1013.5,91.14737,4.08,33.0,0.36932504,11.29
2003-03-07,3.2,4.88,0.41,9.059999,1018.2,88.075005,4.5299997,78.0,0.82988805,11.28
2003-03-08,19.7,6.77,5.02,8.16,1013.0,87.47,8.36,47.0,0.5329539,11.28
2003-03-09,0.0,8.599999,6.14,10.71,1016.10004,86.94,7.02,57.0,0.68194115,11.31
2003-03-10,0.0,9.92,6.3799996,12.16,1019.2,78.375,6.7599998,82.0,1.017027,11.31
2003-03-11,2.6000001,8.87,7.1499996,10.83,1012.10004,87.105,6.08,26.0,0.31407753,11.3
2003-03-12,0.0,6.06,1.51,8.28,1023.4,88.32,5.5899997,57.0,0.62873787,11.3
2003-03-13,0.0,3.4499998,-0.53999996,9.57,1037.7001,81.555,2.6699998,154.0,1.543591,11.3
2003-03-14,0.0,3.8799999,-2.84,10.58,1038.0,78.200005,3.78,168.0,1.7094104,11.3
2003-03-15,0.0,3.36,-0.82,9.7699995,1042.7001,81.19,3.56,153.0,1.5245684,11.3
2003-03-16,0.0,3.8899999,-2.53,11.929999,1042.7001,76.94,1.4399999,165.0,1.6753138,11.29
2003-03-17,0.0,3.6699998,-1.16,7.5499997,1036.2001,88.375,3.33,110.0,1.112083,11.27
2003-03-18,0.0,4.94,-2.18,13.179999,1034.6,79.24,2.1,173.0,1.8288126,11.29
2003-03-19,0.0,3.3999999,0.29999998,5.7999997,1030.2001,89.54,3.54,67.0,0.6730716,11.26
2003-03-20,0.0,3.4399998,1.29,6.08,1027.9,81.6,2.2,64.0,0.64464444,11.27
2003-03-21,0.0,4.71,0.04,9.5,1028.2001,69.29,4.38,170.0,1.7890959,11.28
2003-03-22,0.0,4.24,-2.59,12.73,1027.6,52.79,3.4299998,193.0,1.9994353,11.28
2003-03-23,0.0,7.02,-2.9399998,16.699999,1026.4,53.15,2.1399999,192.0,2.1798522,11.28
2003-03-24,0.0,8.72,-1.25,20.27,1023.8,61.86,3.6799998,174.0,2.081564,11.28
2003-03-25,0.0,8.47,1.78,16.96,1023.0,78.245,2.23,146.0,1.7345434,11.28
2003-03-26,0.0,7.6699996,-0.16,15.7,1021.0,72.225,2.47,183.0,2.124959,11.27
2003-03-27,0.0,9.099999,2.03,16.75,1018.10004,78.665,2.83,159.0,1.9280801,11.27
2003-03-28,0.0,9.5199995,2.54,17.46,1015.60004,71.705,3.4299998,181.0,2.223614,11.27
2003-03-29,0.0,9.349999,3.8899999,16.06,1013.0,77.035,2.47,103.0,1.2608196,11.26
2003-03-30,0.0,6.97,2.3,12.96,1017.5,86.53,3.86,145.0,1.650822,11.26
2003-03-31,0.0,6.12,0.28,11.809999,1024.1,76.565,3.23,174.0,1.9223346,11.25
2003-04-01,12.3,6.71,0.35999998,12.679999,1008.60004,83.770004,6.02,105.0,1.1909982,11.26
2003-04-02,2.6000001,5.7599998,3.09,8.84,1005.10004,84.085,7.0499997,122.0,1.3451473,11.28
2003-04-03,0.0,4.61,-0.17999999,7.64,1020.5,72.035,6.2,127.0,1.337391,11.27
2003-04-04,0.0,5.0299997,-1.75,10.33,1027.2001,90.88422,4.56,108.0,1.149504,11.28
2003-04-05,0.0,5.69,1.63,8.88,1026.5,77.7,7.31,142.0,1.5452613,11.29
2003-04-06,0.0,2.6499999,-2.81,8.37,1027.5,68.235,4.73,191.0,1.8703976,11.28
2003-04-07,0.0,1.49,-4.0099998,7.08,1028.3,55.145,3.6799998,225.0,2.109328,11.27
2003-04-08,0.0,0.94,-5.0299997,7.1299996,1024.8,64.285,2.69,181.0,1.6647911,11.27
2003-04-09,0.0,1.65,-4.25,6.75,1016.2,68.725,3.29,171.0,1.6239258,11.26
2003-04-10,4.7000003,2.23,-1.78,6.0699997,1007.0,87.215004,2.29,116.0,1.1314632,11.26
2003-04-11,0.0,5.3199997,0.03,10.78,1009.7,76.535,3.62,147.0,1.5939995,11.27
2003-04-12,0.0,6.2599998,-2.51,13.849999,1017.10004,62.63,2.22,226.0,2.5167875,11.27
2003-04-13,0.0,10.0,0.53,17.75,1022.9,53.285,3.7099998,228.0,2.8294451,11.26
2003-04-14,0.0,12.92,5.5299997,19.189999,1021.2,45.885002,6.25,234.0,3.1357493,11.26
2003-04-15,0.0,15.7,6.8199997,23.93,1023.2,47.085,5.0099998,243.0,3.4707122,11.25
2003-04-16,0.0,15.57,8.25,23.359999,1027.2001,48.335,4.52,247.0,3.5126307,11.24
2003-04-17,0.0,13.66,5.24,20.73,1032.0,48.88,5.2999997,247.0,3.3555038,11.23
2003-04-18,0.0,8.97,3.7099998,16.13,1031.0,62.02,5.93,249.0,2.9905567,11.23
2003-04-19,0.0,7.87,4.25,13.25,1021.5,70.695,6.73,112.0,1.3080631,11.21
2003-04-20,0.0,10.48,4.08,17.119999,1012.4,61.800003,4.0099998,205.0,2.5894916,11.21
2003-04-21,0.0,14.929999,5.44,23.039999,1013.0,58.030003,3.61,244.0,3.4389033,11.2
2003-04-22,0.0,11.0,5.67,15.839999,1016.2,77.78,3.6899998,221.0,2.8259673,11.2
2003-04-23,0.0,11.139999,3.82,19.189999,1017.3,74.585,3.24,250.0,3.2071142,11.2
2003-04-24,0.0,13.58,2.99,22.0,1017.10004,59.115,2.48,250.0,3.409629,11.19
2003-04-25,1.4,17.029999,9.929999,24.66,1012.3,59.405,2.99,150.0,2.2124085,11.19
2003-04-26,20.2,13.03,8.69,17.97,1004.8,90.95789,3.6599998,58.0,0.7844859,11.2
2003-04-27,2.4,11.389999,7.87,15.509999,1005.60004,84.06,6.7599998,152.0,1.972513,11.27
2003-04-28,1.3000001,14.29,8.33,19.76,1001.8,83.270004,4.93,105.0,1.464739,11.27
2003-04-29,0.0,13.12,8.55,16.05,1007.3,78.115005,6.02,210.0,2.8437073,11.25
2003-04-30,4.6,11.86,6.81,17.05,1007.10004,88.97895,3.22,80.0,1.050094,11.25
2003-05-01,2.6000001,11.349999,7.87,14.95,1012.3,80.515,6.74,173.0,2.2363157,11.26
2003-05-02,8.5,12.759999,7.25,20.15,1009.0,80.405,4.3199997,180.0,2.4145355,11.27
2003-05-03,0.0,10.67,8.34,13.139999,1014.10004,82.415,7.54,156.0,1.9791545,11.27
2003-05-04,0.0,15.049999,8.65,22.21,1015.9,66.165,4.31,282.0,3.980858,11.27
2003-05-05,4.2000003,14.549999,11.09,17.82,1012.5,81.515,2.8799999,166.0,2.3199575,11.26
2003-05-06,0.0,10.99,5.3399997,15.099999,1021.0,84.515,3.24,129.0,1.6457162,11.27
2003-05-07,0.0,11.0,3.1999998,17.48,1024.3,77.86,2.37,275.0,3.504284,11.27
2003-05-08,1.3000001,11.61,4.68,18.539999,1018.3,79.325005,2.9299998,262.0,3.4010627,11.26
2003-05-09,0.0,10.69,5.71,15.29,1018.0,81.46,1.25,117.0,1.4826493,11.26
2003-05-10,0.0,11.679999,5.5499997,17.55,1019.7,77.98,2.78,244.0,3.1712658,11.26
2003-05-11,2.7,13.75,6.6499996,19.859999,1019.0,73.92,3.54,244.0,3.3387802,11.25
2003-05-12,6.0,11.36,8.66,15.69,1014.0,84.36,4.37,181.0,2.338648,11.26
2003-05-13,7.3,9.19,5.41,13.7,1012.4,81.66,4.2799997,213.0,2.5962658,11.28
2003-05-14,4.1,8.57,5.6299996,13.179999,1016.2,86.225,4.89,188.0,2.2471433,11.29
2003-05-15,0.0,8.849999,2.82,13.849999,1022.4,79.475,2.9099998,235.0,2.8237317,11.28
2003-05-16,0.0,10.82,1.65,16.4,1017.0,71.75,2.5,257.0,3.2695107,11.28
2003-05-17,6.5,13.42,9.76,17.52,1009.3,75.895004,3.61,132.0,1.7989635,11.29
2003-05-18,5.6,13.7699995,11.45,17.02,1009.5,82.645004,4.75,172.0,2.3634567,11.29
2003-05-19,11.400001,12.11,9.599999,15.11,1008.2,91.9579,3.86,114.0,1.5051892,11.29
2003-05-20,15.3,10.65,8.86,14.799999,1010.60004,85.3,6.6099997,195.0,2.4763875,11.31
2003-05-21,2.7,12.17,9.84,15.71,1018.8,86.15,4.2799997,167.0,2.1986403,11.31
2003-05-22,6.1,12.94,10.42,16.48,1018.2,91.53684,4.52,76.0,1.0201777,11.31
2003-05-23,6.6,13.37,11.99,16.05,1010.7,92.3,5.08,85.0,1.1563954,11.32
2003-05-24,7.2000003,12.86,10.2699995,16.08,1007.8,93.73637,1.9499999,74.0,0.99555963,11.31
2003-05-25,0.0,13.32,8.66,16.72,1013.4,89.615,3.4299998,161.0,2.1853747,11.32
2003-05-26,0.0,13.34,6.56,19.84,1023.2,81.185005,2.21,282.0,3.8147786,11.31
2003-05-27,0.0,14.4,7.0299997,20.41,1026.5,76.795,2.28,255.0,3.532602,11.31
2003-05-28,0.0,15.849999,8.7699995,21.97,1024.7001,75.915,3.1799998,273.0,3.9098623,11.3
2003-05-29,0.0,18.279999,10.07,24.359999,1019.5,71.31,3.1299999,311.0,4.692215,11.29
2003-05-30,0.0,18.84,13.389999,25.51,1015.3,74.485,3.6899998,291.0,4.4444757,11.27
2003-05-31,0.0,17.289999,11.87,23.59,1013.9,78.490005,3.54,300.0,4.445975,11.28
2003-06-01,0.0,20.279999,10.48,26.99,1012.5,69.745,2.9099998,303.0,4.757016,11.27
2003-06-02,7.2000003,20.869999,15.929999,29.92,1009.4,77.61,3.72,256.0,4.065163,11.25
2003-06-03,0.0,20.119999,15.12,24.99,1013.3,81.375,2.03,200.0,3.1301363,11.26
2003-06-04,5.4,21.91,16.14,28.96,1011.9,81.225,3.6499999,230.0,3.7149727,11.25
2003-06-05,0.0,16.4,9.41,20.06,1018.5,85.505005,3.1999998,200.0,2.9049213,11.3
2003-06-06,0.0,17.21,8.309999,23.189999,1019.8,72.645004,2.6499999,296.0,4.370588,11.27
2003-06-07,0.0,19.6,13.889999,25.57,1016.8,76.305,2.51,255.0,3.9487982,11.27
2003-06-08,11.5,18.15,12.969999,27.32,1011.3,86.135,3.59,184.0,2.7766345,11.27
2003-06-09,0.0,15.75,11.0,19.9,1018.0,76.095,4.73,283.0,4.0541277,11.28
2003-06-10,1.4,17.98,11.24,23.55,1013.8,82.355,3.37,161.0,2.4193916,11.27
2003-06-11,0.0,16.57,9.969999,20.609999,1018.3,78.49,4.37,266.0,3.877733,11.27
2003-06-12,1.5,15.75,8.25,22.83,1019.7,82.11,2.55,251.0,3.593481,11.25
2003-06-13,0.0,15.73,7.93,22.57,1023.10004,75.185005,2.5,300.0,4.2878013,11.25
2003-06-14,0.0,14.42,7.14,20.689999,1022.9,77.700005,2.6499999,214.0,2.9700627,11.24
2003-06-15,0.0,15.11,6.93,21.82,1020.8,75.235,1.68,309.0,4.359887,11.21
2003-06-16,0.0,15.25,7.85,20.96,1017.5,80.225,2.29,289.0,4.0954933,11.21
2003-06-17,1.9,18.17,9.03,24.59,1013.60004,75.44,2.44,264.0,3.9823582,11.19
2003-06-18,1.3000001,18.109999,13.84,24.0,1016.3,79.21,3.5,209.0,3.1461296,11.19
2003-06-19,2.7,17.68,14.469999,20.23,1016.8,87.015,5.5299997,128.0,1.910075,11.19
2003-06-20,0.0,13.929999,10.44,17.93,1017.9,77.28,5.2999997,238.0,3.2719462,11.19
2003-06-21,0.0,14.099999,8.54,19.17,1018.4,76.665,3.53,224.0,3.091169,11.16
2003-06-22,0.0,16.76,8.78,21.5,1012.60004,79.29,2.4299998,188.0,2.7571352,11.15
2003-06-23,0.0,18.74,13.059999,27.189999,1006.7,79.01,4.2799997,218.0,3.3325748,11.14
2003-06-24,0.0,15.679999,9.99,19.779999,1018.0,76.020004,4.2599998,241.0,3.4471836,11.11
2003-06-25,0.0,14.44,9.16,18.85,1022.60004,76.375,3.05,205.0,2.8467937,11.09
2003-06-26,0.0,16.14,9.639999,22.72,1018.8,77.085,3.1999998,265.0,3.827314,11.07
2003-06-27,0.0,19.67,11.92,26.449999,1016.0,67.08,3.73,309.0,4.7924247,11.05
2003-06-28,3.9,16.779999,11.15,21.14,1013.8,85.425,2.31,182.0,2.669124,11.05
2003-06-29,0.0,15.679999,9.41,21.869999,1010.8,77.775,1.99,241.0,3.4562876,11.06
2003-06-30,7.4,15.28,7.5699997,21.279999,1004.60004,85.200005,2.22,156.0,2.2228322,11.03
2003-07-01,16.800001,15.75,13.059999,20.039999,998.7,91.142105,3.8899999,195.0,2.8132958,11.11
2003-07-02,9.6,14.849999,12.07,18.92,999.2,91.537506,4.93,137.0,1.9374725,11.26
2003-07-03,14.0,15.099999,12.63,18.279999,1005.4,90.12,4.15,143.0,2.028884,11.29
2003-07-04,1.2,14.759999,13.7,17.109999,1010.60004,89.98,4.69,72.0,1.0117917,11.26
2003-07-05,0.0,15.25,13.54,18.289999,1014.60004,87.415,4.3399997,107.0,1.5179597,11.25
2003-07-06,0.0,15.139999,12.639999,16.97,1020.9,88.035,2.31,102.0,1.4401003,11.23
2003-07-07,0.0,16.25,10.51,21.43,1022.60004,79.605,2.02,203.0,2.9347818,11.21
2003-07-08,0.0,17.05,9.48,23.189999,1020.60004,82.75,2.83,216.0,3.1779697,11.2
2003-07-09,0.0,16.289999,9.5199995,20.92,1020.5,81.92,3.1599998,237.0,3.4318302,11.18
2003-07-10,0.0,17.48,7.8799996,24.38,1019.60004,76.0,1.52,298.0,4.4247365,11.16
2003-07-11,0.0,18.41,11.36,24.63,1017.2,77.4,4.0299997,220.0,3.3302433,11.14
2003-07-12,0.0,15.639999,9.599999,21.22,1021.60004,78.585,3.4399998,245.0,3.49672,11.12
2003-07-13,0.0,16.289999,8.0,22.42,1021.8,78.095,2.45,289.0,4.1828604,11.1
2003-07-14,0.0,19.64,10.469999,26.56,1017.9,68.46,4.0699997,316.0,4.8953257,11.07
2003-07-15,0.0,22.539999,13.849999,29.359999,1013.3,60.170002,4.47,320.0,5.2205367,11.04
2003-07-16,2.9,24.74,17.869999,32.57,1008.5,62.255,4.89,282.0,4.766481,11.01
2003-07-17,5.6,18.18,15.509999,22.55,1014.3,89.23,4.54,147.0,2.2173648,11.04
2003-07-18,0.0,18.72,13.719999,23.46,1020.3,83.69,4.33,214.0,3.255598,11.07
2003-07-19,0.0,22.73,13.009999,30.41,1019.4,68.3,2.2,307.0,5.015242,11.03
2003-07-20,7.4,23.289999,16.1,32.76,1013.4,69.7,3.21,263.0,4.342363,10.98
2003-07-21,0.0,20.52,14.179999,26.83,1015.3,75.35,2.05,263.0,4.143176,10.98
2003-07-22,0.0,18.779999,12.929999,24.09,1017.9,78.19,3.29,240.0,3.658226,10.95
2003-07-23,0.0,19.1,11.759999,25.529999,1017.0,74.755,2.58,256.0,3.927116,10.92
2003-07-24,3.4,17.84,12.7699995,23.279999,1013.10004,84.31,2.33,152.0,2.278347,10.92
2003-07-25,2.9,18.619999,12.25,24.16,1010.9,81.075005,3.49,230.0,3.5030937,10.93
2003-07-26,0.90000004,19.15,15.82,22.33,1009.0,79.405,3.46,190.0,2.9249701,10.94
2003-07-27,0.0,18.869999,13.24,23.98,1008.4,85.535,4.52,179.0,2.741631,10.95
2003-07-28,0.0,17.18,10.37,23.68,1020.4,79.46,2.26,238.0,3.5112932,10.91
2003-07-29,0.0,19.689999,10.13,26.099998,1022.0,66.62,2.84,245.0,3.794008,10.88
2003-07-30,5.0,18.24,13.219999,22.91,1016.0,84.185,2.6799998,147.0,2.2187142,10.87
2003-07-31,0.0,19.5,12.29,25.57,1017.5,81.39,1.39,252.0,3.89424,10.87
2003-08-01,0.0,20.43,14.2,25.689999,1019.3,81.105,2.37,241.0,3.7858462,10.85
2003-08-02,0.0,20.189999,16.029999,25.81,1020.7,82.68,2.03,226.0,3.5333838,10.84
2003-08-03,0.0,19.33,13.009999,26.269999,1022.9,80.5,2.22,271.0,4.167363,10.82
2003-08-04,0.0,19.279999,11.059999,27.22,1025.6,75.17,2.62,285.0,4.374739,10.81
2003-08-05,0.0,20.84,13.42,28.199999,1025.7001,72.885,3.53,268.0,4.2324996,10.79
2003-08-06,0.0,22.199999,15.5,29.57,1023.60004,66.085,3.4199998,269.0,4.3511696,10.78
2003-08-07,0.0,24.93,15.99,34.73,1019.4,61.75,2.6299999,247.0,4.174703,10.77
2003-08-08,0.0,25.08,15.86,34.54,1018.5,61.435,2.97,263.0,4.4559736,10.75
2003-08-09,0.0,22.49,16.47,29.96,1017.9,79.245,2.69,253.0,4.1187124,10.74
2003-08-10,0.0,21.859999,17.92,27.88,1017.60004,84.805,1.66,252.0,4.060142,10.74
2003-08-11,0.0,24.1,16.05,33.17,1019.2,67.875,2.06,242.0,4.0397778,10.73
2003-08-12,0.0,25.26,15.86,34.7,1018.2,73.995,2.46,242.0,4.111264,10.72
2003-08-13,0.0,20.57,13.78,25.83,1017.9,74.82,4.39,220.0,3.4660895,10.71
2003-08-14,0.0,17.35,12.679999,22.26,1015.5,71.475,4.44,231.0,3.4256923,10.71
2003-08-15,0.0,16.359999,10.309999,22.56,1017.3,73.685,3.8799999,225.0,3.2666612,10.69
2003-08-16,0.0,15.5199995,9.2,22.58,1019.3,73.73,2.32,211.0,3.0060613,10.69
2003-08-17,0.0,17.19,6.93,24.21,1017.10004,70.435,2.3,176.0,2.6000934,10.69
2003-08-18,0.0,20.8,15.53,27.07,1012.60004,73.485,2.46,116.0,1.8379833,10.67
2003-08-19,6.5,17.73,11.28,22.06,1017.8,80.380005,3.8999999,152.0,2.2697184,10.66
2003-08-20,0.0,16.05,10.2699995,22.09,1019.7,76.835,2.71,174.0,2.5073566,10.67
2003-08-21,0.0,16.06,8.83,23.26,1015.8,77.175,3.47,158.0,2.2804942,10.67
2003-08-22,0.0,17.85,13.11,22.21,1014.5,89.37,4.41,98.0,1.468529,10.65
2003-08-23,0.0,18.67,12.7699995,23.39,1018.10004,77.36,3.73,180.0,2.737692,10.65
2003-08-24,0.0,17.47,12.74,20.65,1020.4,76.755005,3.0,83.0,1.2318047,10.64
2003-08-25,0.0,17.59,12.259999,24.93,1018.0,78.19,2.0,203.0,3.0225375,10.64
2003-08-26,0.0,16.26,11.42,20.92,1015.0,79.345,3.25,151.0,2.1894367,10.64
2003-08-27,0.0,15.12,10.29,19.33,1012.4,72.57,3.5,108.0,1.528973,10.63
2003-08-28,0.0,14.42,8.809999,18.96,1008.60004,80.695,1.9499999,86.0,1.2001257,10.62
2003-08-29,2.7,13.79,9.36,16.17,1003.3,89.53158,3.08,49.0,0.67526865,10.62
2003-08-30,2.2,13.67,8.099999,19.609999,1010.7,82.69,3.1499999,188.0,2.576008,10.63
2003-08-31,3.0,13.139999,9.08,17.93,1016.0,85.025,3.98,158.0,2.1331384,10.61
2003-09-01,1.9,12.5199995,8.73,17.67,1018.3,83.725,3.6299999,159.0,2.1122115,10.61
2003-09-02,0.0,12.7699995,6.85,18.869999,1026.0,77.105,1.54,184.0,2.4518733,10.61
2003-09-03,0.0,12.7699995,6.27,18.6,1030.2001,87.47,2.0,135.0,1.7958872,10.61
2003-09-04,0.0,13.75,5.85,20.31,1029.4,83.73,1.56,171.0,2.330404,10.61
2003-09-05,0.0,16.57,7.94,24.22,1021.4,72.295,2.97,197.0,2.8687031,10.6
2003-09-06,1.4,15.639999,11.66,20.699999,1015.60004,86.735,2.4099998,107.0,1.5304989,10.59
2003-09-07,3.0,15.49,11.36,20.13,1014.8,86.585,1.9699999,121.0,1.7255743,10.6
2003-09-08,16.800001,13.78,11.67,14.67,1007.9,94.700005,2.31,43.0,0.5913744,10.59
2003-09-09,0.0,14.799999,8.92,19.55,1010.4,81.555,3.73,139.0,1.9552342,10.65
2003-09-10,5.0,11.49,8.0,14.74,1011.7,92.05,2.3899999,94.0,1.219841,10.7
2003-09-11,2.0,13.559999,8.41,19.1,1016.4,88.07,3.6699998,119.0,1.6226571,10.75
2003-09-12,0.0,12.67,7.72,18.6,1026.6,90.0,2.35,98.0,1.3023372,10.79
2003-09-13,0.0,12.78,6.45,19.08,1032.8,81.945,1.91,189.0,2.5122375,10.79
2003-09-14,0.0,12.78,4.89,21.109999,1032.3,81.57,1.26,197.0,2.619102,10.78
2003-09-15,0.0,14.17,6.37,22.1,1026.7001,82.950005,1.3299999,156.0,2.1494155,10.77
2003-09-16,0.0,15.299999,9.29,22.93,1023.60004,84.465004,1.8399999,162.0,2.2931092,10.77
2003-09-17,0.0,16.67,10.42,25.09,1021.9,81.485,1.8299999,167.0,2.436542,10.75
2003-09-18,0.0,17.779999,10.0,26.949999,1016.5,72.68,3.06,176.0,2.6318905,10.74
2003-09-19,0.0,16.68,12.09,22.33,1017.5,88.16,3.1599998,142.0,2.0754461,10.72
2003-09-20,0.0,17.64,10.62,25.269999,1019.10004,84.345,2.23,168.0,2.5029933,10.71
2003-09-21,0.0,17.24,13.969999,22.82,1017.2,76.085,2.83,158.0,2.3364859,10.7
2003-09-22,10.3,19.05,11.559999,26.8,1005.0,71.66,5.43,157.0,2.4155462,10.69
2003-09-23,2.2,10.32,6.44,15.42,1014.2,83.16,3.79,105.0,1.319555,10.7
2003-09-24,0.0,10.03,5.22,16.15,1030.9,80.575,2.1599998,141.0,1.7450672,10.74
2003-09-25,0.0,10.51,3.6999998,17.71,1028.4,76.55,2.21,164.0,2.0588665,10.75
2003-09-26,0.0,12.219999,5.29,18.699999,1017.4,77.515,3.1999998,135.0,1.7806156,10.75
2003-09-27,0.0,10.92,5.5899997,16.23,1018.8,85.795,1.68,124.0,1.580484,10.73
2003-09-28,24.4,10.21,4.54,14.0199995,1011.60004,90.175,3.26,66.0,0.82790554,10.72
2003-09-29,0.0,10.84,5.15,14.87,1012.2,88.835,2.56,80.0,1.0204029,10.87
2003-09-30,0.0,10.17,3.9199998,16.41,1016.4,87.560005,2.1,129.0,1.6129922,10.89
2003-10-01,0.0,10.73,4.87,16.16,1011.3,84.725,3.05,122.0,1.5521708,10.89
2003-10-02,1.0,10.69,4.2799997,18.42,1012.0,88.065,1.43,100.0,1.2705266,10.86
2003-10-03,1.8000001,13.36,9.28,18.01,1006.10004,90.27059,2.27,40.0,0.54505277,10.86
2003-10-04,2.3,9.679999,6.2599998,13.98,1004.4,87.46,3.11,95.0,1.1782398,10.86
2003-10-05,1.2,8.13,3.55,13.88,1009.10004,84.365005,3.49,119.0,1.4088471,10.85
2003-10-06,20.1,9.04,5.15,13.219999,1001.8,85.745,6.41,51.0,0.622017,10.86
2003-10-07,12.8,8.66,5.7599998,11.61,995.9,88.415794,5.95,62.0,0.7500721,11.12
2003-10-08,10.400001,10.309999,8.099999,12.28,1006.10004,87.365005,5.6299996,43.0,0.54217345,11.17
2003-10-09,2.3,12.11,9.01,14.46,1012.2,86.415,4.7799997,61.0,0.8040724,11.16
2003-10-10,0.0,13.07,9.969999,15.679999,1012.9,84.48,5.8399997,64.0,0.86366147,11.15
2003-10-11,0.0,10.5,5.3399997,15.179999,1021.5,81.33,3.83,68.0,0.8560098,11.1
2003-10-12,0.0,7.73,2.0,14.0199995,1027.7001,83.81,1.73,104.0,1.2059715,11.09
2003-10-13,0.0,7.5899997,1.48,12.83,1028.1,87.270004,3.1299999,97.0,1.1198225,11.07
2003-10-14,0.0,6.75,2.8799999,11.32,1032.4,78.810005,4.27,121.0,1.3582498,11.05
2003-10-15,0.0,5.52,0.62,11.41,1034.7001,86.005005,3.4099998,123.0,1.3255588,11.04
2003-10-16,0.0,5.06,-0.07,10.98,1034.1,86.520004,3.36,116.0,1.2315253,11.03
2003-10-17,0.0,4.89,0.34,10.719999,1028.9,79.93,3.82,113.0,1.1960377,11.03
2003-10-18,0.0,3.9399998,-1.67,10.82,1020.2,82.26,3.35,109.0,1.1219493,11.03
2003-10-19,0.0,4.0899997,-2.97,11.88,1011.10004,89.4,1.3199999,83.0,0.8629393,11.01
2003-10-20,0.90000004,5.5699997,0.53,7.96,1005.7,90.95789,3.6599998,44.0,0.48201466,11.0
2003-10-21,0.0,3.6799998,-2.21,8.41,1010.0,85.905,2.53,57.0,0.5846119,11.01
2003-10-22,0.0,2.24,-2.27,5.94,1015.9,87.32,3.7099998,66.0,0.64079195,10.99
2003-10-23,0.0,0.56,-4.7999997,6.6299996,1019.3,81.065,3.6699998,95.0,0.86373234,10.99
2003-10-24,0.0,1.49,-4.5499997,7.89,1017.0,89.495,3.4399998,46.0,0.43402144,10.97
2003-10-25,6.5,4.8599997,-0.32,10.389999,1012.9,92.94706,4.62,37.0,0.3944867,10.99
2003-10-26,0.0,3.51,-2.6499999,7.85,1013.2,90.21579,3.03,60.0,0.61067295,11.05
2003-10-27,0.0,0.96999997,-5.06,6.64,1021.7,83.745,1.7099999,87.0,0.8025642,11.01
2003-10-28,0.0,1.5,-1.53,7.2999997,1014.9,90.16,2.9099998,87.0,0.8221619,11.0
2003-10-29,0.0,2.8799999,-1.14,8.45,997.10004,84.130005,3.51,68.0,0.68282664,11.01
2003-10-30,2.3,6.2799997,2.4099998,9.08,988.60004,91.035,3.59,27.0,0.30520266,11.02
2003-10-31,7.0,7.02,3.4299998,10.87,983.0,91.740005,3.87,26.0,0.30153453,11.04
2003-11-01,1.4,9.0199995,6.81,11.03,990.5,94.200005,3.54,22.0,0.26957294,11.13
2003-11-02,5.8,9.03,6.16,11.63,997.8,90.29,6.66,41.0,0.5008342,11.1
2003-11-03,3.9,10.2699995,8.49,12.259999,1003.0,84.965004,7.6499996,43.0,0.5423296,11.17
2003-11-04,0.0,9.08,5.8799996,12.7,1026.7001,85.205,4.15,63.0,0.7605334,11.12
2003-11-05,0.0,8.65,5.62,12.99,1031.0,89.3353,3.28,66.0,0.78534204,11.1
2003-11-06,0.0,6.41,2.44,12.179999,1031.6,84.525,2.77,75.0,0.8332056,11.1
2003-11-07,0.0,5.38,1.4699999,8.7,1035.4,86.095,5.38,69.0,0.7399108,11.07
2003-11-08,0.0,6.33,4.54,8.67,1026.8,85.205,6.16,46.0,0.5109417,11.07
2003-11-09,0.0,6.18,2.07,10.219999,1023.60004,88.615005,3.61,48.0,0.53145224,11.07
2003-11-10,0.0,4.37,1.4399999,7.52,1025.6,93.94286,3.9499998,31.0,0.32292894,11.06
2003-11-11,0.0,2.1399999,0.12,3.82,1024.3,91.4,3.85,27.0,0.259952,11.05
2003-11-12,1.8000001,2.29,-1.35,4.97,1020.10004,92.111115,2.96,52.0,0.5046111,11.04
2003-11-13,0.0,7.64,4.7799997,12.259999,1023.7,92.1875,2.6799998,38.0,0.44028124,11.08
2003-11-14,1.4,6.97,4.88,8.809999,1016.60004,91.84211,4.75,21.0,0.23918962,11.07
2003-11-15,1.0,8.5,5.96,10.5,1011.0,89.96842,5.7999997,23.0,0.27502173,11.08
2003-11-16,3.8,5.8799996,4.62,6.93,1013.4,90.51199,2.7,15.0,0.1653304,11.07
2003-11-17,3.1000001,8.09,5.93,10.07,1017.2,91.05556,5.22,23.0,0.27093852,11.09
2003-11-18,0.0,11.0199995,8.75,12.37,1017.4,91.700005,6.21,12.0,0.15344828,11.13
2003-11-19,0.0,11.41,8.98,13.19,1017.60004,92.106674,6.25,14.0,0.1808492,11.11
2003-11-20,0.0,10.36,7.77,11.259999,1013.8,93.13334,4.68,11.0,0.1384135,11.11
2003-11-21,3.1000001,9.2699995,8.08,9.5199995,1009.60004,92.47778,4.14,16.0,0.19571634,11.11
2003-11-22,0.7,11.19,8.76,13.69,1004.10004,90.71177,4.17,17.0,0.2196073,11.14
2003-11-23,21.4,10.16,8.48,12.16,1003.10004,92.07778,2.95,13.0,0.16346481,11.18
2003-11-24,2.2,6.66,6.24,8.73,1005.3,93.950005,3.83,13.0,0.14746791,11.25
2003-11-25,0.0,6.0499997,4.5299997,7.8399997,1007.8,94.15,3.22,22.0,0.24449995,11.21
2003-11-26,4.7000003,8.01,5.47,9.99,998.9,85.380005,5.6299996,30.0,0.35563383,11.2
2003-11-27,0.0,5.52,3.04,8.09,1000.7,89.2025,1.8199999,19.0,0.20833863,11.21
2003-11-28,0.0,3.1299999,-0.19999999,8.639999,1011.2,93.025,1.9499999,37.0,0.3719595,11.2
2003-11-29,1.4,3.25,0.69,5.83,1012.4,92.600006,4.45,26.0,0.2623214,11.19
2003-11-30,4.9,6.15,4.68,7.1299996,1005.5,94.200005,3.75,15.0,0.16743003,11.21
2003-12-01,0.0,7.87,6.5299997,11.059999,1006.5,88.816666,4.66,19.0,0.22349112,11.24
2003-12-02,0.0,6.0,4.67,6.93,1015.9,89.485,4.1,15.0,0.16576071,11.21
2003-12-03,0.0,6.24,5.58,6.52,1024.2001,90.35294,2.81,13.0,0.1441683,11.19
2003-12-04,0.0,5.4,5.31,6.31,1028.9,92.2125,4.91,10.0,0.10765906,11.19
2003-12-05,0.7,5.99,4.8199997,8.04,1028.5,93.08572,3.4099998,13.0,0.142709,11.18
2003-12-06,0.0,4.24,-3.03,9.59,1028.0,76.095,5.0899997,35.0,0.3625156,11.19
2003-12-07,0.0,-2.36,-5.0699997,1.67,1034.0,84.92,1.92,46.0,0.3676189,11.17
2003-12-08,0.0,-2.9399998,-6.8799996,1.4599999,1026.8,84.995,2.1299999,38.0,0.29744744,11.15
2003-12-09,0.0,-1.9699999,-6.02,3.12,1020.9,80.42,2.1399999,46.0,0.37687358,11.14
2003-12-10,0.0,-1.8199999,-5.0899997,3.84,1013.9,85.47,1.86,43.0,0.35608605,11.14
2003-12-11,5.8,1.62,-2.11,5.7,1010.0,93.600006,5.9,12.0,0.11423423,11.12
2003-12-12,13.900001,2.54,-1.61,6.35,1019.2,93.18001,3.4399998,21.0,0.20576324,11.15
2003-12-13,27.300001,10.62,6.2999997,11.809999,1003.2,92.64001,7.47,7.0,0.08911212,11.3
2003-12-14,3.6000001,6.18,1.53,8.91,1004.2,84.55,7.73,22.0,0.24595878,11.29
2003-12-15,3.5,2.78,1.05,4.5499997,1016.7,84.93,7.12,23.0,0.22764565,11.28
2003-12-16,0.0,4.99,2.02,7.5,1026.0,87.485,4.24,20.0,0.21271765,11.29
2003-12-17,0.0,4.3199997,0.74,7.2,1024.6,89.275,4.46,23.0,0.23930788,11.27
2003-12-18,0.0,2.03,-0.65999997,5.65,1020.8,85.795,2.83,38.0,0.36508286,11.28
2003-12-19,0.0,2.25,-0.26999998,4.13,1016.4,92.26154,3.32,19.0,0.18448667,11.25
2003-12-20,10.2,6.7,4.12,9.969999,1006.3,92.75834,6.2,8.0,0.09081766,11.26
2003-12-21,4.8,4.8599997,2.95,7.47,994.2,82.245,8.91,12.0,0.12919953,11.28
2003-12-22,0.0,1.1899999,-2.3799999,4.2599998,1017.60004,75.175,4.79,31.0,0.28907776,11.28
2003-12-23,2.1000001,0.52,-1.67,1.23,1022.0,80.74216,4.61,10.0,0.09063408,11.27
2003-12-24,1.6,3.59,1.4,5.93,1025.1,86.30932,5.79,7.0,0.07098936,11.27
2003-12-25,0.0,7.75,6.1,9.03,1018.4,91.87647,6.24,7.0,0.081579804,11.27
2003-12-26,0.0,7.39,6.5,8.889999,1006.7,90.745,6.8599997,9.0,0.104338504,11.27
2003-12-27,16.4,7.0499997,4.56,8.95,995.7,84.64,7.71,27.0,0.3114599,11.27
2003-12-28,7.5,4.8599997,3.1799998,7.7999997,990.60004,91.63572,5.43,12.0,0.12944455,11.29
2003-12-29,0.0,2.73,-1.0,5.0499997,1006.4,93.08125,4.5899997,20.0,0.19872493,11.29
2003-12-30,0.0,0.64,-2.53,2.2,1017.2,93.407295,1.1899999,18.0,0.16436724,11.27
2003-12-31,0.0,0.47,-1.56,2.8899999,1026.8,93.73334,2.62,21.0,0.18942754,11.27
2004-01-01,0.0,-0.48999998,-1.1899999,-0.03,1015.3,89.15,4.81,12.0,0.10489352,11.27
2004-01-02,0.0,-2.6399999,-5.18,0.17999999,1022.3,88.145004,3.8799999,35.0,0.27836943,11.26
2004-01-03,2.4,-2.24,-4.64,-0.9,1023.9,78.785,2.59,21.0,0.16976091,11.25
2004-01-04,0.0,1.4499999,-3.6599998,4.68,1013.7,90.38422,4.52,17.0,0.16045924,11.24
2004-01-05,4.5,2.28,0.56,3.6699998,1018.4,94.700005,2.8999999,14.0,0.13593571,11.25
2004-01-06,5.3,5.68,3.33,7.6299996,1013.2,94.200005,4.98,11.0,0.12047305,11.27
2004-01-07,0.0,4.7599998,1.26,7.19,1015.60004,94.700005,3.21,12.0,0.12733407,11.27
2004-01-08,3.7,5.49,4.0499997,7.0499997,1004.7,91.62308,5.96,19.0,0.20770845,11.27
2004-01-09,2.3,5.89,5.0899997,7.23,1000.0,93.00834,3.9099998,14.0,0.15540962,11.28
2004-01-10,9.6,4.87,2.6799998,6.52,1010.60004,93.511116,4.1,21.0,0.22424114,11.28
2004-01-11,10.6,7.75,3.9599998,11.21,999.0,91.02941,6.35,13.0,0.15291758,11.32
2004-01-12,3.2,4.9,3.54,6.2999997,996.2,89.965004,5.23,14.0,0.15077436,11.29
2004-01-13,3.7,6.5899997,3.98,8.95,983.5,87.70526,8.58,15.0,0.17164163,11.3
2004-01-14,5.8,4.0099998,1.4599999,6.5899997,992.60004,87.785,5.35,17.0,0.17801943,11.3
2004-01-15,7.1,4.16,2.08,5.89,1000.4,89.64,5.16,25.0,0.26203793,11.3
2004-01-16,9.6,5.04,4.0299997,6.0099998,984.9,89.31053,7.66,16.0,0.17414093,11.32
2004-01-17,1.0,4.08,2.24,5.2,995.10004,90.090004,7.19,13.0,0.13627487,11.31
2004-01-18,8.7,1.26,-1.18,3.22,1021.0,81.94,4.24,42.0,0.39193633,11.31
2004-01-19,9.7,6.23,2.82,7.54,1006.5,93.13334,5.89,14.0,0.1565865,11.31
2004-01-20,0.0,1.8,-0.96999997,4.66,1012.60004,86.545,2.12,24.0,0.22967254,11.3
2004-01-21,0.0,0.17999999,-2.33,2.3999999,1021.10004,81.96,1.5899999,39.0,0.34895653,11.3
2004-01-22,0.0,0.81,-0.44,1.4399999,1018.60004,77.765,4.14,13.0,0.11939834,11.28
2004-01-23,0.0,2.1399999,-0.099999994,5.0499997,1017.2,83.87,3.48,24.0,0.23198846,11.28
2004-01-24,3.9,1.6899999,0.099999994,4.35,1011.7,87.605,3.8999999,17.0,0.16209987,11.29
2004-01-25,0.0,2.6,-0.099999994,5.92,1012.10004,94.12858,2.49,29.0,0.2858937,11.29
2004-01-26,0.0,1.28,-2.01,3.4499998,1006.7,93.700005,1.8499999,20.0,0.18832076,11.26
2004-01-27,0.0,-0.39999998,-2.54,1.6999999,1002.3,93.55,2.1499999,24.0,0.21220529,11.27
2004-01-28,7.8,-0.04,-3.1299999,2.23,995.0,93.77143,4.02,28.0,0.25225285,11.27
2004-01-29,18.9,0.35999998,-5.17,2.86,998.3,89.84211,5.72,35.0,0.3196736,11.26
2004-01-30,0.0,2.4099998,1.17,4.39,1006.10004,79.695,6.93,30.0,0.29470056,11.29
2004-01-31,28.5,5.95,1.76,10.05,995.5,87.665,9.84,15.0,0.16721182,11.32
2004-02-01,8.3,8.34,6.49,10.33,1007.60004,88.195,7.31,27.0,0.32185975,11.33
2004-02-02,1.6,9.67,7.83,10.51,1015.2,88.935005,7.3599997,17.0,0.2097631,11.33
2004-02-03,1.2,12.86,9.719999,15.69,1020.3,79.73,8.26,24.0,0.3212579,11.32
2004-02-04,2.5,13.4,10.58,15.389999,1019.60004,78.68,8.91,17.0,0.23063013,11.32
2004-02-05,0.0,11.23,9.309999,14.15,1019.10004,89.66843,7.04,18.0,0.23128146,11.31
2004-02-06,19.9,9.58,7.1099997,11.719999,1011.10004,92.231255,5.7599998,16.0,0.19729261,11.31
2004-02-07,9.900001,6.17,4.54,8.51,1005.60004,84.740005,8.26,26.0,0.29038182,11.33
2004-02-08,5.2000003,3.01,0.47,5.2799997,1005.2,85.6,7.2799997,42.0,0.42181122,11.33
2004-02-09,1.2,2.4299998,0.35,5.67,1027.3,84.54,5.45,49.0,0.47604537,11.32
2004-02-10,14.0,4.48,0.66999996,7.6499996,1024.4,88.700005,6.37,22.0,0.230183,11.31
2004-02-11,0.0,4.2599998,0.63,7.71,1025.7001,90.3,3.87,24.0,0.24905442,11.32
2004-02-12,0.0,3.97,0.48,6.79,1032.1,93.78334,2.51,20.0,0.2047799,11.32
2004-02-13,0.0,6.96,6.41,8.58,1031.5,93.34792,2.9199998,29.0,0.32782277,11.31
2004-02-14,0.0,6.19,2.26,7.83,1025.7001,92.912506,2.86,24.0,0.2655335,11.3
2004-02-15,0.0,4.11,0.45,7.66,1025.9,93.840004,1.5999999,42.0,0.4335511,11.3
2004-02-16,0.0,3.6599998,1.24,5.23,1029.7001,91.329414,1.78,29.0,0.29409945,11.29
2004-02-17,0.0,4.5099998,2.3999999,6.7599998,1027.1,91.27895,3.5,24.0,0.25101122,11.29
2004-02-18,2.1000001,4.63,1.49,8.09,1023.8,85.6,4.5099998,74.0,0.77845407,11.29
2004-02-19,0.0,1.11,-1.61,3.85,1029.1,79.945,5.22,94.0,0.86812675,11.28
2004-02-20,0.0,-0.35999998,-2.7,2.98,1026.4,69.905,6.04,108.0,0.9427305,11.28
2004-02-21,0.0,-0.24,-3.02,1.81,1015.9,75.53,3.74,60.0,0.52958006,11.27
2004-02-22,1.0,1.5799999,-1.4399999,5.77,1010.0,77.95,4.66,66.0,0.62734526,11.28
2004-02-23,0.0,1.3399999,-2.58,5.3399997,1015.9,70.225,4.02,103.0,0.96693116,11.27
2004-02-24,7.4,1.93,-0.53,4.39,1010.8,89.62,4.91,43.0,0.41391495,11.27
2004-02-25,2.2,0.29,-1.37,4.5699997,1003.4,88.305,4.5299997,74.0,0.6719955,11.29
2004-02-26,0.0,-0.66999996,-2.8999999,2.1,997.5,89.285,3.4299998,70.0,0.6140339,11.28
2004-02-27,0.0,-0.58,-3.56,2.9299998,996.7,82.195,3.21,78.0,0.68703103,11.28
2004-02-28,0.0,-1.4599999,-5.5299997,3.56,1004.3,83.565,1.56,90.0,0.7611407,11.27
2004-02-29,0.0,-1.31,-5.17,3.34,1022.10004,84.73,3.1699998,97.0,0.8164767,11.26
2004-03-01,0.0,1.55,-4.75,5.44,1031.9,84.945,3.4199998,85.0,0.79704815,11.26
2004-03-02,0.0,5.0699997,4.04,7.33,1029.8,80.75,5.08,64.0,0.6811895,11.25
2004-03-03,0.0,2.56,-1.8299999,7.75,1029.2001,86.245,2.53,87.0,0.8483714,11.27
2004-03-04,0.0,2.06,-1.42,7.62,1025.1,82.130005,4.25,101.0,0.9690963,11.25
2004-03-05,0.0,1.56,-2.02,5.47,1021.0,68.685,4.7799997,116.0,1.0948901,11.26
2004-03-06,0.0,0.9,-0.76,3.47,1017.0,79.525,2.3,34.0,0.31365165,11.25
2004-03-07,0.0,1.49,-2.6499999,7.43,1022.3,83.225,2.72,75.0,0.70550954,11.25
2004-03-08,0.0,1.66,-4.43,8.19,1031.3,84.205,3.1299999,134.0,1.2621955,11.25
2004-03-09,0.0,1.14,-1.5799999,4.23,1033.2001,79.725,5.3599997,79.0,0.72872895,11.24
2004-03-10,0.0,1.0699999,-0.78,2.6499999,1027.9,88.985,5.0699997,33.0,0.30450824,11.24
2004-03-11,0.0,2.34,0.29999998,5.5299997,1022.4,84.745,4.0699997,62.0,0.6019879,11.23
2004-03-12,3.6000001,4.19,0.96999997,7.8799996,1013.10004,75.715004,4.7799997,95.0,0.99004465,11.25
2004-03-13,0.0,6.99,4.38,9.36,1013.2,82.515,5.48,51.0,0.5822141,11.25
2004-03-14,1.8000001,8.44,3.98,12.55,1019.8,77.64,6.8999996,104.0,1.2363172,11.25
2004-03-15,0.0,11.219999,8.99,13.24,1023.7,80.32,7.74,68.0,0.8717927,11.26
2004-03-16,0.0,11.98,9.41,14.679999,1027.5,89.91,5.72,44.0,0.57442176,11.25
2004-03-17,0.0,11.11,6.33,18.279999,1025.6,82.215004,3.6999998,153.0,1.9542654,11.25
2004-03-18,5.9,9.17,4.96,13.62,1020.5,91.14445,3.4099998,49.0,0.594725,11.23
2004-03-19,13.3,8.41,6.85,11.16,1010.0,84.29,7.97,55.0,0.6562438,11.26
2004-03-20,8.8,9.2,5.25,12.57,1000.10004,83.18,10.53,39.0,0.4781899,11.29
2004-03-21,6.1,7.72,5.6099997,10.29,998.8,76.005005,9.67,107.0,1.2576251,11.28
2004-03-22,1.5,5.8199997,1.65,9.469999,1005.4,86.165,5.49,112.0,1.2370886,11.29
2004-03-23,4.8,4.08,-0.68,9.2699995,1013.8,87.375,2.35,134.0,1.3906988,11.3
2004-03-24,0.0,3.59,-1.54,8.25,1019.10004,84.46,3.1799998,109.0,1.1089752,11.27
2004-03-25,0.0,2.86,-1.3,7.5899997,1020.8,73.805,2.9299998,147.0,1.4558742,11.28
2004-03-26,0.0,2.47,-2.46,7.8399997,1020.7,79.055,2.77,133.0,1.2987589,11.28
2004-03-27,0.0,4.5099998,-2.33,9.45,1017.10004,76.25,2.71,151.0,1.5875671,11.28
2004-03-28,0.0,6.85,2.56,10.469999,1018.10004,79.295,3.73,90.0,1.0205382,11.27
2004-03-29,0.0,8.139999,3.26,13.07,1022.3,81.225,2.72,144.0,1.6947597,11.27
2004-03-30,0.0,8.48,1.4599999,14.929999,1020.10004,71.065,4.74,200.0,2.3799882,11.28
2004-03-31,0.0,9.54,3.57,15.88,1013.7,63.670002,4.5,205.0,2.522029,11.27
2004-04-01,0.0,11.099999,5.42,17.49,1012.7,62.07,5.37,191.0,2.4524815,11.27
2004-04-02,0.0,12.19,6.5899997,17.91,1011.7,64.86,5.33,161.0,2.1269462,11.26
2004-04-03,5.2000003,11.099999,8.32,15.95,1015.10004,82.555,5.02,79.0,1.0133346,11.25
2004-04-04,4.3,9.469999,5.87,11.759999,1012.0,80.770004,7.25,129.0,1.5851396,11.27
2004-04-05,12.8,6.91,3.8899999,10.349999,1005.9,85.75,6.0499997,124.0,1.4171466,11.28
2004-04-06,5.5,5.62,3.46,9.179999,999.7,88.1,4.94,121.0,1.3317753,11.3
2004-04-07,9.900001,5.71,4.0499997,8.76,1005.3,87.865,5.23,99.0,1.0896834,11.3
2004-04-08,2.5,5.8199997,2.9199998,8.95,1013.0,83.915,4.04,105.0,1.1553096,11.3
2004-04-09,2.4,6.5299997,2.37,10.92,1016.3,78.74,3.58,157.0,1.7640905,11.31
2004-04-10,0.0,6.2999997,3.4299998,8.37,1016.10004,78.17,4.33,115.0,1.2829343,11.29
2004-04-11,0.0,5.3399997,1.38,9.87,1022.60004,79.75,2.44,136.0,1.4659643,11.29
2004-04-12,0.0,7.4199996,1.17,10.7,1025.5,87.020004,2.44,128.0,1.4718921,11.3
2004-04-13,0.0,6.6,1.37,9.44,1024.5,87.495,2.6,147.0,1.6486939,11.28
2004-04-14,0.0,7.19,-0.90999997,14.559999,1022.2,80.8,1.62,198.0,2.2644188,11.29
2004-04-15,0.0,10.8,2.84,18.19,1018.3,64.67,2.61,232.0,2.948235,11.28
2004-04-16,0.0,12.83,3.9599998,20.5,1013.8,62.495,2.2,230.0,3.0845366,11.29
2004-04-17,0.0,13.87,7.14,21.109999,1002.10004,62.065002,3.6599998,205.0,2.8317301,11.28
2004-04-18,1.2,10.92,7.89,15.009999,990.7,67.815,6.19,126.0,1.6256249,11.28
2004-04-19,0.0,8.099999,3.61,12.75,996.10004,67.785,4.71,143.0,1.70195,11.26
2004-04-20,0.0,8.9,2.01,15.12,1006.3,69.525,2.26,219.0,2.6548693,11.27
2004-04-21,0.0,12.86,4.17,19.02,1012.5,75.135,3.4399998,179.0,2.4036028,11.26
2004-04-22,0.0,11.95,6.08,17.13,1016.3,81.41,2.7,146.0,1.9134498,11.25
2004-04-23,0.0,9.7,3.78,16.35,1023.7,75.595,3.3799999,235.0,2.8910742,11.26
2004-04-24,0.0,10.679999,3.83,17.42,1026.9,73.885,2.9299998,200.0,2.5240214,11.25
2004-04-25,0.0,10.84,3.3999999,18.279999,1027.8,76.305,1.9599999,219.0,2.774632,11.24
2004-04-26,0.0,13.46,5.7,19.49,1021.9,71.090004,2.4299998,203.0,2.7554634,11.24
2004-04-27,0.0,14.7,8.33,21.1,1014.10004,70.770004,4.56,241.0,3.377604,11.24
2004-04-28,5.1,14.7699995,9.32,21.77,1009.0,71.85,4.63,194.0,2.728486,11.23
2004-04-29,0.0,14.49,11.58,18.369999,1004.0,76.435,4.5,101.0,1.414199,11.25
2004-04-30,0.0,16.359999,10.17,22.939999,1002.0,62.125,5.5499997,247.0,3.6057763,11.23
2004-05-01,0.0,14.44,8.73,20.71,1004.5,75.625,3.6699998,204.0,2.8525984,11.22
2004-05-02,0.0,11.09,7.6499996,13.45,1007.2,84.9,3.97,103.0,1.3253211,11.22
2004-05-03,4.5,13.29,7.8599997,19.779999,1001.0,76.87,3.79,185.0,2.5217845,11.21
2004-05-04,0.0,10.559999,7.48,14.46,990.10004,76.01,5.3399997,150.0,1.9174961,11.21
2004-05-05,0.0,10.74,4.5499997,16.91,987.10004,71.235,4.15,154.0,1.9806266,11.19
2004-05-06,8.8,10.19,3.62,15.82,995.60004,80.425,2.29,135.0,1.7045733,11.2
2004-05-07,5.7000003,10.71,8.2699995,14.21,993.8,92.74167,4.5299997,85.0,1.0891354,11.27
2004-05-08,0.0,10.48,7.31,14.03,998.4,82.51,3.6799998,142.0,1.8047537,11.24
2004-05-09,0.0,11.48,5.1099997,15.089999,1005.0,86.535,2.36,148.0,1.9255685,11.23
2004-05-10,0.0,13.08,10.26,17.289999,1010.60004,87.94,3.33,190.0,2.5669856,11.23
2004-05-11,0.0,10.559999,8.599999,14.78,1016.7,80.395004,4.52,140.0,1.7689246,11.22
2004-05-12,0.0,9.34,7.8999996,11.46,1018.9,79.08,4.22,103.0,1.2570976,11.21
2004-05-13,0.0,11.13,8.33,14.53,1019.8,80.355,4.0,129.0,1.652669,11.21
2004-05-14,0.0,11.809999,8.03,16.59,1024.1,76.495,2.52,201.0,2.6163375,11.19
2004-05-15,0.0,13.86,8.17,18.91,1026.8,81.855,4.64,202.0,2.7628727,11.18
2004-05-16,0.0,13.32,7.68,19.56,1028.8,78.995,3.35,247.0,3.3323045,11.17
2004-05-17,0.0,14.58,6.3799996,21.34,1025.0,74.155,2.29,266.0,3.7024357,11.17
2004-05-18,0.0,13.82,6.91,19.32,1023.8,67.22,3.1899998,283.0,3.8716063,11.15
2004-05-19,0.0,15.059999,7.0499997,21.84,1021.5,69.86,4.8399997,273.0,3.8466134,11.15
2004-05-20,0.0,13.099999,6.41,18.699999,1019.3,75.215004,2.85,214.0,2.8825755,11.14
2004-05-21,0.0,9.33,4.29,14.29,1021.0,68.86,4.62,222.0,2.7061324,11.12
2004-05-22,2.1000001,8.62,3.1699998,13.19,1024.0,71.185,5.5699997,230.0,2.7432415,11.11
2004-05-23,0.0,9.65,5.3599997,14.61,1025.6,65.61,4.73,290.0,3.5596945,11.12
2004-05-24,0.0,11.07,4.0699997,18.02,1023.60004,73.155,3.9599998,233.0,2.9754925,11.1
2004-05-25,0.0,10.91,5.9,15.08,1021.0,69.19,4.11,169.0,2.1514373,11.09
2004-05-26,0.0,9.69,4.41,14.889999,1020.5,71.43,3.73,211.0,2.5988045,11.09
2004-05-27,0.0,9.98,3.7099998,14.71,1024.3,77.575005,2.8999999,182.0,2.2559457,11.07
2004-05-28,0.0,12.009999,4.47,19.02,1027.1,72.185,2.1599998,278.0,3.6326869,11.06
2004-05-29,0.0,16.15,6.5499997,23.55,1024.6,59.295002,2.58,305.0,4.396793,11.05
2004-05-30,8.1,17.56,10.94,25.51,1019.5,61.09,3.26,212.0,3.1530123,11.04
2004-05-31,2.5,14.25,11.759999,17.66,1017.9,90.778946,1.5699999,143.0,1.9806632,11.15
2004-06-01,0.0,15.969999,10.91,21.75,1016.8,77.395004,1.81,247.0,3.556886,11.14
2004-06-02,0.0,14.62,10.36,19.8,1020.5,81.405,3.9299998,181.0,2.5259457,11.1
2004-06-03,8.3,14.03,10.01,19.92,1025.4,83.935,3.59,257.0,3.531187,11.09
2004-06-04,3.5,13.75,10.94,19.65,1017.9,85.835,4.06,113.0,1.5469037,11.19
2004-06-05,0.0,12.849999,7.71,16.5,1017.5,82.78,3.61,165.0,2.2105997,11.18
2004-06-06,0.0,14.58,7.44,19.109999,1020.3,80.68,1.64,204.0,2.8445313,11.15
2004-06-07,0.0,18.55,10.75,25.119999,1019.4,75.43,3.1499999,264.0,4.0042634,11.11
2004-06-08,0.0,20.39,10.45,27.23,1019.5,74.345,2.11,287.0,4.5049505,11.09
2004-06-09,0.0,19.47,14.309999,23.89,1018.2,77.69,3.54,201.0,3.103693,11.05
2004-06-10,0.0,19.199999,13.61,24.289999,1018.0,79.72,3.12,181.0,2.7809417,11.06
2004-06-11,0.0,16.76,10.95,20.74,1015.7,74.61,4.93,237.0,3.4719527,11.06
2004-06-12,3.3,14.34,11.32,18.32,1018.10004,82.01,4.58,202.0,2.8034813,11.03
2004-06-13,0.0,13.009999,8.04,17.6,1028.9,76.11,3.73,177.0,2.3698356,11.03
2004-06-14,0.0,16.359999,7.95,23.09,1026.7001,79.365,4.43,215.0,3.1110287,11.02
2004-06-15,0.0,15.589999,10.07,20.119999,1018.7,77.97,5.14,180.0,2.568929,11.01
2004-06-16,0.0,13.62,10.38,17.17,1018.3,71.285,3.85,199.0,2.7153707,10.98
2004-06-17,1.3000001,14.95,11.309999,18.98,1006.5,78.06,5.79,154.0,2.1767516,10.99
2004-06-18,4.4,13.28,9.86,17.23,1004.4,82.85,2.59,168.0,2.2863941,10.97
2004-06-19,11.900001,11.11,8.349999,15.37,1004.60004,77.37,3.9399998,253.0,3.2607493,11.04
2004-06-20,1.0,10.99,7.6499996,15.309999,1005.60004,82.83,3.53,207.0,2.6583529,11.05
2004-06-21,6.4,11.69,6.58,16.77,1009.7,83.025,3.09,200.0,2.611013,11.02
2004-06-22,4.2000003,14.889999,7.5499997,20.43,1012.9,77.81,2.45,247.0,3.478183,11.0
2004-06-23,37.0,15.08,12.9,19.76,998.5,88.095,6.67,143.0,2.0332482,11.12
2004-06-24,12.400001,13.04,11.259999,15.21,1001.4,83.75,8.78,133.0,1.8018117,11.26
2004-06-25,2.5,13.259999,9.059999,15.99,1013.8,86.43,5.91,126.0,1.7075527,11.28
2004-06-26,2.6000001,15.07,6.7999997,20.3,1020.5,75.11,2.3999999,241.0,3.3977594,11.23
2004-06-27,0.0,16.449999,13.13,20.97,1016.0,87.235,3.73,163.0,2.3721325,11.24
2004-06-28,0.0,15.11,9.23,19.539999,1022.4,74.315,4.65,262.0,3.694529,11.2
2004-06-29,0.0,14.79,8.84,19.9,1022.2,82.950005,4.15,233.0,3.2621684,11.19
2004-06-30,2.0,17.279999,12.3,21.689999,1014.7,76.51,3.3,154.0,2.2811697,11.17
2004-07-01,3.3,15.04,10.309999,19.06,1009.4,78.175,4.2999997,205.0,2.9002967,11.18
2004-07-02,31.0,14.0,10.94,17.8,1009.2,86.015,4.0499997,209.0,2.887735,11.2
2004-07-03,4.7000003,14.08,11.219999,18.529999,1009.5,82.515,5.7999997,201.0,2.7820537,11.27
2004-07-04,3.4,14.849999,11.8,18.56,1013.10004,83.45,4.75,180.0,2.5322325,11.28
2004-07-05,0.0,14.389999,8.57,19.18,1016.7,77.5,3.4199998,257.0,3.5728402,11.23
2004-07-06,0.0,14.07,6.91,20.199999,1022.10004,72.17,2.56,282.0,3.883275,11.21
2004-07-07,2.0,15.08,6.1299996,20.22,1017.2,76.535,4.7999997,261.0,3.685097,11.2
2004-07-08,9.7,15.79,11.889999,21.72,1008.60004,83.335,3.0,151.0,2.1724842,11.2
2004-07-09,3.9,15.009999,11.66,19.38,1006.8,86.81,2.62,170.0,2.405862,11.26
2004-07-10,0.0,14.11,10.55,18.16,1011.4,78.91,4.7599998,201.0,2.7819436,11.26
2004-07-11,5.2000003,13.91,10.54,18.14,1008.10004,83.29,4.67,147.0,2.02769,11.24
2004-07-12,1.5,13.4,11.559999,15.679999,1009.4,86.275,4.3199997,108.0,1.4711175,11.27
2004-07-13,0.0,12.759999,9.65,16.13,1015.0,79.29,3.9399998,148.0,1.9804585,11.24
2004-07-14,6.4,14.92,10.67,18.69,1013.8,86.520004,4.63,118.0,1.6622014,11.24
2004-07-15,15.2,16.19,13.0199995,19.18,1013.4,87.745,3.36,141.0,2.0425658,11.25
2004-07-16,5.5,16.779999,13.719999,19.91,1014.4,89.795,2.24,138.0,2.0234134,11.29
2004-07-17,29.1,19.5,14.09,27.99,1012.8,84.24,3.09,246.0,3.8072257,11.29
2004-07-18,1.3000001,18.06,14.309999,22.4,1014.10004,86.51,2.73,133.0,2.001588,11.32
2004-07-19,0.0,16.73,11.469999,21.3,1017.60004,83.225,2.46,217.0,3.1748421,11.31
2004-07-20,7.2000003,15.5,10.63,19.16,1015.3,91.189476,2.21,105.0,1.4974525,11.32
2004-07-21,0.0,17.869999,10.54,24.47,1016.4,84.22,1.77,192.0,2.876413,11.31
2004-07-22,2.5,19.33,13.54,25.68,1018.9,82.395004,1.67,254.0,3.9109528,11.31
2004-07-23,0.0,19.17,12.96,24.97,1018.8,85.21,3.09,206.0,3.1624432,11.3
2004-07-24,0.0,16.449999,10.09,22.269999,1023.2,78.875,2.6,257.0,3.7305415,11.29
2004-07-25,9.6,13.88,11.24,16.91,1017.0,89.380005,3.3,82.0,1.1263785,11.29
2004-07-26,0.0,14.96,9.57,19.439999,1015.7,81.855,3.11,206.0,2.902349,11.3
2004-07-27,0.0,15.48,9.07,21.449999,1020.8,80.775,2.46,231.0,3.2862809,11.29
2004-07-28,0.0,16.029999,9.0,21.449999,1022.0,77.415,2.52,239.0,3.4396713,11.28
2004-07-29,0.0,19.17,12.16,26.369999,1018.4,69.745,2.8999999,297.0,4.560034,11.26
2004-07-30,0.0,20.199999,13.059999,27.88,1018.2,70.79,2.1,268.0,4.194044,11.26
2004-07-31,0.0,19.369999,13.2,25.14,1019.8,77.885,2.25,231.0,3.5584526,11.24
2004-08-01,0.0,18.029999,12.65,23.07,1020.2,82.92,2.18,245.0,3.6773965,11.23
2004-08-02,0.0,18.939999,11.36,25.51,1017.10004,79.405,1.99,258.0,3.9456677,11.23
2004-08-03,0.0,19.83,12.12,26.51,1012.7,78.93,2.44,269.0,4.1886935,11.2
2004-08-04,0.0,20.24,12.65,26.96,1012.10004,81.060005,2.32,265.0,4.1579585,11.19
2004-08-05,0.0,22.81,15.98,31.33,1012.7,70.81,2.51,245.0,4.0151567,11.17
2004-08-06,0.0,24.32,17.23,32.079998,1013.3,66.335,2.4199998,258.0,4.3280964,11.16
2004-08-07,0.0,23.9,16.98,30.539999,1013.60004,61.835,2.72,247.0,4.1168447,11.13
2004-08-08,0.0,24.1,16.539999,31.21,1010.9,55.12,4.49,270.0,4.5172515,11.12
2004-08-09,0.0,25.07,18.42,32.09,1012.10004,50.555,4.7,270.0,4.581488,11.08
2004-08-10,11.0,23.5,18.65,30.73,1012.5,59.73,4.25,204.0,3.3801732,11.06
2004-08-11,12.1,19.67,15.4,24.63,1011.5,87.575005,2.46,146.0,2.2676177,11.27
2004-08-12,49.3,19.47,14.24,28.18,1007.0,86.9,2.86,165.0,2.556948,11.2
2004-08-13,18.9,16.51,15.549999,18.939999,1002.8,92.37222,3.6299999,88.0,1.28833,11.34
2004-08-14,0.0,18.76,13.58,24.189999,1013.9,85.58,3.24,213.0,3.2496881,11.34
2004-08-15,8.7,18.96,16.09,22.84,1017.0,82.74,2.83,137.0,2.0960462,11.32
2004-08-16,6.0,17.85,14.0,21.939999,1007.10004,91.01053,2.9299998,91.0,1.3670635,11.32
2004-08-17,0.0,19.189999,14.849999,23.24,1005.2,83.335,2.8999999,200.0,3.0850189,11.33
2004-08-18,1.2,20.529999,16.99,25.789999,1002.9,79.66,4.18,169.0,2.6730008,11.31
2004-08-19,2.2,18.34,15.389999,21.52,1003.2,80.23,6.56,173.0,2.6274476,11.33
2004-08-20,6.0,16.07,13.2699995,18.85,1005.2,87.985,4.71,143.0,2.0723686,11.32
2004-08-21,1.4,13.7699995,8.97,18.33,1012.8,88.075005,3.4399998,125.0,1.7154077,11.32
2004-08-22,0.0,14.36,7.9199996,19.46,1021.2,78.44,2.28,195.0,2.70437,11.33
2004-08-23,1.4,14.74,9.63,20.289999,1015.60004,83.955,3.11,118.0,1.6543275,11.32
2004-08-24,14.5,16.39,13.82,21.59,1007.3,88.335,3.36,131.0,1.90995,11.31
2004-08-25,4.1,15.5,13.46,19.09,1004.4,89.76,4.98,118.0,1.6896389,11.32
2004-08-26,6.0,15.37,11.73,19.35,1010.7,86.165,4.77,147.0,2.0939984,11.31
2004-08-27,2.6000001,14.94,11.69,16.41,1008.5,93.471436,4.7599998,38.0,0.53659564,11.32
2004-08-28,0.0,14.349999,8.87,19.35,1011.4,81.4,2.83,194.0,2.700007,11.31
2004-08-29,5.3,14.299999,6.97,20.0,1010.60004,80.465004,3.36,146.0,2.0302498,11.31
2004-08-30,14.5,13.84,11.19,17.43,1006.7,90.0579,4.89,132.0,1.8187971,11.33
2004-08-31,4.5,13.969999,10.54,18.4,1013.0,87.69,4.73,140.0,1.930156,11.31
2004-09-01,0.0,13.679999,8.62,19.47,1017.7,78.335,2.8,161.0,2.2005126,11.31
2004-09-02,0.0,15.98,9.0199995,23.189999,1019.4,76.3,2.3,209.0,3.0074909,11.3
2004-09-03,0.0,17.15,10.16,25.07,1022.7,80.295,1.5799999,201.0,2.961228,11.29
2004-09-04,0.0,18.72,12.719999,25.599998,1028.0,84.58,1.9,191.0,2.8983808,11.28
2004-09-05,0.0,18.92,11.3,27.099998,1028.4,85.270004,1.74,184.0,2.8025758,11.27
2004-09-06,0.0,18.369999,11.78,25.57,1028.1,85.82,3.75,194.0,2.9237876,11.27
2004-09-07,0.0,16.51,10.59,22.039999,1032.7001,82.950005,3.78,198.0,2.8681111,11.25
2004-09-08,0.0,15.13,9.29,20.939999,1034.0,81.925,3.37,199.0,2.7953353,11.25
2004-09-09,0.0,15.57,9.19,22.0,1029.7001,68.125,3.4499998,201.0,2.8558433,11.24
2004-09-10,0.0,17.05,8.5,25.07,1016.8,64.85,3.85,191.0,2.813872,11.24
2004-09-11,2.4,18.32,15.7699995,21.84,1011.60004,84.755005,4.56,114.0,1.7258613,11.23
2004-09-12,0.0,15.23,12.7699995,18.55,1010.3,74.380005,7.41,141.0,2.0026183,11.24
2004-09-13,1.4,15.04,12.3,18.44,1005.2,81.55,6.5899997,87.0,1.2328012,11.22
2004-09-14,1.6,14.28,10.75,19.27,1004.4,80.185,7.25,156.0,2.1734996,11.21
2004-09-15,2.2,12.469999,7.7599998,16.56,1014.5,84.58,4.5499997,129.0,1.7142078,11.23
2004-09-16,0.0,12.429999,6.49,17.609999,1024.9,78.65,3.0,152.0,2.0092652,11.2
2004-09-17,0.0,14.33,8.33,19.46,1021.4,70.9,4.24,161.0,2.2311175,11.19
2004-09-18,1.0,16.19,12.309999,21.67,1012.4,75.715004,4.97,110.0,1.5940647,11.19
2004-09-19,0.0,14.099999,9.32,18.21,1014.2,81.325005,4.11,140.0,1.935122,11.19
2004-09-20,12.8,13.33,11.28,14.95,1006.3,87.6,7.0299997,30.0,0.40846378,11.2
2004-09-21,8.2,12.309999,9.57,16.109999,1007.5,78.130005,7.9199996,95.0,1.2609965,11.28
2004-09-22,3.6000001,11.09,8.96,13.59,1009.0,85.75,5.08,65.0,0.8357211,
2004-09-23,6.8,11.67,9.95,14.589999,1003.4,89.075005,5.1099997,76.0,0.99431485,
2004-09-24,9.6,11.46,8.99,14.41,1010.3,88.525,5.22,103.0,1.3363895,11.28
2004-09-25,1.6,11.929999,10.179999,14.469999,1016.8,82.64,4.5499997,62.0,0.81197804,11.29
2004-09-26,0.0,13.259999,8.42,17.619999,1018.4,86.85,3.73,100.0,1.3527205,11.29
2004-09-27,0.0,14.29,10.0,17.89,1017.7,86.46,3.8,97.0,1.344876,11.28
2004-09-28,10.3,14.37,11.19,18.15,1014.2,90.380005,4.67,38.0,0.52854264,11.27
2004-09-29,0.0,12.799999,11.259999,15.65,1014.5,87.765,4.22,78.0,1.044994,11.31
2004-09-30,4.2000003,12.09,6.0099998,16.74,1020.4,86.810005,1.73,103.0,1.3524094,11.29
2004-10-01,3.9,12.889999,10.639999,16.039999,1018.2,93.03125,2.79,70.0,0.9384866,11.29
2004-10-02,1.7,13.179999,11.49,16.33,1016.10004,84.355,4.24,92.0,1.2432358,11.3
2004-10-03,0.0,13.29,9.679999,16.48,1018.4,85.28,4.11,91.0,1.231868,11.3
2004-10-04,2.4,14.559999,12.179999,18.18,1010.3,83.6,5.0699997,56.0,0.78347206,11.29
2004-10-05,0.0,13.57,11.19,16.96,1009.4,88.215004,3.85,40.0,0.5470695,11.29
2004-10-06,2.4,12.19,9.51,16.44,1011.8,80.795,6.22,102.0,1.3474506,11.29
2004-10-07,0.0,10.53,6.3999996,15.19,1015.10004,81.965004,4.87,107.0,1.3518144,11.29
2004-10-08,0.0,8.92,4.56,15.429999,1017.8,88.835,2.34,89.0,1.0738379,11.27
2004-10-09,0.0,7.9199996,2.51,14.73,1019.9,87.29,2.36,112.0,1.3110157,11.28
2004-10-10,0.0,7.39,2.83,12.349999,1020.9,78.215004,4.44,129.0,1.4853084,11.27
2004-10-11,0.0,6.99,2.69,11.79,1024.1,71.985,6.12,124.0,1.4080818,11.26
2004-10-12,0.0,6.39,2.6599998,10.08,1020.0,67.73,5.95,109.0,1.2171144,11.25
2004-10-13,0.0,9.28,3.81,16.279999,1013.10004,83.125,4.02,94.0,1.1483272,11.25
2004-10-14,0.0,11.15,8.73,15.36,1003.2,85.035,4.22,60.0,0.77457535,11.25
2004-10-15,0.0,9.349999,4.0099998,13.929999,997.7,86.590004,3.1299999,61.0,0.75191945,11.25
2004-10-16,0.0,7.5899997,4.66,10.07,997.9,90.645004,3.35,47.0,0.5505113,11.23
2004-10-17,2.3,7.81,6.12,9.44,999.10004,92.84167,3.0,38.0,0.4477671,11.24
2004-10-18,2.5,9.01,5.79,12.179999,1004.8,92.356255,4.35,46.0,0.5597832,11.26
2004-10-19,0.0,8.389999,3.06,14.24,1009.4,88.725006,2.98,97.0,1.1570245,11.24
2004-10-20,12.400001,11.16,5.83,15.86,1000.2,93.333336,4.74,30.0,0.3878887,11.26
2004-10-21,0.0,12.67,9.62,15.83,1005.2,76.26,7.35,97.0,1.3003038,11.29
2004-10-22,6.5,12.73,9.16,15.88,1010.60004,79.12,6.6299996,81.0,1.0850351,11.27
2004-10-23,16.4,14.38,12.46,16.949999,1005.60004,93.005005,6.7999997,19.0,0.2652066,11.29
2004-10-24,3.1000001,15.58,13.929999,16.48,1004.4,89.135,5.1099997,24.0,0.3442556,11.32
2004-10-25,0.0,12.969999,9.65,15.53,1004.10004,81.35,7.52,66.0,0.89164567,11.32
2004-10-26,0.0,9.03,3.4199998,13.5199995,1011.2,89.85,3.5,56.0,0.67986053,11.31
2004-10-27,1.8000001,7.08,1.0799999,11.139999,1007.10004,90.73,3.58,65.0,0.7463176,11.31
2004-10-28,0.0,10.599999,8.01,13.759999,999.3,93.00588,3.47,28.0,0.35686737,11.3
2004-10-29,13.400001,11.139999,7.77,15.28,999.9,93.425,2.23,41.0,0.52990675,11.3
2004-10-30,0.0,11.24,9.21,13.79,1007.7,93.12857,2.44,34.0,0.43911004,11.29
2004-10-31,0.0,10.19,7.44,12.36,1020.60004,88.325005,2.1299999,24.0,0.29970062,11.29
2004-11-01,0.0,8.21,6.1,10.349999,1023.5,88.895004,2.3,32.0,0.37718368,11.28
2004-11-02,2.1000001,8.5,6.8799996,9.99,1021.3,86.815,4.5499997,24.0,0.2856065,11.28
2004-11-03,0.0,9.28,7.75,11.2699995,1018.60004,92.75,2.29,26.0,0.3168299,11.28
2004-11-04,1.4,9.65,5.96,12.75,1018.4,93.15,3.32,29.0,0.35711858,11.28
2004-11-05,1.2,7.8399997,5.38,11.71,1022.8,84.955,4.6,50.0,0.58307207,11.28
2004-11-06,1.5,8.0,3.82,11.04,1021.3,86.805,3.31,47.0,0.55110997,11.29
2004-11-07,0.0,8.059999,5.0099998,11.91,1022.3,87.700005,2.07,60.0,0.7044721,11.28
2004-11-08,0.0,6.7799997,2.73,10.059999,1018.60004,88.405,2.03,30.0,0.3393548,11.27
2004-11-09,10.900001,2.79,0.48,5.46,1015.10004,90.53684,3.1799998,52.0,0.5153173,11.27
2004-11-10,1.8000001,5.77,3.6599998,7.94,1008.60004,92.62,2.62,17.0,0.1871656,11.31
2004-11-11,0.0,3.0,-0.87,6.6099997,1021.4,89.44,1.65,35.0,0.34827358,11.28
2004-11-12,7.7000003,4.74,0.06,9.5,1016.7,93.16667,5.2599998,29.0,0.30734077,11.29
2004-11-13,3.1000001,4.64,1.73,7.46,1025.2001,87.200005,4.48,51.0,0.5362927,11.31
2004-11-14,0.0,5.24,1.4599999,9.57,1031.4,89.305,2.77,50.0,0.5347671,11.3
2004-11-15,2.8,7.47,5.12,9.22,1023.5,91.881256,4.6,15.0,0.17291643,11.3
2004-11-16,5.5,9.65,7.6299996,10.599999,1021.7,95.200005,3.57,23.0,0.28281355,11.3
2004-11-17,2.8,11.42,10.349999,12.05,1013.60004,91.40714,7.44,13.0,0.16826004,11.32
2004-11-18,13.900001,6.71,2.56,11.91,1006.9,84.98,5.58,17.0,0.19299032,11.31
2004-11-19,3.2,2.49,0.14999999,5.02,1010.2,89.73,4.74,35.0,0.3440312,11.33
2004-11-20,2.7,2.52,0.81,5.27,1018.0,88.07895,4.16,26.0,0.25473803,11.31
2004-11-21,4.2000003,2.49,-0.7,6.06,1021.60004,90.03,3.8999999,38.0,0.3711602,11.31
2004-11-22,5.2000003,9.94,2.79,11.84,1010.4,90.793755,7.2799997,16.0,0.19933288,11.32
2004-11-23,0.0,5.6299996,-0.48,10.54,1024.6,84.175,3.5,37.0,0.40223628,11.3
2004-11-24,0.0,1.56,-1.36,5.9,1033.1,91.7125,2.19,48.0,0.4499636,11.3
2004-11-25,0.0,-0.85999995,-3.9599998,2.62,1026.3,92.17778,2.0,41.0,0.3506942,11.29
2004-11-26,3.6000001,2.44,-2.8799999,6.64,1019.60004,92.43175,4.6,15.0,0.14640522,11.29
2004-11-27,1.2,6.73,4.36,8.7699995,1020.3,92.685715,2.95,22.0,0.24826446,11.3
2004-11-28,2.4,7.5499997,6.16,8.45,1012.3,92.968254,2.6299999,12.0,0.13941644,11.31
2004-11-29,0.0,6.08,3.0,8.04,1017.10004,93.2508,1.3299999,13.0,0.14394155,11.29
2004-11-30,0.0,4.21,2.62,6.7599998,1016.2,93.53334,2.58,19.0,0.19781935,11.29
2004-12-01,3.7,2.03,1.3,3.04,1008.9,91.200005,2.52,10.0,0.096720465,11.29
2004-12-02,0.0,2.4299998,-0.29999998,4.87,1012.0,94.200005,2.26,22.0,0.21555929,11.29
2004-12-03,0.0,2.69,0.76,6.44,1020.8,95.200005,2.55,26.0,0.25592214,11.28
2004-12-04,0.0,4.1,2.48,5.13,1027.9,94.950005,4.0099998,16.0,0.16493087,11.29
2004-12-05,0.0,6.3199997,2.95,9.05,1026.7001,94.700005,3.9599998,13.0,0.14435768,11.3
2004-12-06,0.0,6.7599998,4.0099998,8.55,1027.3,93.100006,3.6899998,14.0,0.157594,11.28
2004-12-07,0.0,6.5499997,2.6,8.25,1029.1,94.450005,3.29,11.0,0.12289889,11.28
2004-12-08,0.0,2.82,-1.86,6.6,1032.7001,95.200005,1.62,19.0,0.18668228,11.27
2004-12-09,0.0,-0.32,-2.04,1.38,1029.1,94.387505,3.5,18.0,0.15712334,11.27
2004-12-10,0.0,-0.97999996,-3.48,1.13,1025.6,93.575005,2.9099998,26.0,0.22138967,11.26
2004-12-11,0.0,1.8,0.19999999,2.9199998,1029.6,92.887505,1.9499999,12.0,0.113739155,11.27
2004-12-12,0.0,2.59,-0.59999996,5.0899997,1031.6,92.200005,1.51,11.0,0.107241474,11.27
2004-12-13,0.0,-0.53999996,-1.78,1.8199999,1030.3,92.71251,2.69,10.0,0.08645388,11.27
2004-12-14,0.0,0.07,-2.31,3.47,1026.3,93.225006,4.16,10.0,0.08881359,11.27
2004-12-15,0.0,3.99,1.5899999,5.92,1018.3,93.207695,5.37,17.0,0.17546384,11.26
2004-12-16,4.7000003,5.22,3.24,7.21,1004.60004,92.8,6.43,24.0,0.26007456,11.28
2004-12-17,3.4,5.68,3.3999999,7.1299996,993.3,91.8,5.5299997,14.0,0.15489572,11.28
2004-12-18,11.3,2.6499999,-0.32999998,5.3599997,1002.3,88.82632,4.8399997,19.0,0.18867491,11.28
2004-12-19,0.0,0.21,-2.98,3.9399998,1010.60004,87.68,2.8799999,37.0,0.3335163,11.29
2004-12-20,0.0,-0.34,-4.08,3.06,1020.5,85.67,3.33,37.0,0.32437244,11.29
2004-12-21,0.0,-2.44,-4.99,0.13,1022.60004,83.380005,3.1899998,33.0,0.26469582,11.28
2004-12-22,2.6000001,3.33,-1.27,6.5699997,1010.5,94.700005,7.0499997,12.0,0.1215405,11.29
2004-12-23,0.0,8.92,6.47,10.69,1001.60004,88.630005,8.13,14.0,0.17018385,11.29
2004-12-24,6.5,7.95,6.24,9.41,996.60004,83.735,8.04,22.0,0.2606228,11.3
2004-12-25,0.0,3.3999999,0.32,7.6699996,993.10004,89.936844,5.0899997,28.0,0.28701034,11.3
2004-12-26,0.0,-2.87,-5.74,0.34,1008.2,93.36667,1.3199999,24.0,0.1906825,11.29
2004-12-27,2.1000001,-3.4199998,-5.67,-1.65,1016.60004,95.200005,2.54,20.0,0.15426862,11.27
2004-12-28,6.7000003,0.58,-2.6499999,3.4499998,1003.60004,93.25715,5.65,13.0,0.11938138,11.28
2004-12-29,0.0,2.2,-0.84,4.44,1022.3,90.60667,3.3799999,38.0,0.36708143,11.28
2004-12-30,0.0,5.75,2.76,8.01,1023.7,93.28572,6.2999997,15.0,0.16378242,11.31
2004-12-31,3.5,7.58,3.75,8.87,1019.60004,93.825005,4.89,9.0,0.10429173,11.31
2005-01-01,3.8,6.19,3.3,9.76,1017.0,93.3,5.6299996,14.0,0.15556772,11.3
2005-01-02,2.1000001,5.29,4.0099998,7.85,1015.4,79.72,8.97,25.0,0.27002862,11.31
2005-01-03,0.0,6.5899997,4.43,8.12,1024.8,88.4,7.2999997,16.0,0.17936668,11.3
2005-01-04,3.3,7.8399997,6.6299996,8.88,1020.60004,86.065,8.46,13.0,0.1517569,11.29
2005-01-05,3.9,5.0499997,3.53,7.21,1020.3,91.17778,5.56,13.0,0.13895157,11.3
2005-01-06,0.0,6.99,4.5299997,9.13,1023.5,87.740005,6.85,36.0,0.40891716,11.3
2005-01-07,4.5,10.33,9.059999,12.099999,1018.5,84.535,10.88,15.0,0.18820344,11.3
2005-01-08,0.0,8.41,5.37,12.05,1009.3,72.365005,11.309999,21.0,0.25064796,11.3
2005-01-09,0.0,7.18,3.86,9.94,1018.7,83.015,7.8199997,25.0,0.28630802,11.28
2005-01-10,3.1000001,11.15,8.679999,12.98,1015.4,86.04211,8.389999,33.0,0.42379445,11.29
2005-01-11,2.4,9.32,7.44,10.73,1018.60004,90.075005,6.37,24.0,0.29279003,11.29
2005-01-12,1.4,7.5,5.12,10.21,1017.4,80.805,6.96,36.0,0.41659504,11.3
2005-01-13,1.7,4.64,1.8,7.08,1022.60004,85.65,5.3599997,31.0,0.32642373,11.29
2005-01-14,0.0,1.8399999,-1.43,7.1299996,1030.0,92.458824,2.29,35.0,0.33216342,11.27
2005-01-15,0.0,0.089999996,-2.97,4.11,1029.3,90.6875,2.8,42.0,0.37265605,11.27
2005-01-16,0.0,0.65999997,-2.02,3.8799999,1022.9,85.335,3.6499999,50.0,0.45541698,11.27
2005-01-17,12.2,5.44,2.1,6.47,1012.4,92.3,7.1299996,14.0,0.15219678,11.28
2005-01-18,2.1000001,3.73,0.53999996,6.92,994.3,91.20589,4.94,19.0,0.19687544,11.31
2005-01-19,1.8000001,4.18,1.03,6.7599998,1004.3,88.405,5.72,33.0,0.3454062,11.29
2005-01-20,5.5,8.2,4.19,9.53,997.3,83.335,10.05,15.0,0.17894806,11.29
2005-01-21,4.4,4.24,2.8,5.81,1003.5,83.770004,7.75,35.0,0.36724713,11.31
2005-01-22,1.6,3.6499999,-1.09,7.1099997,1014.5,84.96,4.65,43.0,0.43949383,11.3
2005-01-23,5.2000003,1.4599999,-1.9599999,4.63,1017.9,88.79,4.98,38.0,0.35794884,11.29
2005-01-24,1.7,0.38,-3.3,2.19,1022.10004,83.555,4.21,44.0,0.3965815,11.3
2005-01-25,0.0,-0.97999996,-3.59,1.5,1026.8,82.565,3.84,42.0,0.35737005,11.28
2005-01-26,0.0,-1.5,-4.96,1.41,1030.0,81.655,2.73,43.0,0.3573504,11.28
2005-01-27,0.0,0.51,-1.51,3.1799998,1019.2,92.65,2.09,19.0,0.1724192,11.28
2005-01-28,0.0,0.65999997,-0.9,1.5699999,1015.10004,94.700005,1.79,16.0,0.14639725,11.29
2005-01-29,1.2,0.06,-2.36,3.23,1024.0,94.25556,2.85,24.0,0.21335691,11.28
2005-01-30,0.90000004,5.5099998,3.6699998,7.2599998,1026.7001,93.3091,4.1,17.0,0.18389012,11.28
2005-01-31,7.4,5.7799997,3.3799999,7.72,1021.8,91.950005,5.91,17.0,0.18597929,11.3
2005-02-01,0.0,4.13,2.58,6.37,1025.2001,84.07,5.22,44.0,0.45467854,11.3
2005-02-02,1.5,6.12,4.68,7.2599998,1027.5,91.715004,5.8799996,24.0,0.26470065,11.3
2005-02-03,0.0,6.3999996,4.66,8.09,1031.8,90.53333,3.62,31.0,0.34424806,11.29
2005-02-04,0.0,5.8399997,2.23,7.44,1031.1,92.105,2.73,24.0,0.261844,11.29
2005-02-05,0.0,1.87,-1.12,4.77,1023.8,74.72,3.87,68.0,0.64832705,11.29
2005-02-06,0.0,0.9,-2.34,5.67,1026.6,78.395004,3.1,75.0,0.68804973,11.29
2005-02-07,0.0,-1.1899999,-4.37,3.4299998,1027.4,83.725,2.54,81.0,0.68300116,11.27
2005-02-08,0.0,-1.26,-5.8199997,4.74,1027.8,90.41053,1.64,77.0,0.64722806,11.27
2005-02-09,8.0,3.06,-1.48,7.43,1025.6,92.44667,3.9599998,35.0,0.34822622,11.25
2005-02-10,6.8,6.52,2.75,8.73,1018.0,93.23158,6.31,19.0,0.21324211,11.3
2005-02-11,10.0,4.39,1.1,6.92,1018.4,93.387505,2.37,46.0,0.4813299,11.3
2005-02-12,15.1,5.96,3.1399999,10.42,994.4,91.79,8.47,20.0,0.2231449,11.32
2005-02-13,4.4,3.22,1.43,5.69,994.2,84.72,7.1099997,35.0,0.3562884,11.33
2005-02-14,5.0,2.1299999,-0.32,4.98,1004.4,89.61,5.0899997,54.0,0.5255544,11.31
2005-02-15,0.0,0.84,-1.4599999,1.81,1018.9,85.415,5.5699997,28.0,0.2574196,11.31
2005-02-16,0.0,-0.82,-2.96,1.5999999,1026.5,80.035,3.79,51.0,0.43689352,11.31
2005-02-17,0.0,0.03,-1.5699999,1.22,1026.5,86.63,1.7199999,34.0,0.30144984,11.3
2005-02-18,2.8,0.89,0.08,1.8299999,1016.4,87.865005,5.22,16.0,0.14759517,11.3
2005-02-19,4.0,2.57,-0.52,6.2,1006.8,92.700005,4.33,58.0,0.57285255,11.3
2005-02-20,1.5,1.65,0.57,4.64,1006.60004,92.86667,3.79,39.0,0.37240157,11.31
2005-02-21,0.0,1.5799999,0.19999999,4.44,1011.8,87.28,5.39,59.0,0.5602322,11.3
2005-02-22,1.0,0.099999994,-2.6499999,2.05,1014.9,82.555,6.66,51.0,0.45655376,11.29
2005-02-23,3.7,-0.24,-2.9099998,1.09,1011.9,93.471436,4.99,24.0,0.2123394,11.29
2005-02-24,0.0,-0.02,-0.94,1.1,1014.8,91.58235,2.9199998,48.0,0.4276816,11.29
2005-02-25,0.0,0.53999996,-2.53,2.08,1018.60004,92.06667,2.25,41.0,0.37262988,11.29
2005-02-26,0.0,-0.01,-2.24,1.62,1016.8,89.990005,3.8799999,23.0,0.20476891,11.29
2005-02-27,0.0,-3.37,-7.5699997,-0.87,1025.3,69.535,4.66,104.0,0.79950076,11.3
2005-02-28,0.0,-2.52,-8.38,2.03,1021.4,66.465004,4.75,97.0,0.7759449,11.28
2005-03-01,15.400001,-1.42,-3.1599998,-0.35999998,1005.3,88.095,6.21,24.0,0.20318238,11.28
2005-03-02,6.3,-1.4699999,-2.59,0.88,1003.7,93.97778,2.62,26.0,0.21987556,11.27
2005-03-03,0.0,-5.15,-12.929999,-1.64,1014.10004,88.375,4.04,75.0,0.5354775,11.26
2005-03-04,2.3,-8.63,-18.06,-2.28,1011.3,85.25,2.8799999,98.0,0.5905976,11.26
2005-03-05,0.0,-3.4199998,-6.93,-1.03,1009.3,80.565,4.83,100.0,0.7749903,11.25
2005-03-06,2.4,-3.6899998,-11.44,1.17,1022.0,90.35,2.5,116.0,0.88095593,11.27
2005-03-07,2.5,2.3,-4.5699997,4.15,1020.0,92.55625,4.47,60.0,0.58249027,11.26
2005-03-08,1.1,3.29,1.77,4.31,1020.9,92.672226,4.64,63.0,0.633593,11.3
2005-03-09,0.0,2.9099998,-2.86,6.85,1027.1,90.066666,3.74,87.0,0.86022466,11.31
2005-03-10,1.2,0.48999998,-4.66,4.65,1027.6,91.805,2.85,115.0,1.0376729,11.3
2005-03-11,6.4,3.6,1.35,5.8799996,1003.7,89.090004,8.08,40.0,0.4105076,11.31
2005-03-12,2.7,3.31,0.91999996,6.08,998.60004,87.79,6.0699997,68.0,0.6927353,11.31
2005-03-13,1.9,2.71,-0.17999999,6.23,1008.2,87.815,4.04,88.0,0.872887,11.32
2005-03-14,0.0,3.59,-0.12,7.77,1012.60004,82.925,4.0899997,116.0,1.1843367,11.3
2005-03-15,0.0,7.06,0.51,11.08,1017.0,79.205,6.06,70.0,0.7993642,11.29
2005-03-16,0.0,12.66,9.2,16.59,1017.4,75.16,7.6,116.0,1.5469171,11.3
2005-03-17,0.0,10.679999,8.8,12.78,1019.4,89.345,8.08,41.0,0.51910645,11.3
2005-03-18,1.3000001,8.929999,7.7,10.24,1024.2001,94.09091,5.87,38.0,0.45728126,11.29
2005-03-19,0.0,6.8599997,2.8799999,8.929999,1026.3,92.73334,3.58,54.0,0.6100659,11.3
2005-03-20,0.0,4.77,-0.099999994,9.559999,1024.4,73.755,3.9299998,159.0,1.6800368,11.31
2005-03-21,0.0,6.2999997,-0.26,13.82,1017.7,66.54,4.8599997,179.0,1.9953247,11.29
2005-03-22,0.8,9.94,2.61,17.199999,1010.9,67.1,4.47,139.0,1.7313185,11.29
2005-03-23,0.0,10.71,6.5,15.67,1017.8,84.905,3.1799998,126.0,1.5976937,11.28
2005-03-24,4.9,12.889999,5.87,20.34,1015.5,79.365,3.77,143.0,1.9192815,11.29
2005-03-25,0.0,10.51,8.28,15.32,1015.60004,91.19474,3.1,64.0,0.80794984,11.29
2005-03-26,0.0,9.809999,7.74,13.53,1009.60004,91.381256,2.62,84.0,1.0431263,11.3
2005-03-27,0.0,10.3,7.83,12.429999,1007.8,90.085,4.72,70.0,0.8817076,11.29
2005-03-28,6.1,10.07,7.0499997,12.36,1011.9,91.19474,3.6299999,62.0,0.774659,11.28
2005-03-29,0.0,8.58,7.17,10.4,1014.4,91.875,3.3899999,63.0,0.7538812,11.3
2005-03-30,0.0,9.21,5.7799997,13.79,1018.2,66.835,6.08,152.0,1.8488955,11.29
2005-03-31,0.0,8.389999,3.11,14.71,1026.0,57.525,4.93,207.0,2.450056,11.29
2005-04-01,0.0,8.42,1.28,16.449999,1027.3,57.095,3.74,209.0,2.4744194,11.29
2005-04-02,0.0,9.88,1.67,17.529999,1023.9,52.43,3.77,217.0,2.6828132,11.28
2005-04-03,0.0,12.61,4.45,21.529999,1021.7,56.205,3.21,207.0,2.7522144,11.28
2005-04-04,5.6,12.58,5.21,20.24,1020.10004,71.795,4.16,174.0,2.3132343,11.27
2005-04-05,0.0,8.08,3.74,12.78,1023.0,73.43,4.5299997,177.0,2.0787458,11.28
2005-04-06,1.8000001,8.22,2.6499999,12.54,1013.0,75.675,5.87,119.0,1.4099959,11.27
2005-04-07,4.7000003,8.16,5.8599997,11.309999,998.4,75.11,7.54,165.0,1.9650986,11.29
2005-04-08,8.5,6.5499997,2.08,10.62,1002.8,78.915,4.47,126.0,1.4261761,11.29
2005-04-09,3.5,3.8799999,1.3,7.2999997,1016.60004,80.66,4.96,154.0,1.5848825,11.29
2005-04-10,1.2,7.8199997,5.7,10.92,1022.4,86.19,4.14,112.0,1.3055441,11.29
2005-04-11,0.0,10.04,4.64,15.759999,1027.6,77.095,3.61,195.0,2.4175723,11.28
2005-04-12,0.0,9.929999,2.3899999,15.12,1020.9,76.545,2.77,173.0,2.1446526,11.29
2005-04-13,9.900001,9.889999,7.0299997,12.88,1009.2,87.905,3.1,67.0,0.83400506,11.28
2005-04-14,0.0,12.15,8.99,15.389999,1004.7,83.995,3.56,89.0,1.1779972,11.3
2005-04-15,1.7,12.4,6.71,20.77,1004.60004,75.19,3.76,176.0,2.3442044,11.3
2005-04-16,0.0,10.36,4.9,15.13,1006.2,84.635,4.02,137.0,1.7296486,11.29
2005-04-17,1.0,10.61,6.89,16.59,1002.10004,89.130005,3.36,165.0,2.1009505,11.29
2005-04-18,0.0,11.25,6.23,15.969999,1000.8,88.92105,2.53,103.0,1.3345284,11.28
2005-04-19,8.400001,7.5899997,4.5899997,10.389999,1005.5,92.48334,3.51,80.0,0.9336123,11.28
2005-04-20,0.0,7.6299996,2.52,13.139999,1014.4,64.68,5.0299997,205.0,2.3850536,11.29
2005-04-21,0.0,6.24,-0.98999995,12.679999,1020.7,70.4,2.3999999,253.0,2.8106263,11.3
2005-04-22,0.0,6.2599998,-2.01,13.54,1017.4,72.08,2.19,214.0,2.382796,11.29
2005-04-23,0.0,9.61,1.9699999,16.81,1013.0,64.240005,3.4399998,260.0,3.2059453,11.29
2005-04-24,0.0,11.639999,4.18,18.859999,1011.2,55.145,4.74,249.0,3.244491,11.27
2005-04-25,0.0,10.71,5.13,16.67,1010.2,58.475002,5.52,219.0,2.7861185,11.27
2005-04-26,13.1,11.11,6.31,16.65,1013.10004,77.425,3.25,145.0,1.8620023,11.27
2005-04-27,1.3000001,10.099999,6.27,13.88,1014.10004,82.855,4.18,165.0,2.061276,11.3
2005-04-28,8.3,12.46,5.5699997,18.039999,1019.7,73.255005,3.3999999,219.0,2.9032612,11.3
2005-04-29,0.0,12.55,7.33,17.27,1018.9,87.81,2.23,93.0,1.2360653,11.3
2005-04-30,0.0,13.049999,6.83,17.18,1016.0,90.28,1.77,114.0,1.535738,11.31
2005-05-01,0.0,18.01,7.5,25.26,1010.5,75.68,2.61,219.0,3.2965953,11.29
2005-05-02,0.0,15.809999,8.83,19.5,1011.60004,86.525,2.1399999,160.0,2.3004441,11.29
2005-05-03,4.3,12.46,7.04,17.8,1011.8,88.955,2.32,120.0,1.5959787,11.29
2005-05-04,0.0,10.51,4.88,15.2,1013.2,89.28,3.72,92.0,1.1626463,11.29
2005-05-05,4.0,9.15,2.79,12.88,1016.60004,81.130005,4.62,192.0,2.333164,11.28
2005-05-06,2.7,9.139999,4.93,12.41,1011.5,83.98,5.3199997,181.0,2.2039933,11.31
2005-05-07,15.900001,7.1299996,3.46,10.57,1005.8,86.935,4.25,126.0,1.4498473,11.31
2005-05-08,4.6,6.74,3.31,11.46,1008.7,82.85,4.27,210.0,2.3841047,11.32
2005-05-09,4.2000003,7.5299997,3.52,11.809999,1010.60004,82.135,4.94,208.0,2.417066,11.32
2005-05-10,2.6000001,8.2,4.73,12.7,1016.9,81.295,4.72,192.0,2.269446,11.32
2005-05-11,0.0,7.6699996,2.75,11.69,1023.8,77.695,3.98,192.0,2.2264943,11.32
2005-05-12,0.0,7.8399997,0.94,12.99,1025.3,79.49,2.82,226.0,2.6323678,11.32
2005-05-13,0.0,9.73,2.22,16.31,1022.0,78.45,4.6,259.0,3.1914256,11.31
2005-05-14,10.5,10.69,5.8599997,15.66,1014.7,77.625,5.47,235.0,2.9822373,11.3
2005-05-15,0.0,10.44,4.98,16.17,1013.7,85.22,3.06,195.0,2.4591184,11.31
2005-05-16,3.0,7.8799996,2.6,13.45,1014.0,88.69,3.32,119.0,1.3951875,11.3
2005-05-17,0.0,6.2799997,1.27,10.76,1017.5,78.015,2.7,201.0,2.2393594,11.3
2005-05-18,0.0,7.6,0.64,13.32,1022.2,69.86,2.12,263.0,3.045697,11.31
2005-05-19,2.7,13.17,2.98,18.75,1020.60004,60.465,4.31,241.0,3.2501073,11.3
2005-05-20,2.8,15.5,12.28,20.14,1014.10004,83.85,3.9199998,135.0,1.926148,11.31
2005-05-21,3.8,14.86,11.67,19.14,1010.9,80.29,3.57,221.0,3.112303,11.3
2005-05-22,0.0,14.79,8.72,20.3,1010.10004,70.63,3.79,262.0,3.6849918,11.32
2005-05-23,0.0,12.66,7.73,17.35,1016.10004,68.68,4.3199997,252.0,3.3623197,11.3
2005-05-24,0.0,13.21,6.8199997,16.41,1020.60004,71.945,4.5299997,165.0,2.227338,11.28
2005-05-25,0.0,16.26,11.91,20.84,1022.60004,75.26,4.25,248.0,3.5861168,11.28
2005-05-26,0.0,20.82,12.4,29.26,1017.7,63.95,3.9399998,284.0,4.4944963,11.27
2005-05-27,0.0,21.59,9.7,29.55,1015.2,66.950005,2.27,304.0,4.879096,11.27
2005-05-28,0.0,20.57,12.66,27.64,1014.3,64.275,4.95,308.0,4.8578854,11.25
2005-05-29,2.7,14.53,9.36,20.3,1019.8,71.305,3.46,254.0,3.538334,11.23
2005-05-30,5.9,10.65,8.19,14.139999,1020.0,86.66,2.8,90.0,1.1382883,11.26
2005-05-31,4.5,10.07,5.25,15.5,1024.1,79.69,4.0099998,223.0,2.771276,11.3
2005-06-01,1.1,11.87,4.58,16.789999,1022.5,68.36,2.6,227.0,2.9612973,11.27
2005-06-02,0.0,14.33,11.929999,17.32,1014.5,87.76,4.12,84.0,1.167146,11.27
2005-06-03,13.900001,16.609999,12.91,25.26,1008.60004,83.465004,3.9299998,209.0,3.0598624,11.27
2005-06-04,1.4,14.09,12.07,17.609999,1009.2,78.485,6.69,170.0,2.3538013,11.3
2005-06-05,1.1,12.809999,10.78,16.609999,1014.3,87.415,4.2599998,117.0,1.568003,11.3
2005-06-06,0.0,10.57,7.22,13.03,1021.60004,69.245,4.74,170.0,2.1439824,11.29
2005-06-07,0.0,10.179999,5.93,14.09,1032.5,69.575005,5.15,226.0,2.8067014,11.27
2005-06-08,0.0,10.639999,4.4,15.839999,1036.5,71.465004,2.85,271.0,3.4022334,11.28
2005-06-09,0.0,12.429999,4.0099998,18.82,1030.3,71.345,2.3,303.0,3.9965055,11.26
2005-06-10,0.0,11.24,6.25,16.06,1021.2,79.57,3.59,174.0,2.2343104,11.27
2005-06-11,0.90000004,10.16,6.73,14.48,1014.2,74.09,4.08,158.0,1.9769824,11.27
2005-06-12,6.3,10.309999,6.46,14.139999,1007.9,84.1,3.3799999,161.0,2.028387,11.26
2005-06-13,0.0,12.0199995,8.51,15.559999,1005.10004,71.045,4.39,231.0,3.047006,11.28
2005-06-14,0.0,14.469999,6.48,21.3,1011.4,67.025,3.29,313.0,4.3682156,11.26
2005-06-15,0.7,16.359999,6.6299996,24.08,1017.5,74.08,2.8799999,281.0,4.0794053,11.24
2005-06-16,0.0,17.3,12.66,20.72,1020.8,76.755,4.48,213.0,3.1497684,11.24
2005-06-17,0.0,17.27,12.33,21.9,1024.7001,88.365,4.2599998,112.0,1.6529728,11.24
2005-06-18,0.0,16.59,10.66,22.539999,1027.7001,69.07,2.26,274.0,3.9827785,11.23
2005-06-19,0.0,20.38,9.679999,27.99,1020.9,58.125,2.47,346.0,5.4277368,11.2
2005-06-20,0.0,24.33,15.65,32.02,1015.60004,61.690002,2.9099998,324.0,5.432774,11.18
2005-06-21,0.0,19.76,12.389999,24.269999,1017.2,73.325005,3.26,256.0,3.9755,11.16
2005-06-22,0.0,18.3,11.25,24.1,1022.5,69.61,2.1299999,302.0,4.553665,11.15
2005-06-23,0.0,22.119999,11.719999,29.57,1019.4,63.31,2.02,328.0,5.3048844,11.12
2005-06-24,7.0,24.48,16.99,31.429998,1013.3,66.700005,1.9699999,265.0,4.456222,11.1
2005-06-25,0.0,16.27,10.36,19.49,1017.8,85.265,4.5099998,159.0,2.3036103,11.16
2005-06-26,0.0,14.71,8.929999,20.65,1025.4,77.305,2.9399998,286.0,3.992088,11.12
2005-06-27,0.0,14.73,7.6699996,20.96,1022.8,73.865,1.9399999,319.0,4.4591227,11.09
2005-06-28,0.0,15.19,8.15,21.77,1018.3,74.49,2.62,313.0,4.4283595,11.08
2005-06-29,0.0,16.26,9.41,21.93,1009.9,77.035,3.04,204.0,2.963337,11.06
2005-06-30,17.300001,17.029999,14.57,20.96,1008.0,89.74,2.18,120.0,1.7725903,11.06
2005-07-01,1.6,15.49,11.2699995,20.199999,1012.8,87.945,2.61,160.0,2.2834353,11.23
2005-07-02,0.0,17.74,10.179999,21.88,1018.7,86.200005,2.1499999,192.0,2.8667104,11.19
2005-07-03,0.0,19.77,16.31,24.83,1016.60004,82.045,2.51,194.0,3.0138083,11.17
2005-07-04,7.9,18.59,12.46,27.41,1005.9,80.725,5.18,212.0,3.2324152,11.16
2005-07-05,0.0,14.42,10.099999,18.73,1011.8,81.89,3.22,185.0,2.5784996,11.21
2005-07-06,11.900001,14.32,9.719999,18.58,1006.7,87.475,3.29,170.0,2.3686335,11.21
2005-07-07,2.1000001,15.299999,11.94,20.32,1009.8,82.985,2.26,168.0,2.3902438,11.27
2005-07-08,5.0,15.66,11.74,20.39,1016.0,90.065,1.76,139.0,1.988796,11.26
2005-07-09,0.0,17.25,12.66,22.59,1022.0,87.095,1.89,222.0,3.2781374,11.25
2005-07-10,0.0,20.949999,13.87,27.13,1026.2001,76.61,3.56,291.0,4.6039553,11.22
2005-07-11,0.0,18.76,14.66,23.1,1029.3,84.435005,4.25,288.0,4.371859,11.21
2005-07-12,0.0,19.81,14.599999,25.949999,1028.3,81.05,3.1999998,300.0,4.6468067,11.19
2005-07-13,0.0,18.4,14.21,24.51,1024.2001,80.455,2.4199998,283.0,4.2731385,11.18
2005-07-14,0.0,20.43,13.78,26.199999,1019.60004,75.365,1.67,266.0,4.178183,11.15
2005-07-15,0.0,18.89,11.87,23.74,1012.9,74.945,3.9299998,244.0,3.7331204,11.12
2005-07-16,0.0,15.66,10.28,20.5,1015.9,76.435,3.1599998,210.0,3.004766,11.11
2005-07-17,0.0,16.41,9.37,21.689999,1015.7,77.695,2.53,193.0,2.806645,11.09
2005-07-18,4.3,19.34,12.04,24.93,1009.10004,75.795,2.01,197.0,3.0434299,11.09
2005-07-19,1.6,17.25,14.65,20.64,1012.4,73.885,4.91,197.0,2.9186585,11.12
2005-07-20,3.7,15.549999,13.099999,18.89,1014.0,79.495,5.5299997,167.0,2.3854208,11.08
2005-07-21,7.9,14.78,13.49,16.74,1012.3,87.630005,6.27,79.0,1.1099479,11.07
2005-07-22,0.90000004,13.759999,12.96,15.94,1011.0,88.56,4.02,105.0,1.4416195,11.18
2005-07-23,0.0,14.09,10.809999,17.529999,1008.7,86.75,3.36,107.0,1.4817977,11.13
2005-07-24,8.6,15.969999,9.07,22.01,1006.4,82.535,1.9799999,203.0,2.934327,11.11
2005-07-25,8.6,17.24,14.78,19.41,1003.5,91.03,2.56,124.0,1.8424367,11.19
2005-07-26,0.0,14.25,10.57,17.529999,1011.2,80.98,2.49,106.0,1.4719766,11.23
2005-07-27,3.5,15.969999,10.13,18.85,1011.3,89.810005,2.27,111.0,1.60163,11.19
2005-07-28,0.0,20.98,16.029999,27.609999,1010.4,89.405,1.7199999,217.0,3.4514217,11.19
2005-07-29,40.3,20.82,17.05,25.82,1011.0,85.49,2.71,183.0,2.9020064,11.16
2005-07-30,6.0,17.21,13.799999,21.32,1010.60004,85.880005,3.9199998,175.0,2.5922203,11.31
2005-07-31,6.8,14.139999,13.17,16.57,1009.7,87.54,5.6,106.0,1.4690841,11.3
2005-08-01,0.0,14.37,11.0199995,17.26,1018.10004,78.625,3.59,129.0,1.7915832,11.27
2005-08-02,0.0,13.92,9.12,18.22,1021.2,84.53,1.9499999,179.0,2.4571009,11.26
2005-08-03,5.6,14.29,8.45,20.35,1019.5,84.96,3.1599998,202.0,2.7987351,11.25
2005-08-04,4.7000003,15.71,11.679999,19.89,1022.3,79.145004,3.9099998,233.0,3.329707,11.24
2005-08-05,12.2,13.92,10.639999,17.16,1016.4,91.310005,3.79,86.0,1.1827122,11.25
2005-08-06,16.0,12.599999,9.01,16.4,1016.10004,88.04,3.21,189.0,2.5179956,11.33
2005-08-07,7.3,12.849999,9.92,17.08,1012.10004,85.765,3.8,212.0,2.8464882,11.31
2005-08-08,0.0,14.19,10.79,18.82,1013.7,83.725,4.14,147.0,2.036527,11.31
2005-08-09,7.5,13.54,11.73,16.039999,1013.0,80.23,4.0699997,114.0,1.5558227,11.29
2005-08-10,0.0,14.78,12.7,17.8,1011.60004,84.58,4.46,108.0,1.5177991,11.31
2005-08-11,0.0,14.559999,10.08,18.84,1013.0,84.955,3.83,110.0,1.537379,11.3
2005-08-12,0.0,14.07,9.32,18.21,1013.5,86.04,2.53,110.0,1.5198026,11.3
2005-08-13,6.7000003,15.71,10.179999,20.119999,1015.5,80.01,3.1899998,158.0,2.2635288,11.29
2005-08-14,7.8,16.17,13.73,20.289999,1009.7,88.91,4.18,105.0,1.5224391,11.3
2005-08-15,0.0,15.15,10.469999,18.4,1020.8,86.51,4.21,122.0,1.7229232,11.3
2005-08-16,0.0,14.7,8.11,20.22,1023.3,86.35,1.38,161.0,2.2485635,11.3
2005-08-17,0.0,16.619999,9.67,21.97,1021.60004,80.385,2.19,215.0,3.1338983,11.29
2005-08-18,0.0,19.859999,11.92,26.59,1015.9,75.565,3.32,261.0,4.0622535,11.28
2005-08-19,6.2000003,19.43,14.309999,27.63,1012.3,83.21,2.54,194.0,2.9990256,11.27
2005-08-20,7.7000003,17.55,14.37,21.109999,1017.2,91.795006,1.79,88.0,1.3095632,11.29
2005-08-21,0.0,16.529999,12.92,20.9,1020.10004,87.43,2.1599998,122.0,1.7758751,11.34
2005-08-22,0.0,16.119999,12.07,19.48,1015.60004,89.700005,1.63,137.0,1.9800813,11.33
2005-08-23,0.0,14.219999,8.139999,19.41,1015.10004,89.05,2.72,109.0,1.510313,11.31
2005-08-24,11.6,15.03,7.7799997,20.66,1010.8,78.11,3.98,199.0,2.8133023,11.31
2005-08-25,5.2000003,14.469999,9.2699995,19.21,1002.5,83.96,4.73,107.0,1.4983902,11.33
2005-08-26,3.4,12.98,9.5199995,17.18,1012.7,80.905,4.74,168.0,2.2623353,11.34
2005-08-27,0.0,14.67,10.5,19.5,1017.60004,83.8,3.21,154.0,2.1539695,11.33
2005-08-28,0.0,16.52,10.92,21.58,1021.5,82.16,3.27,179.0,2.6037433,11.32
2005-08-29,0.0,17.66,11.21,23.769999,1023.2,74.55,3.54,234.0,3.4828503,11.31
2005-08-30,0.0,17.64,9.76,25.63,1026.2001,83.11,1.9799999,217.0,3.2252238,11.29
2005-08-31,0.0,21.23,14.04,28.949999,1016.9,74.49,3.57,227.0,3.6190557,11.29
2005-09-01,0.0,19.33,14.309999,25.24,1014.8,82.485,3.46,159.0,2.4514189,11.27
2005-09-02,0.0,17.359999,12.799999,22.609999,1025.4,88.345,2.54,153.0,2.2617033,11.27
2005-09-03,0.0,16.73,11.21,22.65,1030.6,78.275,3.58,204.0,2.971028,11.26
2005-09-04,0.0,17.15,8.83,24.039999,1025.3,76.73,3.27,215.0,3.1646304,11.26
2005-09-05,0.0,19.21,12.42,26.75,1016.10004,70.025,3.12,214.0,3.2905984,11.26
2005-09-06,0.0,18.96,10.34,27.099998,1010.7,78.54,1.74,189.0,2.8975644,11.25
2005-09-07,0.0,18.65,14.33,24.21,1011.7,84.68,2.61,169.0,2.574818,11.23
2005-09-08,10.6,19.66,14.49,26.369999,1013.4,77.225,3.22,193.0,2.9952447,11.23
2005-09-09,3.4,19.49,15.65,24.32,1011.8,82.630005,3.3899999,127.0,1.9657825,11.27
2005-09-10,0.0,19.05,15.16,23.769999,1010.7,89.14,2.82,144.0,2.2114296,11.25
2005-09-11,0.0,16.32,14.7,18.15,1012.2,90.0,3.36,44.0,0.6394375,11.23
2005-09-12,0.0,16.039999,9.79,20.289999,1019.3,81.770004,3.8,137.0,1.9740429,11.22
2005-09-13,0.0,14.17,7.71,21.02,1024.5,82.805,1.53,177.0,2.4408243,11.22
2005-09-14,1.2,14.65,11.2,18.9,1018.4,91.61053,3.98,68.0,0.95038146,11.22
2005-09-15,20.9,13.98,11.33,17.73,1013.3,89.115005,3.1699998,67.0,0.9238259,11.22
2005-09-16,1.7,11.55,7.18,15.7,1011.5,78.83,5.0299997,148.0,1.9237438,11.28
2005-09-17,0.0,9.389999,4.2,15.45,1022.0,84.285,2.3,166.0,2.0260277,11.28
2005-09-18,0.0,10.46,3.49,17.279999,1027.8,84.66,1.81,122.0,1.5299155,11.26
2005-09-19,0.0,11.9,4.94,19.24,1026.8,79.79,0.91999996,175.0,2.280616,11.26
2005-09-20,0.0,11.87,4.2999997,19.65,1024.8,82.8,1.1,172.0,2.2416563,11.25
2005-09-21,0.0,12.759999,5.24,20.41,1024.1,82.61,1.4399999,167.0,2.226497,11.24
2005-09-22,0.0,13.82,7.5899997,21.41,1021.10004,81.655,1.88,165.0,2.2596729,11.23
2005-09-23,0.0,13.88,6.2599998,21.63,1014.9,81.700005,2.48,161.0,2.213359,11.24
2005-09-24,0.0,15.099999,11.65,19.39,1016.3,89.08,2.4099998,109.0,1.5401942,11.22
2005-09-25,5.3,14.589999,9.559999,20.18,1012.5,87.385,3.07,102.0,1.4268177,11.22
2005-09-26,0.0,14.45,11.63,18.449999,1016.2,86.015,3.24,92.0,1.2810061,11.27
2005-09-27,1.8000001,14.349999,12.29,16.59,1014.8,88.87,4.47,36.0,0.5003786,11.25
2005-09-28,9.5,12.48,9.09,16.35,1016.8,81.93,3.8999999,120.0,1.5935096,11.28
2005-09-29,3.4,11.219999,7.5099998,15.5199995,1014.2,86.015,4.56,101.0,1.3001181,11.28
2005-09-30,6.1,10.78,7.0499997,12.9,1018.9,91.221054,4.13,66.0,0.8380569,11.27
2005-10-01,0.0,12.59,7.66,16.9,1011.0,85.81,3.77,78.0,1.0410777,11.31
2005-10-02,0.0,10.67,6.43,16.32,1019.60004,90.235,2.49,119.0,1.5061396,11.28
2005-10-03,0.0,10.139999,4.5099998,16.46,1029.7001,89.340004,1.68,123.0,1.5277325,11.28
2005-10-04,0.0,11.23,4.99,16.34,1030.3,88.020004,3.51,104.0,1.3299513,11.28
2005-10-05,0.0,13.54,9.38,19.22,1027.7001,87.765,3.9299998,124.0,1.6825322,11.28
2005-10-06,0.0,13.44,10.01,19.289999,1025.3,93.11667,2.8999999,103.0,1.3955469,11.27
2005-10-07,0.0,13.19,7.98,19.77,1020.60004,87.195,3.04,121.0,1.6325889,11.27
2005-10-08,0.0,12.32,6.74,17.73,1017.5,93.35834,2.45,98.0,1.2957968,11.24
2005-10-09,0.0,13.2699995,9.389999,16.529999,1021.10004,91.105,2.2,56.0,0.75689393,11.26
2005-10-10,0.0,15.049999,10.59,21.55,1021.10004,87.68,2.8799999,117.0,1.648424,11.26
2005-10-11,0.0,13.71,9.13,20.26,1016.8,83.6,3.4399998,126.0,1.7239748,11.25
2005-10-12,0.0,13.69,7.6499996,21.02,1016.3,85.265,3.09,118.0,1.614067,11.25
2005-10-13,0.0,13.16,8.139999,21.06,1018.9,84.28,2.02,120.0,1.6190153,11.24
2005-10-14,0.0,13.759999,9.96,18.67,1026.7001,92.020004,1.64,73.0,0.9961353,11.23
2005-10-15,0.0,11.46,7.35,16.039999,1030.7001,89.715004,3.32,104.0,1.3377907,11.22
2005-10-16,0.0,9.67,5.7799997,14.9,1029.0,68.955,4.8599997,117.0,1.4347794,11.22
2005-10-17,0.0,8.47,5.2,13.67,1027.7001,77.0,5.18,106.0,1.2565826,11.21
2005-10-18,0.0,8.24,5.43,12.73,1023.2,81.645004,5.33,103.0,1.2153094,11.21
2005-10-19,4.2000003,7.6499996,3.5,10.8,1014.3,90.25,4.21,60.0,0.698519,11.2
2005-10-20,0.0,11.54,7.83,15.74,1008.5,88.77369,5.12,67.0,0.8717648,11.26
2005-10-21,5.7000003,11.389999,6.21,15.509999,1001.4,93.425,3.86,35.0,0.4550111,11.23
2005-10-22,2.6000001,12.429999,10.69,14.4,999.0,91.975006,5.44,41.0,0.54776216,11.25
2005-10-23,1.9,10.36,7.12,12.7699995,1011.10004,89.073685,2.3,43.0,0.5417131,11.26
2005-10-24,21.7,12.059999,8.309999,15.25,1011.4,89.04434,4.5299997,20.0,0.26338503,11.27
2005-10-25,5.6,14.21,12.92,15.07,1002.8,89.015,8.22,23.0,0.32013413,11.31
2005-10-26,0.0,13.54,10.29,17.109999,1014.2,85.515,5.0299997,67.0,0.913954,11.3
2005-10-27,0.0,15.5199995,11.17,21.289999,1017.10004,85.26,3.6899998,85.0,1.211953,11.3
2005-10-28,0.0,16.09,11.86,20.39,1015.10004,82.12,3.8999999,76.0,1.0979311,11.28
2005-10-29,0.0,15.37,11.24,19.46,1014.5,85.875,2.98,66.0,0.9388395,11.28
2005-10-30,0.0,16.0,13.2,21.13,1012.9,80.64,3.9499998,85.0,1.2265532,11.29
2005-10-31,0.7,15.5,11.48,18.74,1009.0,78.67,3.49,66.0,0.9434465,11.29
2005-11-01,0.0,12.73,6.83,15.719999,1012.5,86.955,4.7599998,44.0,0.5889472,11.28
2005-11-02,5.5,11.38,6.3799996,14.94,1011.60004,93.08572,5.0299997,21.0,0.27175298,11.27
2005-11-03,0.0,15.33,13.04,17.91,1008.3,82.74,6.72,63.0,0.8974358,11.29
2005-11-04,1.2,12.719999,8.82,15.46,1012.0,87.68,4.47,27.0,0.36138377,11.29
2005-11-05,0.0,8.8,6.44,11.759999,1019.3,89.020004,4.8399997,54.0,0.6488451,11.28
2005-11-06,1.4,10.809999,7.17,14.15,1020.3,84.0,6.0899997,66.0,0.83822197,11.28
2005-11-07,2.7,10.24,8.44,11.75,1020.0,92.71333,4.43,22.0,0.27517408,11.27
2005-11-08,0.0,10.5199995,7.56,14.98,1018.9,88.41,4.5099998,60.0,0.7565676,11.28
2005-11-09,0.0,8.46,3.83,12.2699995,1020.9,87.91053,3.61,41.0,0.48743048,11.27
2005-11-10,2.4,8.559999,4.12,10.98,1028.7001,91.77334,5.46,47.0,0.5583792,11.26
2005-11-11,3.6000001,12.009999,10.74,13.809999,1020.9,91.78421,6.5899997,16.0,0.20961285,11.3
2005-11-12,0.0,8.79,4.45,11.38,1014.5,90.32105,4.5099998,24.0,0.2889311,11.29
2005-11-13,0.0,7.5,4.29,12.48,1023.0,92.7125,1.86,39.0,0.4501015,11.27
2005-11-14,2.2,5.43,0.39,9.32,1022.2,86.755005,3.79,51.0,0.5514817,11.27
2005-11-15,3.7,7.5,3.82,11.59,1005.60004,91.54211,4.49,21.0,0.2443979,11.29
2005-11-16,10.0,4.48,2.69,5.92,1000.3,93.175,3.4099998,30.0,0.31789476,11.28
2005-11-17,2.7,4.2,1.0699999,7.62,1009.3,90.375,3.9399998,40.0,0.41784632,11.3
2005-11-18,0.0,2.3999999,-2.56,7.85,1020.4,91.655556,2.46,48.0,0.46760276,11.31
2005-11-19,0.0,2.8,-2.8,6.92,1028.0,93.8,2.1499999,34.0,0.3346794,11.29
2005-11-20,6.5,6.47,3.34,8.57,1028.2001,90.87059,3.07,21.0,0.2341348,11.28
2005-11-21,0.0,6.08,2.27,10.03,1032.1,93.100006,2.9399998,36.0,0.39563325,11.31
2005-11-22,2.2,2.9399998,0.31,4.17,1038.7001,93.090004,0.97999996,17.0,0.16721363,11.3
2005-11-23,0.0,4.0699997,3.1999998,5.0699997,1034.8,94.200005,2.1,19.0,0.1949412,11.29
2005-11-24,9.3,4.49,2.46,5.08,1006.3,93.725006,5.5299997,12.0,0.12679772,11.3
2005-11-25,4.7000003,1.74,0.22999999,3.8899999,976.7,93.25,3.31,12.0,0.11696552,11.31
2005-11-26,5.0,0.61,0.24,1.25,985.3,93.675,3.52,13.0,0.120821945,11.31
2005-11-27,0.0,1.05,-0.65,2.37,992.4,94.100006,2.3,21.0,0.19765475,11.31
2005-11-28,0.0,0.39,-3.08,2.0,996.8,93.700005,2.26,19.0,0.17389509,11.3
2005-11-29,1.1,2.27,-0.28,4.67,1003.10004,93.3591,3.7099998,16.0,0.15663615,11.29
2005-11-30,0.0,2.24,-0.11,5.74,1009.60004,93.01819,4.02,24.0,0.23383974,11.29
2005-12-01,0.0,0.88,-0.26999998,2.6799998,1007.60004,86.89,4.92,40.0,0.3707384,11.3
2005-12-02,0.0,2.25,-1.02,5.58,996.5,80.465004,5.25,31.0,0.3043927,11.29
2005-12-03,0.8,5.87,2.45,7.74,993.7,84.94,5.25,20.0,0.22258505,11.28
2005-12-04,5.9,7.17,5.92,8.94,992.60004,91.74706,4.11,16.0,0.18552707,11.29
2005-12-05,4.5,6.08,5.1,7.5,994.8,92.975006,3.87,14.0,0.15676603,11.31
2005-12-06,1.0,5.4,4.31,6.54,1002.60004,93.600006,3.61,12.0,0.13094139,11.3
2005-12-07,2.0,5.96,3.82,7.73,1008.9,94.450005,3.54,15.0,0.16613308,11.31
2005-12-08,0.0,3.79,0.37,5.6099997,1019.10004,94.356255,2.35,16.0,0.16392887,11.3
2005-12-09,0.0,3.1,1.36,4.93,1037.5,94.262505,1.88,27.0,0.26728812,11.28
2005-12-10,0.0,-0.01,-2.35,2.8999999,1041.1,94.200005,2.73,21.0,0.18430465,11.29
2005-12-11,0.0,4.61,2.76,6.2799997,1036.2001,93.09091,4.12,6.0,0.062669866,11.29
2005-12-12,0.0,7.25,5.5,9.49,1034.7001,89.725,3.54,27.0,0.30749997,11.29
2005-12-13,0.0,6.43,3.53,7.72,1033.0,87.51,3.21,15.0,0.16663238,11.29
2005-12-14,0.0,6.27,4.21,8.82,1024.4,91.011116,3.8999999,21.0,0.23308726,11.28
2005-12-15,10.8,7.5299997,6.54,9.09,1013.60004,89.05,6.79,17.0,0.19726399,11.28
2005-12-16,3.8,5.21,1.1999999,9.849999,999.4,84.885,8.67,24.0,0.26069063,11.3
2005-12-17,4.1,0.79999995,-0.98999995,2.24,1007.9,93.86667,5.35,23.0,0.2124816,11.3
2005-12-18,1.8000001,1.81,-0.35,3.9199998,1017.10004,90.195,3.84,28.0,0.2673688,11.29
2005-12-19,0.0,4.21,0.59,7.9199996,1017.8,92.60834,4.9,21.0,0.21845737,11.3
2005-12-20,0.0,5.69,4.15,6.54,1026.6,91.310005,3.9199998,11.0,0.119697295,11.3
2005-12-21,1.6,5.35,3.03,7.6699996,1028.7001,93.005005,4.29,12.0,0.12899065,11.3
2005-12-22,4.1,6.33,3.22,7.29,1026.1,94.700005,3.25,21.0,0.23333684,11.29
2005-12-23,0.0,7.79,6.25,8.45,1022.60004,93.37,4.8199997,14.0,0.16303037,11.3
2005-12-24,1.4,7.37,5.71,8.75,1020.60004,91.350006,4.29,18.0,0.20715569,11.29
2005-12-25,0.0,3.5,0.29,6.8199997,1021.3,91.67368,2.83,35.0,0.35454634,11.3
2005-12-26,3.4,-0.06,-2.79,3.98,1014.60004,93.58,3.0,24.0,0.21352611,11.29
2005-12-27,0.0,-2.1299999,-4.8199997,-0.04,1013.9,88.1,5.0499997,21.0,0.1716315,11.28
2005-12-28,0.0,-3.1999998,-6.43,-0.04,1014.5,87.89,3.7099998,25.0,0.19498637,11.28
2005-12-29,0.0,-2.1499999,-5.81,-0.32,1012.2,94.700005,3.21,20.0,0.16349351,11.28
2005-12-30,6.9,-1.5799999,-2.98,-0.48999998,1007.8,87.065,6.22,23.0,0.19312388,11.27
2005-12-31,2.1000001,2.7,-2.1399999,4.96,993.60004,90.25751,4.98,15.0,0.14994891,11.3
2006-01-01,0.0,3.56,0.45,4.0499997,1003.7,93.450005,3.09,10.0,0.102483705,11.3
2006-01-02,0.0,2.18,-0.93,4.99,1022.2,93.571434,2.1499999,19.0,0.18341532,11.3
2006-01-03,0.0,1.41,-1.52,4.74,1029.3,91.262505,1.9599999,23.0,0.21484321,11.28
2006-01-04,0.0,0.79999995,-0.63,2.83,1032.3,92.808334,3.0,17.0,0.15484408,11.29
2006-01-05,0.0,0.59999996,-1.09,1.4699999,1025.4,92.583336,4.74,9.0,0.081664495,11.3
2006-01-06,0.0,0.32,-0.29999998,1.29,1025.1,92.981255,4.83,11.0,0.098737575,11.28
2006-01-07,0.0,0.29,-0.76,0.9,1028.4,93.575005,4.3199997,14.0,0.12527493,11.28
2006-01-08,0.0,0.51,-0.72999996,0.79999995,1029.4,93.8091,3.99,12.0,0.108250596,11.29
2006-01-09,0.0,-2.11,-2.73,-0.75,1028.7001,94.00455,2.78,35.0,0.28366706,11.29
2006-01-10,0.0,1.26,-2.23,3.05,1024.8,94.200005,4.92,23.0,0.21416558,11.28
2006-01-11,3.9,3.1999998,0.52,5.95,1022.3,92.9,5.85,10.0,0.10017245,11.3
2006-01-12,0.0,1.52,-1.03,3.4199998,1032.7001,91.952774,2.6399999,14.0,0.13106982,11.27
2006-01-13,0.0,1.15,-1.17,4.58,1029.0,91.005554,3.24,28.0,0.2590038,11.28
2006-01-14,0.0,0.48,-2.1499999,4.0,1027.1,86.48948,3.26,46.0,0.41502705,11.27
2006-01-15,0.0,-1.87,-5.3199997,2.1299999,1022.10004,84.285,2.58,54.0,0.44396773,11.26
2006-01-16,0.0,-0.14,-4.49,3.03,1015.60004,84.615005,4.19,48.0,0.42543855,11.26
2006-01-17,4.8,2.99,1.75,4.7799997,1002.10004,92.88572,4.95,14.0,0.14074408,11.29
2006-01-18,0.0,2.57,-2.35,6.47,1011.10004,93.51,3.21,26.0,0.25618187,11.28
2006-01-19,3.9,3.26,0.53,7.46,1019.4,92.35812,4.37,14.0,0.14076294,11.28
2006-01-20,7.0,6.96,3.7099998,8.849999,1012.5,91.20625,6.16,14.0,0.15973005,11.29
2006-01-21,1.1,4.44,0.69,6.41,1020.7,87.365005,5.5499997,23.0,0.24078438,11.29
2006-01-22,0.0,-2.47,-5.22,1.5999999,1039.1,77.415,4.22,35.0,0.27749798,11.3
2006-01-23,0.0,-4.77,-6.16,-1.76,1041.3,73.06,4.15,58.0,0.41399947,11.28
2006-01-24,0.0,-3.11,-6.45,1.39,1033.3,72.6,2.47,45.0,0.34817383,11.28
2006-01-25,0.0,0.84999996,-5.7,4.24,1019.9,89.46842,5.37,17.0,0.15626034,11.28
2006-01-26,0.0,0.42,-0.65999997,1.4399999,1024.7001,83.725,5.96,22.0,0.1983011,11.28
2006-01-27,0.0,-1.8199999,-5.87,0.94,1026.0,80.505005,3.54,45.0,0.3698648,11.27
2006-01-28,0.0,-4.4,-7.37,-0.17999999,1029.8,75.705,4.24,59.0,0.43165195,11.26
2006-01-29,0.0,-1.9699999,-8.9,4.56,1033.2001,90.37895,1.5799999,48.0,0.3902761,11.26
2006-01-30,0.0,2.73,-2.5,5.66,1032.0,91.981255,2.5,26.0,0.25472274,11.25
2006-01-31,0.0,1.62,-0.87,2.55,1028.6,91.261116,2.03,31.0,0.2920038,11.26
2006-02-01,0.0,-2.29,-3.6399999,-0.74,1023.9,92.700005,1.5999999,17.0,0.1371307,11.25
2006-02-02,0.0,-1.93,-4.54,0.39,1022.10004,93.700005,2.0,12.0,0.09840869,11.24
2006-02-03,0.0,1.75,-0.58,5.15,1021.3,92.375,2.72,22.0,0.20910664,11.25
2006-02-04,0.0,1.81,-1.1899999,5.4,1027.3,91.37693,2.6599998,23.0,0.21836415,11.25
2006-02-05,0.8,0.29,-0.76,2.1599998,1028.9,94.700005,2.2,23.0,0.20574863,11.26
2006-02-06,0.8,2.6,-0.08,5.3199997,1024.0,94.11842,3.8899999,11.0,0.10773052,11.26
2006-02-07,6.8,6.19,4.95,6.98,1013.60004,93.53685,5.99,17.0,0.18922506,11.27
2006-02-08,2.1000001,4.36,2.51,6.14,999.60004,87.98,6.99,36.0,0.38007107,11.28
2006-02-09,5.3,2.54,0.68,5.17,1003.5,90.66,7.0499997,39.0,0.38548487,11.28
2006-02-10,0.0,1.9499999,0.26,3.35,1018.5,89.73158,4.06,21.0,0.20141731,11.29
2006-02-11,0.0,1.17,-1.6999999,2.7,1027.4,92.36471,1.22,28.0,0.2594401,11.28
2006-02-12,0.0,1.06,-1.68,3.4199998,1024.2001,92.70625,3.78,29.0,0.26806402,11.28
2006-02-13,0.0,1.4599999,-0.79999995,4.95,1021.2,86.615005,3.03,60.0,0.5641197,11.28
2006-02-14,1.6,3.86,1.42,5.89,1015.4,92.27778,3.83,39.0,0.40134516,11.28
2006-02-15,9.2,5.85,4.5699997,8.099999,995.7,93.509094,5.87,24.0,0.26665917,11.31
2006-02-16,2.3,5.81,3.51,8.95,987.4,94.15,4.17,31.0,0.3454585,11.3
2006-02-17,2.3,4.9,2.49,6.8799996,988.2,92.74667,4.5,28.0,0.30281964,11.3
2006-02-18,0.0,4.42,-0.79999995,7.06,994.5,91.950005,2.62,36.0,0.38187754,11.3
2006-02-19,0.0,1.77,-1.0699999,6.68,1004.0,93.675,3.1599998,48.0,0.46108252,11.3
2006-02-20,0.0,2.44,1.68,3.77,1011.5,90.82105,5.8599997,20.0,0.1960892,11.29
2006-02-21,0.0,2.61,1.99,3.47,1019.9,87.01,6.68,20.0,0.1963892,11.28
2006-02-22,0.0,0.71999997,-0.69,1.77,1028.2001,78.775,5.0099998,19.0,0.17293131,11.28
2006-02-23,0.0,0.53,-1.36,2.51,1024.1,81.99,2.24,54.0,0.48901632,11.28
2006-02-24,0.0,0.25,-1.9399999,3.49,1024.2001,73.36,6.48,111.0,0.9941249,11.27
2006-02-25,0.0,-0.64,-2.18,1.9399999,1021.2,81.37,6.47,79.0,0.68393016,11.27
2006-02-26,0.0,0.94,-2.04,4.93,1021.7,79.845,3.87,90.0,0.8292785,11.27
2006-02-27,4.4,1.39,-3.23,5.04,1013.4,87.91,2.6799998,64.0,0.6028155,11.27
2006-02-28,2.7,1.36,-1.99,4.42,998.5,94.24167,3.73,42.0,0.39855614,11.29
2006-03-01,5.7000003,0.03,-2.37,4.0699997,997.7,94.240005,4.7799997,63.0,0.5682165,11.28
2006-03-02,2.7,-0.52,-2.6699998,2.58,998.60004,93.42857,5.16,89.0,0.7849056,11.29
2006-03-03,0.0,-2.0,-4.73,0.55,997.4,93.950005,2.78,72.0,0.5978752,11.28
2006-03-04,1.2,-0.82,-5.12,3.54,996.60004,91.6579,4.0099998,101.0,0.88108635,11.29
2006-03-05,3.2,0.82,-2.54,4.54,1002.3,92.18236,4.35,84.0,0.77916634,11.29
2006-03-06,2.0,1.41,-0.88,5.0,1011.8,92.32353,4.99,91.0,0.8585648,11.31
2006-03-07,0.0,1.13,-4.5699997,5.3199997,1018.10004,83.955,2.29,87.0,0.8091904,11.32
2006-03-08,8.3,1.25,-0.66999996,2.1599998,1002.10004,92.9375,4.47,35.0,0.33006373,11.3
2006-03-09,6.5,1.89,0.95,2.9099998,997.10004,93.71161,2.72,47.0,0.45528087,11.31
2006-03-10,0.90000004,4.38,1.27,6.0099998,998.0,94.48572,3.8999999,38.0,0.4017996,11.31
2006-03-11,0.0,-2.18,-6.23,1.49,1015.3,85.950005,6.08,73.0,0.59483045,11.28
2006-03-12,0.0,-3.3899999,-8.47,1.36,1032.4,75.4,2.22,149.0,1.1392375,11.29
2006-03-13,0.0,-2.36,-5.73,1.3299999,1034.3,73.75,3.4399998,160.0,1.2784356,11.28
2006-03-14,0.0,-0.88,-4.52,3.25,1027.5,70.825,4.38,144.0,1.2298048,11.28
2006-03-15,0.0,-0.84999996,-4.44,2.6799998,1026.6,78.275,5.4,140.0,1.1977679,11.29
2006-03-16,0.0,0.75,0.26,1.8399999,1028.1,89.69,5.39,34.0,0.3098359,11.27
2006-03-17,0.0,0.28,-1.12,1.78,1028.3,85.985,4.5899997,50.0,0.44725966,11.27
2006-03-18,0.0,-0.7,-2.72,0.45999998,1024.1,92.08,3.3899999,66.0,0.56899583,11.26
2006-03-19,0.0,1.8,-3.04,5.8799996,1015.60004,92.33158,2.46,49.0,0.4681179,11.26
2006-03-20,0.0,3.74,1.9,7.8999996,1012.5,75.81,4.0,105.0,1.0777191,11.28
2006-03-21,0.0,1.8499999,-2.84,5.93,1011.9,73.055,3.04,146.0,1.4003379,11.27
2006-03-22,0.0,0.04,-4.97,5.92,1013.2,79.39,2.29,154.0,1.3767267,11.29
2006-03-23,0.0,1.63,-5.97,7.72,1013.5,66.895004,2.9399998,191.0,1.8152832,11.27
2006-03-24,4.2000003,4.91,-0.78,10.61,1001.60004,74.075005,4.52,107.0,1.1494734,11.28
2006-03-25,10.900001,8.84,5.62,12.94,1003.9,91.41112,3.48,67.0,0.81172776,11.28
2006-03-26,9.3,12.45,8.62,16.0,1005.5,89.29,6.19,105.0,1.3997493,11.31
2006-03-27,2.4,13.16,9.7699995,17.67,999.9,85.44,7.17,94.0,1.2779186,11.33
2006-03-28,1.6,9.849999,7.39,12.98,999.4,74.165,8.17,141.0,1.7609298,11.31
2006-03-29,8.0,6.37,4.31,9.0199995,1005.4,80.67,5.73,77.0,0.8655205,11.3
2006-03-30,3.5,10.94,5.24,13.99,998.8,87.405,7.5099998,64.0,0.8232448,11.31
2006-03-31,2.1000001,10.429999,8.17,12.07,1003.10004,89.61,7.41,88.0,1.1146321,11.33
2006-04-01,3.5,9.65,6.1299996,13.92,1006.5,85.765,5.7,106.0,1.3123314,11.31
2006-04-02,8.3,8.47,5.1,11.429999,1006.0,86.700005,5.52,104.0,1.2453986,11.32
2006-04-03,0.0,6.68,3.75,9.37,1012.60004,84.76,5.25,114.0,1.2893265,11.31
2006-04-04,1.4,4.5499997,0.55,8.79,1015.4,81.21,5.0299997,152.0,1.6016781,11.31
2006-04-05,0.0,3.57,-0.90999997,7.62,1013.5,80.11,4.49,182.0,1.8559788,11.31
2006-04-06,2.8,6.0299997,1.4,9.599999,1012.4,74.125,5.8199997,141.0,1.5623977,11.31
2006-04-07,1.1,7.5499997,4.58,10.679999,1011.3,75.92,4.75,162.0,1.8830264,11.31
2006-04-08,4.0,6.3599997,3.35,9.0199995,1005.2,78.195,6.2799997,124.0,1.3935252,11.33
2006-04-09,0.0,5.52,1.52,9.559999,1010.4,78.990005,5.31,170.0,1.8548371,11.31
2006-04-10,0.0,4.74,-0.48,9.23,1018.4,79.325005,3.9099998,158.0,1.6729943,11.3
2006-04-11,3.9,4.71,-1.39,9.13,1015.7,78.545,5.25,127.0,1.3452836,11.31
2006-04-12,2.3,7.12,3.51,11.2699995,1009.2,87.805,4.8199997,121.0,1.3895804,11.31
2006-04-13,0.0,9.01,5.38,12.65,1005.0,84.33,6.47,85.0,1.0342866,11.31
2006-04-14,0.0,7.3999996,2.22,12.4,1010.60004,74.785,5.15,161.0,1.8635485,11.31
2006-04-15,4.9,8.45,0.08,13.53,1010.7,73.14,3.1699998,143.0,1.7076676,11.31
2006-04-16,0.0,9.95,6.91,14.83,1006.7,84.630005,3.9499998,152.0,1.8973117,11.31
2006-04-17,1.0,9.59,6.1299996,13.799999,1010.10004,79.225,5.3199997,157.0,1.9373469,11.31
2006-04-18,0.8,8.24,5.18,12.32,1012.3,81.785,4.54,139.0,1.6484828,11.29
2006-04-19,0.0,10.309999,5.67,14.42,1013.0,79.945,4.97,145.0,1.8227096,11.3
2006-04-20,0.0,10.469999,6.62,14.57,1014.7,82.315,2.77,117.0,1.4760205,11.3
2006-04-21,1.8000001,12.509999,6.8399997,17.44,1016.7,77.29,2.47,130.0,1.7276633,11.3
2006-04-22,0.0,9.33,5.9,13.219999,1018.0,86.695,2.6299999,95.0,1.1596037,11.29
2006-04-23,0.0,9.75,6.46,14.08,1016.9,84.055,2.19,101.0,1.2480671,11.29
2006-04-24,0.0,12.34,7.7,16.96,1018.9,80.525,2.1299999,154.0,2.036104,11.29
2006-04-25,0.0,14.15,7.12,22.4,1016.8,72.79,2.62,215.0,2.9722674,11.29
2006-04-26,0.0,11.79,5.5899997,16.6,1018.9,87.11,3.08,101.0,1.3168566,11.28
2006-04-27,0.0,9.139999,2.6499999,15.49,1022.7,79.295,3.6299999,211.0,2.5562086,11.28
2006-04-28,0.0,6.92,2.6599998,11.41,1020.4,79.525,4.9,191.0,2.1680913,11.28
2006-04-29,0.0,6.6099997,0.74,11.29,1015.0,77.315,4.75,156.0,1.7583952,11.27
2006-04-30,0.0,5.25,-0.19,9.0199995,1011.10004,77.205,2.46,152.0,1.6432415,11.27
2006-05-01,4.2000003,8.139999,1.35,12.309999,1007.7,80.985,5.1,181.0,2.1449196,11.27
2006-05-02,0.0,12.36,5.99,18.32,1012.7,74.005,3.6399999,237.0,3.143047,11.28
2006-05-03,0.0,17.19,8.599999,25.939999,1016.4,65.19,3.54,253.0,3.7385418,11.27
2006-05-04,0.0,19.32,10.7699995,26.119999,1019.3,57.02,4.92,265.0,4.0790367,11.26
2006-05-05,0.0,18.49,12.36,24.89,1021.0,48.49,5.02,267.0,4.042913,11.24
2006-05-06,0.0,18.13,11.179999,24.83,1022.3,42.33,5.46,271.0,4.0728445,11.23
2006-05-07,0.0,18.3,11.67,24.699999,1020.4,42.225002,6.0899997,255.0,3.8476706,11.22
2006-05-08,0.0,17.99,11.91,24.98,1016.9,45.185,5.74,265.0,3.978855,11.21
2006-05-09,0.0,17.14,9.98,24.449999,1017.10004,57.745003,4.7799997,278.0,4.1027517,11.2
2006-05-10,0.0,16.14,7.9199996,24.92,1018.5,52.525,3.49,303.0,4.3766093,11.19
2006-05-11,0.0,15.98,6.3399997,24.119999,1017.8,56.82,2.6399999,286.0,4.1178975,11.18
2006-05-12,0.0,16.029999,7.66,24.07,1014.5,59.695,2.62,261.0,3.7664871,11.17
2006-05-13,0.0,13.799999,5.6099997,22.42,1014.60004,71.46,2.9299998,217.0,2.977957,11.16
2006-05-14,0.0,10.0199995,4.61,15.16,1022.8,67.090004,2.98,229.0,2.84355,11.15
2006-05-15,1.1,14.04,4.43,19.96,1016.10004,65.85,3.3899999,190.0,2.6206334,11.15
2006-05-16,0.0,13.5199995,10.0,17.26,1013.7,81.23,4.81,163.0,2.2228787,11.14
2006-05-17,6.1,15.53,9.29,21.46,1016.7,72.915,2.3899999,206.0,2.9382825,11.14
2006-05-18,8.0,15.16,10.969999,18.84,1007.4,75.46,5.72,211.0,2.9954164,11.22
2006-05-19,19.6,11.88,10.7699995,14.91,1002.10004,88.985,7.21,106.0,1.3950027,11.3
2006-05-20,8.0,11.969999,9.59,14.03,993.0,85.58,6.0099998,111.0,1.4697282,11.3
2006-05-21,1.5,12.96,10.15,15.78,1000.60004,84.200005,4.73,129.0,1.7448077,11.28
2006-05-22,9.3,14.69,12.28,18.82,996.7,78.520004,6.94,186.0,2.6235044,11.28
2006-05-23,2.4,9.54,6.25,12.07,1011.60004,81.66,5.43,139.0,1.7116792,11.27
2006-05-24,12.1,9.33,6.58,13.62,1015.0,85.315,6.16,181.0,2.2123568,11.3
2006-05-25,1.2,9.38,5.83,12.88,1015.4,87.245,3.3999999,149.0,1.8234627,11.3
2006-05-26,6.0,10.889999,4.91,13.929999,1015.7,92.47223,3.51,131.0,1.6706035,11.3
2006-05-27,3.2,13.78,10.23,16.31,1016.0,90.48,4.7799997,78.0,1.0693269,11.31
2006-05-28,0.0,11.66,9.179999,14.2699995,1015.2,78.15,5.8599997,185.0,2.4077492,11.3
2006-05-29,20.5,9.86,6.14,14.34,1010.10004,84.03,4.08,208.0,2.5859697,11.34
2006-05-30,1.3000001,8.87,5.33,12.65,1011.9,77.835,4.93,203.0,2.4524467,11.33
2006-05-31,0.0,9.91,6.8999996,12.5,1017.8,76.325005,5.3399997,125.0,1.5508821,11.31
2006-06-01,0.0,9.49,5.71,13.03,1022.60004,79.31,5.74,170.0,2.0801497,11.31
2006-06-02,0.0,11.469999,4.2999997,16.47,1029.6,76.9,2.57,254.0,3.2696629,11.31
2006-06-03,0.0,12.88,8.179999,18.63,1026.8,75.840004,3.74,185.0,2.4711127,11.3
2006-06-04,0.0,11.59,7.66,15.219999,1024.8,69.35,4.49,233.0,3.0147996,11.29
2006-06-05,0.0,10.12,6.56,13.84,1024.5,75.590004,4.17,183.0,2.2769177,11.29
2006-06-06,0.0,11.28,5.12,17.109999,1028.2001,80.515,3.73,275.0,3.5244706,11.29
2006-06-07,0.0,12.03,3.56,18.69,1028.0,77.965004,1.8,276.0,3.6070538,11.29
2006-06-08,0.0,14.37,4.7799997,22.289999,1028.0,69.955,1.8399999,322.0,4.4551234,11.27
2006-06-09,0.0,16.92,7.6699996,24.039999,1025.8,71.355,2.24,324.0,4.745494,11.25
2006-06-10,0.0,19.98,10.41,27.14,1023.3,65.590004,3.1,326.0,5.0732813,11.24
2006-06-11,0.0,22.41,13.549999,29.449999,1024.5,55.3,3.25,334.0,5.41999,11.22
2006-06-12,0.0,22.32,12.34,29.74,1023.10004,53.920002,3.53,336.0,5.446528,11.21
2006-06-13,0.0,22.769999,13.23,31.429998,1019.4,62.510002,2.56,322.0,5.263696,11.19
2006-06-14,0.0,15.389999,12.61,18.85,1019.7,81.090004,5.02,180.0,2.5566823,11.18
2006-06-15,0.0,14.219999,11.179999,16.75,1018.10004,91.565,3.0,80.0,1.1072065,11.18
2006-06-16,0.0,13.0199995,10.34,15.7,1018.60004,82.340004,2.58,138.0,1.855756,11.18
2006-06-17,0.0,16.05,10.75,21.779999,1018.9,72.19,3.05,243.0,3.5026646,11.16
2006-06-18,0.0,19.92,9.099999,27.539999,1014.5,67.485,2.4299998,278.0,4.333497,11.14
2006-06-19,2.5,19.84,13.74,26.66,1011.3,74.03,3.6699998,217.0,3.3810935,11.13
2006-06-20,0.0,17.82,12.17,22.89,1013.7,72.700005,3.8999999,239.0,3.5802448,11.11
2006-06-21,1.4,15.32,12.2,17.8,1009.2,80.72,5.58,98.0,1.3952363,11.11
2006-06-22,0.0,14.5199995,10.69,17.85,1010.8,73.805,5.47,186.0,2.5993755,11.13
2006-06-23,0.0,15.23,10.0,20.01,1018.3,75.145004,2.79,214.0,3.030398,11.1
2006-06-24,0.0,18.4,9.83,25.21,1016.4,65.735,2.01,260.0,3.9360213,11.08
2006-06-25,15.7,18.52,11.219999,24.67,1012.2,81.36,3.4499998,175.0,2.659121,11.06
2006-06-26,1.3000001,16.779999,13.82,19.56,1010.9,92.735,4.23,70.0,1.0276363,11.22
2006-06-27,0.0,13.78,8.929999,18.359999,1019.10004,88.415,3.27,128.0,1.7526677,11.2
2006-06-28,0.0,13.13,7.6,18.35,1022.2,78.345,2.01,215.0,2.8948064,11.16
2006-06-29,0.0,14.74,5.8399997,20.99,1024.0,72.825005,3.1699998,304.0,4.24849,11.15
2006-06-30,0.0,18.82,10.36,26.31,1025.2001,69.88,2.8899999,328.0,4.991499,11.11
2006-07-01,0.0,20.84,11.75,27.099998,1025.4,62.985,3.1999998,329.0,5.1963387,11.08
2006-07-02,0.0,22.779999,14.429999,30.66,1022.10004,55.06,3.58,329.0,5.3748994,11.05
2006-07-03,0.0,22.63,14.0199995,29.42,1018.60004,51.36,3.47,340.0,5.5465827,11.02
2006-07-04,0.0,24.3,14.03,32.94,1016.0,52.655003,2.4099998,319.0,5.3459425,10.99
2006-07-05,0.0,25.1,17.89,32.0,1014.60004,65.145004,2.82,267.0,4.5296335,10.96
2006-07-06,0.0,21.779999,16.5,26.96,1015.7,81.195,2.2,210.0,3.3807788,10.95
2006-07-07,0.0,20.22,16.44,25.68,1016.0,78.685,3.1299999,195.0,3.054825,10.94
2006-07-08,1.5,19.09,14.37,24.23,1017.2,71.535,3.1399999,220.0,3.374008,10.92
2006-07-09,0.0,20.0,14.389999,25.67,1014.3,72.89,4.33,175.0,2.7320673,10.92
2006-07-10,6.1,20.279999,15.599999,24.47,1021.8,69.985,3.0,234.0,3.6631632,10.9
2006-07-11,0.0,18.55,11.38,23.279999,1023.2,84.725,2.9099998,198.0,2.9994364,10.92
2006-07-12,0.0,17.4,7.77,24.26,1025.5,75.29,1.8,296.0,4.3790135,10.91
2006-07-13,0.0,18.67,10.389999,26.189999,1024.2001,71.875,3.27,314.0,4.7661963,10.87
2006-07-14,0.0,15.75,9.179999,21.529999,1031.3,69.54,4.29,299.0,4.262646,10.86
2006-07-15,0.0,18.15,7.8799996,25.449999,1031.3,69.205,3.3799999,319.0,4.781736,10.84
2006-07-16,0.0,20.38,9.7699995,28.3,1029.1,58.57,3.35,323.0,5.054153,10.84
2006-07-17,0.0,22.279999,12.42,30.74,1025.5,56.54,2.29,323.0,5.22873,10.82
2006-07-18,0.0,21.98,12.73,31.019999,1022.60004,61.255,2.54,318.0,5.1263766,10.8
2006-07-19,0.0,24.279999,13.74,34.03,1019.2,63.655,3.27,311.0,5.205856,10.78
2006-07-20,0.0,24.14,16.88,31.689999,1016.4,64.29,2.78,236.0,3.944984,10.76
2006-07-21,0.0,22.779999,15.049999,30.22,1019.60004,70.905,2.73,300.0,4.90458,10.75
2006-07-22,16.5,22.14,15.389999,31.26,1017.2,79.115005,2.61,221.0,3.577792,10.75
2006-07-23,0.0,21.63,16.46,27.849998,1017.8,83.770004,1.87,224.0,3.5948079,10.87
2006-07-24,0.0,21.65,16.13,28.099998,1021.10004,77.880005,1.93,258.0,4.137833,10.86
2006-07-25,0.0,22.74,15.929999,29.3,1019.9,71.455,2.97,290.0,4.7376237,10.82
2006-07-26,0.0,23.98,16.5,31.99,1017.2,67.295,2.9299998,281.0,4.6847286,10.79
2006-07-27,0.0,23.23,16.17,30.58,1014.9,70.445,1.9599999,207.0,3.4130967,10.76
2006-07-28,4.5,21.42,17.3,26.82,1011.7,82.590004,1.65,160.0,2.5631826,10.74
2006-07-29,0.0,20.939999,15.309999,27.49,1009.7,80.58,1.9799999,217.0,3.449753,10.73
2006-07-30,16.4,20.55,15.2699995,28.449999,1010.8,81.35,2.69,144.0,2.2728567,10.72
2006-07-31,3.3,18.619999,14.4,23.24,1011.4,79.375,3.72,215.0,3.2740912,10.83
2006-08-01,9.2,17.34,13.78,21.939999,1003.7,84.195,4.44,147.0,2.1884558,10.86
2006-08-02,10.0,15.32,12.429999,20.59,1002.5,86.645004,4.19,165.0,2.3549879,10.98
2006-08-03,2.5,15.73,11.59,19.369999,1005.5,90.975,2.44,131.0,1.8844299,11.0
2006-08-04,6.9,17.18,14.08,20.869999,1011.2,92.105,3.1,180.0,2.6640944,11.01
2006-08-05,0.0,19.88,14.969999,24.71,1017.10004,82.315,3.8899999,261.0,4.062206,11.05
2006-08-06,0.0,19.369999,14.09,24.4,1018.5,81.445,4.16,261.0,4.0222635,11.01
2006-08-07,3.4,17.89,12.099999,23.65,1017.9,89.04,3.56,178.0,2.6663833,10.99
2006-08-08,0.0,15.99,12.2699995,19.76,1017.9,80.670006,3.9099998,154.0,2.2177277,10.96
2006-08-09,4.7000003,14.969999,10.99,19.529999,1013.0,89.3,2.9199998,119.0,1.678678,10.97
2006-08-10,5.5,13.259999,9.44,16.91,1010.4,89.520004,2.6799998,136.0,1.8455734,10.98
2006-08-11,7.2000003,13.82,10.5,19.119999,1008.0,87.805,2.9099998,132.0,1.8170179,11.02
2006-08-12,4.9,13.889999,9.36,19.57,1006.60004,87.785,1.37,150.0,2.0693166,11.07
2006-08-13,8.8,15.44,7.85,21.15,1007.10004,80.415,2.3799999,221.0,3.1571808,11.04
2006-08-14,16.0,16.13,13.889999,19.01,1001.8,92.130005,4.62,64.0,0.92982435,11.14
2006-08-15,0.0,16.23,13.0199995,19.539999,1005.5,84.25,4.17,115.0,1.6720918,11.19
2006-08-16,3.7,17.289999,12.71,23.75,1005.5,83.62,2.25,184.0,2.7348125,11.15
2006-08-17,1.0,18.32,13.33,23.609999,1004.60004,82.265,2.49,163.0,2.4734545,11.19
2006-08-18,0.0,18.0,15.4,22.529999,1006.10004,84.79,2.99,121.0,1.8237562,11.14
2006-08-19,2.5,18.66,14.28,24.67,1012.0,78.71,3.21,209.0,3.1845393,11.12
2006-08-20,18.2,16.41,14.66,19.17,1012.7,89.635,4.18,131.0,1.9070698,11.13
2006-08-21,2.9,16.48,12.24,20.14,1013.5,88.645004,3.9199998,127.0,1.8510447,11.26
2006-08-22,2.5,15.91,12.4,19.05,1014.7,89.075,4.0499997,135.0,1.9430091,11.21
2006-08-23,0.0,15.67,11.13,20.99,1014.0,86.16,2.2,154.0,2.2055116,11.2
2006-08-24,12.1,16.539999,13.009999,22.85,1007.2,86.76,1.99,135.0,1.9745557,11.18
2006-08-25,12.3,15.929999,11.62,21.27,1006.5,90.76316,1.4699999,120.0,1.7330256,11.23
2006-08-26,0.0,15.759999,11.46,20.56,1008.3,84.810005,2.6299999,121.0,1.7399251,11.23
2006-08-27,8.6,14.809999,11.5,19.25,1009.9,88.8,3.09,136.0,1.9138288,11.21
2006-08-28,14.1,12.799999,11.309999,15.38,1003.4,91.04737,3.81,109.0,1.4669018,11.27
2006-08-29,1.1,13.059999,9.929999,17.71,1004.8,86.3,3.62,148.0,2.0032458,11.28
2006-08-30,1.0,13.73,9.95,17.64,1014.8,84.795,3.79,147.0,2.0138352,11.27
2006-08-31,3.0,14.839999,9.19,17.64,1019.60004,92.11,4.17,113.0,1.5854303,11.26
2006-09-01,0.0,17.539999,15.2,21.4,1014.10004,84.450005,3.8999999,97.0,1.444738,11.26
2006-09-02,2.3,17.33,13.53,20.91,1009.0,83.41,4.5699997,116.0,1.7234287,11.25
2006-09-03,5.4,18.939999,15.509999,22.279999,1006.9,88.43,6.71,75.0,1.1508179,11.29
2006-09-04,0.0,16.25,11.91,20.02,1020.10004,82.435,4.92,138.0,1.9968605,11.24
2006-09-05,0.0,16.48,11.49,20.18,1022.5,92.310005,2.55,106.0,1.5400293,11.23
2006-09-06,6.0,19.77,14.94,23.869999,1016.4,85.090004,3.08,160.0,2.4857724,11.22
2006-09-07,0.0,15.96,12.16,18.99,1016.9,83.755005,4.61,128.0,1.84278,11.27
2006-09-08,0.0,13.429999,7.4199996,18.55,1028.9,76.450005,3.6899998,176.0,2.3806696,11.24
2006-09-09,0.0,13.639999,6.24,19.34,1028.7001,83.025,2.58,147.0,1.9986194,11.23
2006-09-10,0.0,16.119999,9.92,23.5,1023.7,78.67,3.26,201.0,2.8966243,11.21
2006-09-11,0.0,17.869999,10.889999,26.15,1020.10004,77.72,1.76,193.0,2.887777,11.2
2006-09-12,0.0,19.99,11.78,28.05,1016.60004,82.56,1.78,188.0,2.932373,11.19
2006-09-13,0.0,20.82,14.7699995,28.34,1012.4,78.085,2.59,182.0,2.8849192,11.18
2006-09-14,0.0,20.85,15.5,28.48,1009.0,71.765,3.11,172.0,2.7306607,11.16
2006-09-15,0.0,19.46,14.4,24.98,1008.7,70.905,4.93,182.0,2.8183339,11.15
2006-09-16,0.0,19.05,14.37,23.55,1009.10004,74.405,3.21,153.0,2.350866,11.13
2006-09-17,0.0,18.32,13.21,23.859999,1009.5,86.245,2.4299998,135.0,2.0452158,11.11
2006-09-18,0.0,16.609999,14.2,19.6,1011.3,85.93,2.08,55.0,0.8044555,11.12
2006-09-19,0.0,14.09,10.69,18.89,1012.0,86.245,3.9599998,93.0,1.2862703,11.11
2006-09-20,0.0,14.29,9.179999,20.42,1015.60004,78.56,3.6599998,170.0,2.3589022,11.09
2006-09-21,0.0,17.109999,8.889999,25.289999,1012.5,74.835,3.47,176.0,2.599984,11.09
2006-09-22,0.0,19.75,13.15,28.17,1010.8,68.97,3.31,156.0,2.4270332,11.08
2006-09-23,0.0,18.39,14.429999,22.98,1012.4,81.365,2.1399999,113.0,1.7125976,11.06
2006-09-24,0.0,18.8,13.929999,23.8,1008.7,79.16,2.18,110.0,1.6823936,11.06
2006-09-25,0.0,17.6,12.48,22.51,1007.5,84.020004,2.21,109.0,1.6291106,11.05
2006-09-26,0.8,16.24,11.849999,19.59,1013.7,90.73685,3.29,47.0,0.681508,11.04
2006-09-27,0.0,14.929999,11.03,20.06,1014.7,89.66,2.44,108.0,1.5211643,11.08
2006-09-28,0.0,16.119999,12.09,21.21,1009.9,85.475,2.8999999,87.0,1.2600133,11.06
2006-09-29,0.0,16.699999,12.509999,22.1,1008.3,82.055,3.21,92.0,1.3496007,11.05
2006-09-30,0.0,16.029999,10.38,20.96,1009.60004,81.71,2.97,120.0,1.7347938,11.04
2006-10-01,10.0,14.83,10.19,20.15,1007.3,87.090004,3.8899999,76.0,1.0710278,11.03
2006-10-02,3.0,14.57,11.63,18.27,1002.0,84.87,6.8599997,78.0,1.0949804,11.11
2006-10-03,2.5,14.009999,11.59,17.65,999.4,85.355,4.37,63.0,0.8740014,11.1
2006-10-04,3.2,12.679999,9.5199995,16.85,1007.8,89.455,3.33,84.0,1.1251198,11.12
2006-10-05,11.1,12.4,7.89,16.34,1012.0,88.82,5.1099997,90.0,1.1950985,11.1
2006-10-06,10.2,15.03,13.2699995,16.199999,1003.9,91.29474,7.08,23.0,0.3259997,11.23
2006-10-07,0.0,13.309999,10.19,16.08,1009.7,81.28,5.92,94.0,1.2775072,11.22
2006-10-08,0.0,12.0199995,8.44,16.43,1019.4,88.385,3.74,63.0,0.8260742,11.19
2006-10-09,0.0,13.12,6.22,18.449999,1018.2,86.955,2.81,105.0,1.4156584,11.18
2006-10-10,2.2,14.83,10.82,18.08,1020.8,92.933334,2.2,44.0,0.616917,11.16
2006-10-11,0.0,14.599999,11.679999,19.39,1014.5,84.775,3.84,113.0,1.5798478,11.17
2006-10-12,1.5,14.83,9.53,19.24,1020.3,92.670006,2.51,47.0,0.6591037,11.14
2006-10-13,0.0,14.63,12.38,16.859999,1030.9,89.96842,2.6,44.0,0.61176986,11.16
2006-10-14,0.0,13.009999,9.94,15.099999,1031.5,84.23,3.86,51.0,0.68212533,11.15
2006-10-15,0.0,10.61,6.96,13.429999,1030.4,84.945,4.7599998,58.0,0.7294797,11.13
2006-10-16,0.0,10.04,3.84,16.15,1023.7,82.745,3.27,106.0,1.3164312,11.13
2006-10-17,0.0,10.01,4.5499997,15.83,1014.4,82.845,2.86,108.0,1.3456926,11.13
2006-10-18,1.3000001,12.15,8.59,15.469999,1005.9,89.795,2.56,49.0,0.64823705,11.11
2006-10-19,0.0,13.95,11.07,17.199999,998.8,88.635,3.36,71.0,0.9838459,11.13
2006-10-20,0.0,13.98,11.929999,17.33,995.8,86.755005,4.15,53.0,0.73579496,11.12
2006-10-21,0.0,14.7,13.45,17.42,998.60004,86.44,4.7999997,50.0,0.70489055,11.12
2006-10-22,7.9,14.299999,12.429999,16.109999,998.8,86.12,5.72,51.0,0.7124334,11.12
2006-10-23,16.2,14.87,11.32,18.42,992.2,88.965004,5.24,50.0,0.7093053,11.21
2006-10-24,2.3,12.5,9.429999,15.33,993.9,91.16843,4.44,39.0,0.52304095,11.28
2006-10-25,1.7,10.94,7.1299996,13.099999,1009.2,90.810005,3.82,66.0,0.84516007,11.24
2006-10-26,0.0,16.619999,12.53,19.99,1003.2,78.805,6.3999996,59.0,0.86562914,11.25
2006-10-27,1.0,12.429999,10.28,14.5199995,1018.7,81.380005,4.56,56.0,0.74213326,11.22
2006-10-28,4.2000003,12.29,7.83,15.309999,1019.5,92.09286,4.2999997,22.0,0.2904352,11.22
2006-10-29,0.0,12.82,7.41,15.44,1018.5,85.18,5.18,53.0,0.70926154,11.25
2006-10-30,0.0,11.12,7.04,13.11,1017.4,87.035,4.12,28.0,0.35899234,11.22
2006-10-31,9.5,12.0199995,6.7599998,15.08,1002.0,83.755005,7.1499996,29.0,0.3830198,11.27
2006-11-01,1.1,6.44,0.55,9.59,1016.3,67.945,7.3799996,57.0,0.63865113,11.26
2006-11-02,4.3,5.2599998,1.0,10.01,1026.7001,85.62,3.55,58.0,0.6222333,11.25
2006-11-03,2.6000001,5.83,1.89,9.2,1029.2001,93.14616,1.9799999,36.0,0.39301264,11.25
2006-11-04,0.0,8.49,4.96,10.65,1028.4,89.745,3.82,37.0,0.4387341,11.25
2006-11-05,0.0,11.04,8.96,12.44,1024.4,84.75,4.7599998,22.0,0.28062853,11.23
2006-11-06,0.0,11.57,9.57,12.65,1024.3,87.395004,4.0299997,23.0,0.29750624,11.23
2006-11-07,0.0,8.72,4.8599997,10.71,1020.8,87.950005,3.6999998,36.0,0.43126437,11.23
2006-11-08,1.4,8.9,5.25,12.349999,1016.10004,91.41112,5.0699997,17.0,0.20515734,11.23
2006-11-09,1.5,8.0,3.31,11.62,1024.7001,80.47,4.71,52.0,0.6087623,11.22
2006-11-10,8.2,6.0099998,0.95,9.73,1030.4,85.130005,3.4499998,44.0,0.48286912,11.21
2006-11-11,5.7000003,8.389999,5.21,11.54,1010.10004,84.35,6.3999996,27.0,0.32195282,11.28
2006-11-12,2.5,7.18,5.44,9.42,1011.5,81.18,5.54,39.0,0.4482037,11.27
2006-11-13,1.2,9.66,5.93,13.389999,1003.8,89.605,5.99,16.0,0.19838414,11.28
2006-11-14,5.6,10.969999,8.71,12.99,1006.2,88.58,4.61,22.0,0.2823084,11.26
2006-11-15,0.90000004,12.2699995,10.73,14.139999,1007.5,90.255005,5.12,26.0,0.34476998,11.28
2006-11-16,3.7,13.7,10.84,15.82,1000.60004,79.525,5.7599998,39.0,0.5368952,11.28
2006-11-17,0.7,10.639999,9.22,13.469999,1005.3,87.689476,4.0099998,28.0,0.35631144,11.28
2006-11-18,0.0,8.05,4.0,11.059999,1013.2,84.68,4.4,32.0,0.37722248,11.27
2006-11-19,1.0,4.9,3.8999999,7.46,1016.9,93.56924,2.8799999,17.0,0.18111636,11.26
2006-11-20,10.1,7.22,4.33,9.0,1005.8,92.506256,7.1299996,13.0,0.14999941,11.27
2006-11-21,1.6,6.71,2.3999999,9.469999,994.5,91.76471,4.27,31.0,0.35409355,11.29
2006-11-22,7.5,6.02,3.32,8.2,994.9,91.91667,5.37,23.0,0.25704136,11.29
2006-11-23,4.1,9.49,6.6,12.71,987.7,91.58572,6.2999997,13.0,0.16160716,11.31
2006-11-24,3.2,9.99,7.54,11.92,998.10004,90.305,5.17,30.0,0.37632295,11.29
2006-11-25,0.0,13.639999,10.11,16.91,998.7,78.88,7.22,14.0,0.1926045,11.29
2006-11-26,0.0,9.83,7.47,12.58,1016.5,85.885,4.63,27.0,0.3344432,11.29
2006-11-27,0.0,10.5199995,5.43,13.73,1018.4,89.981255,3.6999998,30.0,0.37836623,11.28
2006-11-28,0.0,11.21,7.41,14.139999,1016.60004,87.235,4.06,40.0,0.51423657,11.28
2006-11-29,0.0,8.75,5.7799997,11.11,1028.2001,91.494446,3.72,34.0,0.4062741,11.27
2006-11-30,0.0,5.56,3.6,7.27,1032.0,93.54,3.97,26.0,0.28095153,11.27
2006-12-01,2.0,8.47,5.8799996,9.82,1020.8,85.365005,5.62,17.0,0.20217398,11.27
2006-12-02,3.3,9.11,7.17,10.29,1012.60004,89.47,5.24,12.0,0.14592314,11.28
2006-12-03,3.4,8.32,6.98,11.92,1000.3,88.035,7.5499997,21.0,0.25105038,11.28
2006-12-04,6.5,8.349999,6.7799997,12.12,996.5,88.020004,7.22,21.0,0.25172064,11.29
2006-12-05,3.3,12.5199995,10.03,14.16,994.4,86.630005,9.2699995,12.0,0.16098168,11.28
2006-12-06,4.9,9.33,6.3199997,11.23,999.4,85.79,7.6499996,14.0,0.17234117,11.31
2006-12-07,16.0,7.85,5.8199997,9.53,994.0,86.5,9.179999,11.0,0.13008864,11.33
2006-12-08,8.3,8.95,7.48,11.0,988.0,88.345,6.71,9.0,0.11018983,11.31
2006-12-09,0.0,5.33,1.68,8.61,1007.4,91.97369,3.76,35.0,0.380098,11.31
2006-12-10,0.90000004,3.8899999,0.68,7.71,1023.5,91.347374,4.93,39.0,0.4000308,11.3
2006-12-11,7.5,6.79,4.88,8.72,1013.5,92.88462,7.5499997,11.0,0.12478091,11.3
2006-12-12,1.4,6.8199997,3.81,9.059999,1016.4,91.0,5.96,36.0,0.40817404,11.29
2006-12-13,0.0,10.07,7.18,11.719999,1019.0,88.76316,7.12,16.0,0.19928437,11.3
2006-12-14,0.0,10.62,9.809999,11.19,1021.0,84.58,8.69,12.0,0.15158354,11.3
2006-12-15,0.0,7.37,5.25,10.13,1020.7,88.89474,6.67,19.0,0.2186538,11.29
2006-12-16,4.0,5.45,2.1499999,7.27,1017.4,92.89412,4.4,11.0,0.11931697,11.3
2006-12-17,5.1,3.5,0.63,7.5699997,1022.10004,93.725006,4.1,21.0,0.2126361,11.29
2006-12-18,0.0,1.23,-2.06,7.04,1029.8,94.01667,1.28,26.0,0.24113287,11.29
2006-12-19,0.0,2.57,-0.55,7.1,1036.0,92.99231,1.74,26.0,0.25268304,11.3
2006-12-20,0.0,5.75,1.1999999,7.3999996,1036.9,92.22222,2.6599998,10.0,0.10846605,11.29
2006-12-21,0.0,6.19,5.7599998,7.02,1041.5,92.98462,1.3,7.0,0.07684338,11.29
2006-12-22,0.0,5.44,4.04,6.81,1042.9,88.61579,1.5699999,12.0,0.12844853,11.28
2006-12-23,0.0,4.74,3.59,5.17,1042.6,92.788895,2.57,7.0,0.073197156,11.28
2006-12-24,0.0,5.5,5.0099998,6.98,1039.3,91.78333,2.45,8.0,0.08595855,11.28
2006-12-25,0.0,6.33,4.8599997,7.7999997,1037.4,91.55,1.6899999,8.0,0.088395566,11.28
2006-12-26,0.0,2.8,0.90999997,5.27,1035.6,93.200005,1.99,11.0,0.10782998,11.28
2006-12-27,1.3000001,0.59999996,-0.22999999,0.97999996,1030.7001,92.8,2.99,6.0,0.05427576,11.27
2006-12-28,0.90000004,4.42,0.90999997,7.39,1023.5,92.54,4.33,9.0,0.094017506,11.28
2006-12-29,0.0,5.22,2.4299998,7.16,1021.5,87.46,5.13,22.0,0.23633508,11.27
2006-12-30,7.8,8.98,6.8799996,11.59,1010.0,84.05,9.28,11.0,0.13342711,11.28
2006-12-31,4.3,9.63,8.03,11.33,1014.4,85.865005,8.65,17.0,0.20960449,11.28
2007-01-01,4.7000003,7.6299996,5.52,11.62,1007.5,82.630005,8.429999,19.0,0.22178634,11.3
2007-01-02,6.1,4.79,3.01,6.89,1015.4,92.88422,5.02,17.0,0.18059066,11.3
2007-01-03,6.2000003,6.3199997,2.98,8.929999,1020.0,93.86364,6.3999996,13.0,0.14483824,11.3
2007-01-04,2.8,8.58,7.06,9.83,1004.7,88.535,8.47,13.0,0.1562672,11.3
2007-01-05,3.4,8.26,6.15,9.91,1014.0,92.412506,5.56,11.0,0.13042806,11.3
2007-01-06,9.8,6.95,4.5299997,9.07,1013.5,94.700005,3.26,12.0,0.1368022,11.31
2007-01-07,4.8,7.3599997,4.29,8.54,1011.0,93.0,6.24,13.0,0.15026098,11.31
2007-01-08,5.4,8.09,6.68,11.16,999.9,88.215004,7.12,20.0,0.23753545,11.32
2007-01-09,0.0,12.559999,11.13,13.219999,1003.9,81.3,10.559999,16.0,0.21401678,11.31
2007-01-10,11.8,10.2699995,5.5699997,12.719999,1007.8,83.075005,9.059999,10.0,0.12585588,11.32
2007-01-11,11.6,7.5699997,4.93,9.45,1004.2,82.8,10.75,9.0,0.10503399,11.33
2007-01-12,0.0,9.74,6.98,11.7699995,1014.2,82.810005,9.34,16.0,0.19789766,11.32
2007-01-13,1.8000001,10.599999,9.46,11.94,1014.8,87.445,8.599999,15.0,0.18988864,11.31
2007-01-14,0.0,6.7999997,3.3799999,10.0199995,1023.5,78.990005,7.31,44.0,0.49683812,11.31
2007-01-15,0.0,5.0099998,2.8,8.21,1023.0,88.76,5.33,35.0,0.3730815,11.31
2007-01-16,4.9,7.6,3.76,9.099999,1015.8,93.07001,6.02,12.0,0.13939306,11.29
2007-01-17,22.800001,8.88,6.91,11.38,1006.3,87.815,7.8399997,15.0,0.18173634,11.3
2007-01-18,28.1,8.599999,5.6099997,12.9,988.10004,87.885,10.84,13.0,0.15757795,11.34
2007-01-19,2.8,8.179999,6.2999997,9.94,1008.10004,84.685005,7.44,26.0,0.30841488,11.34
2007-01-20,9.400001,9.49,6.0499997,11.05,1006.10004,83.44,9.16,16.0,0.19724268,11.33
2007-01-21,11.400001,5.17,2.86,7.6499996,1004.60004,86.12,7.58,26.0,0.28128412,11.33
2007-01-22,0.0,1.43,-3.35,4.27,1017.10004,81.465004,3.77,35.0,0.32946596,11.34
2007-01-23,0.0,-1.1,-4.22,3.53,1016.5,89.10556,1.5999999,44.0,0.37487698,11.32
2007-01-24,0.0,-1.9799999,-5.9,0.29,1011.8,93.700005,2.04,31.0,0.25531638,11.31
2007-01-25,0.0,-1.3299999,-4.31,0.37,1024.4,81.185005,3.08,48.0,0.4031266,11.3
2007-01-26,6.0,2.1499999,-1.0699999,5.8599997,1016.4,89.23,5.8599997,12.0,0.116089165,11.3
2007-01-27,1.0,3.4399998,1.55,5.17,1024.3,87.595,4.77,40.0,0.40368432,11.31
2007-01-28,1.6,6.5299997,4.35,7.99,1018.7,88.08,7.58,15.0,0.16834386,11.31
2007-01-29,0.0,6.81,3.4499998,8.47,1021.5,88.905,4.91,37.0,0.41833526,11.3
2007-01-30,0.0,7.5,5.04,9.469999,1022.9,89.935005,4.11,23.0,0.26545718,11.3
2007-01-31,2.8,6.67,5.2,8.33,1017.8,88.64,6.7999997,29.0,0.3270449,11.3
2007-02-01,0.0,5.97,3.24,8.92,1026.3,95.200005,2.84,19.0,0.20866948,11.29
2007-02-02,0.0,6.47,4.2599998,8.98,1029.5,92.87,4.8399997,18.0,0.20055856,11.29
2007-02-03,0.0,6.2799997,4.11,10.179999,1035.6,90.46,4.0099998,47.0,0.51895297,11.29
2007-02-04,0.0,4.16,0.26999998,6.49,1030.4,92.30556,2.86,35.0,0.36105984,11.29
2007-02-05,1.2,2.47,0.08,6.04,1013.3,93.06667,2.8799999,28.0,0.27454978,11.28
2007-02-06,0.0,1.17,-1.55,5.8599997,1003.8,90.94737,3.5,53.0,0.49780482,11.29
2007-02-07,0.0,0.25,-1.93,4.02,999.5,93.78182,3.9099998,55.0,0.4998319,11.29
2007-02-08,2.2,-0.62,-2.57,0.95,993.4,92.625,5.0299997,26.0,0.22910309,11.29
2007-02-09,0.0,0.42,0.25,1.51,1002.8,93.333336,3.86,22.0,0.20087156,11.27
2007-02-10,6.4,-0.22,-0.76,0.75,1005.8,92.740005,6.6099997,28.0,0.24883594,11.28
2007-02-11,8.6,4.85,0.0,7.56,995.7,93.62001,4.5699997,22.0,0.23660061,11.3
2007-02-12,10.8,6.85,4.49,9.639999,989.3,94.50001,4.23,26.0,0.29903725,11.32
2007-02-13,1.3000001,7.0899997,5.49,8.16,1000.9,93.512505,5.0099998,25.0,0.2880056,11.31
2007-02-14,8.5,5.16,4.11,6.5899997,1004.5,93.3,3.34,17.0,0.18386553,11.31
2007-02-15,0.0,5.89,1.81,10.28,1020.4,87.595,2.96,68.0,0.74709845,11.32
2007-02-16,0.0,5.71,2.06,9.78,1018.9,79.76,5.5,76.0,0.8307652,11.3
2007-02-17,0.0,5.33,0.76,9.599999,1013.4,80.025,3.74,66.0,0.71454823,11.3
2007-02-18,0.0,3.4399998,-1.39,6.8799996,1015.60004,92.73334,2.51,35.0,0.3548878,11.29
2007-02-19,0.0,2.28,-2.3799999,7.2799997,1014.0,90.83,1.7199999,38.0,0.36987683,11.29
2007-02-20,1.4,6.47,2.61,9.719999,1010.3,91.045006,2.59,36.0,0.40494478,11.29
2007-02-21,4.9,7.3599997,5.3199997,9.21,1007.5,92.583336,3.86,22.0,0.25471884,11.29
2007-02-22,0.0,7.08,3.4199998,9.78,1009.5,89.48,3.5,47.0,0.5390129,11.29
2007-02-23,2.2,8.92,6.22,11.099999,1005.9,86.21,3.97,39.0,0.4731426,11.3
2007-02-24,6.8,8.98,8.11,11.41,996.7,91.37222,5.0299997,37.0,0.4515618,11.3
2007-02-25,15.2,7.0899997,6.15,8.74,993.5,93.6875,4.43,23.0,0.26592934,11.32
2007-02-26,5.0,6.33,4.94,8.17,1004.7,92.3375,5.17,26.0,0.29198754,11.32
2007-02-27,8.3,5.65,2.57,10.48,1006.60004,89.45789,5.16,40.0,0.43913138,11.32
2007-02-28,15.900001,8.92,6.35,10.67,990.8,85.505005,8.639999,49.0,0.59863335,11.34
2007-03-01,8.400001,6.7799997,4.69,9.5,986.8,86.655,8.08,77.0,0.8848077,11.33
2007-03-02,2.9,5.7599998,1.35,9.139999,1002.0,85.065,5.47,67.0,0.7398961,11.34
2007-03-03,1.7,4.17,1.67,6.96,1003.5,91.32632,4.14,47.0,0.491984,11.32
2007-03-04,6.1,5.95,1.8499999,9.58,1015.0,91.531586,4.0099998,66.0,0.7285062,11.31
2007-03-05,2.5,8.17,6.43,10.94,1010.3,78.715004,6.68,81.0,0.95955133,11.32
2007-03-06,15.900001,8.599999,7.85,8.809999,1004.2,90.270004,7.1,31.0,0.3729398,11.32
2007-03-07,7.0,8.19,7.02,10.91,1001.10004,93.86667,4.02,39.0,0.46429202,11.33
2007-03-08,0.0,7.85,4.64,11.91,1018.9,88.29,3.25,95.0,1.1102202,11.34
2007-03-09,5.5,6.18,2.62,8.12,1024.0,92.71001,4.16,40.0,0.44278863,11.32
2007-03-10,0.0,6.75,1.68,11.139999,1033.2001,87.245,4.79,114.0,1.2791746,11.33
2007-03-11,0.0,8.76,4.25,13.84,1031.4,86.625,4.5,145.0,1.730601,11.32
2007-03-12,0.0,8.87,3.3799999,15.48,1026.5,81.130005,2.58,160.0,1.9200398,11.32
2007-03-13,0.0,6.93,0.39,13.23,1028.6,84.695,2.49,141.0,1.5946486,11.32
2007-03-14,0.0,6.41,2.11,13.04,1034.2001,87.79,2.6599998,136.0,1.5089468,11.32
2007-03-15,0.0,6.8399997,1.4699999,13.0,1028.5,83.875,2.86,144.0,1.6240839,11.3
2007-03-16,1.1,8.41,5.5899997,11.99,1022.5,80.58,5.0699997,90.0,1.0676056,11.3
2007-03-17,9.1,9.99,7.5299997,12.349999,1013.8,88.14,7.18,69.0,0.85950446,11.29
2007-03-18,4.3,6.6099997,2.85,9.29,994.0,78.48,10.04,92.0,1.0478674,11.31
2007-03-19,2.2,2.55,0.58,6.8599997,991.7,90.700005,4.17,87.0,0.865949,11.31
2007-03-20,2.1000001,4.17,0.45999998,8.49,1002.4,84.990005,4.92,130.0,1.3616062,11.31
2007-03-21,0.0,4.77,1.06,8.29,1010.2,76.37,5.17,86.0,0.9154446,11.3
2007-03-22,0.0,6.45,4.2999997,8.66,1011.0,69.74,7.72,64.0,0.7191985,11.29
2007-03-23,1.4,6.56,3.9599998,10.95,1013.60004,70.025,7.19,107.0,1.2050216,11.28
2007-03-24,0.0,8.61,5.0899997,13.2699995,1015.0,82.335,5.95,113.0,1.3530018,11.28
2007-03-25,0.0,9.5,4.85,14.679999,1022.7,66.105,6.17,177.0,2.166316,11.28
2007-03-26,0.0,10.809999,4.44,16.3,1023.4,61.800003,5.3399997,191.0,2.4225235,11.29
2007-03-27,0.0,10.53,4.81,16.35,1020.60004,55.625,4.97,194.0,2.4450846,11.29
2007-03-28,0.0,10.62,4.2,17.89,1016.4,59.055,3.84,191.0,2.4175308,11.28
2007-03-29,1.2,8.92,3.97,15.089999,1010.9,78.355,2.46,143.0,1.7308618,11.28
2007-03-30,0.0,8.809999,2.45,15.61,1013.9,83.5,2.96,157.0,1.8917042,11.27
2007-03-31,0.0,9.79,4.44,14.559999,1022.10004,71.57,5.31,191.0,2.3573556,11.26
2007-04-01,0.0,10.99,4.94,16.69,1029.8,60.63,5.44,205.0,2.605455,11.26
2007-04-02,0.0,9.65,4.17,17.23,1028.4,70.805,4.29,205.0,2.513191,11.27
2007-04-03,0.0,6.83,2.01,11.179999,1020.60004,75.880005,5.74,105.0,1.1884317,11.24
2007-04-04,0.0,5.96,-0.48999998,12.219999,1022.8,71.905,2.81,216.0,2.3756387,11.24
2007-04-05,0.0,9.33,3.3899999,15.349999,1021.0,77.78,4.37,165.0,2.0113149,11.25
2007-04-06,0.0,8.07,2.97,13.79,1022.7,83.310005,2.61,164.0,1.9257678,11.24
2007-04-07,0.0,7.99,3.54,13.25,1025.4,83.51,3.1699998,150.0,1.7549416,11.23
2007-04-08,0.0,8.91,1.9699999,14.839999,1022.7,73.765,4.67,174.0,2.094098,11.23
2007-04-09,0.0,9.88,6.17,13.28,1016.5,83.26,4.92,125.0,1.550493,11.23
2007-04-10,0.0,11.71,9.0,14.54,1020.4,82.515,4.52,117.0,1.5213777,11.22
2007-04-11,0.0,11.98,6.15,14.809999,1024.4,78.695,2.9199998,117.0,1.5294018,11.21
2007-04-12,0.0,12.28,4.89,18.58,1023.8,78.705,3.9399998,211.0,2.7799237,11.21
2007-04-13,0.0,15.0199995,8.3,21.609999,1021.9,67.73,4.5499997,189.0,2.6602461,11.2
2007-04-14,0.0,17.25,8.83,26.67,1022.5,56.665,3.78,236.0,3.4842649,11.2
2007-04-15,0.0,18.65,9.01,28.539999,1022.60004,50.4,2.78,248.0,3.7649052,11.19
2007-04-16,0.0,15.799999,7.5099998,26.74,1021.4,68.67,2.84,247.0,3.537881,11.19
2007-04-17,0.0,9.24,4.99,13.2,1022.4,77.66,3.9199998,168.0,2.041363,11.17
2007-04-18,0.0,7.74,2.8899999,13.2,1023.3,74.270004,3.54,199.0,2.3131027,11.17
2007-04-19,0.0,9.44,2.99,16.82,1018.0,75.575005,5.62,215.0,2.6325262,11.17
2007-04-20,0.0,6.0899997,0.52,9.929999,1023.60004,68.04,3.04,122.0,1.3468826,11.15
2007-04-21,0.0,7.5,-0.26999998,13.969999,1024.0,64.63,1.9599999,237.0,2.7339234,11.16
2007-04-22,0.0,11.179999,1.9699999,19.81,1021.2,62.775,2.4299998,263.0,3.371823,11.15
2007-04-23,0.0,14.11,4.56,22.6,1019.3,69.425,2.75,184.0,2.5388842,11.14
2007-04-24,0.0,15.5199995,10.65,21.06,1018.3,83.200005,1.9,121.0,1.7244892,11.14
2007-04-25,0.0,19.39,10.67,27.619999,1015.5,66.270004,2.84,233.0,3.5955524,11.13
2007-04-26,0.0,19.38,12.61,27.349998,1018.3,69.235,2.49,254.0,3.91537,11.13
2007-04-27,0.0,17.34,8.92,26.15,1022.3,65.89,3.8799999,267.0,3.9494905,11.11
2007-04-28,0.0,16.029999,9.7,24.59,1022.4,72.855,3.79,263.0,3.7845314,11.1
2007-04-29,0.0,13.17,8.24,19.369999,1022.0,57.655,6.12,285.0,3.841344,11.09
2007-04-30,0.0,12.059999,4.2999997,19.02,1019.7,53.5,5.77,287.0,3.7665863,11.07
2007-05-01,0.0,13.04,5.23,20.77,1018.5,56.685,3.9099998,287.0,3.8614736,11.06
2007-05-02,0.0,12.41,4.0099998,20.65,1017.3,63.565002,3.33,288.0,3.8169649,11.05
2007-05-03,0.0,13.799999,8.16,20.64,1015.4,71.715004,3.56,269.0,3.6904144,11.04
2007-05-04,0.0,13.59,7.16,21.789999,1013.3,69.485,4.77,281.0,3.839078,11.03
2007-05-05,0.0,11.74,5.33,17.76,1016.2,77.01,4.36,281.0,3.6631672,11.02
2007-05-06,8.8,12.009999,5.0299997,17.21,1015.2,78.985,3.86,202.0,2.6526296,11.01
2007-05-07,3.1000001,11.4,8.72,14.219999,1007.2,92.24706,2.97,70.0,0.90801096,11.16
2007-05-08,1.5,11.429999,7.93,14.549999,1006.3,81.385,6.54,157.0,2.0389009,11.13
2007-05-09,7.3,12.13,7.6499996,16.199999,1010.5,76.575,4.15,205.0,2.7054799,11.12
2007-05-10,15.0,12.95,9.88,16.13,1004.0,82.375,6.94,172.0,2.322649,11.19
2007-05-11,9.3,11.13,8.4,13.12,1000.60004,90.865,4.5499997,88.0,1.1367216,11.27
2007-05-12,4.1,12.55,9.08,16.02,1004.2,84.925,5.5099998,153.0,2.0457785,11.29
2007-05-13,0.0,15.009999,9.059999,19.33,1004.7,78.125,3.99,168.0,2.3794372,11.26
2007-05-14,2.1000001,13.19,9.4,15.87,1004.2,78.405,6.08,178.0,2.4174552,11.24
2007-05-15,1.6,11.559999,6.52,16.289999,1013.5,70.96,3.33,238.0,3.0917733,11.24
2007-05-16,2.5,9.28,4.74,14.44,1008.8,87.125,3.84,138.0,1.6891456,11.25
2007-05-17,0.0,9.3,4.0,14.429999,1012.8,78.425,2.04,226.0,2.7628095,11.23
2007-05-18,0.0,15.16,4.2,22.09,1012.5,78.86,4.95,253.0,3.5848212,11.21
2007-05-19,0.0,14.23,7.96,18.32,1012.60004,67.045,4.79,265.0,3.6762547,11.19
2007-05-20,11.400001,14.889999,5.8799996,20.05,1015.9,77.165,2.95,211.0,2.9678862,11.18
2007-05-21,0.0,15.889999,11.759999,19.88,1014.8,88.565,3.09,178.0,2.5606933,11.23
2007-05-22,0.0,13.719999,8.0,17.57,1019.60004,87.41,2.28,144.0,1.9685643,11.21
2007-05-23,0.0,13.92,5.7999997,20.42,1022.60004,75.595,1.56,283.0,3.8825788,11.19
2007-05-24,0.0,16.779999,8.62,23.51,1016.10004,70.28,2.0,311.0,4.5572815,11.16
2007-05-25,15.400001,17.17,9.76,24.05,1007.2,77.705,2.35,210.0,3.1118038,11.16
2007-05-26,3.2,13.24,10.73,16.19,1004.3,81.54,4.04,120.0,1.6316382,11.25
2007-05-27,0.0,14.839999,11.78,18.66,996.2,89.61,3.28,122.0,1.7269201,11.21
2007-05-28,2.6000001,13.61,9.48,16.81,998.7,89.825005,2.12,104.0,1.429766,11.18
2007-05-29,1.2,11.429999,8.639999,13.719999,1004.10004,86.35,4.93,78.0,1.0139056,11.19
2007-05-30,4.8,14.469999,6.96,18.97,1010.2,63.215,4.2799997,288.0,4.0211635,11.18
2007-05-31,3.4,14.009999,11.5,17.48,1011.9,89.855,2.81,174.0,2.4021802,11.23
2007-06-01,0.0,16.81,9.86,22.72,1017.2,74.5,3.01,274.0,4.016054,11.19
2007-06-02,0.0,16.49,10.469999,22.34,1024.2001,80.825005,3.4299998,239.0,3.4709718,11.16
2007-06-03,0.0,16.24,12.0,21.289999,1023.0,85.435005,2.69,182.0,2.6302435,11.15
2007-06-04,0.0,17.1,12.16,21.0,1022.7,83.840004,3.6899998,201.0,2.958174,11.13
2007-06-05,0.0,17.66,13.49,21.46,1021.10004,81.87,3.62,205.0,3.0533972,11.12
2007-06-06,0.0,17.67,14.04,23.619999,1018.7,85.3,2.69,218.0,3.2503371,11.11
2007-06-07,0.0,21.15,12.809999,27.13,1017.2,82.46,3.32,270.0,4.2982655,11.08
2007-06-08,0.0,24.019999,18.42,31.17,1015.7,70.46,3.54,289.0,4.823004,11.05
2007-06-09,1.5,21.09,15.87,26.599998,1016.10004,85.22,2.22,227.0,3.6111617,11.03
2007-06-10,0.0,19.74,15.5,26.099998,1015.7,88.935005,2.52,234.0,3.6342418,11.02
2007-06-11,0.0,21.32,15.65,28.09,1013.0,73.32,2.6299999,277.0,4.4282084,11.0
2007-06-12,0.0,16.82,14.88,20.07,1009.8,88.865,2.78,122.0,1.7932067,10.98
2007-06-13,0.0,17.609999,12.19,22.65,1007.10004,86.15,3.04,173.0,2.5865252,10.98
2007-06-14,6.6,16.55,11.0199995,22.789999,1005.10004,90.085,3.6599998,145.0,2.1228507,10.96
2007-06-15,8.900001,17.32,14.96,21.27,1002.4,91.665,3.1899998,113.0,1.6823604,11.1
2007-06-16,2.3,16.05,13.429999,20.17,1004.2,87.16,3.32,165.0,2.3910406,11.09
2007-06-17,4.6,15.509999,12.99,19.52,1005.10004,88.53,3.87,172.0,2.4627643,11.11
2007-06-18,2.5,16.15,13.08,20.13,1009.10004,91.380005,1.79,127.0,1.8410395,11.12
2007-06-19,0.0,18.4,12.46,23.4,1013.60004,79.955,2.71,260.0,3.9396846,11.09
2007-06-20,0.0,18.539999,12.349999,23.18,1012.4,78.015,3.61,217.0,3.2983663,11.07
2007-06-21,0.0,15.83,10.7699995,19.71,1013.0,87.575005,1.5,95.0,1.3657829,11.03
2007-06-22,3.9,16.14,12.849999,21.369999,1008.4,85.255005,2.6,199.0,2.8848927,11.05
2007-06-23,4.9,15.679999,12.82,19.72,1007.10004,90.565,3.21,177.0,2.5418854,11.03
2007-06-24,3.8,16.109999,12.9,20.119999,1010.3,87.105,3.7099998,161.0,2.3309138,11.06
2007-06-25,11.3,15.42,11.16,20.26,1001.10004,91.880005,3.47,131.0,1.8747996,11.09
2007-06-26,10.400001,12.509999,10.29,15.49,997.2,91.115005,6.18,136.0,1.8219086,11.16
2007-06-27,1.5,13.19,9.25,16.72,1003.5,78.005005,6.15,185.0,2.5132291,11.19
2007-06-28,0.0,13.809999,9.95,17.93,1008.7,74.545,4.69,244.0,3.3570201,11.14
2007-06-29,9.0,13.94,10.82,16.38,1008.0,89.045,5.0899997,101.0,1.3942068,11.11
2007-06-30,8.900001,15.75,10.46,19.56,1012.0,81.065,4.35,198.0,2.8426816,11.2
2007-07-01,9.2,18.25,13.95,22.33,1006.60004,85.845,3.31,180.0,2.7258823,11.24
2007-07-02,8.8,16.76,13.809999,20.51,1004.2,89.605,3.34,171.0,2.515273,11.29
2007-07-03,15.0,14.91,11.639999,17.34,1000.8,89.72,4.62,146.0,2.0662713,11.26
2007-07-04,16.2,14.19,11.53,17.52,1002.0,92.44737,3.1599998,170.0,2.3658524,11.32
2007-07-05,4.2000003,15.73,12.639999,20.38,1007.60004,87.43,3.8999999,216.0,3.1047597,11.32
2007-07-06,14.3,14.599999,12.48,16.26,1003.60004,91.765,6.95,108.0,1.5162306,11.32
2007-07-07,1.9,15.509999,12.65,19.01,1012.60004,85.22,5.39,214.0,3.0556617,11.33
2007-07-08,0.90000004,15.92,10.84,21.17,1016.10004,77.92,2.98,284.0,4.086322,11.32
2007-07-09,2.2,14.23,9.91,20.24,1012.4,84.365,1.79,205.0,2.8441143,11.31
2007-07-10,1.7,14.509999,9.09,19.359999,1010.60004,84.545,2.96,232.0,3.241739,11.31
2007-07-11,4.3,14.58,12.03,17.09,1010.0,91.51,4.2599998,90.0,1.2598698,11.29
2007-07-12,0.90000004,16.19,12.94,19.949999,1012.60004,84.51,4.39,134.0,1.9417212,11.29
2007-07-13,0.0,19.35,15.42,23.23,1013.0,84.89,3.9599998,162.0,2.5000503,11.28
2007-07-14,0.0,19.93,13.41,25.029999,1012.8,78.86,4.74,262.0,4.0870147,11.27
2007-07-15,0.0,19.27,11.57,24.789999,1013.5,85.295,2.58,213.0,3.281662,11.25
2007-07-16,11.3,21.359999,14.63,27.64,1010.5,81.01,2.72,230.0,3.6821167,11.23
2007-07-17,0.0,18.58,14.16,22.359999,1015.0,79.94,4.5899997,260.0,3.9516168,11.29
2007-07-18,0.0,17.38,11.759999,22.33,1017.9,79.545,3.23,278.0,4.1218004,11.28
2007-07-19,0.0,17.88,11.49,23.619999,1018.9,80.12,2.53,267.0,3.997426,11.27
2007-07-20,19.9,16.58,13.37,20.96,1014.8,87.6,4.56,154.0,2.2482643,11.25
2007-07-21,4.3,17.66,12.759999,22.73,1014.60004,77.525,3.52,278.0,4.149891,11.29
2007-07-22,1.7,15.799999,11.34,20.31,1010.60004,86.575005,2.85,200.0,2.875982,11.3
2007-07-23,10.400001,15.429999,8.95,20.67,1003.10004,86.615,3.26,165.0,2.3601527,11.31
2007-07-24,8.900001,15.08,13.11,18.18,1000.9,88.93,4.61,153.0,2.17347,11.31
2007-07-25,0.0,17.31,11.29,21.57,1012.10004,80.365,4.13,244.0,3.6197855,11.32
2007-07-26,11.7,17.99,15.4,21.64,1007.60004,85.54,4.66,118.0,1.7772869,11.31
2007-07-27,0.0,16.9,13.309999,20.48,1009.3,79.035,5.72,200.0,2.9450736,11.32
2007-07-28,4.6,15.839999,12.639999,20.13,1011.5,81.855,4.5,190.0,2.7336524,11.32
2007-07-29,3.9,13.63,10.139999,17.6,1010.60004,89.825005,3.4199998,120.0,1.6427684,11.32
2007-07-30,2.5,12.91,9.66,16.96,1015.0,83.905,5.33,186.0,2.4981349,11.31
2007-07-31,0.0,13.78,10.349999,17.63,1018.7,80.880005,3.6699998,203.0,2.7800558,11.3
2007-08-01,0.0,16.1,8.139999,22.05,1015.7,74.520004,2.32,287.0,4.1461263,11.28
2007-08-02,0.0,16.21,11.2699995,20.23,1010.3,83.285,2.57,118.0,1.7120196,11.29
2007-08-03,0.0,15.98,10.13,21.789999,1021.0,75.86,2.61,260.0,3.7392118,11.27
2007-08-04,0.0,18.369999,10.469999,24.07,1021.9,75.07,3.31,285.0,4.3040924,11.26
2007-08-05,0.0,21.74,12.7699995,28.31,1015.10004,66.055,3.36,293.0,4.714642,11.25
2007-08-06,3.4,21.699999,15.73,29.9,1009.5,71.685,3.4099998,248.0,3.9944355,11.23
2007-08-07,4.4,17.289999,14.299999,20.92,1014.3,88.95,2.51,118.0,1.7485081,11.26
2007-08-08,1.9,15.21,14.11,16.89,1015.7,87.55,4.31,114.0,1.6151664,11.27
2007-08-09,0.0,16.48,14.04,18.67,1014.9,90.365005,5.44,111.0,1.6170359,11.25
2007-08-10,0.0,16.65,12.059999,20.539999,1015.3,88.755005,4.52,138.0,2.0172834,11.23
2007-08-11,0.0,15.41,10.71,20.14,1014.3,80.86,3.1899998,213.0,3.0327926,11.22
2007-08-12,2.2,17.039999,8.309999,23.859999,1010.0,81.47,2.07,245.0,3.6172507,11.2
2007-08-13,0.0,16.81,12.58,21.55,1010.0,82.465004,3.08,198.0,2.9094768,11.26
2007-08-14,7.2000003,18.47,12.15,23.82,1007.3,76.47,4.0699997,196.0,2.9801795,11.22
2007-08-15,4.0,19.859999,16.42,24.24,999.0,83.005005,5.67,159.0,2.4879446,11.28
2007-08-16,8.1,15.44,11.54,18.51,1005.8,87.535,5.04,154.0,2.201086,11.28
2007-08-17,4.7000003,13.5199995,10.5,17.81,1015.4,87.145004,3.57,158.0,2.1532462,11.26
2007-08-18,0.0,15.57,10.12,20.949999,1015.10004,81.22,2.75,183.0,2.614053,11.25
2007-08-19,0.0,17.539999,12.28,22.619999,1008.4,78.93,2.9299998,139.0,2.0743487,11.24
2007-08-20,1.5,16.93,12.37,21.779999,1004.60004,90.3,2.36,145.0,2.1400323,11.22
2007-08-21,5.1,16.859999,10.349999,19.859999,1007.10004,93.76429,4.23,70.0,1.0307214,11.22
2007-08-22,0.0,18.33,14.309999,22.55,1008.8,86.665,4.88,115.0,1.742967,11.24
2007-08-23,0.0,18.06,13.54,23.66,1014.7,86.57,1.99,169.0,2.5428581,11.22
2007-08-24,0.0,17.93,12.0,25.029999,1022.7,88.395004,1.65,199.0,2.9785037,11.2
2007-08-25,0.0,18.25,14.37,23.619999,1026.2001,86.445,3.1699998,172.0,2.587741,11.18
2007-08-26,0.0,16.43,10.389999,21.52,1025.3,82.51,3.54,180.0,2.6097713,11.16
2007-08-27,0.0,13.66,8.809999,18.89,1022.8,79.275,2.76,140.0,1.9087596,11.16
2007-08-28,0.0,12.69,6.72,17.6,1021.10004,77.295,2.26,196.0,2.6117759,11.14
2007-08-29,0.0,12.58,6.49,18.38,1019.2,79.415,2.02,167.0,2.2209864,11.14
2007-08-30,1.8000001,14.12,9.66,17.72,1016.9,88.63,3.8,87.0,1.2018448,11.12
2007-08-31,7.3,14.24,10.98,17.949999,1015.9,91.6,3.76,77.0,1.0670844,11.12
2007-09-01,0.0,14.95,9.94,19.699999,1017.60004,84.85,2.7,124.0,1.7454062,11.21
2007-09-02,8.2,15.809999,11.15,20.46,1013.4,87.835,4.69,97.0,1.3937284,11.17
2007-09-03,2.8,13.009999,8.38,17.119999,1013.7,83.385,4.22,174.0,2.3439026,11.24
2007-09-04,1.3000001,11.75,6.83,16.38,1023.10004,79.03,4.68,177.0,2.3013442,11.22
2007-09-05,1.3000001,11.679999,6.0899997,15.21,1027.9,89.365,2.44,108.0,1.3988651,11.2
2007-09-06,0.0,16.09,13.98,19.35,1027.5,86.145004,4.41,157.0,2.2579877,11.18
2007-09-07,0.0,16.119999,12.17,19.75,1027.6,84.85,4.2,132.0,1.8995979,11.16
2007-09-08,0.0,15.98,13.73,18.57,1023.0,88.495,4.37,79.0,1.1353239,11.16
2007-09-09,4.2000003,13.88,12.67,17.31,1019.60004,81.455,3.8899999,99.0,1.3585196,11.15
2007-09-10,5.2000003,13.69,11.9,17.31,1011.4,87.785,5.66,106.0,1.4527173,11.25
2007-09-11,0.0,13.809999,10.87,17.88,1020.7,84.485,4.06,107.0,1.4652456,11.2
2007-09-12,0.0,13.86,8.15,18.89,1026.6,89.265,2.72,89.0,1.2174001,11.18
2007-09-13,0.0,12.78,7.7999997,17.21,1025.3,85.925,1.4399999,79.0,1.0532641,11.16
2007-09-14,0.0,12.429999,7.27,17.93,1017.2,89.895004,3.81,108.0,1.4321358,11.16
2007-09-15,0.0,12.059999,7.8199997,16.539999,1023.2,78.71,2.8899999,168.0,2.2016406,11.15
2007-09-16,3.2,15.15,8.83,19.99,1012.4,79.375,4.5,164.0,2.323327,11.14
2007-09-17,7.2000003,13.83,11.17,15.429999,1007.4,93.86667,2.76,40.0,0.5508702,11.2
2007-09-18,1.8000001,10.559999,6.7799997,14.309999,1015.5,84.340004,4.46,144.0,1.8204166,11.22
2007-09-19,2.4,12.28,5.99,16.63,1018.9,80.93,5.5,121.0,1.5973858,11.19
2007-09-20,1.3000001,14.509999,12.61,16.619999,1016.7,89.655,6.02,48.0,0.6691445,11.2
2007-09-21,0.0,15.04,12.62,18.8,1017.9,87.68,4.38,79.0,1.1141206,11.19
2007-09-22,0.0,14.62,9.44,19.17,1020.9,90.19,1.99,104.0,1.4511517,11.17
2007-09-23,0.0,15.5,8.48,22.41,1019.7,84.595,2.34,155.0,2.2069464,11.17
2007-09-24,2.7,14.74,10.599999,20.779999,1010.9,88.15,4.89,104.0,1.460649,11.16
2007-09-25,12.6,11.34,8.69,15.29,1011.3,91.14,4.13,105.0,1.3575258,11.18
2007-09-26,1.2,10.179999,6.41,14.32,1013.4,92.94706,3.04,88.0,1.102095,11.23
2007-09-27,9.400001,11.96,5.46,16.38,1014.5,86.090004,5.27,104.0,1.364374,11.22
2007-09-28,7.2000003,13.28,11.86,15.17,1007.5,93.325005,5.72,41.0,0.55729836,11.27
2007-09-29,28.2,12.17,11.719999,13.0,1007.10004,94.200005,4.65,35.0,0.46302852,11.32
2007-09-30,1.1,11.5,7.1499996,14.15,1020.9,92.43125,3.3799999,63.0,0.81459254,11.31
2007-10-01,0.0,10.13,5.2,14.45,1025.4,90.920006,1.9699999,48.0,0.597152,11.3
2007-10-02,0.0,11.12,7.1499996,15.049999,1022.9,85.020004,3.1999998,92.0,1.1767788,11.3
2007-10-03,8.1,12.2699995,7.89,13.88,1019.2,94.450005,2.4099998,64.0,0.8445814,11.29
2007-10-04,0.0,13.16,8.07,16.619999,1019.8,92.971436,2.9399998,57.0,0.76875615,11.3
2007-10-05,0.0,12.04,7.37,16.99,1024.7001,90.365005,1.8499999,79.0,1.0341265,11.29
2007-10-06,0.0,8.929999,4.3399997,12.04,1025.6,94.700005,2.22,96.0,1.1544975,11.28
2007-10-07,0.0,8.82,2.72,16.25,1022.7,90.63684,1.3299999,126.0,1.5124804,11.29
2007-10-08,0.0,9.67,3.6799998,14.7,1024.6,91.56842,1.22,59.0,0.72494364,11.28
2007-10-09,0.0,11.139999,8.4,15.339999,1024.4,84.62,2.1299999,45.0,0.5755344,11.28
2007-10-10,0.0,9.67,4.65,14.13,1025.6,89.285,2.73,85.0,1.0439439,11.26
2007-10-11,0.0,9.679999,2.8999999,15.19,1025.9,90.05,2.32,84.0,1.031813,11.26
2007-10-12,0.0,13.2699995,8.42,16.16,1022.8,89.23,3.74,69.0,0.9319722,11.25
2007-10-13,0.0,8.78,4.7999997,13.37,1027.5,93.925,1.65,107.0,1.2800951,11.24
2007-10-14,0.0,9.62,3.34,17.55,1022.5,83.17,2.25,122.0,1.4983443,11.26
2007-10-15,0.0,11.38,4.36,17.19,1015.10004,87.065,3.27,105.0,1.356747,11.24
2007-10-16,0.0,13.65,10.23,17.42,1014.7,86.18,4.66,77.0,1.0529094,11.25
2007-10-17,17.0,11.0199995,6.47,13.24,1014.10004,93.100006,3.35,23.0,0.2945262,11.31
2007-10-18,1.3000001,8.2699995,5.47,11.7,1027.2001,84.56,4.15,86.0,1.0137297,11.29
2007-10-19,0.0,6.93,1.29,11.29,1033.0,88.455,2.6599998,69.0,0.77869564,11.3
2007-10-20,0.0,4.92,-1.5899999,10.23,1036.4,83.035,1.36,77.0,0.81268007,11.27
2007-10-21,0.7,8.099999,3.73,11.73,1029.3,90.635,2.54,53.0,0.6209817,11.27
2007-10-22,0.0,4.17,-0.06,9.67,1029.5,85.72,3.34,106.0,1.0943921,11.26
2007-10-23,0.0,4.52,-2.2,10.05,1029.5,84.005005,3.79,94.0,0.9822322,11.26
2007-10-24,0.0,8.429999,6.14,9.69,1028.0,83.375,4.47,30.0,0.35516903,11.26
2007-10-25,0.0,8.11,7.5899997,9.11,1026.3,87.585,3.4099998,22.0,0.25820562,11.25
2007-10-26,0.0,7.69,6.98,9.29,1024.2001,87.825005,2.49,29.0,0.33643278,11.25
2007-10-27,0.0,8.29,6.98,9.69,1026.6,88.54,2.73,29.0,0.34213728,11.24
2007-10-28,5.5,10.059999,8.51,12.48,1018.5,84.695,5.7799997,35.0,0.43591115,11.24
2007-10-29,1.2,8.42,5.93,9.87,1011.2,88.32691,3.31,17.0,0.20278431,11.27
2007-10-30,0.0,6.8599997,3.1,12.91,1017.5,91.958824,2.51,71.0,0.8055784,11.26
2007-10-31,0.0,9.059999,3.35,11.86,1027.2001,91.289474,3.6799998,38.0,0.45836684,11.25
2007-11-01,0.0,12.65,10.53,13.259999,1029.0,90.76667,3.76,20.0,0.26539302,11.24
2007-11-02,1.7,12.969999,12.15,14.429999,1030.2001,91.847626,2.47,20.0,0.26737583,11.25
2007-11-03,0.0,11.2699995,7.85,13.719999,1026.9,92.92857,3.3,26.0,0.33331844,11.27
2007-11-04,0.0,9.389999,8.16,11.41,1028.1,83.26,2.37,41.0,0.4990305,11.24
2007-11-05,7.0,9.41,7.89,10.41,1023.2,88.585,3.73,23.0,0.28072146,11.24
2007-11-06,1.4,7.5099998,5.54,9.54,1023.0,85.535,5.39,51.0,0.58877337,11.28
2007-11-07,3.4,9.809999,7.1499996,12.67,1016.3,88.905,6.33,25.0,0.3095256,11.27
2007-11-08,10.8,9.32,5.19,11.45,1009.10004,89.45264,5.45,25.0,0.30630794,11.28
2007-11-09,10.7,5.52,3.26,7.87,1010.3,82.33,7.12,37.0,0.4037205,11.32
2007-11-10,10.0,6.48,4.79,8.78,1010.60004,91.345,4.44,40.0,0.45001307,11.31
2007-11-11,6.1,6.66,3.55,10.46,1006.7,89.055,5.73,39.0,0.4420972,11.32
2007-11-12,10.900001,6.3999996,3.37,9.45,1015.60004,82.285,5.5299997,41.0,0.4589598,11.32
2007-11-13,3.4,4.23,1.8399999,6.2599998,1008.9,91.60715,3.22,23.0,0.24055932,11.32
2007-11-14,0.0,2.47,-0.45,6.0499997,1015.2,86.78,3.12,52.0,0.50933915,11.3
2007-11-15,0.0,0.96,-3.03,3.98,1026.0,91.84118,1.65,50.0,0.45992443,11.29
2007-11-16,0.0,4.71,1.73,8.7,1026.4,92.064285,3.27,27.0,0.2844161,11.29
2007-11-17,0.0,4.89,2.27,8.09,1024.1,92.30527,3.11,25.0,0.26526695,11.3
2007-11-18,0.0,2.98,-1.03,6.77,1014.2,90.44,3.4499998,34.0,0.33941603,11.29
2007-11-19,0.0,2.87,0.34,4.7999997,1009.9,90.73889,3.6499999,16.0,0.15947324,11.28
2007-11-20,0.0,5.96,0.79999995,9.04,1010.5,86.16316,3.6,26.0,0.28773144,11.28
2007-11-21,0.8,7.58,5.19,10.3,1005.60004,86.9,3.9299998,15.0,0.17499124,11.27
2007-11-22,2.3,7.71,4.15,11.46,1005.0,93.29286,3.6499999,47.0,0.5506076,11.28
2007-11-23,1.5,5.77,2.6599998,8.139999,1015.10004,89.9,3.79,24.0,0.26336417,11.28
2007-11-24,3.8,4.62,0.84,7.29,1020.3,88.645004,4.62,37.0,0.38980633,11.29
2007-11-25,5.8,5.41,3.03,8.16,1014.5,87.26,5.91,27.0,0.2929189,11.28
2007-11-26,1.5,3.81,1.49,5.29,1022.9,87.015,4.71,30.0,0.30695722,11.29
2007-11-27,0.0,3.72,1.92,7.3399997,1026.8,89.55,2.58,28.0,0.28499848,11.28
2007-11-28,1.6,5.5899997,2.76,7.0299997,1017.8,88.445,4.79,14.0,0.15252392,11.28
2007-11-29,2.2,5.97,3.8899999,7.5299997,1004.60004,92.74167,5.7,10.0,0.11103192,11.28
2007-11-30,5.5,6.97,3.86,9.28,1003.9,93.4,5.5099998,14.0,0.16045417,11.28
2007-12-01,5.2000003,8.49,6.8199997,10.48,998.8,84.145004,8.559999,32.0,0.38471842,11.29
2007-12-02,18.7,8.33,6.58,10.82,988.5,88.590004,8.79,12.0,0.14430206,11.3
2007-12-03,1.5,6.56,4.13,8.139999,991.60004,86.335,6.87,25.0,0.28464592,11.32
2007-12-04,0.0,6.52,3.57,9.599999,1011.2,90.765,4.8599997,25.0,0.28152815,11.3
2007-12-05,3.4,10.82,9.03,12.41,1008.0,90.44211,7.96,13.0,0.16602919,11.31
2007-12-06,24.7,9.929999,8.12,12.17,1003.9,91.72632,6.81,10.0,0.12491082,11.31
2007-12-07,7.6,8.97,5.29,12.49,991.10004,86.865,9.0,17.0,0.20795444,11.34
2007-12-08,8.900001,5.72,3.47,6.7,998.3,89.755005,6.31,18.0,0.19889776,11.33
2007-12-09,1.7,6.66,5.24,8.51,985.9,91.77369,4.97,28.0,0.3207053,11.31
2007-12-10,1.1,5.3399997,3.1399999,7.2599998,1001.7,94.200005,3.72,20.0,0.21790949,11.31
2007-12-11,0.0,4.33,0.32999998,7.25,1024.7001,88.12,4.14,24.0,0.24978504,11.3
2007-12-12,0.0,3.53,0.07,6.1099997,1037.9,94.700005,1.42,15.0,0.15076168,11.29
2007-12-13,0.0,2.06,-1.51,4.23,1042.8,91.90501,1.8,18.0,0.17101666,11.3
2007-12-14,0.0,2.24,-1.06,4.5899997,1040.8,91.67059,1.5799999,17.0,0.16278407,11.29
2007-12-15,0.0,1.24,-1.7099999,3.9199998,1039.5,87.845,2.69,18.0,0.16608338,11.29
2007-12-16,0.0,-1.36,-3.46,1.01,1041.0,89.015,3.5,37.0,0.30723843,11.28
2007-12-17,0.0,0.37,-1.17,1.53,1040.0,87.82,4.85,21.0,0.1872392,11.28
2007-12-18,0.0,-0.76,-2.4199998,0.0,1039.8,91.08824,4.16,24.0,0.20446771,11.27
2007-12-19,0.0,-2.53,-2.81,-1.12,1041.3,92.51912,3.58,22.0,0.17373468,11.27
2007-12-20,0.0,-2.53,-4.06,-1.29,1037.1,93.950005,2.8,11.0,0.087094806,11.27
2007-12-21,0.0,-4.39,-5.0,-3.9199998,1030.1,93.74167,2.09,13.0,0.09513487,11.27
2007-12-22,0.8,-2.48,-6.7999997,0.84,1025.5,93.53334,1.99,36.0,0.28773618,11.25
2007-12-23,0.0,1.3399999,-2.4099998,6.8599997,1027.1,93.68,2.6499999,24.0,0.22386685,11.25
2007-12-24,0.0,1.39,-0.099999994,3.1999998,1025.7001,87.805,3.72,14.0,0.13094237,11.26
2007-12-25,1.8000001,2.72,1.12,4.67,1017.10004,81.93,5.8599997,14.0,0.13823606,11.26
2007-12-26,0.0,3.48,2.3899999,4.5299997,1023.5,87.86917,4.58,15.0,0.1516613,11.27
2007-12-27,0.0,5.1,3.22,8.03,1027.2001,93.808334,6.24,8.0,0.085347824,11.28
2007-12-28,1.8000001,7.1299996,5.48,8.48,1021.2,88.865005,7.6299996,19.0,0.21699634,11.27
2007-12-29,1.3000001,5.9,3.84,7.64,1010.2,86.715004,7.64,23.0,0.25408038,11.27
2007-12-30,0.0,4.6,0.41,7.17,1020.0,91.32353,4.1,17.0,0.179007,11.26
2007-12-31,0.0,0.65999997,-3.34,5.2599998,1028.3,94.200005,1.61,24.0,0.21791612,11.27
2008-01-01,0.0,-1.2099999,-2.6699998,1.49,1027.1,94.03334,1.99,15.0,0.1263997,11.25
2008-01-02,0.0,-0.85999995,-3.36,1.09,1022.8,90.475,4.19,30.0,0.25714815,11.25
2008-01-03,0.0,-1.03,-1.23,-0.099999994,1011.3,79.05,7.3999996,18.0,0.15429036,11.26
2008-01-04,2.5,0.19999999,-0.84,2.25,1009.10004,77.33,6.0899997,12.0,0.10822103,11.25
2008-01-05,2.1000001,5.77,2.1599998,7.5899997,1000.3,92.176476,5.98,14.0,0.15478903,11.26
2008-01-06,2.4,3.6499999,1.52,6.41,1008.3,93.65,4.16,28.0,0.28714085,11.26
2008-01-07,0.90000004,5.56,2.08,7.79,1005.4,87.4,7.58,18.0,0.19715406,11.27
2008-01-08,0.90000004,5.72,3.07,7.31,1014.60004,88.795,6.1099997,15.0,0.16437782,11.26
2008-01-09,0.0,5.64,3.83,8.12,1009.10004,86.47,6.43,18.0,0.19729334,11.28
2008-01-10,11.8,7.0,4.13,9.2,1006.4,85.47,7.73,24.0,0.27498096,11.27
2008-01-11,2.2,9.48,8.63,11.08,998.4,90.895004,5.8599997,14.0,0.17314349,11.31
2008-01-12,0.0,5.79,2.18,9.679999,1002.7,88.19,5.92,20.0,0.22099893,11.29
2008-01-13,0.0,4.5499997,1.99,7.68,1012.0,84.39,5.2599998,28.0,0.29557326,11.29
2008-01-14,1.8000001,5.2599998,1.41,8.26,1002.4,81.49,6.5,24.0,0.260713,11.28
2008-01-15,6.2000003,8.01,6.95,9.0199995,992.3,85.75,9.07,14.0,0.16648613,11.3
2008-01-16,0.0,7.48,4.37,9.429999,993.4,83.715004,6.95,30.0,0.3509973,11.29
2008-01-17,6.9,5.2799997,2.25,7.98,1002.8,93.183334,5.2999997,16.0,0.17388672,11.29
2008-01-18,12.6,8.23,5.8399997,11.509999,1006.9,91.565,7.27,13.0,0.15452172,11.29
2008-01-19,19.6,9.71,7.5,12.34,1015.0,93.26667,6.0899997,13.0,0.16060022,11.32
2008-01-20,10.6,10.3,7.98,11.74,1014.9,93.457146,7.04,10.0,0.12556499,11.33
2008-01-21,32.4,8.4,2.84,10.26,1006.5,92.708336,7.0,12.0,0.14337367,11.34
2008-01-22,0.0,3.85,1.02,7.14,1020.10004,83.6,4.0499997,52.0,0.5335986,11.35
2008-01-23,0.90000004,5.85,1.55,9.66,1024.4,92.92143,5.98,12.0,0.13140573,11.34
2008-01-24,2.3,8.24,3.49,10.03,1024.0,85.090004,6.2,10.0,0.11794705,11.32
2008-01-25,0.0,6.22,2.52,8.51,1031.0,82.965004,7.6499996,34.0,0.37554473,11.31
2008-01-26,11.6,7.95,6.8399997,9.719999,1027.3,85.28,8.08,29.0,0.33857948,11.31
2008-01-27,0.0,8.29,6.68,10.08,1027.0,88.495,6.31,22.0,0.25950405,11.33
2008-01-28,0.0,8.0199995,7.24,9.099999,1031.9,87.880005,3.25,15.0,0.17511606,11.31
2008-01-29,1.1,6.27,5.43,6.98,1026.4,85.44,4.24,15.0,0.16632576,11.31
2008-01-30,0.90000004,4.2599998,0.71999997,6.42,1021.3,88.48,4.19,19.0,0.19762564,11.3
2008-01-31,8.900001,3.77,1.23,6.0299997,1005.2,85.635,9.07,15.0,0.15472768,11.3
2008-02-01,4.1,5.46,2.8799999,7.0699997,991.0,73.83,9.73,34.0,0.37395775,11.29
2008-02-02,1.5,2.4099998,-0.089999996,4.7599998,1009.7,82.175,5.38,51.0,0.49998274,11.3
2008-02-03,0.0,2.84,1.04,4.45,1010.7,71.380005,5.8799996,57.0,0.5672608,11.29
2008-02-04,0.0,4.83,2.53,7.33,1002.5,78.345,5.6099997,25.0,0.2677285,11.3
2008-02-05,7.5,6.2,2.9199998,10.4,1004.9,89.990005,7.3199997,18.0,0.20129581,11.3
2008-02-06,1.1,7.1299996,2.6799998,9.83,1016.8,87.945,5.72,30.0,0.3433579,11.3
2008-02-07,0.0,4.27,0.16,8.41,1034.8,85.605,3.8799999,55.0,0.56822586,11.29
2008-02-08,0.0,6.2599998,2.51,11.219999,1035.4,71.36,3.21,67.0,0.7393826,11.3
2008-02-09,0.0,5.6299996,1.17,12.32,1034.8,62.145,2.45,85.0,0.9193115,11.29
2008-02-10,0.0,4.87,-0.13,13.259999,1036.3,74.565,1.52,83.0,0.87457335,11.29
2008-02-11,0.0,4.7,-0.96,13.0199995,1036.8,83.51,1.5,81.0,0.84837675,11.3
2008-02-12,0.0,1.37,-1.8299999,5.97,1037.1,93.8,2.06,55.0,0.51070815,11.29
2008-02-13,0.0,2.44,0.68,3.84,1037.7001,93.91429,1.99,26.0,0.2512431,11.28
2008-02-14,0.0,4.0499997,1.4,5.5099998,1038.2001,89.762505,2.1299999,20.0,0.20469195,11.27
2008-02-15,0.0,0.41,-3.1799998,4.0099998,1042.4,72.18,4.06,95.0,0.8471992,11.27
2008-02-16,0.0,-1.31,-5.49,3.4099998,1045.8,76.645004,2.18,96.0,0.796522,11.27
2008-02-17,0.0,0.02,-5.49,5.83,1039.4,77.985,2.84,95.0,0.83559406,11.26
2008-02-18,0.0,3.57,-0.7,8.179999,1033.1,91.67369,3.05,55.0,0.55499756,11.26
2008-02-19,0.0,2.3999999,0.26,4.85,1026.9,93.471436,2.05,37.0,0.35914633,11.27
2008-02-20,0.0,1.54,-0.38,5.31,1019.2,94.14445,2.55,50.0,0.4720621,11.26
2008-02-21,2.2,6.6299996,1.23,8.72,1017.7,90.41053,6.8199997,27.0,0.30412337,11.26
2008-02-22,3.3,9.25,7.77,10.679999,1017.2,87.135,9.17,21.0,0.25584608,11.28
2008-02-23,0.0,7.97,4.14,10.57,1023.60004,80.655,6.39,58.0,0.6787473,11.28
2008-02-24,5.7000003,8.5,6.94,10.71,1017.4,79.405,5.38,31.0,0.3695777,11.27
2008-02-25,1.6,6.8399997,3.1299999,9.809999,1018.0,81.495,4.52,103.0,1.167643,11.29
2008-02-26,3.9,8.82,6.71,11.13,1003.8,87.065,7.52,31.0,0.3753779,11.3
2008-02-27,0.0,6.62,3.51,9.44,1013.2,81.385,6.46,71.0,0.8012583,11.28
2008-02-28,0.0,5.5499997,2.9199998,10.51,1019.2,88.395004,3.02,69.0,0.7502093,11.28
2008-02-29,13.6,5.92,0.5,10.01,1007.60004,89.255005,6.08,60.0,0.6641169,11.29
2008-03-01,4.1,7.81,5.56,10.12,995.60004,75.865,10.86,49.0,0.57835466,11.31
2008-03-02,0.0,8.63,5.77,10.51,1002.7,78.015,8.74,67.0,0.8072943,11.3
2008-03-03,1.3000001,4.94,1.13,7.85,1006.3,77.560005,6.6299996,89.0,0.9547123,11.3
2008-03-04,2.0,2.36,-0.61,7.6499996,1018.0,80.565,5.13,111.0,1.081189,11.29
2008-03-05,1.0,3.3,-1.9,7.18,1027.8,74.205,4.97,124.0,1.2428668,11.32
2008-03-06,2.1000001,7.04,3.86,8.12,1018.5,90.35,5.98,26.0,0.29650682,11.29
2008-03-07,1.7,6.74,3.1799998,9.23,1012.10004,87.935,4.56,38.0,0.43068695,11.29
2008-03-08,0.0,6.33,1.89,9.0199995,1006.8,82.955,5.97,108.0,1.2115978,11.29
2008-03-09,7.1,7.56,5.72,9.059999,997.8,88.585,6.29,37.0,0.43301257,11.3
2008-03-10,2.7,6.7999997,4.3399997,9.33,985.2,78.39,8.2699995,77.0,0.8860571,11.3
2008-03-11,10.6,7.6299996,5.33,9.9,983.2,84.6,8.03,61.0,0.72045976,11.32
2008-03-12,4.4,6.89,4.13,8.53,990.60004,76.605,10.32,57.0,0.6559635,11.31
2008-03-13,0.7,6.7,4.64,9.28,1007.9,79.605,7.08,95.0,1.077607,11.31
2008-03-14,0.0,6.24,3.32,9.51,1009.5,83.4,4.66,116.0,1.2958931,11.3
2008-03-15,0.0,7.06,2.9399998,11.09,1008.7,81.53,2.54,62.0,0.7108791,11.3
2008-03-16,2.3,5.94,4.23,7.22,1001.60004,89.43,5.45,35.0,0.3888298,11.29
2008-03-17,0.7,4.13,1.39,7.39,1011.5,75.630005,5.44,98.0,1.0200759,11.29
2008-03-18,3.5,3.77,0.82,7.94,1012.7,81.46,5.45,136.0,1.3972114,11.29
2008-03-19,1.3000001,3.6999998,0.53,7.7999997,1014.5,81.315,4.8199997,145.0,1.4846063,11.29
2008-03-20,22.9,4.0099998,0.39,7.48,1004.0,89.375,6.08,62.0,0.6452793,11.29
2008-03-21,4.2000003,2.6599998,-0.76,6.04,978.60004,90.245,4.0,81.0,0.81541365,11.33
2008-03-22,0.0,0.63,-1.66,3.87,992.4,82.905,4.75,58.0,0.53719795,11.31
2008-03-23,4.0,-0.02,-4.44,5.15,998.3,79.415,3.8899999,173.0,1.5567033,11.31
2008-03-24,2.3,1.31,-1.28,5.08,992.9,87.255005,4.71,115.0,1.0927753,11.31
2008-03-25,1.5,0.91999996,-1.89,5.17,998.3,88.645004,5.19,129.0,1.2039936,11.32
2008-03-26,0.0,2.06,-1.8,6.7599998,999.9,81.205,3.36,135.0,1.3138508,11.32
2008-03-27,0.0,3.6699998,-2.96,8.389999,1001.8,77.945,2.8799999,129.0,1.3284855,11.31
2008-03-28,8.6,6.6099997,1.88,9.83,1003.4,84.425,5.31,90.0,1.0203025,11.3
2008-03-29,0.0,8.41,4.49,11.469999,1009.4,75.63,7.1,144.0,1.7186486,11.31
2008-03-30,7.1,9.36,7.29,12.67,1005.2,77.85,5.42,106.0,1.3025169,11.32
2008-03-31,0.0,8.22,3.6599998,12.34,1016.0,82.275,2.6299999,110.0,1.3015213,11.32
2008-04-01,6.3,8.24,3.56,12.059999,1017.5,86.475,5.23,116.0,1.3723569,11.31
2008-04-02,1.3000001,8.21,6.08,11.23,1018.4,80.93,6.42,97.0,1.1460743,11.31
2008-04-03,0.0,6.8799996,5.39,8.94,1025.8,86.205,4.74,61.0,0.689747,11.3
2008-04-04,3.0,7.8199997,5.58,10.309999,1024.2001,90.4,3.3899999,63.0,0.7337425,11.3
2008-04-05,0.0,6.6499996,1.87,11.03,1008.9,82.645004,3.59,99.0,1.1206758,11.31
2008-04-06,0.0,3.1,-1.91,7.0099998,1001.9,76.735,3.23,169.0,1.7058288,11.3
2008-04-07,0.0,3.54,-2.78,9.889999,1002.8,72.255005,1.79,184.0,1.8853053,11.3
2008-04-08,0.0,4.16,-0.74,10.11,1005.0,74.93,2.4199998,199.0,2.0807033,11.3
2008-04-09,0.0,5.33,-1.8199999,11.86,999.8,67.64,1.77,206.0,2.2459385,11.3
2008-04-10,0.0,6.3399997,-1.0699999,12.74,1000.2,71.5,2.1,192.0,2.1617634,11.3
2008-04-11,0.0,5.62,0.59,9.98,1000.2,81.64,2.3,113.0,1.2434053,11.29
2008-04-12,2.0,8.0199995,3.58,12.98,1005.9,76.895004,5.5,184.0,2.1746113,11.28
2008-04-13,0.0,8.059999,3.21,12.969999,1010.4,79.39,3.32,162.0,1.9127866,11.29
2008-04-14,2.2,5.79,1.03,10.88,1014.0,83.56,3.1599998,115.0,1.2634736,11.28
2008-04-15,0.0,4.5699997,-0.59999996,10.08,1020.8,83.18,3.01,171.0,1.7980171,11.29
2008-04-16,0.0,4.0,-1.18,9.57,1020.9,79.035,3.01,179.0,1.8456166,11.28
2008-04-17,0.0,6.43,-0.39999998,11.84,1011.0,75.97,3.47,188.0,2.1113148,11.28
2008-04-18,0.0,7.66,5.08,10.96,1004.3,71.205,6.2599998,143.0,1.6733085,11.27
2008-04-19,0.0,7.64,4.46,12.12,1003.4,69.755005,6.6099997,168.0,1.9655168,11.27
2008-04-20,0.0,9.57,5.85,14.03,1007.9,67.935,5.3599997,172.0,2.123368,11.26
2008-04-21,0.0,11.09,4.74,17.13,1007.10004,63.345,6.92,253.0,3.2555401,11.26
2008-04-22,0.0,11.16,5.5499997,16.93,1011.9,64.450005,5.7999997,249.0,3.2033532,11.25
2008-04-23,0.0,12.2,3.79,20.439999,1017.8,64.295,3.34,237.0,3.123879,11.24
2008-04-24,7.7000003,12.13,8.059999,17.25,1020.8,80.845,3.4399998,145.0,1.9054941,11.23
2008-04-25,0.0,10.54,5.6299996,15.809999,1025.8,81.73,3.77,208.0,2.6163218,11.28
2008-04-26,0.0,12.79,6.8999996,18.85,1026.2001,73.455,3.28,168.0,2.2395945,11.27
2008-04-27,1.9,16.18,8.72,22.189999,1017.2,55.68,3.99,211.0,3.0517783,11.25
2008-04-28,3.7,11.37,6.33,14.37,1006.0,82.04,2.81,91.0,1.1800997,11.29
2008-04-29,2.6000001,10.2,5.41,15.29,1002.3,81.825005,3.04,130.0,1.6370047,11.3
2008-04-30,0.0,13.09,8.41,19.42,999.0,63.865,5.25,181.0,2.4574258,11.28
2008-05-01,9.6,9.86,5.17,15.99,1010.4,76.380005,3.99,217.0,2.6975007,11.28
2008-05-02,0.0,10.05,3.74,16.5,1021.8,79.46,2.87,234.0,2.9093266,11.3
2008-05-03,0.0,11.509999,2.82,18.55,1027.3,72.94,2.12,258.0,3.3278406,11.29
2008-05-04,0.0,14.099999,6.43,20.91,1026.2001,58.440002,3.73,288.0,3.9624143,11.28
2008-05-05,0.0,14.36,6.5099998,20.4,1028.2001,61.705,3.62,292.0,4.0388036,11.27
2008-05-06,0.0,15.12,8.12,21.859999,1027.1,63.305,3.98,293.0,4.125373,11.25
2008-05-07,0.0,15.92,6.67,23.05,1022.8,62.99,3.4099998,293.0,4.205589,11.25
2008-05-08,0.0,16.13,7.21,23.789999,1019.10004,64.39,3.34,293.0,4.2303452,11.24
2008-05-09,0.0,18.609999,9.59,26.119999,1017.0,52.685,3.32,296.0,4.498403,11.23
2008-05-10,0.0,19.359999,11.96,27.119999,1019.3,48.175,3.58,304.0,4.6828575,11.22
2008-05-11,0.0,18.83,10.809999,25.82,1020.8,51.55,3.51,305.0,4.649047,11.21
2008-05-12,0.0,17.81,9.44,25.609999,1019.4,60.865,3.22,287.0,4.290129,11.21
2008-05-13,0.0,16.39,8.889999,23.65,1017.8,71.755005,3.6799998,274.0,3.9798908,11.2
2008-05-14,0.0,16.15,8.83,24.32,1014.10004,65.125,3.46,281.0,4.0661426,11.18
2008-05-15,0.0,15.08,8.7,22.3,1009.60004,70.255005,3.82,250.0,3.5398407,11.17
2008-05-16,1.5,13.179999,9.54,16.5,1007.7,81.075005,3.29,131.0,1.7762164,11.17
2008-05-17,4.0,10.09,7.3599997,12.17,1008.10004,85.305,3.3,70.0,0.8765706,11.22
2008-05-18,0.0,9.42,3.07,14.7699995,1012.7,71.795,3.37,245.0,3.005361,11.2
2008-05-19,0.0,8.75,2.06,14.82,1016.60004,67.815,3.37,239.0,2.8711653,11.17
2008-05-20,0.0,9.62,0.71999997,15.37,1019.7,69.695,3.21,270.0,3.3201725,11.17
2008-05-21,0.0,11.809999,4.46,18.44,1019.0,65.225,3.87,290.0,3.7828555,11.16
2008-05-22,0.0,14.19,6.1099997,21.0,1017.2,62.375004,3.31,274.0,3.790854,11.14
2008-05-23,0.0,15.2699995,7.72,22.31,1015.60004,58.08,3.3999999,279.0,3.9583318,11.13
2008-05-24,0.0,16.47,9.469999,22.31,1013.60004,53.29,4.91,311.0,4.5317564,11.1
2008-05-25,7.8,13.42,11.509999,15.4,1015.3,77.35,6.02,138.0,1.8762645,11.09
2008-05-26,1.4,13.17,10.95,14.87,1014.3,79.365,6.49,95.0,1.2843885,11.17
2008-05-27,0.0,14.599999,11.17,18.17,1013.9,77.525,6.43,149.0,2.0836377,11.15
2008-05-28,0.0,18.869999,14.2,24.939999,1011.4,72.950005,4.47,178.0,2.7236404,11.14
2008-05-29,0.0,18.49,12.38,23.05,1011.8,78.17,3.25,157.0,2.384544,11.14
2008-05-30,1.9,18.74,13.549999,24.18,1010.60004,76.96,2.71,216.0,3.2977686,11.11
2008-05-31,0.0,15.5199995,12.37,19.689999,1014.60004,87.525,3.22,208.0,2.9684517,11.11
2008-06-01,0.0,18.02,12.46,25.529999,1014.8,79.75,2.35,231.0,3.4728785,11.12
2008-06-02,0.0,22.74,13.21,30.039999,1012.10004,67.200005,3.4199998,263.0,4.306022,11.08
2008-06-03,11.2,19.27,15.95,23.41,1010.9,86.91,2.59,179.0,2.7601392,11.09
2008-06-04,1.5,16.63,14.15,18.98,1015.60004,93.950005,2.6799998,148.0,2.1623266,11.15
2008-06-05,0.0,17.91,13.0199995,25.279999,1015.0,82.355,2.37,234.0,3.510081,11.13
2008-06-06,0.0,19.25,13.92,24.789999,1013.8,61.15,3.4399998,277.0,4.2656894,11.1
2008-06-07,0.0,18.949999,11.719999,26.25,1015.5,67.31,2.72,228.0,3.4893503,11.05
2008-06-08,0.0,20.18,12.0199995,27.699999,1020.7,63.225002,2.61,295.0,4.611326,11.02
2008-06-09,0.0,18.88,10.78,25.369999,1022.9,64.875,2.48,319.0,4.8637767,11.0
2008-06-10,0.0,16.23,9.73,22.4,1020.2,76.08,3.8799999,270.0,3.9050903,10.99
2008-06-11,2.3,12.96,8.059999,18.15,1017.8,75.85,4.54,214.0,2.8744743,10.97
2008-06-12,0.0,12.0,7.08,16.279999,1012.9,76.175,3.51,178.0,2.3391087,10.97
2008-06-13,1.4,11.45,7.0499997,16.19,1013.3,79.75,3.97,196.0,2.5391428,10.96
2008-06-14,2.4,12.17,6.1099997,17.8,1013.0,71.17,3.46,213.0,2.810982,10.95
2008-06-15,0.0,11.809999,6.21,17.6,1009.10004,75.17,3.4199998,231.0,3.0257509,10.94
2008-06-16,0.0,11.16,5.35,16.72,1010.5,79.590004,3.05,264.0,3.3983634,10.93
2008-06-17,0.0,13.29,3.3899999,20.66,1013.60004,66.655,1.25,296.0,4.014614,10.94
2008-06-18,0.0,14.88,6.96,20.33,1013.4,70.795,3.57,239.0,3.3641367,10.91
2008-06-19,2.1000001,15.099999,11.04,19.67,1010.0,80.325005,4.37,162.0,2.2944965,10.92
2008-06-20,0.0,15.96,10.88,20.39,1016.4,71.825005,4.7,243.0,3.4990366,10.91
2008-06-21,0.0,17.13,11.54,22.13,1018.8,71.375,2.23,225.0,3.3179297,10.89
2008-06-22,0.0,20.32,13.88,27.189999,1010.8,69.590004,5.4,236.0,3.7097461,10.89
2008-06-23,0.0,13.83,6.39,18.44,1017.4,74.305,5.24,233.0,3.196296,10.86
2008-06-24,0.0,14.07,4.5099998,20.35,1019.9,64.67,3.09,298.0,4.1070943,10.85
2008-06-25,0.0,17.199999,9.51,24.68,1014.10004,69.79,4.11,243.0,3.5943763,10.84
2008-06-26,3.1000001,17.27,12.71,22.529999,1017.5,66.87,4.14,293.0,4.3350616,10.83
2008-06-27,5.2000003,15.7,12.349999,19.85,1014.3,73.325005,5.68,225.0,3.2240932,10.84
2008-06-28,0.0,17.46,13.23,21.07,1015.2,86.36,4.66,159.0,2.3634593,10.87
2008-06-29,0.0,16.84,12.37,21.32,1015.7,75.99,4.67,207.0,3.037523,10.86
2008-06-30,0.0,16.98,10.24,22.43,1019.8,68.205,3.1799998,265.0,3.8943393,10.82
2008-07-01,0.0,19.949999,10.4,27.439999,1016.4,62.08,1.9799999,320.0,4.9879503,10.8
2008-07-02,2.5,24.06,14.58,33.26,1009.2,64.245,3.22,273.0,4.566757,10.78
2008-07-03,7.4,18.4,14.45,24.46,1010.0,90.045006,2.9399998,147.0,2.2301056,10.78
2008-07-04,11.7,16.039999,10.71,19.68,1015.0,84.755005,2.5,170.0,2.4533513,10.83
2008-07-05,0.0,17.92,8.47,24.529999,1013.9,71.825005,2.02,253.0,3.797254,10.9
2008-07-06,1.4,18.119999,14.33,23.199999,1006.10004,73.21,3.55,230.0,3.4748216,10.89
2008-07-07,13.0,15.5199995,13.61,19.73,1001.2,81.03,5.8799996,177.0,2.5385695,10.85
2008-07-08,6.6,14.74,11.41,18.0,1005.9,85.200005,4.91,170.0,2.3921342,10.93
2008-07-09,7.6,15.49,10.87,19.23,1011.9,80.245,4.66,162.0,2.3127463,10.99
2008-07-10,1.7,16.949999,13.78,19.66,1008.3,93.17778,3.8999999,100.0,1.4745747,11.05
2008-07-11,1.4,16.449999,13.33,20.24,1005.7,83.215004,4.35,184.0,2.687607,11.02
2008-07-12,6.9,14.62,10.7699995,18.15,1006.60004,83.765,4.62,199.0,2.7918646,11.04
2008-07-13,0.0,14.28,9.75,19.64,1013.60004,80.875,3.78,243.0,3.3736572,11.04
2008-07-14,0.0,16.49,9.21,22.15,1021.5,76.68,3.9199998,243.0,3.5324466,11.01
2008-07-15,2.3,17.63,14.88,19.859999,1022.7,87.195,4.38,97.0,1.4431169,10.99
2008-07-16,0.0,16.199999,12.0,18.83,1017.4,78.41,4.14,182.0,2.6332765,10.97
2008-07-17,5.0,14.599999,12.65,18.13,1012.4,86.875,3.48,104.0,1.4551817,10.96
2008-07-18,13.2,15.63,13.099999,19.98,1009.0,89.645004,3.9599998,104.0,1.4908719,10.99
2008-07-19,20.7,15.36,13.049999,19.859999,1005.4,91.32,4.61,126.0,1.7979951,11.15
2008-07-20,6.7000003,13.62,10.95,16.94,1011.4,82.01,4.5499997,194.0,2.654342,11.29
2008-07-21,3.6000001,14.13,10.87,18.65,1013.60004,87.67,5.74,114.0,1.577209,11.26
2008-07-22,0.0,15.48,11.4,18.939999,1022.7,83.915,3.49,190.0,2.7011125,11.21
2008-07-23,0.0,17.23,12.96,22.26,1025.3,86.240005,1.73,178.0,2.624343,11.19
2008-07-24,0.0,19.06,11.469999,24.869999,1021.0,75.33,3.6,292.0,4.47018,11.17
2008-07-25,0.0,21.13,14.96,27.33,1014.9,76.355,3.6299999,233.0,3.7105212,11.14
2008-07-26,53.100002,22.67,17.94,29.17,1014.5,83.61,2.6499999,226.0,3.6935353,11.12
2008-07-27,0.0,22.39,17.17,27.619999,1017.3,85.71,1.8499999,258.0,4.1939483,11.27
2008-07-28,0.0,24.3,17.9,30.76,1015.10004,67.315,2.8799999,257.0,4.3079524,11.25
2008-07-29,10.5,20.609999,14.299999,26.0,1015.5,81.0,2.74,215.0,3.3922129,11.23
2008-07-30,0.0,19.689999,13.42,25.849998,1020.10004,76.355,2.3799999,250.0,3.8737643,11.22
2008-07-31,6.9,23.26,15.15,30.599998,1014.9,76.745,2.7,272.0,4.4869695,11.2
2008-08-01,0.0,19.57,14.599999,23.1,1013.7,82.745,3.57,183.0,2.8350656,11.25
2008-08-02,1.6,18.24,13.67,23.359999,1013.9,79.855,3.56,208.0,3.141609,11.21
2008-08-03,21.2,18.32,15.32,21.82,1009.60004,89.11,4.61,147.0,2.2269385,11.21
2008-08-04,7.0,16.85,13.74,20.32,1006.7,82.44,5.2799997,216.0,3.1803021,11.31
2008-08-05,0.0,18.05,12.2,23.25,1014.60004,79.41,2.52,220.0,3.3096876,11.29
2008-08-06,0.0,20.3,16.59,25.31,1012.60004,83.42,3.02,190.0,2.983925,11.27
2008-08-07,5.8,19.699999,15.73,24.33,1004.7,91.625,2.85,164.0,2.5541,11.25
2008-08-08,4.4,16.38,11.469999,20.689999,1006.3,87.65,3.9299998,146.0,2.1289608,11.31
2008-08-09,2.9,16.24,11.38,20.689999,1011.9,78.29,3.9099998,211.0,3.0615156,11.28
2008-08-10,2.4,17.289999,15.23,21.41,1003.7,82.145004,5.93,137.0,2.037519,11.28
2008-08-11,0.0,16.69,13.509999,19.43,1003.5,84.86,3.9499998,141.0,2.071501,11.26
2008-08-12,1.3000001,16.279999,12.94,22.38,995.2,82.275,4.58,151.0,2.2060306,11.27
2008-08-13,9.3,16.06,12.679999,19.91,1001.5,78.78,7.5299997,180.0,2.611523,11.26
2008-08-14,0.0,15.67,10.099999,20.06,1012.3,79.74,5.1,197.0,2.8230953,11.28
2008-08-15,0.0,14.34,8.11,20.96,1014.7,84.195,1.9,236.0,3.2796292,11.27
2008-08-16,0.0,15.25,7.18,22.39,1013.0,77.98,1.6899999,240.0,3.406797,11.26
2008-08-17,3.0,16.97,11.559999,23.779999,1009.10004,77.825,2.87,177.0,2.6103404,11.24
2008-08-18,2.1000001,16.01,13.79,19.15,1008.10004,90.875,3.59,77.0,1.1132877,11.26
2008-08-19,4.4,16.97,13.799999,21.24,1005.4,85.6,5.18,138.0,2.037824,11.24
2008-08-20,16.0,16.22,14.2699995,19.32,1009.5,91.34211,4.68,118.0,1.712877,11.27
2008-08-21,4.9,16.27,13.37,20.15,1013.9,88.06,4.25,115.0,1.668465,11.27
2008-08-22,3.8,14.9,12.08,19.619999,1011.9,91.295,2.79,100.0,1.4090192,11.27
2008-08-23,1.4,12.95,9.29,16.77,1010.60004,90.89474,2.84,109.0,1.4679935,11.28
2008-08-24,1.0,14.95,9.32,19.359999,1011.9,85.765,3.11,139.0,1.9607394,11.28
2008-08-25,0.0,17.31,14.12,20.96,1014.2,84.520004,3.9299998,130.0,1.9271742,11.27
2008-08-26,0.0,17.41,15.9,18.96,1019.9,91.46,3.9499998,53.0,0.78575003,11.27
2008-08-27,0.0,16.63,15.809999,17.75,1019.5,92.689476,4.12,41.0,0.59819686,11.26
2008-08-28,0.0,17.859999,16.13,20.83,1018.3,87.825,4.0099998,83.0,1.242402,11.24
2008-08-29,0.0,17.109999,11.98,20.76,1019.3,89.665,3.06,132.0,1.9453791,11.24
2008-08-30,0.0,16.699999,10.11,22.63,1019.9,83.810005,2.72,228.0,3.3309817,11.22
2008-08-31,8.400001,20.23,11.98,27.33,1012.4,76.44,3.3899999,216.0,3.3882036,11.22
2008-09-01,0.0,16.949999,12.5,20.59,1012.9,82.92,4.66,120.0,1.7666378,11.25
2008-09-02,6.4,14.88,11.73,18.98,1005.7,89.380005,4.64,71.0,1.0022969,11.23
2008-09-03,0.0,13.69,11.13,16.56,1002.60004,88.426315,5.68,88.0,1.2102157,11.26
2008-09-04,0.0,14.45,11.5199995,18.64,1002.4,79.380005,5.94,154.0,2.1556618,11.23
2008-09-05,5.9,15.82,11.809999,19.68,1001.4,86.585,4.0899997,101.0,1.4578964,11.23
2008-09-06,0.0,16.74,13.09,20.789999,1001.10004,80.94,4.7,132.0,1.9429421,11.25
2008-09-07,4.9,15.07,12.41,17.74,1005.7,86.89,4.85,91.0,1.2901013,11.23
2008-09-08,0.0,15.07,11.46,18.71,1012.8,89.265,4.8199997,104.0,1.4704809,11.26
2008-09-09,1.1,16.9,10.34,22.949999,1014.8,77.36,2.96,182.0,2.674847,11.22
2008-09-10,0.0,17.359999,12.929999,21.38,1013.4,85.295,3.12,147.0,2.18201,11.22
2008-09-11,0.0,19.16,12.46,26.25,1011.3,80.205,3.12,170.0,2.6156223,11.21
2008-09-12,7.1,17.8,14.0199995,21.689999,1011.4,81.07,5.1,110.0,1.6484424,11.19
2008-09-13,0.0,12.7699995,7.33,16.59,1020.7,72.765,4.92,158.0,2.1099222,11.24
2008-09-14,0.0,11.71,6.29,17.13,1026.6,78.17,3.74,166.0,2.152946,11.21
2008-09-15,0.0,11.88,7.24,17.039999,1026.2001,80.79,2.95,124.0,1.6155524,11.19
2008-09-16,0.0,11.95,7.5899997,16.619999,1025.3,84.175,2.36,77.0,1.0053827,11.17
2008-09-17,0.0,11.69,8.29,16.859999,1024.4,80.395004,2.28,107.0,1.3883011,11.18
2008-09-18,0.0,10.98,4.5899997,17.02,1025.2001,78.2,2.37,149.0,1.8969446,11.16
2008-09-19,0.0,10.099999,4.0699997,17.19,1028.0,82.880005,1.87,135.0,1.6761836,11.15
2008-09-20,0.0,10.34,3.04,18.24,1031.8,85.915,1.04,158.0,1.9714526,11.14
2008-09-21,0.0,11.34,5.31,18.039999,1026.4,90.88421,2.05,106.0,1.3617038,11.13
2008-09-22,0.0,12.21,8.62,16.539999,1022.5,85.08,2.58,79.0,1.0395414,11.15
2008-09-23,1.1,12.799999,10.76,14.67,1019.9,93.51539,3.6699998,35.0,0.46788505,11.13
2008-09-24,0.0,12.7699995,9.5,16.449999,1025.7001,87.72632,3.62,81.0,1.0794878,11.12
2008-09-25,0.0,11.71,6.43,18.109999,1033.2001,84.825005,3.31,151.0,1.9530187,11.11
2008-09-26,0.0,10.469999,4.22,17.63,1036.4,89.245,1.91,129.0,1.6121091,11.1
2008-09-27,0.0,9.929999,3.37,18.83,1030.9,85.57,1.24,139.0,1.7155461,11.1
2008-09-28,5.1,11.34,4.44,17.539999,1023.10004,92.9579,2.05,106.0,1.3636067,11.09
2008-09-29,5.6,10.599999,7.14,13.82,1014.5,92.600006,2.53,57.0,0.72167116,11.16
2008-09-30,23.9,11.73,9.49,13.17,999.9,94.043755,5.89,40.0,0.5249004,11.23
2008-10-01,13.0,11.139999,8.2,14.62,992.8,90.82105,5.9,73.0,0.9463854,11.3
2008-10-02,8.2,9.19,7.0,12.11,998.10004,91.725006,5.33,72.0,0.8833743,11.3
2008-10-03,2.9,8.73,5.49,12.88,1005.5,88.87,4.16,101.0,1.2188874,11.3
2008-10-04,10.1,8.67,4.79,10.79,1010.4,80.085,6.1099997,88.0,1.0577552,11.3
2008-10-05,23.800001,10.66,8.389999,12.58,1000.2,93.700005,6.7799997,18.0,0.22969079,11.31
2008-10-06,0.0,10.48,7.27,12.3,1012.8,93.3375,2.02,57.0,0.719879,11.33
2008-10-07,4.2000003,13.57,7.8599997,18.31,1012.5,93.433334,3.49,75.0,1.0245007,11.33
2008-10-08,0.0,13.19,10.9,14.94,1016.60004,92.600006,3.0,59.0,0.7973264,11.33
2008-10-09,0.0,10.54,5.85,16.58,1030.8,88.71,1.67,117.0,1.4684929,11.31
2008-10-10,0.0,11.3,6.0,15.9,1030.6,88.240005,3.79,104.0,1.3322393,11.3
2008-10-11,0.0,12.559999,8.54,18.69,1026.9,91.984215,3.74,112.0,1.4841294,11.3
2008-10-12,0.0,11.87,8.65,16.24,1025.0,93.32308,2.86,59.0,0.76887625,11.28
2008-10-13,0.0,14.46,9.94,19.039999,1017.0,92.96667,3.59,72.0,1.0024505,11.28
2008-10-14,2.2,12.82,9.55,15.53,1018.7,88.700005,3.03,71.0,0.9500662,11.28
2008-10-15,7.6,13.469999,10.82,15.339999,1011.2,94.48572,4.92,31.0,0.42266992,11.28
2008-10-16,2.3,9.84,7.18,12.63,1009.0,88.025,4.23,49.0,0.6091582,11.29
2008-10-17,0.0,8.96,6.22,13.719999,1016.9,85.630005,3.5,81.0,0.9788401,11.28
2008-10-18,0.0,9.3,5.49,13.099999,1017.3,90.81177,4.2799997,53.0,0.64659286,11.28
2008-10-19,0.0,11.5,8.73,14.48,1018.10004,88.68,4.92,52.0,0.6731567,11.28
2008-10-20,5.3,12.48,7.08,15.79,1009.10004,80.44,5.96,94.0,1.2521901,11.27
2008-10-21,2.3,9.36,4.45,14.21,1008.9,90.91053,4.48,37.0,0.45388767,11.29
2008-10-22,0.0,7.6699996,4.69,12.83,1020.9,86.42,3.4399998,62.0,0.7199658,11.28
2008-10-23,1.9,8.92,3.9199998,12.95,1023.9,87.995,5.0499997,95.0,1.1430306,11.27
2008-10-24,3.7,8.72,4.7,10.139999,1022.3,93.22858,4.48,17.0,0.2035118,11.29
2008-10-25,1.1,7.85,1.64,12.559999,1027.9,88.405,4.17,80.0,0.930947,11.29
2008-10-26,9.1,10.96,9.17,12.13,1013.2,93.96001,5.8399997,19.0,0.24301286,11.28
2008-10-27,2.6000001,7.3799996,3.29,11.11,1005.9,90.380005,3.51,54.0,0.62608355,11.3
2008-10-28,2.6000001,4.29,0.51,8.639999,1007.7,93.99091,3.24,58.0,0.6082587,11.3
2008-10-29,0.0,2.53,-0.91999996,8.8,1007.4,93.54167,1.9499999,63.0,0.6211264,11.3
2008-10-30,0.0,1.89,-1.62,5.65,1000.7,93.950005,1.4699999,29.0,0.28034168,11.29
2008-10-31,0.0,3.24,-0.81,5.8199997,1007.5,93.433334,2.58,51.0,0.5157496,11.29
2008-11-01,3.0,5.94,4.5,7.5,1010.3,92.509094,4.63,18.0,0.19909105,11.28
2008-11-02,0.0,7.3199997,4.0699997,10.849999,1016.8,93.275,2.8,41.0,0.47199795,11.28
2008-11-03,0.0,8.099999,6.48,9.429999,1016.10004,92.700005,3.81,17.0,0.20042221,11.28
2008-11-04,0.0,8.58,7.8199997,9.54,1020.10004,91.55,1.89,22.0,0.2625646,11.28
2008-11-05,1.1,9.22,7.94,10.0199995,1016.60004,90.4,4.5,18.0,0.21916983,11.27
2008-11-06,0.0,9.11,6.02,11.67,1015.60004,94.23334,2.24,31.0,0.3764516,11.28
2008-11-07,0.0,8.57,5.69,10.99,1013.10004,93.55,2.8899999,33.0,0.3950141,11.28
2008-11-08,2.9,9.0,6.52,12.3,1016.10004,87.57,4.37,56.0,0.67775357,11.27
2008-11-09,8.1,9.26,8.0199995,10.03,1011.0,82.665,7.0499997,36.0,0.43995667,11.28
2008-11-10,42.5,11.429999,8.96,14.009999,1005.5,88.625,7.99,19.0,0.24682994,11.3
2008-11-11,2.3,9.05,7.06,10.84,1004.3,91.035,6.2999997,37.0,0.4508763,11.35
2008-11-12,2.9,7.0299997,4.81,9.05,1013.5,93.81112,5.23,40.0,0.4571357,11.33
2008-11-13,2.7,6.6099997,3.12,10.9,1022.2,93.9,3.3999999,39.0,0.43804157,11.33
2008-11-14,2.1000001,9.76,7.6299996,11.099999,1021.60004,95.200005,5.68,11.0,0.1356808,11.31
2008-11-15,0.0,11.0,8.05,12.16,1022.60004,93.79092,5.6099997,15.0,0.19128193,11.32
2008-11-16,0.0,7.5899997,4.11,10.599999,1025.8,88.615,4.49,27.0,0.312045,11.31
2008-11-17,0.90000004,5.5899997,0.83,9.98,1027.9,86.54,2.8999999,42.0,0.45523444,11.3
2008-11-18,1.1,6.2,4.16,9.98,1012.3,91.490005,4.88,14.0,0.15598345,11.31
2008-11-19,3.2,8.86,5.58,10.67,1013.2,92.288895,5.5899997,19.0,0.22933595,11.29
2008-11-20,9.7,8.09,4.97,11.11,1006.5,89.44444,6.3399997,17.0,0.20127395,11.3
2008-11-21,9.900001,3.47,0.69,6.91,1000.8,88.055,6.44,28.0,0.28650466,11.32
2008-11-22,4.3,1.75,0.29999998,4.87,1004.10004,90.37369,5.4,33.0,0.31674007,11.32
2008-11-23,1.2,0.61,-0.34,3.47,996.8,93.17273,4.99,26.0,0.24000143,11.31
2008-11-24,3.1000001,1.05,-0.42,4.12,995.4,91.49286,4.08,40.0,0.37582487,11.3
2008-11-25,0.0,2.98,-0.24,7.0699997,1012.5,92.14737,2.56,29.0,0.28977227,11.3
2008-11-26,0.8,5.7,0.87,7.6499996,1021.5,93.8,4.5899997,16.0,0.1746112,11.3
2008-11-27,0.0,6.5299997,5.37,7.5299997,1013.4,93.700005,6.8399997,10.0,0.11252386,11.3
2008-11-28,2.2,3.75,2.8999999,5.22,1002.4,92.33,4.22,12.0,0.12388351,11.3
2008-11-29,2.0,2.6799998,-1.06,4.33,995.5,93.28667,2.06,14.0,0.1397033,11.3
2008-11-30,2.5,0.78,-2.05,2.62,995.9,94.24334,2.77,9.0,0.08366776,11.29
2008-12-01,0.0,3.08,-0.64,4.96,999.2,95.200005,1.87,28.0,0.2828428,11.29
2008-12-02,6.2000003,2.8899999,0.26,6.3599997,1001.4,92.88334,4.2,22.0,0.22046675,11.29
2008-12-03,0.0,1.14,-0.41,2.99,996.3,94.200005,3.6799998,21.0,0.1978799,11.3
2008-12-04,3.8,2.27,0.45999998,4.7799997,989.0,93.450005,4.96,15.0,0.14802188,11.3
2008-12-05,0.0,4.74,2.4199998,6.24,987.60004,94.700005,2.86,16.0,0.17217995,11.31
2008-12-06,1.3000001,3.9199998,1.62,6.77,1006.5,95.200005,2.0,19.0,0.19687061,11.3
2008-12-07,0.0,4.0299997,0.53999996,7.72,1023.8,92.315384,3.1,35.0,0.36069438,11.3
2008-12-08,0.0,3.12,-0.16,5.66,1021.4,92.86667,5.06,21.0,0.20986469,11.3
2008-12-09,7.9,1.4499999,0.37,2.98,1012.9,93.700005,3.07,11.0,0.103874125,11.3
2008-12-10,0.0,1.64,-0.78999996,4.7599998,1011.4,93.4,3.12,30.0,0.28557172,11.3
2008-12-11,0.0,1.64,0.04,3.1999998,1011.4,94.03334,3.6899998,15.0,0.14278586,11.3
2008-12-12,0.0,1.0799999,-0.66999996,3.49,1015.3,93.28572,4.3199997,18.0,0.16736846,11.29
2008-12-13,0.0,-0.63,-2.8999999,1.12,1005.7,90.336845,5.06,26.0,0.2273011,11.29
2008-12-14,0.0,1.01,-0.78999996,3.55,1004.9,90.75,4.2,22.0,0.2052479,11.28
2008-12-15,0.0,1.87,-1.87,3.81,1017.0,93.350006,2.86,14.0,0.13399184,11.28
2008-12-16,0.0,-0.099999994,-0.72999996,1.6999999,1016.2,93.02405,1.8299999,10.0,0.08874295,11.28
2008-12-17,0.0,1.74,-0.75,4.61,1012.10004,92.69808,3.1499999,12.0,0.11461167,11.28
2008-12-18,2.7,3.59,0.01,6.93,1016.0,92.372116,4.46,14.0,0.14267519,11.28
2008-12-19,5.3,4.92,2.12,7.5099998,1018.4,92.04616,4.62,34.0,0.36219335,11.27
2008-12-20,0.0,7.0499997,1.13,9.32,1019.10004,91.41667,5.8599997,16.0,0.18246888,11.29
2008-12-21,0.0,7.5699997,1.61,9.849999,1025.8,93.3091,5.7,11.0,0.1270522,11.3
2008-12-22,0.0,7.1,2.1299999,10.44,1029.5,90.475006,5.02,26.0,0.29547822,11.29
2008-12-23,0.0,5.47,2.49,7.5899997,1034.6,91.662506,2.76,13.0,0.13987583,11.28
2008-12-24,0.0,5.52,2.1,7.43,1031.6,92.850006,3.6899998,11.0,0.11873183,11.27
2008-12-25,0.0,3.12,0.35999998,5.0899997,1037.2001,91.57895,4.0899997,21.0,0.20807421,11.27
2008-12-26,0.0,-1.22,-2.95,0.71999997,1042.4,86.375,4.49,41.0,0.342166,11.26
2008-12-27,0.0,-1.9,-3.99,0.94,1039.4,86.43,3.86,34.0,0.2762174,11.25
2008-12-28,0.0,-1.3,-3.6799998,1.18,1034.2001,87.435005,4.0899997,38.0,0.31764156,11.26
2008-12-29,0.0,-3.52,-6.2,-1.1999999,1033.5,89.455,4.18,36.0,0.27346414,11.25
2008-12-30,0.0,-6.0499997,-8.599999,-2.7,1032.6,92.07273,2.1399999,43.0,0.29049462,11.24
2008-12-31,0.0,-6.24,-10.7699995,-2.81,1027.7001,94.075005,1.28,36.0,0.24177785,11.23
2009-01-01,0.0,0.21,-2.8999999,1.86,1028.3,93.450005,2.29,14.0,0.124885894,11.22
2009-01-02,0.0,-1.06,-6.0099998,1.9499999,1029.8,90.810005,2.28,31.0,0.26242635,11.21
2009-01-03,1.1,-0.089999996,-4.8199997,3.1299999,1025.7001,92.557144,3.56,14.0,0.12359113,11.21
2009-01-04,7.7000003,2.07,0.38,3.85,1016.0,94.11667,4.17,11.0,0.106124565,11.23
2009-01-05,0.0,-2.11,-6.27,-0.07,1023.60004,86.335,5.02,34.0,0.2764371,11.25
2009-01-06,0.90000004,-5.99,-9.59,-1.63,1026.2001,86.745,2.0,47.0,0.31981987,11.24
2009-01-07,0.0,-0.51,-4.0899997,2.31,1021.9,94.53334,3.1,21.0,0.18268986,11.24
2009-01-08,0.0,-3.6499999,-6.2999997,-0.64,1029.9,95.200005,2.58,24.0,0.18166728,11.22
2009-01-09,0.0,-3.02,-5.96,-0.26999998,1030.3,90.29,2.02,27.0,0.21013524,11.21
2009-01-10,0.0,-4.02,-6.5899997,-0.089999996,1028.2001,84.265,2.3999999,47.0,0.3502492,11.22
2009-01-11,0.0,-0.53999996,-6.75,1.8399999,1025.6,79.625,5.69,43.0,0.37279725,11.2
2009-01-12,2.9,3.77,1.11,5.0699997,1015.0,73.3,7.21,23.0,0.23600148,11.21
2009-01-13,4.5,4.29,3.4199998,5.0699997,1010.60004,77.93236,4.99,12.0,0.12565324,11.26
2009-01-14,0.0,3.75,1.73,4.7,1013.7,82.56471,2.73,15.0,0.1539142,11.28
2009-01-15,0.0,1.4599999,0.14,4.3399997,1020.9,87.19706,2.8999999,29.0,0.27270448,11.27
2009-01-16,0.0,1.4399999,-0.34,1.6899999,1019.8,91.829414,3.6299999,15.0,0.14103559,11.26
2009-01-17,1.7,3.7099998,0.98999995,5.7599998,1012.60004,93.3,5.1,13.0,0.13328525,11.26
2009-01-18,5.4,4.7,1.26,6.3199997,996.60004,90.79474,6.73,15.0,0.16043884,11.27
2009-01-19,8.5,3.6499999,1.3,7.74,987.5,92.66,6.46,17.0,0.17631738,11.29
2009-01-20,0.0,2.9199998,0.96,4.8399997,994.10004,91.01,5.19,36.0,0.3626164,11.29
2009-01-21,0.0,2.3899999,0.55,4.27,1004.7,90.950005,3.31,31.0,0.30454093,11.29
2009-01-22,11.2,3.31,1.39,5.27,994.2,88.73,6.75,19.0,0.19402665,11.28
2009-01-23,12.2,4.04,2.98,5.2,972.8,92.950005,5.5,16.0,0.16952865,11.31
2009-01-24,0.0,3.83,0.32999998,6.29,987.0,92.62,4.41,25.0,0.26097414,11.31
2009-01-25,0.0,1.9399999,0.08,5.7,997.3,89.21579,4.08,52.0,0.50458866,11.3
2009-01-26,0.0,0.61,-1.55,4.8599997,1004.4,91.3,3.75,41.0,0.37677133,11.3
2009-01-27,0.0,-0.47,-1.9599999,1.05,1015.7,93.07648,2.6599998,29.0,0.25363654,11.29
2009-01-28,0.0,-1.41,-2.56,-0.96,1020.0,91.84935,3.37,31.0,0.2601852,11.29
2009-01-29,0.0,-0.7,-3.53,2.07,1023.4,90.62222,3.3999999,48.0,0.41398945,11.28
2009-01-30,0.0,-1.63,-2.8999999,1.18,1024.8,89.450005,4.38,55.0,0.456036,11.26
2009-01-31,0.0,-0.06,-2.27,2.6499999,1022.3,82.895004,5.52,47.0,0.416248,11.27
2009-02-01,0.0,-1.5999999,-2.49,0.24,1015.60004,80.375,6.74,42.0,0.35066792,11.27
2009-02-02,0.0,0.82,-1.5,2.6499999,1004.10004,82.64,7.3199997,26.0,0.24091643,11.27
2009-02-03,0.7,1.18,-0.63,4.33,1000.0,87.142105,2.84,27.0,0.2542553,11.26
2009-02-04,0.6,0.84,0.0,1.8,997.8,92.5,1.64,18.0,0.16753411,11.26
2009-02-05,1.6,2.35,-0.85999995,5.42,993.5,91.8,3.04,21.0,0.20730487,11.26
2009-02-06,0.0,5.23,1.8299999,9.25,991.0,89.82143,2.61,55.0,0.600424,11.28
2009-02-07,0.8,2.55,-1.12,4.46,991.0,93.3,2.8999999,23.0,0.22901921,11.28
2009-02-08,0.0,1.01,-1.42,4.89,1000.5,92.35294,3.87,57.0,0.53314406,11.27
2009-02-09,12.900001,1.3,-0.96,2.48,1000.4,94.53334,3.72,19.0,0.17969361,11.26
2009-02-10,4.4,1.3299999,-0.03,2.6499999,990.3,93.950005,6.3599997,15.0,0.14285913,11.3
2009-02-11,2.1000001,0.88,-1.86,3.98,1011.4,92.83572,3.49,48.0,0.44390243,11.31
2009-02-12,1.3000001,0.89,-2.02,4.31,1018.4,92.74375,3.37,71.0,0.6541947,11.29
2009-02-13,1.2,1.3199999,-1.27,4.44,1019.0,93.3091,3.98,28.0,0.26218915,11.29
2009-02-14,0.0,-1.06,-4.2799997,3.79,1027.1,86.675,2.3,81.0,0.6868158,11.29
2009-02-15,6.8,1.02,-2.07,3.6699998,1023.9,93.81112,4.18,24.0,0.22154297,11.27
2009-02-16,9.2,4.99,3.84,6.8399997,1018.8,91.93451,3.57,27.0,0.288238,11.3
2009-02-17,0.0,2.02,-1.2099999,5.43,1022.0,90.0579,3.78,46.0,0.44148082,11.31
2009-02-18,0.0,0.13,-1.81,2.6399999,1028.2001,79.4,1.6899999,51.0,0.45352495,11.3
2009-02-19,3.6000001,1.1899999,-1.4699999,3.82,1024.9,90.345,3.34,23.0,0.21358044,11.3
2009-02-20,0.0,4.45,2.03,5.5499997,1026.6,91.21834,3.54,22.0,0.22968298,11.29
2009-02-21,1.1,4.46,0.68,6.71,1028.9,92.09167,3.08,39.0,0.40681496,11.3
2009-02-22,0.0,5.8799996,4.29,8.2,1019.5,91.14375,4.93,30.0,0.32964513,11.29
2009-02-23,0.0,5.5099998,4.35,6.71,1018.3,89.69474,5.98,35.0,0.3802174,11.29
2009-02-24,0.0,4.0499997,2.8999999,5.41,1026.3,87.38947,2.81,47.0,0.48405528,11.28
2009-02-25,1.0,5.14,3.04,6.54,1024.9,92.68824,4.87,23.0,0.24599253,11.3
2009-02-26,6.1,6.14,4.12,8.63,1016.5,90.121056,6.08,47.0,0.52156055,11.28
2009-02-27,2.3,6.35,5.52,7.83,1015.5,94.700005,3.9499998,28.0,0.3129558,11.29
2009-02-28,0.0,7.14,5.5699997,8.96,1014.3,93.16667,2.3999999,26.0,0.29803005,11.29
2009-03-01,1.9,6.6099997,3.37,9.51,1009.3,92.86,2.01,48.0,0.5425717,11.3
2009-03-02,0.0,5.15,2.2,8.0199995,1012.7,93.34667,3.75,50.0,0.5383139,11.29
2009-03-03,0.0,4.83,2.06,6.7999997,1008.5,91.41,4.65,51.0,0.54445463,11.28
2009-03-04,1.3000001,6.7,4.14,9.83,989.10004,74.965004,5.7799997,91.0,1.0419132,11.29
2009-03-05,2.9,5.33,4.2999997,6.18,990.2,94.450005,4.0,46.0,0.5040219,11.29
2009-03-06,6.4,5.06,3.8799999,5.37,999.8,93.850006,5.97,47.0,0.50789976,11.3
2009-03-07,4.2000003,5.74,0.29,9.57,1009.10004,87.255005,4.11,94.0,1.033651,11.31
2009-03-08,5.2000003,6.5499997,2.09,9.33,1000.5,85.765,6.62,85.0,0.96320534,11.3
2009-03-09,0.0,4.91,2.2,6.48,1004.60004,87.81,6.54,45.0,0.4826661,11.3
2009-03-10,3.6000001,4.99,2.85,6.35,1007.5,92.37222,3.8999999,40.0,0.42952913,11.3
2009-03-11,1.9,5.43,1.93,9.75,1020.10004,85.875,3.99,97.0,1.0500202,11.31
2009-03-12,1.5,6.7799997,3.9299998,9.28,1016.7,92.00556,4.45,30.0,0.3396713,11.3
2009-03-13,0.0,6.45,2.9299998,11.04,1019.3,87.805,3.08,114.0,1.2758081,11.31
2009-03-14,1.0,8.099999,5.14,12.09,1014.9,86.73,4.13,50.0,0.5898106,11.3
2009-03-15,1.1,6.94,4.77,8.69,1025.2001,90.270004,5.48,58.0,0.6572443,11.29
2009-03-16,0.0,6.47,4.13,9.33,1032.6,93.58667,2.44,60.0,0.6675097,11.29
2009-03-17,0.0,6.37,0.12,10.719999,1035.0,86.57,3.33,140.0,1.550735,11.3
2009-03-18,0.0,3.32,-0.29999998,9.66,1032.8,86.305,1.55,122.0,1.2203985,11.28
2009-03-19,0.0,4.93,-0.75,9.98,1029.8,85.435,3.4099998,146.0,1.5466858,11.29
2009-03-20,0.0,3.1899998,-2.4199998,9.0,1033.1,77.12,1.6899999,186.0,1.8516787,11.29
2009-03-21,0.0,4.45,-2.61,10.62,1028.2001,76.475,2.72,164.0,1.7107501,11.28
2009-03-22,1.2,7.64,5.2599998,11.21,1023.7,83.270004,6.0,105.0,1.2165666,11.28
2009-03-23,5.7000003,6.41,2.6499999,7.81,1005.8,86.01,7.6699996,45.0,0.5063599,11.29
2009-03-24,5.5,3.6699998,0.57,7.12,1007.60004,78.23,5.0,151.0,1.5501759,11.28
2009-03-25,3.9,4.89,2.4299998,7.8399997,997.5,90.78,4.98,61.0,0.65628004,11.29
2009-03-26,6.5,6.62,4.36,8.74,998.60004,92.0,5.31,40.0,0.45469284,11.3
2009-03-27,2.3,5.54,3.37,8.54,995.4,81.810005,5.9,122.0,1.342275,11.31
2009-03-28,6.0,4.48,0.81,7.1299996,995.3,92.96001,2.76,73.0,0.77559894,11.31
2009-03-29,0.0,3.1799998,-1.4599999,8.45,1010.5,87.025,2.96,122.0,1.2291139,11.31
2009-03-30,0.0,4.35,-2.23,10.88,1021.0,81.21,2.77,193.0,2.0139782,11.3
2009-03-31,0.0,6.6,0.24,12.219999,1023.9,82.875,2.26,121.0,1.3574886,11.29
2009-04-01,0.0,7.8999996,1.04,14.46,1023.8,89.645004,3.9399998,158.0,1.8449553,11.29
2009-04-02,0.0,11.45,6.66,16.869999,1021.4,75.55,5.18,196.0,2.530459,11.3
2009-04-03,0.0,13.0199995,4.56,21.939999,1015.7,75.05,2.2,209.0,2.8138015,11.3
2009-04-04,0.0,8.46,6.0499997,11.559999,1018.60004,91.46001,4.0699997,79.0,0.940201,11.28
2009-04-05,0.0,8.57,4.74,14.059999,1023.5,84.055,2.03,150.0,1.7868744,11.29
2009-04-06,0.0,12.32,3.83,19.09,1014.0,76.42,2.79,160.0,2.1186328,11.28
2009-04-07,1.0,11.58,7.97,18.1,1008.9,77.815,3.53,141.0,1.8361896,11.27
2009-04-08,3.5,9.76,6.5499997,14.2,1010.5,87.755005,5.5099998,126.0,1.5618963,11.28
2009-04-09,0.0,10.66,4.41,16.4,1014.10004,90.18,2.98,133.0,1.6869043,11.28
2009-04-10,0.0,16.44,8.5199995,24.05,1008.2,67.93,4.2999997,209.0,3.0494025,11.28
2009-04-11,0.0,15.36,9.5,21.34,1009.2,72.165,2.21,188.0,2.6789389,11.28
2009-04-12,0.0,14.099999,7.97,21.17,1010.7,77.56,2.77,177.0,2.4498665,11.27
2009-04-13,0.0,12.36,6.5,19.34,1009.10004,85.090004,2.11,187.0,2.4836323,11.28
2009-04-14,0.0,11.38,6.04,18.91,1010.5,87.76,2.47,206.0,2.6670144,11.27
2009-04-15,0.0,14.98,6.99,21.869999,1010.2,75.695,3.9499998,231.0,3.262774,11.26
2009-04-16,0.0,15.469999,9.66,22.83,1006.60004,60.945,4.8599997,204.0,2.916778,11.25
2009-04-17,0.0,11.44,6.04,16.3,1008.0,69.93,6.0499997,204.0,2.6480436,11.24
2009-04-18,0.0,10.809999,4.33,17.51,1016.7,67.25,5.31,265.0,3.3708231,11.23
2009-04-19,0.0,11.37,4.94,18.41,1023.5,71.755,3.6399999,235.0,3.0249527,11.23
2009-04-20,0.0,12.28,4.47,19.88,1025.5,71.24,2.9099998,257.0,3.3836129,11.22
2009-04-21,0.0,10.42,3.0,18.72,1024.9,79.225,2.6499999,262.0,3.286132,11.21
2009-04-22,0.0,9.4,3.02,13.559999,1024.1,79.045,4.91,174.0,2.1222572,11.2
2009-04-23,0.0,10.5,3.24,16.21,1025.0,70.725006,2.47,218.0,2.740089,11.2
2009-04-24,0.0,13.54,4.15,20.26,1020.3,58.440002,4.35,263.0,3.578994,11.19
2009-04-25,0.0,14.849999,9.44,22.26,1011.4,58.010002,4.52,229.0,3.2236304,11.18
2009-04-26,3.6000001,14.219999,8.96,20.529999,1007.5,75.78,2.31,191.0,2.6542861,11.18
2009-04-27,2.2,11.67,8.559999,15.58,1001.5,80.8,3.8899999,161.0,2.108069,11.22
2009-04-28,4.4,10.23,6.6499996,11.83,1003.10004,90.51,2.5,77.0,0.97005475,11.19
2009-04-29,0.0,9.36,3.8799999,15.049999,1011.5,83.01,1.8499999,135.0,1.6541221,11.22
2009-04-30,0.0,9.94,2.09,17.1,1019.5,82.315,2.02,220.0,2.7297542,11.2
2009-05-01,0.0,12.69,7.62,19.39,1023.60004,88.165,2.33,253.0,3.3679123,11.19
2009-05-02,0.0,12.71,4.89,19.48,1026.7001,82.555,2.6,241.0,3.205741,11.19
2009-05-03,2.2,10.13,5.97,13.849999,1023.2,86.255005,4.11,115.0,1.432063,11.18
2009-05-04,5.9,10.15,4.65,14.45,1023.4,71.145,4.1,208.0,2.5913622,11.2
2009-05-05,11.900001,11.059999,8.44,13.28,1015.9,87.16,5.6099997,98.0,1.255293,11.24
2009-05-06,0.0,12.389999,10.429999,14.42,1013.10004,86.36,5.74,125.0,1.6586951,11.27
2009-05-07,0.0,12.389999,8.82,14.88,1013.7,84.795,4.81,148.0,1.9634117,11.26
2009-05-08,4.0,11.45,7.44,16.94,1011.4,79.315,5.47,189.0,2.4504323,11.26
2009-05-09,0.0,11.66,6.27,17.359999,1017.2,74.445,3.37,245.0,3.185962,11.24
2009-05-10,0.0,11.9,4.85,18.96,1020.10004,74.520004,2.6399999,287.0,3.7506397,11.22
2009-05-11,0.0,9.809999,4.46,14.889999,1022.60004,76.520004,5.8399997,236.0,2.9137263,11.22
2009-05-12,0.0,11.809999,2.81,18.08,1023.4,61.5,5.79,281.0,3.6587334,11.2
2009-05-13,0.0,13.86,6.99,19.33,1019.0,53.965,5.8799996,278.0,3.8139257,11.19
2009-05-14,7.8,13.809999,9.429999,17.84,1010.5,62.510002,5.2999997,180.0,2.4747446,11.19
2009-05-15,26.6,12.29,9.46,17.46,1005.9,87.005005,4.0899997,102.0,1.3541301,11.23
2009-05-16,8.3,12.809999,7.6299996,16.76,1011.60004,77.985,4.45,210.0,2.8174422,11.29
2009-05-17,1.0,12.719999,10.05,16.779999,1012.10004,89.11,3.1399999,108.0,1.4454763,11.3
2009-05-18,0.0,13.29,8.76,17.24,1016.8,78.305,4.19,246.0,3.3322234,11.29
2009-05-19,0.0,13.71,7.6699996,19.529999,1020.2,77.715004,2.6399999,223.0,3.0471008,11.29
2009-05-20,0.0,13.54,7.0499997,18.93,1020.4,74.945,3.1499999,273.0,3.7149308,11.28
2009-05-21,0.0,13.849999,8.17,20.33,1013.4,75.295,3.26,218.0,2.9966109,11.27
2009-05-22,3.1000001,11.809999,6.02,17.279999,1015.5,79.0,3.31,251.0,3.2789197,11.26
2009-05-23,0.0,15.07,5.81,20.68,1019.3,71.19,1.8399999,278.0,3.921164,11.25
2009-05-24,0.0,14.17,6.08,20.6,1019.10004,77.48,3.12,309.0,4.2699695,11.24
2009-05-25,18.6,15.259999,3.77,22.4,1017.0,71.56,2.75,253.0,3.5867918,11.23
2009-05-26,0.0,14.87,8.61,20.83,1010.10004,85.15,5.69,178.0,2.5080638,11.31
2009-05-27,5.2000003,12.059999,7.81,16.9,1020.5,76.97,6.49,207.0,2.7157674,11.3
2009-05-28,0.0,13.54,6.77,17.65,1026.4,77.495,4.54,255.0,3.4618125,11.3
2009-05-29,0.0,13.309999,4.1,19.88,1032.8,73.185,3.58,323.0,4.349691,11.28
2009-05-30,0.0,15.44,7.41,21.6,1028.5,68.795,4.87,316.0,4.478833,11.27
2009-05-31,0.0,17.779999,10.78,24.14,1025.1,70.75,4.68,292.0,4.3538294,11.25
2009-06-01,0.0,17.59,11.03,24.199999,1023.4,71.83,4.2799997,319.0,4.7409515,11.24
2009-06-02,0.0,14.679999,9.79,20.97,1021.10004,69.17,5.52,309.0,4.3171854,11.23
2009-06-03,0.0,11.38,7.58,15.429999,1018.0,66.88,5.87,182.0,2.3488045,11.22
2009-06-04,0.8,9.54,5.14,14.34,1014.2,73.145004,4.5499997,198.0,2.4353616,11.22
2009-06-05,0.0,9.7699995,3.47,14.25,1010.2,70.605,2.8799999,219.0,2.715842,11.21
2009-06-06,0.0,11.719999,3.04,17.3,1004.3,68.285,4.0499997,222.0,2.9070542,11.21
2009-06-07,12.900001,12.37,8.75,15.809999,1003.3,79.39,2.72,128.0,1.7045193,11.19
2009-06-08,5.2000003,13.69,9.17,18.02,1007.10004,79.535,2.8799999,206.0,2.827985,11.28
2009-06-09,1.8000001,14.65,11.309999,20.09,1005.2,81.64,4.5499997,155.0,2.177209,11.28
2009-06-10,12.5,14.589999,11.57,17.64,1010.5,79.05,4.39,177.0,2.4778361,11.27
2009-06-11,2.0,12.0199995,8.55,15.44,1011.9,87.58,4.69,122.0,1.6046896,11.29
2009-06-12,0.0,11.71,6.2799997,16.109999,1019.10004,76.045,4.77,265.0,3.447733,11.28
2009-06-13,0.0,13.69,5.43,19.439999,1021.2,72.58,2.3899999,291.0,3.9728162,11.27
2009-06-14,0.0,16.46,10.13,21.68,1016.8,76.575005,3.4499998,188.0,2.7357552,11.27
2009-06-15,12.8,14.57,8.71,18.73,1016.7,79.855,2.48,173.0,2.4150255,11.25
2009-06-16,0.0,12.61,7.0899997,18.0,1021.8,78.305,2.99,222.0,2.9515302,11.3
2009-06-17,0.0,15.849999,5.08,21.699999,1020.10004,69.42,3.11,279.0,4.0024734,11.29
2009-06-18,2.2,15.92,12.28,20.0,1015.5,69.505005,3.9499998,243.0,3.4971564,11.28
2009-06-19,3.8,14.349999,10.73,17.66,1016.10004,72.43,5.0699997,243.0,3.3758714,11.28
2009-06-20,2.0,13.299999,9.24,17.08,1019.60004,80.37,3.6399999,208.0,2.8150358,11.28
2009-06-21,7.9,12.07,7.2799997,16.38,1021.9,83.700005,3.1799998,223.0,2.9247305,11.33
2009-06-22,0.0,13.98,8.24,18.15,1027.2001,80.385,3.6999998,256.0,3.5108643,11.3
2009-06-23,0.0,15.009999,7.29,20.97,1028.4,76.605,4.12,328.0,4.60449,11.29
2009-06-24,0.0,16.96,10.639999,21.439999,1022.3,79.81,4.65,332.0,4.872667,11.28
2009-06-25,0.0,19.05,12.11,25.029999,1015.2,72.905,5.17,277.0,4.2477202,11.26
2009-06-26,0.0,19.75,16.5,24.0,1013.10004,84.455,4.37,185.0,2.876118,11.26
2009-06-27,0.0,19.46,15.74,24.449999,1015.5,84.47,3.56,156.0,2.410465,11.25
2009-06-28,0.0,19.42,15.29,23.859999,1016.2,79.270004,2.81,219.0,3.380645,11.24
2009-06-29,0.0,20.74,13.549999,26.609999,1018.4,76.775,2.27,275.0,4.3450117,11.21
2009-06-30,0.0,19.13,14.639999,24.8,1021.4,85.365005,2.9099998,291.0,4.4602137,11.19
2009-07-01,0.0,20.15,13.73,26.33,1022.5,81.770004,2.96,282.0,4.403254,11.17
2009-07-02,0.0,21.14,13.719999,28.25,1019.10004,77.125,3.4099998,300.0,4.772301,11.15
2009-07-03,8.8,21.17,15.0,30.869999,1012.4,81.595,2.9299998,251.0,4.00294,11.13
2009-07-04,0.0,18.64,11.599999,24.05,1012.60004,79.115,3.47,231.0,3.5177057,11.17
2009-07-05,5.9,19.699999,10.03,26.42,1010.10004,74.785,1.99,291.0,4.524205,11.13
2009-07-06,2.6000001,17.9,13.139999,23.09,1006.60004,79.345,3.86,242.0,3.6397061,11.16
2009-07-07,4.1,15.4,12.42,19.3,1003.0,87.32,4.45,224.0,3.2020993,11.16
2009-07-08,12.2,15.0,12.21,19.75,1005.10004,88.92,4.21,173.0,2.4493382,11.18
2009-07-09,7.5,14.24,11.65,17.74,1010.5,76.975,4.89,203.0,2.8190837,11.21
2009-07-10,11.6,13.67,10.66,15.889999,1009.7,87.07,5.31,107.0,1.4667094,11.3
2009-07-11,3.9,13.95,8.9,19.119999,1012.7,83.435005,3.35,202.0,2.7839608,11.25
2009-07-12,4.2000003,15.309999,10.55,18.59,1008.60004,93.557144,3.27,134.0,1.9077767,11.27
2009-07-13,0.0,17.13,12.73,22.07,1010.4,82.005005,3.01,246.0,3.6382186,11.24
2009-07-14,2.4,18.75,13.34,23.789999,1010.8,80.215004,1.93,250.0,3.817341,11.25
2009-07-15,0.0,19.31,13.889999,23.76,1015.3,76.725,3.8899999,279.0,4.299246,11.21
2009-07-16,2.1000001,19.15,13.21,24.75,1019.0,77.15,3.08,293.0,4.4960494,11.19
2009-07-17,3.2,18.47,14.7,22.439999,1007.4,81.115005,3.31,180.0,2.7368088,11.21
2009-07-18,1.8000001,15.45,13.23,19.15,1007.0,85.815,4.83,144.0,2.0576954,11.19
2009-07-19,8.6,15.58,11.759999,19.76,1010.8,83.575005,4.44,198.0,2.8334177,11.23
2009-07-20,1.0,16.14,12.54,20.33,1013.3,78.490005,4.9,226.0,3.2705219,11.26
2009-07-21,1.8000001,18.17,10.3,23.58,1010.3,78.64,2.84,237.0,3.5790298,11.22
2009-07-22,13.0,19.779999,16.26,23.48,1004.10004,85.28,3.06,182.0,2.8391113,11.2
2009-07-23,1.7,16.47,13.24,19.93,1004.4,89.86,2.58,128.0,1.8712944,11.27
2009-07-24,6.9,15.83,12.46,19.82,1010.7,86.9,3.99,191.0,2.7482467,11.25
2009-07-25,1.2,15.41,11.49,19.46,1018.5,83.32,4.48,219.0,3.1133869,11.26
2009-07-26,0.0,17.39,9.61,22.8,1018.8,77.075,2.83,242.0,3.587661,11.23
2009-07-27,3.5,18.3,12.179999,25.9,1011.0,80.665,2.95,203.0,3.0726614,11.22
2009-07-28,0.0,16.33,11.46,21.32,1018.60004,82.515,3.07,219.0,3.176047,11.26
2009-07-29,7.8,19.109999,13.91,24.439999,1014.60004,72.515,2.3799999,177.0,2.7178562,11.24
2009-07-30,4.7000003,15.03,10.5199995,20.14,1015.9,82.255005,5.37,219.0,3.0901315,11.28
2009-07-31,0.0,15.0199995,9.639999,21.029999,1021.8,76.82,2.4099998,260.0,3.6597347,11.28
2009-08-01,2.0,18.06,10.75,25.0,1012.5,76.105,2.4199998,212.0,3.1922202,11.27
2009-08-02,3.3,16.289999,13.0199995,19.119999,1009.9,90.695,2.53,99.0,1.4390057,11.27
2009-08-03,0.0,15.7,9.469999,21.16,1016.9,78.775,1.5999999,227.0,3.2496583,11.26
2009-08-04,0.0,17.65,9.07,23.57,1020.8,74.33,1.64,277.0,4.1253996,11.25
2009-08-05,0.0,20.33,12.719999,25.949999,1021.3,65.200005,2.48,270.0,4.23119,11.22
2009-08-06,0.0,21.9,16.42,28.21,1019.7,64.98,2.96,278.0,4.479311,11.19
2009-08-07,0.0,22.39,15.91,29.279999,1017.0,71.715004,3.07,238.0,3.869169,11.18
2009-08-08,0.0,17.82,15.19,19.4,1019.3,88.72,2.98,109.0,1.6297332,11.18
2009-08-09,0.0,17.59,14.73,20.33,1018.60004,88.545,1.73,125.0,1.8607869,11.18
2009-08-10,5.1,17.8,11.57,22.949999,1015.5,81.655,1.5699999,187.0,2.7984514,11.15
2009-08-11,0.0,17.8,13.66,21.49,1016.4,86.835,3.21,143.0,2.1393387,11.15
2009-08-12,0.0,17.16,12.44,21.42,1015.8,85.065,3.53,130.0,1.9202081,11.14
2009-08-13,0.0,15.839999,10.139999,21.38,1016.2,81.21,3.08,211.0,3.0305989,11.12
2009-08-14,0.0,16.15,9.469999,21.4,1017.8,77.435,1.8399999,211.0,3.0491593,11.1
2009-08-15,0.0,19.98,14.99,26.279999,1013.4,72.075,4.49,257.0,4.011911,11.07
2009-08-16,0.0,18.539999,12.92,24.14,1013.60004,82.465004,3.57,222.0,3.3730261,11.06
2009-08-17,0.0,16.949999,12.5,22.33,1014.0,84.685005,3.3,157.0,2.3104608,11.05
2009-08-18,0.0,17.539999,12.16,23.58,1019.7,76.21,2.6799998,228.0,3.3893716,11.02
2009-08-19,0.0,20.6,12.25,28.789999,1018.8,74.195,2.6299999,248.0,3.9082341,11.01
2009-08-20,11.2,23.1,15.099999,34.28,1014.7,72.655,3.8899999,205.0,3.3733459,11.0
2009-08-21,0.0,16.51,12.15,21.6,1019.3,82.32,3.04,176.0,2.5615633,11.1
2009-08-22,0.0,14.99,9.559999,21.57,1023.3,78.975,2.34,222.0,3.1209862,11.07
2009-08-23,0.0,17.13,8.42,24.699999,1020.4,70.14,2.4199998,243.0,3.581373,11.03
2009-08-24,1.0,19.66,12.42,26.449999,1009.2,67.045,3.1899998,240.0,3.7296295,11.01
2009-08-25,5.2000003,16.859999,11.9,20.63,1009.9,91.6579,2.4199998,74.0,1.0885463,11.0
2009-08-26,0.0,17.34,11.07,23.619999,1013.7,75.385,3.21,195.0,2.8930268,11.08
2009-08-27,0.0,18.07,13.58,23.029999,1012.9,83.71,3.12,148.0,2.2286706,11.05
2009-08-28,12.400001,15.44,11.28,20.0,1009.8,79.88,5.2799997,156.0,2.226371,11.04
2009-08-29,4.7000003,14.0199995,10.33,18.77,1016.3,78.205,4.8399997,174.0,2.3986397,11.22
2009-08-30,0.0,14.259999,10.0,19.05,1018.10004,82.71,3.9599998,141.0,1.9532641,11.2
2009-08-31,0.0,17.49,11.69,23.97,1014.2,72.74,3.49,172.0,2.5591304,11.16
2009-09-01,5.7000003,16.81,13.0199995,23.33,1008.2,79.485,4.38,129.0,1.8967717,11.14
2009-09-02,3.1000001,15.73,11.719999,20.42,1010.0,84.17,3.9299998,141.0,2.0249364,11.16
2009-09-03,4.3,14.75,12.219999,17.32,996.7,84.925,6.94,103.0,1.4547607,11.17
2009-09-04,8.5,13.88,11.46,18.56,1001.8,81.795,6.93,162.0,2.2385433,11.21
2009-09-05,4.6,14.21,11.36,17.109999,1015.7,86.17,4.89,136.0,1.8835549,11.25
2009-09-06,0.0,14.44,12.37,18.89,1021.60004,81.925,3.24,95.0,1.3197491,11.21
2009-09-07,0.0,16.07,11.41,22.75,1020.2,81.505005,2.8799999,158.0,2.2773654,11.18
2009-09-08,0.0,18.72,11.4,26.76,1020.4,77.415,2.6,202.0,3.0729403,11.17
2009-09-09,0.0,16.13,13.309999,19.49,1025.9,85.4,3.61,104.0,1.4978895,11.14
2009-09-10,0.0,14.82,10.99,19.189999,1033.0,79.185,3.83,145.0,2.0232637,11.12
2009-09-11,0.0,14.559999,10.309999,18.3,1033.2001,82.515,3.49,141.0,1.9555824,11.12
2009-09-12,0.0,14.5,10.19,19.13,1027.5,83.840004,3.25,138.0,1.9154582,11.11
2009-09-13,0.8,14.46,11.87,18.33,1021.8,82.995,4.45,124.0,1.7232832,11.11
2009-09-14,0.0,14.61,11.05,19.08,1022.2,83.945,4.98,115.0,1.6034809,11.1
2009-09-15,0.0,15.549999,13.44,18.09,1020.60004,83.93,5.13,63.0,0.89770854,11.14
2009-09-16,0.0,14.809999,10.219999,19.59,1020.3,83.625,4.6,137.0,1.9203453,11.11
2009-09-17,0.0,12.509999,5.9,17.67,1021.3,79.880005,2.4099998,126.0,1.671365,11.08
2009-09-18,0.0,12.33,4.45,19.64,1019.7,82.005005,2.37,180.0,2.3784833,11.08
2009-09-19,0.0,15.929999,7.94,24.949999,1015.9,82.67,1.7099999,164.0,2.3603883,11.07
2009-09-20,0.0,14.36,7.47,20.5,1020.0,90.54,2.45,128.0,1.775992,11.05
2009-09-21,0.0,12.04,5.15,19.02,1024.9,82.095,2.12,147.0,1.924102,11.03
2009-09-22,0.0,14.9,9.9,20.369999,1022.5,82.97,4.42,127.0,1.7823346,11.02
2009-09-23,0.0,14.94,8.929999,19.32,1023.3,82.11,3.23,87.0,1.2217084,11.02
2009-09-24,0.0,11.95,6.3799996,18.4,1023.8,85.185,2.69,133.0,1.7376505,11.01
2009-09-25,0.0,11.59,6.02,17.279999,1026.0,90.53,2.1499999,69.0,0.89234537,10.99
2009-09-26,0.0,11.01,4.22,18.23,1027.2001,85.73,1.25,106.0,1.3494264,10.99
2009-09-27,0.0,11.75,3.84,18.67,1026.1,86.885,1.67,141.0,1.8309793,10.97
2009-09-28,1.4,14.62,8.82,18.109999,1021.60004,89.625,3.9399998,54.0,0.75328267,10.97
2009-09-29,3.8,14.65,11.87,16.24,1017.8,93.92728,3.49,44.0,0.6150926,10.97
2009-09-30,3.5,13.12,9.78,15.48,1015.7,94.3,2.6399999,49.0,0.66130143,11.02
2009-10-01,1.1,11.63,7.27,15.139999,1013.3,83.68,4.11,91.0,1.1843843,11.04
2009-10-02,1.6,10.33,8.29,13.139999,1014.5,89.475,2.99,67.0,0.8421194,11.03
2009-10-03,3.3,13.0,10.7699995,15.38,1004.10004,83.985,7.31,34.0,0.45966685,11.01
2009-10-04,0.0,10.54,4.2799997,14.67,1008.10004,75.545,5.56,109.0,1.381672,11.07
2009-10-05,1.9,8.889999,2.3,13.179999,1013.2,91.69,2.46,55.0,0.6644397,11.04
2009-10-06,3.7,12.66,5.74,17.67,1009.10004,94.4,3.58,36.0,0.48170167,11.04
2009-10-07,14.8,14.07,10.099999,18.039999,1008.8,92.22,4.17,35.0,0.48445624,11.09
2009-10-08,0.0,10.08,3.8999999,15.21,1015.7,85.630005,2.6699998,102.0,1.2726433,11.2
2009-10-09,5.3,7.69,1.48,13.0199995,1022.7,79.165,2.74,123.0,1.4279577,11.14
2009-10-10,2.5,9.13,6.67,12.2699995,1011.5,94.41429,2.3,38.0,0.46258548,11.22
2009-10-11,7.2000003,11.01,8.23,14.719999,1009.2,93.27895,3.55,42.0,0.5388231,11.22
2009-10-12,1.5,9.63,6.5099998,13.04,1019.9,82.585,4.08,95.0,1.168431,11.21
2009-10-13,0.0,6.7,0.0,12.16,1028.3,85.425,2.85,98.0,1.1005427,11.19
2009-10-14,0.0,3.48,-1.54,9.929999,1032.3,80.215004,2.29,119.0,1.1975043,11.18
2009-10-15,2.1000001,4.9,-3.11,11.16,1029.2001,83.61,3.09,119.0,1.2597728,11.16
2009-10-16,5.3,9.71,6.43,12.71,1021.2,83.625,6.96,58.0,0.71453863,11.18
2009-10-17,0.0,6.8199997,1.25,12.309999,1023.9,82.86,3.52,84.0,0.94891673,11.23
2009-10-18,0.0,6.87,0.38,12.33,1022.10004,85.865005,1.41,91.0,1.0305036,11.19
2009-10-19,0.0,7.5899997,4.56,10.559999,1016.4,86.07,3.3,37.0,0.429542,11.17
2009-10-20,0.0,6.3399997,2.28,10.67,1008.8,74.395004,4.64,102.0,1.1435052,11.18
2009-10-21,0.0,6.72,3.87,10.63,1005.2,75.945,5.91,61.0,0.69329256,11.16
2009-10-22,1.3000001,6.3599997,4.5,8.559999,1004.2,86.945,3.9299998,29.0,0.3260681,11.15
2009-10-23,0.0,9.15,6.3999996,13.67,1011.5,89.75263,2.02,50.0,0.60901093,11.15
2009-10-24,3.6000001,10.34,5.71,13.21,1011.60004,92.833336,3.9599998,31.0,0.39024007,11.16
2009-10-25,2.7,12.59,10.2699995,15.11,1010.10004,89.025,5.18,61.0,0.8144754,11.19
2009-10-26,4.1,12.07,10.94,13.36,1012.8,92.725006,5.5,24.0,0.3159582,11.21
2009-10-27,0.0,11.57,10.059999,13.799999,1021.4,91.46667,2.52,32.0,0.4144266,11.2
2009-10-28,0.0,11.46,9.19,15.25,1018.60004,86.275,2.72,58.0,0.74989057,11.2
2009-10-29,0.0,12.71,10.95,14.469999,1023.10004,94.700005,1.4599999,25.0,0.33303005,11.18
2009-10-30,0.0,10.21,5.74,12.389999,1027.7001,93.675,3.1599998,49.0,0.6103175,11.18
2009-10-31,0.0,7.0699997,4.38,10.28,1023.9,89.65883,3.1299999,43.0,0.48954648,11.17
2009-11-01,13.6,11.2,8.26,13.67,1007.7,92.98889,4.5499997,20.0,0.25803047,11.17
2009-11-02,0.0,9.19,4.8199997,13.08,999.3,93.33125,3.37,39.0,0.47823077,11.25
2009-11-03,1.5,6.8599997,3.05,10.08,992.5,91.125,5.0699997,42.0,0.48244223,11.22
2009-11-04,1.9,7.43,5.08,9.95,985.0,92.50834,3.85,35.0,0.41056022,11.24
2009-11-05,6.2000003,7.48,5.14,8.7699995,991.5,94.200005,4.0,19.0,0.22250369,11.24
2009-11-06,0.90000004,8.48,4.77,11.13,1001.60004,92.41667,4.5699997,34.0,0.4081084,11.25
2009-11-07,4.0,8.099999,4.94,10.25,996.2,92.39445,4.64,28.0,0.3332331,11.25
2009-11-08,0.0,4.0499997,1.9599999,5.7,1008.60004,92.79306,2.08,40.0,0.4158571,11.26
2009-11-09,1.3000001,6.77,5.2599998,7.68,1013.9,93.19167,3.37,18.0,0.20401968,11.25
2009-11-10,10.900001,6.91,5.19,7.5099998,1008.10004,93.245834,2.4199998,17.0,0.1940764,11.26
2009-11-11,1.7,7.41,5.08,8.91,1006.3,93.3,3.7099998,16.0,0.18563905,11.28
2009-11-12,4.0,6.19,2.98,8.84,1005.7,93.700005,3.32,20.0,0.2235012,11.29
2009-11-13,4.3,12.07,8.139999,14.86,1004.10004,89.455,5.97,17.0,0.22461484,11.28
2009-11-14,2.3,12.55,11.15,14.7699995,1001.4,79.46,7.2599998,24.0,0.32127517,11.29
2009-11-15,3.4,9.32,7.1499996,11.24,1008.10004,92.21765,4.63,30.0,0.36773685,11.27
2009-11-16,2.6000001,8.95,5.9,12.79,1005.2,92.915,4.5699997,16.0,0.19433886,11.28
2009-11-17,0.0,9.79,8.17,12.139999,1008.0,89.33,5.75,24.0,0.2980851,11.27
2009-11-18,10.3,10.49,8.63,12.7699995,1010.10004,89.265,9.28,11.0,0.13912576,11.28
2009-11-19,0.0,10.559999,8.57,12.79,1015.4,81.825005,6.94,35.0,0.4424817,11.29
2009-11-20,2.7,12.0,8.72,15.0,1016.0,84.215004,6.19,43.0,0.5643378,11.29
2009-11-21,4.3,11.53,7.1299996,14.78,1018.7,89.12632,3.8,35.0,0.45332426,11.29
2009-11-22,3.1000001,10.79,7.66,12.83,1004.5,85.32,7.62,30.0,0.38342175,11.28
2009-11-23,7.1,9.3,8.2699995,11.23,995.9,86.94,8.45,16.0,0.19711131,11.29
2009-11-24,1.0,11.0,8.16,13.33,1004.60004,86.32,7.5,21.0,0.26987538,11.3
2009-11-25,3.2,10.37,8.19,12.49,1000.7,82.62,8.19,14.0,0.17722937,11.29
2009-11-26,3.5,7.8799996,6.58,9.0199995,1001.5,87.18,8.12,18.0,0.21229762,11.29
2009-11-27,9.5,6.29,5.13,8.45,998.3,91.605,6.1099997,19.0,0.21379192,11.31
2009-11-28,7.5,6.68,5.2599998,8.37,996.7,88.98,6.45,17.0,0.19378793,11.31
2009-11-29,0.0,8.47,6.5299997,10.41,993.3,83.475,4.88,14.0,0.1686526,11.3
2009-11-30,0.0,5.74,3.9399998,8.26,997.4,89.630005,2.83,29.0,0.32080022,11.29
2009-12-01,0.0,3.1,-2.25,7.97,1010.4,90.855,1.62,40.0,0.40186515,11.29
2009-12-02,3.6000001,2.69,-1.36,5.5899997,1007.4,91.16112,3.31,24.0,0.23799399,11.28
2009-12-03,2.8,7.85,5.47,9.49,998.10004,92.950005,4.72,17.0,0.20065111,11.29
2009-12-04,7.6,4.62,3.4099998,7.06,1005.5,92.02353,4.15,9.0,0.09555637,11.3
2009-12-05,7.9,5.99,3.7099998,8.82,1004.3,92.525,5.73,13.0,0.1444557,11.32
2009-12-06,4.2000003,9.44,5.8599997,11.48,1001.9,91.95385,5.38,14.0,0.17267537,11.31
2009-12-07,3.1000001,6.1299996,5.2999997,7.43,1006.8,91.57223,4.39,28.0,0.3121332,11.31
2009-12-08,0.0,5.94,2.46,8.04,1009.5,92.91112,3.01,16.0,0.17704134,11.31
2009-12-09,7.6,5.75,1.9599999,7.85,1021.0,94.200005,3.6999998,13.0,0.14213835,11.29
2009-12-10,2.5,8.41,7.37,9.83,1020.0,92.67813,3.5,12.0,0.14251328,11.32
2009-12-11,0.0,6.2,2.58,9.12,1028.8,91.15625,3.54,14.0,0.15470567,11.31
2009-12-12,0.0,3.34,0.25,5.2599998,1030.1,86.825005,3.73,21.0,0.21052429,11.3
2009-12-13,0.0,0.22,-3.84,3.02,1027.1,90.025,2.44,32.0,0.2857677,11.3
2009-12-14,0.0,-2.58,-4.7999997,-0.62,1024.1,92.26,1.89,23.0,0.18319772,11.29
2009-12-15,0.0,-3.22,-7.0299997,0.04,1021.0,92.971436,1.41,28.0,0.2172846,11.28
2009-12-16,5.3,-2.74,-6.96,-1.06,1010.5,90.32,3.77,27.0,0.21541712,11.27
2009-12-17,6.8,-2.74,-5.77,-1.52,1008.4,92.385,4.64,15.0,0.11983651,11.27
2009-12-18,0.0,-3.56,-7.39,-0.87,1012.60004,89.8,3.77,22.0,0.16907813,11.26
2009-12-19,1.3000001,-8.42,-10.9,-6.66,1009.0,77.28,3.3999999,31.0,0.18916869,11.26
2009-12-20,4.7000003,-4.1,-7.0899997,0.31,994.5,91.545,6.08,15.0,0.11386882,11.26
2009-12-21,1.6,-3.03,-6.18,-0.35,995.7,87.060005,4.5,24.0,0.19088781,11.26
2009-12-22,0.0,-0.53999996,-2.62,1.5,986.2,92.05,4.02,15.0,0.13318561,11.25
2009-12-23,0.0,-1.12,-4.23,0.62,995.2,94.200005,4.73,17.0,0.14662574,11.26
2009-12-24,12.0,-2.37,-6.0099998,-0.16,992.9,91.76,3.5,24.0,0.19675042,11.26
2009-12-25,11.0,1.5999999,0.17999999,4.2,988.60004,93.96001,5.8399997,11.0,0.10593123,11.29
2009-12-26,1.4,3.52,1.25,5.08,1001.9,91.305885,6.1,25.0,0.25610188,11.31
2009-12-27,7.6,3.4499998,2.87,4.7599998,997.8,90.04737,5.89,16.0,0.16387059,11.32
2009-12-28,0.0,1.5699999,-2.9299998,6.25,1003.8,92.58824,2.18,33.0,0.31467026,11.33
2009-12-29,2.5,-1.11,-4.31,0.38,1001.60004,93.025,4.04,21.0,0.18048589,11.32
2009-12-30,1.1,-0.38,-0.74,-0.049999997,995.60004,93.62308,6.29,10.0,0.088849545,11.32
2009-12-31,0.0,0.21,-1.16,0.65,998.7,89.655556,6.3399997,9.0,0.08170152,11.31
2010-01-01,0.0,-2.76,-8.63,-0.32,1002.60004,85.595,3.48,22.0,0.17626023,11.29
2010-01-02,8.3,-3.84,-7.6099997,-1.4699999,1014.4,92.708336,3.01,17.0,0.12887236,11.29
2010-01-03,0.0,-6.33,-12.03,-2.34,1021.7,94.11667,1.73,26.0,0.17456877,11.29
2010-01-04,1.0,-3.36,-6.56,-1.28,1014.3,93.200005,4.29,20.0,0.1549095,11.29
2010-01-05,0.0,-1.09,-2.85,0.69,1004.3,93.30556,4.12,17.0,0.14598492,11.29
2010-01-06,0.0,-3.54,-6.56,-1.8299999,1003.0,93.41112,3.4299998,22.0,0.1702884,11.28
2010-01-07,0.0,-4.27,-10.719999,-1.6899999,1011.3,93.53334,1.88,25.0,0.18624288,11.28
2010-01-08,0.0,-6.42,-12.69,-2.09,1022.60004,93.28001,3.05,26.0,0.17369871,11.27
2010-01-09,5.8,-2.35,-5.27,-0.61,1021.10004,90.2421,8.389999,18.0,0.14507714,11.27
2010-01-10,1.2,0.03,-0.96,0.22,1018.0,95.200005,6.5499997,14.0,0.12475154,11.26
2010-01-11,0.0,-0.45,-1.1899999,0.08,1019.8,88.11,4.6,15.0,0.13097477,11.27
2010-01-12,0.0,-2.95,-5.6299996,-1.5,1015.4,89.025,4.2799997,17.0,0.13397792,11.25
2010-01-13,0.0,-3.73,-6.89,-2.03,1007.5,84.83,6.24,21.0,0.16070467,11.26
2010-01-14,0.0,-0.48,-2.7,0.17999999,1010.0,92.090004,3.3899999,23.0,0.20177002,11.26
2010-01-15,0.0,0.71,0.11,0.93,1021.9,91.295006,2.1599998,14.0,0.12783955,11.26
2010-01-16,5.4,0.07,-0.64,0.9,1015.60004,92.33889,5.14,15.0,0.13406534,11.26
2010-01-17,2.5,1.04,-0.32,2.81,1012.60004,93.26945,2.33,17.0,0.15807472,11.26
2010-01-18,1.1,2.52,1.02,3.55,1022.4,94.200005,3.56,17.0,0.16615395,11.28
2010-01-19,0.0,2.05,0.29,3.6399999,1022.10004,94.450005,3.53,12.0,0.1152909,11.3
2010-01-20,0.0,0.64,-0.19,1.4,1017.5,94.700005,3.9099998,24.0,0.21911795,11.3
2010-01-21,0.0,-0.65,-1.9699999,1.3199999,1023.5,92.25,4.38,21.0,0.18147911,11.3
2010-01-22,0.0,-2.5,-3.02,-1.41,1026.0,93.433334,4.69,29.0,0.23151428,11.29
2010-01-23,0.0,-2.59,-3.6,-1.8,1024.3,91.183334,4.37,18.0,0.14329189,11.28
2010-01-24,0.0,-3.58,-4.12,-2.3999999,1025.1,86.345,3.52,17.0,0.12948483,11.27
2010-01-25,0.0,-6.0499997,-9.5,-3.75,1032.1,82.365,3.3899999,34.0,0.22977102,11.27
2010-01-26,0.0,-8.309999,-11.24,-3.6699998,1041.5,75.585,2.21,68.0,0.40778264,11.25
2010-01-27,4.7000003,-2.06,-10.86,3.8,1022.0,83.73,5.4,16.0,0.1304959,11.25
2010-01-28,3.2,1.53,0.12,3.59,1002.5,91.268425,4.71,37.0,0.35254633,11.29
2010-01-29,4.7000003,-0.03,-3.01,1.11,985.4,94.200005,3.6899998,17.0,0.15410407,11.31
2010-01-30,3.8,-1.5999999,-4.16,0.5,992.8,90.86,3.24,50.0,0.4234279,11.29
2010-01-31,3.8,0.79999995,-1.1,1.76,999.8,91.46,4.87,40.0,0.37129036,11.28
2010-02-01,2.9,-0.76,-6.0499997,1.5699999,1007.0,91.82778,4.35,26.0,0.22592762,11.27
2010-02-02,14.1,0.76,-3.6399999,3.51,1001.3,94.700005,6.2599998,13.0,0.12037772,11.31
2010-02-03,2.3,0.95,-1.48,3.9199998,1006.8,89.01579,4.25,59.0,0.54856694,11.31
2010-02-04,0.0,2.58,0.02,4.7799997,1010.10004,90.4,2.97,19.0,0.18738198,11.31
2010-02-05,5.2000003,2.1299999,1.5699999,3.8999999,1006.5,93.240005,4.0099998,30.0,0.2916287,11.32
2010-02-06,0.0,0.83,-0.089999996,2.76,1015.3,94.200005,3.1999998,21.0,0.19339387,11.32
2010-02-07,0.0,-1.53,-5.64,0.91999996,1022.2,91.357895,4.08,27.0,0.22517416,11.32
2010-02-08,0.0,-4.94,-7.41,-3.87,1014.4,86.605,4.58,21.0,0.15138024,11.31
2010-02-09,0.0,-4.96,-7.66,-2.1699998,1009.8,82.89,3.59,32.0,0.23117055,11.29
2010-02-10,3.2,-3.05,-8.32,-1.4599999,1012.8,93.509094,4.95,33.0,0.25936857,11.28
2010-02-11,0.0,-3.46,-7.58,-1.11,1018.5,82.095,5.5899997,61.0,0.46910802,11.28
2010-02-12,0.0,-3.1699998,-9.62,-0.84999996,1020.7,84.665,4.14,54.0,0.42005634,11.27
2010-02-13,0.0,-2.09,-3.03,-1.1899999,1018.5,82.955,3.3,26.0,0.21224727,11.27
2010-02-14,0.0,-3.1899998,-5.4,-2.31,1014.60004,87.35,2.4199998,27.0,0.21066466,11.26
2010-02-15,0.0,-5.56,-8.84,-3.11,1008.0,90.840004,2.57,55.0,0.3867684,11.26
2010-02-16,0.0,-1.31,-4.5299997,1.4699999,1000.7,78.86,4.2599998,69.0,0.5884898,11.25
2010-02-17,0.0,-2.82,-5.71,-0.35999998,995.2,77.24,3.4299998,78.0,0.62627214,11.26
2010-02-18,1.5,1.13,-0.61,3.1499999,993.8,93.21667,2.87,25.0,0.23582569,11.25
2010-02-19,1.4,3.04,0.42999998,4.88,989.9,90.03158,5.42,36.0,0.36501467,11.28
2010-02-20,1.5,0.45999998,-1.7099999,3.36,994.9,91.935005,5.17,57.0,0.5236981,11.28
2010-02-21,5.6,-0.29,-3.36,3.32,997.10004,94.325005,3.3,48.0,0.42762345,11.27
2010-02-22,11.3,2.09,0.82,3.75,988.10004,94.200005,3.28,16.0,0.1569376,11.31
2010-02-23,2.2,0.32999998,-0.96999997,2.3899999,996.0,89.255005,5.17,46.0,0.4202258,11.32
2010-02-24,3.5,2.74,-0.69,7.44,996.7,95.200005,3.4299998,35.0,0.34977677,11.31
2010-02-25,3.3,6.7,3.98,7.35,990.8,94.100006,4.72,28.0,0.3203171,11.33
2010-02-26,3.4,6.7,4.44,10.139999,988.10004,90.045,6.2999997,42.0,0.481123,11.33
2010-02-27,1.7,5.81,2.75,7.71,996.2,89.270004,6.24,43.0,0.4770312,11.32
2010-02-28,14.8,5.38,2.1499999,9.179999,983.0,91.172226,5.33,23.0,0.25336716,11.32
2010-03-01,0.0,3.57,0.52,6.6299996,1006.4,84.105,5.43,89.0,0.91108775,11.34
2010-03-02,0.0,2.72,-0.76,6.94,1019.9,82.885,4.6,102.0,1.0055941,11.33
2010-03-03,0.0,1.91,-3.3,6.5699997,1022.7,86.78,2.8999999,104.0,0.9936569,11.32
2010-03-04,0.0,0.26999998,-3.8899999,5.16,1022.5,80.54,3.1899998,123.0,1.10357,11.31
2010-03-05,9.1,0.68,-4.22,3.9399998,1021.2,89.615005,4.42,80.0,0.7299563,11.32
2010-03-06,0.0,-0.82,-4.0899997,1.8299999,1026.3,74.645004,6.2799997,134.0,1.1480547,11.31
2010-03-07,1.1,-1.4599999,-6.49,2.74,1034.8,65.58,1.8299999,142.0,1.1786165,11.31
2010-03-08,0.0,0.28,-3.37,4.08,1028.4,86.950005,3.25,67.0,0.5992929,11.3
2010-03-09,0.0,-0.5,-5.37,4.49,1029.7001,82.25,1.9599999,133.0,1.1521207,11.31
2010-03-10,0.0,-0.57,-4.0299997,1.29,1028.4,88.445,3.9199998,80.0,0.6915714,11.28
2010-03-11,0.0,2.3999999,-1.31,6.39,1021.10004,89.36,3.3999999,67.0,0.65244174,11.28
2010-03-12,0.8,4.19,2.36,6.5299997,1018.60004,85.575005,3.9299998,46.0,0.4779947,11.29
2010-03-13,1.9,4.77,1.86,7.58,1022.4,89.925,5.81,61.0,0.645212,11.29
2010-03-14,0.90000004,4.71,2.1299999,7.85,1020.3,87.82,5.79,53.0,0.5600723,11.31
2010-03-15,5.2000003,4.19,0.84,6.43,1019.9,90.336845,5.13,53.0,0.55035436,11.31
2010-03-16,0.0,3.83,-0.44,8.51,1024.4,90.115005,2.96,76.0,0.7775456,11.32
2010-03-17,0.0,7.49,0.98999995,12.87,1022.4,75.535,4.33,117.0,1.3502815,11.31
2010-03-18,0.0,10.08,3.1799998,15.62,1018.3,68.5,4.04,137.0,1.7073696,11.31
2010-03-19,7.3,10.86,8.95,12.92,1012.60004,84.17,4.98,46.0,0.5869418,11.3
2010-03-20,7.1,12.55,11.01,14.5199995,1005.5,90.922226,5.56,43.0,0.57465124,11.32
2010-03-21,0.0,8.05,1.41,12.21,1013.8,84.11,4.0,124.0,1.4613227,11.32
2010-03-22,0.0,7.25,-0.01,11.91,1020.0,80.8,3.36,126.0,1.4451896,11.32
2010-03-23,0.0,8.65,4.5899997,13.2,1018.2,75.57,3.12,165.0,1.9749876,11.31
2010-03-24,0.0,11.599999,6.41,17.0,1010.60004,68.4,3.51,137.0,1.7837367,11.31
2010-03-25,0.0,14.33,6.8399997,20.47,1004.60004,66.265,3.49,156.0,2.175829,11.31
2010-03-26,3.1000001,9.75,6.81,13.7699995,1005.0,82.83,3.34,65.0,0.80750895,11.3
2010-03-27,1.8000001,8.24,5.3599997,11.469999,1003.8,85.92,4.7799997,87.0,1.0359243,11.31
2010-03-28,0.0,7.73,4.81,11.03,1005.60004,82.71,5.41,100.0,1.1718695,11.31
2010-03-29,0.0,8.559999,5.02,12.29,1002.7,79.26,3.11,100.0,1.2024829,11.3
2010-03-30,1.8000001,10.38,6.08,16.789999,992.5,81.01,4.89,105.0,1.3344067,11.29
2010-03-31,5.5,7.14,4.21,11.99,995.3,72.255005,7.6699996,151.0,1.7469993,11.29
2010-04-01,5.0,4.5499997,2.54,7.1299996,1005.5,82.115,6.8999996,104.0,1.101607,11.3
2010-04-02,0.0,8.23,2.31,12.599999,1010.2,59.605,5.5699997,188.0,2.2311504,11.32
2010-04-03,11.2,7.71,5.8599997,11.19,1006.7,83.91,3.9599998,98.0,1.1471399,11.31
2010-04-04,2.6000001,7.41,4.96,9.87,1008.60004,88.35,4.02,96.0,1.1125962,11.32
2010-04-05,0.0,7.83,4.58,11.33,1023.5,76.475,4.58,131.0,1.5266833,11.32
2010-04-06,0.0,10.26,4.81,15.309999,1021.7,64.325005,3.9199998,195.0,2.4385545,11.31
2010-04-07,1.4,12.96,6.5499997,19.41,1017.60004,60.325,3.09,191.0,2.5657418,11.31
2010-04-08,0.0,8.98,4.2,12.36,1026.6,80.5,3.78,127.0,1.5288076,11.29
2010-04-09,0.0,8.97,2.6699998,14.059999,1031.9,81.68,3.1899998,158.0,1.8968446,11.3
2010-04-10,0.0,5.33,1.56,9.99,1031.8,82.475,3.4199998,175.0,1.876905,11.29
2010-04-11,0.0,6.0499997,2.61,9.12,1028.6,80.54,4.85,93.0,1.022846,11.29
2010-04-12,0.0,8.82,3.8999999,14.0,1024.6,71.945,5.7599998,220.0,2.6385355,11.29
2010-04-13,0.0,8.5,3.4199998,14.0,1021.10004,75.16,4.24,217.0,2.5825984,11.28
2010-04-14,0.0,8.55,1.8,14.67,1020.10004,71.15,4.29,230.0,2.742592,11.28
2010-04-15,0.0,8.03,2.0,14.139999,1021.8,65.915,4.4,242.0,2.8395007,11.27
2010-04-16,0.0,6.85,-0.58,11.94,1024.8,73.925,4.06,181.0,2.0457077,11.27
2010-04-17,0.0,7.0,-2.3799999,15.219999,1021.3,72.595,2.75,250.0,2.8436239,11.27
2010-04-18,0.0,9.32,-0.22999999,17.609999,1015.10004,69.455,2.76,258.0,3.1524913,11.26
2010-04-19,0.0,7.0299997,1.75,11.849999,1017.9,67.61,3.1299999,222.0,2.5316691,11.25
2010-04-20,0.0,7.27,3.6299999,11.7699995,1014.10004,70.665,5.27,168.0,1.9336091,11.25
2010-04-21,0.0,6.0099998,1.99,9.74,1017.2,65.605,5.67,195.0,2.1541739,11.24
2010-04-22,0.0,4.93,-1.5699999,10.84,1018.10004,73.095,2.49,205.0,2.184883,11.23
2010-04-23,0.0,6.46,-3.1,14.25,1017.7,66.72,1.73,268.0,3.002594,11.23
2010-04-24,0.0,10.83,1.5899999,17.58,1021.5,59.83,3.09,239.0,3.03543,11.23
2010-04-25,1.5,15.0199995,6.2599998,24.519999,1020.60004,56.645,3.5,231.0,3.2529926,11.22
2010-04-26,0.0,12.04,8.38,17.52,1022.7,83.855,4.0299997,129.0,1.6900346,11.22
2010-04-27,0.0,12.009999,5.93,18.22,1027.0,75.085,2.78,216.0,2.822636,11.21
2010-04-28,0.0,14.96,4.49,21.65,1022.2,61.585,2.77,240.0,3.3731437,11.2
2010-04-29,12.8,17.539999,11.44,24.369999,1009.9,60.305,2.8999999,212.0,3.162125,11.2
2010-04-30,0.0,11.42,7.45,14.5,1007.3,83.23,5.16,124.0,1.6092409,11.28
2010-05-01,6.3,9.45,4.4,12.509999,1009.4,85.1,3.81,146.0,1.7951401,11.32
2010-05-02,19.7,7.6099997,3.74,10.849999,1010.9,86.475,4.93,120.0,1.3976299,11.29
2010-05-03,0.0,7.12,6.1299996,7.91,1013.9,88.97,4.94,53.0,0.6072677,11.31
2010-05-04,0.5,7.1499996,4.18,10.55,1022.8,72.35,4.56,206.0,2.3523262,11.31
2010-05-05,0.0,7.94,2.5,12.09,1018.8,75.840004,3.9199998,242.0,2.8358996,11.32
2010-05-06,2.4,8.33,3.1899998,13.32,1009.7,73.195,5.8199997,166.0,1.9763125,11.31
2010-05-07,3.2,7.0499997,5.17,8.59,1008.10004,89.895004,3.98,52.0,0.5962126,11.3
2010-05-08,3.6000001,8.73,7.2799997,11.25,1010.0,91.75,1.92,63.0,0.75871044,11.3
2010-05-09,0.0,7.77,3.3899999,10.94,1010.8,82.5,3.05,103.0,1.2054693,11.31
2010-05-10,0.0,6.8599997,3.4499998,10.059999,1011.3,73.595,2.51,135.0,1.5363954,11.3
2010-05-11,18.6,6.79,4.22,10.29,1011.10004,75.06,4.24,134.0,1.5218533,11.3
2010-05-12,4.0,6.42,5.52,7.6,1009.5,89.850006,5.3199997,59.0,0.66287935,11.32
2010-05-13,0.0,7.47,5.19,9.59,1013.3,83.96,2.34,89.0,1.0310081,11.31
2010-05-14,0.0,8.139999,4.19,11.79,1013.3,76.405,1.88,150.0,1.7728647,11.31
2010-05-15,0.0,8.889999,3.4199998,13.12,1012.0,77.67,3.6799998,168.0,2.0306833,11.31
2010-05-16,0.0,11.07,6.16,15.32,1014.2,70.295,4.3399997,259.0,3.3208551,11.3
2010-05-17,0.0,10.04,4.45,14.78,1021.10004,80.23,3.59,227.0,2.8223917,11.31
2010-05-18,0.0,9.32,4.63,13.929999,1027.2001,77.18,4.43,213.0,2.5884259,11.3
2010-05-19,0.0,10.719999,5.5899997,15.69,1028.2001,69.415,5.68,238.0,3.0051358,11.29
2010-05-20,0.0,12.78,4.8399997,19.22,1030.0,70.65,3.6499999,273.0,3.6328766,11.29
2010-05-21,0.0,12.36,5.75,18.619999,1029.7001,78.7,3.56,294.0,3.871912,11.27
2010-05-22,0.0,11.58,5.23,16.949999,1027.2001,85.66,3.59,268.0,3.4632769,11.27
2010-05-23,0.0,15.9,8.059999,22.66,1021.7,77.665,3.33,277.0,3.9757903,11.27
2010-05-24,0.0,14.83,9.719999,21.09,1012.10004,80.735,4.5099998,241.0,3.3901277,11.26
2010-05-25,0.0,10.25,3.78,15.4,1013.5,72.815,3.73,279.0,3.5006597,11.25
2010-05-26,0.0,9.3,2.27,14.07,1010.3,72.105,3.08,172.0,2.1050613,11.25
2010-05-27,0.0,11.15,6.6099997,14.45,1009.60004,73.24,1.6899999,172.0,2.2143588,11.24
2010-05-28,0.0,10.79,3.79,16.59,1013.60004,73.6,3.6799998,268.0,3.4117393,11.24
2010-05-29,2.7,13.23,2.99,20.63,1014.60004,63.96,3.56,243.0,3.289705,11.23
2010-05-30,4.3,12.25,9.13,16.52,1004.8,89.455,4.38,112.0,1.4860791,11.27
2010-05-31,0.0,12.16,7.77,17.52,1013.10004,83.285,4.0099998,145.0,1.9130181,11.25
2010-06-01,0.0,13.96,6.3799996,20.59,1016.0,70.955,2.35,231.0,3.180299,11.24
2010-06-02,0.0,14.37,6.83,20.66,1019.7,71.75,3.99,296.0,4.1084027,11.23
2010-06-03,0.0,14.24,6.2799997,19.65,1022.8,70.265,3.9499998,329.0,4.54728,11.2
2010-06-04,0.0,13.679999,6.16,20.4,1022.10004,74.785,2.55,333.0,4.543529,11.2
2010-06-05,0.0,15.62,5.02,23.34,1019.7,71.48,2.27,296.0,4.2256947,11.18
2010-06-06,3.2,18.56,10.96,27.039999,1010.5,70.48,2.82,231.0,3.5147274,11.17
2010-06-07,0.0,13.94,9.15,16.17,1009.2,89.315,3.9199998,107.0,1.4763396,11.25
2010-06-08,16.300001,16.25,9.45,22.789999,1005.7,82.975,2.44,182.0,2.647198,11.21
2010-06-09,2.4,16.99,13.87,19.199999,1006.5,90.14,2.4199998,98.0,1.4471866,11.25
2010-06-10,0.0,19.289999,15.71,22.8,1005.8,87.75,2.4299998,111.0,1.7150515,11.25
2010-06-11,2.0,16.59,10.45,21.85,1005.4,88.965004,4.52,152.0,2.2269568,11.23
2010-06-12,0.0,13.65,9.69,18.38,1012.0,78.055,4.63,246.0,3.367415,11.23
2010-06-13,0.0,13.57,8.83,17.06,1015.9,74.0,2.5,174.0,2.373658,11.22
2010-06-14,0.0,14.549999,7.6299996,19.369999,1017.7,74.825,2.85,235.0,3.2777762,11.21
2010-06-15,0.0,11.94,5.69,16.13,1025.0,71.975,3.98,268.0,3.4987938,11.17
2010-06-16,0.0,13.91,6.1,20.14,1024.4,76.565,4.52,331.0,4.5368648,11.17
2010-06-17,0.0,14.94,9.36,21.3,1020.5,76.315,4.62,358.0,5.0325403,11.16
2010-06-18,2.2,12.28,9.0,16.619999,1014.8,79.0,4.65,119.0,1.573635,11.15
2010-06-19,1.9,11.01,9.29,14.309999,1008.0,81.060005,4.8599997,166.0,2.1307352,11.17
2010-06-20,0.0,11.33,7.96,14.41,1014.5,77.450005,3.97,131.0,1.6909305,11.17
2010-06-21,0.0,11.2699995,5.41,16.59,1021.5,76.745,3.21,233.0,2.9938972,11.15
2010-06-22,0.0,12.48,3.21,19.56,1024.1,73.015,1.67,299.0,3.958683,11.13
2010-06-23,0.0,17.33,6.52,25.21,1021.9,65.85,1.52,322.0,4.762738,11.1
2010-06-24,0.0,19.039999,9.26,26.099998,1017.8,68.700005,2.26,303.0,4.6416264,11.09
2010-06-25,0.0,17.199999,10.09,22.31,1017.4,71.815,2.7,289.0,4.2699027,11.06
2010-06-26,0.0,16.68,7.79,23.05,1019.0,71.05,2.6299999,304.0,4.4408555,11.04
2010-06-27,0.0,19.92,10.67,27.619999,1019.5,61.985,2.9399998,329.0,5.120445,11.02
2010-06-28,0.0,21.24,12.96,28.99,1018.60004,65.635,2.1699998,324.0,5.16379,10.99
2010-06-29,0.0,18.89,11.96,27.07,1018.5,73.04,2.3,280.0,4.276088,10.96
2010-06-30,0.0,17.68,11.679999,23.789999,1019.4,82.46,1.88,217.0,3.2353067,10.97
2010-07-01,0.0,21.4,12.99,28.41,1014.9,71.840004,2.4199998,257.0,4.1117887,10.96
2010-07-02,0.0,25.64,17.3,33.32,1013.5,61.445,3.1499999,283.0,4.8399396,10.92
2010-07-03,4.4,21.93,16.44,28.72,1016.8,76.39,3.26,248.0,4.0013256,10.9
2010-07-04,0.0,20.18,13.04,26.599998,1019.2,68.305,2.3899999,282.0,4.41017,10.91
2010-07-05,0.0,17.789999,10.84,23.76,1019.2,73.19,3.6,200.0,2.988643,10.89
2010-07-06,0.0,15.429999,8.309999,21.31,1023.10004,70.385,3.6399999,264.0,3.7484217,10.87
2010-07-07,0.0,18.279999,7.45,25.51,1021.2,62.68,2.7,285.0,4.297506,10.86
2010-07-08,0.0,22.68,15.45,28.55,1018.60004,62.0,3.03,279.0,4.5551605,10.84
2010-07-09,0.0,24.699999,14.219999,34.149998,1017.0,62.48,2.4099998,284.0,4.7867503,10.82
2010-07-10,34.100002,25.09,15.75,32.68,1017.2,63.15,2.25,304.0,5.1531153,10.8
2010-07-11,9.7,23.029999,18.33,29.75,1015.5,76.6,3.1,261.0,4.2890983,11.11
2010-07-12,31.5,20.68,16.51,25.58,1011.3,88.090004,3.5,206.0,3.2584207,11.32
2010-07-13,0.0,20.16,14.7699995,25.289999,1010.0,76.135,2.72,239.0,3.7470682,11.21
2010-07-14,2.3,22.64,16.39,29.029999,1005.5,75.355,3.3999999,267.0,4.372655,11.17
2010-07-15,0.0,18.59,13.73,22.16,1010.5,74.685,5.2,242.0,3.6842237,11.15
2010-07-16,13.5,19.1,13.83,25.539999,1013.60004,71.83,4.17,246.0,3.7778704,11.13
2010-07-17,3.4,16.59,11.57,20.81,1018.9,79.525,3.9299998,239.0,3.4848561,11.26
2010-07-18,0.0,17.01,9.82,23.14,1025.9,72.635,2.3899999,289.0,4.240653,11.2
2010-07-19,0.0,20.39,11.62,27.38,1022.3,67.31,1.54,308.0,4.8304086,11.16
2010-07-20,0.0,22.91,14.08,29.58,1013.3,61.415,2.1599998,280.0,4.595346,11.12
2010-07-21,0.0,21.75,16.279999,28.279999,1006.9,70.07,2.6799998,232.0,3.7427354,11.09
2010-07-22,0.0,19.08,14.48,23.279999,1013.0,75.71,3.02,169.0,2.5948908,11.08
2010-07-23,0.0,17.58,11.849999,23.56,1017.3,77.835,2.4299998,216.0,3.2162194,11.05
2010-07-24,0.0,14.389999,7.8199997,18.72,1020.8,71.675,3.58,255.0,3.5394797,11.03
2010-07-25,0.0,15.889999,6.85,22.24,1015.60004,75.775,1.7199999,217.0,3.1208363,11.01
2010-07-26,17.9,16.529999,13.7,19.77,1012.60004,88.200005,2.37,129.0,1.8827786,11.03
2010-07-27,7.4,18.27,12.099999,22.98,1016.3,80.93,2.09,192.0,2.8993258,11.15
2010-07-28,4.0,17.19,11.96,21.27,1013.4,83.345,2.57,180.0,2.6626034,11.19
2010-07-29,3.7,15.809999,12.71,20.14,1010.9,85.090004,3.09,167.0,2.4017024,11.14
2010-07-30,0.0,16.16,11.59,21.0,1013.4,76.445,3.02,230.0,3.3297105,11.12
2010-07-31,1.8000001,17.699999,13.74,20.97,1012.0,84.355,3.1399999,117.0,1.749489,11.09
2010-08-01,1.6,18.98,14.0,23.199999,1012.5,79.885,2.2,167.0,2.5597515,11.09
2010-08-02,1.7,15.49,10.7,19.199999,1014.8,90.22,1.65,119.0,1.6970524,11.09
2010-08-03,2.2,15.41,10.01,20.529999,1014.2,84.5,2.2,211.0,3.0044267,11.1
2010-08-04,16.0,15.7699995,11.94,19.039999,1006.3,89.25,3.1,115.0,1.6552178,11.18
2010-08-05,1.8000001,15.2,9.889999,20.08,1009.2,84.1,2.6299999,160.0,2.2718947,11.31
2010-08-06,0.0,15.559999,7.23,22.25,1016.8,75.99,1.6999999,240.0,3.425373,11.23
2010-08-07,7.6,17.0,11.59,21.52,1016.5,81.675,2.22,177.0,2.605202,11.21
2010-08-08,7.1,17.619999,15.389999,21.09,1015.3,90.840004,2.7,143.0,2.1324306,11.27
2010-08-09,0.0,17.19,12.58,22.06,1016.2,80.91,2.09,170.0,2.5122378,11.29
2010-08-10,8.900001,17.76,13.29,22.09,1011.8,82.78,3.6399999,180.0,2.6949341,11.29
2010-08-11,0.0,17.119999,9.849999,21.23,1011.7,79.285,3.47,190.0,2.808159,11.3
2010-08-12,4.8,14.79,8.05,21.289999,1013.8,81.895004,1.79,166.0,2.3315,11.29
2010-08-13,0.0,15.059999,9.969999,21.63,1016.3,80.41,2.36,229.0,3.2329235,11.28
2010-08-14,0.0,17.43,8.59,24.039999,1018.10004,80.01,2.47,215.0,3.190747,11.27
2010-08-15,17.2,18.029999,14.469999,21.31,1013.7,83.91,5.33,121.0,1.8201605,11.25
2010-08-16,3.2,17.5,14.29,20.76,1007.4,89.44,2.07,97.0,1.4469,11.31
2010-08-17,7.2000003,15.679999,13.309999,18.6,1005.5,92.86429,3.3799999,86.0,1.2357665,11.31
2010-08-18,0.0,16.43,11.19,21.08,1004.60004,83.240005,4.27,136.0,1.986439,11.3
2010-08-19,0.0,15.91,11.509999,21.14,1013.60004,79.64,3.6,199.0,2.865285,11.29
2010-08-20,0.0,19.539999,12.24,26.119999,1017.9,72.335,3.24,196.0,3.0307193,11.28
2010-08-21,0.0,20.23,15.37,24.08,1019.2,84.095,3.83,138.0,2.1601188,11.27
2010-08-22,4.8,18.85,15.61,22.48,1013.4,87.1,3.31,105.0,1.6049799,11.27
2010-08-23,3.7,18.32,15.509999,22.189999,999.4,86.68,6.02,106.0,1.6113058,11.3
2010-08-24,7.8,15.33,11.469999,19.65,1005.10004,77.445,5.87,198.0,2.8238711,11.27
2010-08-25,12.400001,14.7699995,11.42,19.17,1013.2,83.075005,3.58,157.0,2.2045956,11.28
2010-08-26,18.800001,14.07,12.92,15.059999,1006.9,93.94,3.6499999,50.0,0.69259125,11.3
2010-08-27,6.1,13.42,10.05,17.029999,1005.7,88.78,4.36,77.0,1.0508976,11.34
2010-08-28,20.7,12.96,8.639999,17.779999,1014.2,84.240005,3.3,177.0,2.3809311,11.34
2010-08-29,17.2,11.44,5.93,16.4,1006.8,90.705,3.7099998,103.0,1.3376844,11.35
2010-08-30,4.5,12.86,7.8599997,18.15,1013.9,85.08,4.52,151.0,2.0264733,11.35
2010-08-31,0.0,12.63,7.6699996,17.98,1022.7,84.065,3.03,182.0,2.420042,11.35
2010-09-01,0.0,12.73,8.46,17.91,1021.10004,84.925,2.36,123.0,1.6406463,11.35
2010-09-02,1.4,13.13,8.679999,18.17,1020.5,90.765,2.25,108.0,1.4551221,11.32
2010-09-03,0.0,12.7,6.46,18.52,1021.0,85.85,1.67,148.0,1.9727262,11.33
2010-09-04,0.0,12.74,6.52,18.93,1022.2,79.825005,2.4099998,186.0,2.4804873,11.32
2010-09-05,0.0,11.96,5.56,18.44,1023.9,78.85,3.23,206.0,2.691975,11.3
2010-09-06,0.0,13.469999,8.07,18.91,1017.7,67.145004,5.19,209.0,2.8422956,11.3
2010-09-07,1.0,12.7699995,10.7,14.75,1007.60004,74.445,5.0,84.0,1.1277007,11.3
2010-09-08,0.0,14.65,12.559999,17.44,1004.0,86.035,5.21,64.0,0.899388,11.29
2010-09-09,0.0,14.36,10.16,18.81,1012.10004,91.455,2.29,86.0,1.1968641,11.29
2010-09-10,3.8,15.219999,11.53,19.14,1018.10004,92.82353,3.6599998,75.0,1.0618975,11.28
2010-09-11,1.5,17.58,13.34,22.21,1016.7,84.350006,3.6499999,150.0,2.2339442,11.28
2010-09-12,2.5,14.849999,10.33,17.34,1019.3,93.65883,2.4299998,61.0,0.85614246,11.28
2010-09-13,16.4,14.349999,9.429999,18.44,1022.3,83.560005,3.6,121.0,1.6770017,11.28
2010-09-14,22.2,15.429999,12.08,17.07,1011.2,93.3,5.74,43.0,0.6132266,11.32
2010-09-15,10.900001,12.98,10.16,16.68,1004.9,81.020004,6.0899997,142.0,1.9182347,11.34
2010-09-16,5.8,11.55,8.59,15.99,1006.3,88.305,4.23,109.0,1.4199314,11.35
2010-09-17,1.7,10.82,8.22,15.549999,1010.9,85.69,4.39,119.0,1.517897,11.33
2010-09-18,1.6,10.25,7.19,15.299999,1016.0,86.975,3.3999999,127.0,1.5917367,11.3
2010-09-19,3.0,11.639999,6.17,14.349999,1014.10004,90.395004,3.97,60.0,0.7808508,11.29
2010-09-20,3.4,13.9,11.63,16.72,1012.5,92.15,4.46,56.0,0.7709473,11.29
2010-09-21,0.0,13.759999,8.17,19.89,1020.4,91.875,1.7199999,123.0,1.6825513,11.3
2010-09-22,0.0,14.549999,8.76,21.43,1018.60004,86.6,2.18,160.0,2.230913,11.29
2010-09-23,2.3,16.109999,11.389999,21.539999,1009.0,85.23,2.22,127.0,1.8395351,11.29
2010-09-24,3.9,14.62,11.65,18.32,1001.10004,89.380005,3.1299999,66.0,0.92789114,11.28
2010-09-25,1.3000001,10.36,6.5499997,14.91,1005.4,82.39,3.3999999,134.0,1.6923696,11.28
2010-09-26,2.7,9.49,5.3599997,12.96,1008.0,92.060005,1.12,71.0,0.87451136,11.28
2010-09-27,4.0,12.0199995,10.309999,13.799999,1010.60004,94.200005,2.3799999,29.0,0.38164896,11.28
2010-09-28,0.0,11.03,3.8899999,14.38,1017.0,91.21579,2.1299999,54.0,0.69081837,11.29
2010-09-29,0.0,8.0199995,2.26,13.86,1020.4,83.75,2.51,120.0,1.4085265,11.29
2010-09-30,3.6000001,9.78,5.38,12.37,1015.0,91.415,3.35,76.0,0.9407214,11.27
2010-10-01,3.8,11.79,9.42,15.65,1012.0,90.58,2.8,97.0,1.2683616,11.28
2010-10-02,2.9,13.84,11.25,17.06,1008.5,93.00667,4.3199997,49.0,0.6746836,11.28
2010-10-03,0.0,17.81,14.38,23.109999,1003.9,81.615005,4.63,106.0,1.5928754,11.29
2010-10-04,0.0,16.99,12.86,22.21,1001.5,82.115005,2.9199998,92.0,1.3609695,11.28
2010-10-05,0.0,15.309999,13.009999,19.09,1004.3,90.08,3.1399999,91.0,1.2976551,11.28
2010-10-06,1.1,15.589999,12.05,18.449999,1010.5,89.73,3.6999998,55.0,0.78731936,11.27
2010-10-07,0.0,13.719999,9.599999,16.88,1021.4,92.825005,2.52,68.0,0.92894524,11.27
2010-10-08,0.0,13.42,9.74,16.26,1020.9,91.01579,4.0,71.0,0.96318793,11.26
2010-10-09,0.0,11.469999,7.73,17.4,1018.60004,83.16,4.16,127.0,1.6424285,11.26
2010-10-10,0.0,9.25,4.14,15.599999,1017.2,82.475,4.04,134.0,1.6325417,11.26
2010-10-11,0.0,8.07,2.59,15.0199995,1019.2,85.675,3.08,120.0,1.4114221,11.26
2010-10-12,0.0,7.0499997,1.9599999,11.3,1019.4,92.88334,1.55,77.0,0.87800336,11.25
2010-10-13,0.0,8.71,2.9399998,13.84,1018.5,87.69,1.4699999,101.0,1.2108704,11.24
2010-10-14,0.0,10.5,5.27,12.34,1017.10004,92.32223,2.4099998,32.0,0.40360165,11.23
2010-10-15,8.1,9.75,7.47,12.0199995,1012.60004,93.700005,2.48,37.0,0.45809364,11.24
2010-10-16,0.0,6.7799997,2.81,9.82,1016.5,81.990005,4.94,74.0,0.8379382,11.25
2010-10-17,0.0,4.16,-0.5,10.76,1024.1,85.905,2.08,93.0,0.96257985,11.26
2010-10-18,12.1,6.37,-2.21,11.63,1016.8,86.885,4.24,72.0,0.8047334,11.24
2010-10-19,11.5,8.5,6.14,12.44,1003.4,92.41112,3.75,74.0,0.88800186,11.29
2010-10-20,11.0,5.83,2.1,9.809999,1010.0,84.4,3.99,76.0,0.8377655,11.3
2010-10-21,3.4,7.25,2.95,10.76,1017.5,82.445,5.64,71.0,0.81533754,11.31
2010-10-22,0.0,9.55,7.83,12.96,1014.8,85.035,5.39,53.0,0.651896,11.3
2010-10-23,10.0,7.2999997,5.87,8.95,1001.60004,87.635,6.73,43.0,0.49837896,11.31
2010-10-24,2.4,7.22,4.2599998,11.219999,1006.9,83.44,5.35,59.0,0.6804022,11.3
2010-10-25,0.0,6.7,2.33,10.809999,1023.0,80.950005,3.6699998,87.0,0.97955227,11.32
2010-10-26,2.9,6.48,1.43,9.29,1025.4,85.520004,4.13,45.0,0.5025696,11.28
2010-10-27,2.8,8.65,6.06,10.179999,1017.8,94.450005,6.19,20.0,0.23943679,11.3
2010-10-28,3.3,10.83,7.85,12.3,1015.60004,93.17334,5.31,22.0,0.2801242,11.3
2010-10-29,0.0,9.94,6.21,12.53,1006.7,85.475,5.1099997,57.0,0.7112965,11.3
2010-10-30,1.0,11.08,8.28,12.84,1001.10004,88.665,3.84,25.0,0.32244128,11.3
2010-10-31,1.3000001,8.429999,6.24,10.54,1004.2,91.6825,2.59,22.0,0.26336554,11.29
2010-11-01,0.0,7.8399997,6.6,8.36,1011.3,94.700005,2.18,19.0,0.22278103,11.29
2010-11-02,3.8,9.91,6.67,12.54,1009.5,94.325005,5.9,17.0,0.21170144,11.29
2010-11-03,5.9,11.809999,9.79,13.17,1008.7,86.93,6.5499997,36.0,0.47162467,11.29
2010-11-04,11.6,14.19,10.49,15.099999,1012.60004,91.4,8.59,18.0,0.24947661,11.3
2010-11-05,11.2,12.24,8.23,14.11,1015.5,92.28,5.37,22.0,0.29054806,11.32
2010-11-06,0.0,7.5,2.21,11.469999,1011.7,92.52353,2.9299998,41.0,0.475757,11.31
2010-11-07,0.0,4.2,-0.17999999,8.57,1005.2,92.9,2.33,47.0,0.49204206,11.31
2010-11-08,0.0,3.22,0.12,5.5899997,985.0,90.985,5.3399997,33.0,0.33764136,11.29
2010-11-09,0.0,3.77,2.54,4.75,981.4,91.8375,4.79,16.0,0.16718945,11.3
2010-11-10,0.90000004,4.96,1.63,7.0299997,992.2,91.94211,3.11,25.0,0.27034158,11.29
2010-11-11,11.400001,5.37,1.4399999,9.34,992.7,91.085,7.22,28.0,0.306797,11.29
2010-11-12,0.0,10.309999,8.55,11.83,987.3,78.72,9.54,24.0,0.30513984,11.3
2010-11-13,10.0,8.73,7.6699996,10.37,993.0,91.78236,4.21,16.0,0.1942186,11.3
2010-11-14,3.1000001,10.55,7.5299997,12.13,994.7,91.72,4.92,13.0,0.16580261,11.31
2010-11-15,0.0,5.93,1.18,8.86,1013.10004,91.57223,3.1499999,41.0,0.4526993,11.3
2010-11-16,0.0,3.6,-0.26999998,8.849999,1021.8,94.200005,1.4499999,42.0,0.42684156,11.3
2010-11-17,0.0,4.08,1.25,6.06,1014.7,90.96316,3.62,18.0,0.18672082,11.3
2010-11-18,0.0,4.46,3.49,5.13,1010.3,93.25,2.23,16.0,0.16853584,11.3
2010-11-19,0.0,4.19,0.65,7.89,1013.9,93.975006,1.14,18.0,0.18750781,11.29
2010-11-20,0.0,5.5499997,1.7099999,7.73,1014.8,94.700005,1.35,20.0,0.21793963,11.29
2010-11-21,0.0,5.5099998,3.53,7.68,1011.9,93.10589,4.0699997,34.0,0.37056214,11.28
2010-11-22,0.0,4.8399997,3.05,6.43,1006.9,89.68,4.04,30.0,0.32064232,11.28
2010-11-23,3.4,4.17,2.8,6.27,1003.7,90.92106,4.33,20.0,0.20933254,11.29
2010-11-24,0.0,2.24,-0.48,4.42,1004.60004,93.218185,2.03,28.0,0.27358124,11.28
2010-11-25,0.0,0.62,-2.82,3.3,1003.3,94.200005,2.3799999,21.0,0.19318028,11.28
2010-11-26,0.0,-2.48,-5.89,-0.16,1005.3,94.700005,1.3,31.0,0.25095236,11.28
2010-11-27,0.0,-3.54,-6.6099997,-1.35,1005.8,94.200005,2.4099998,24.0,0.18543054,11.27
2010-11-28,0.0,-3.61,-5.33,-1.54,1008.8,90.560005,3.54,46.0,0.35361165,11.26
2010-11-29,0.0,-1.56,-4.71,-0.21,1011.3,89.8,4.7799997,16.0,0.13416798,11.26
2010-11-30,0.0,-2.55,-4.5899997,-1.28,1017.2,81.51,6.77,27.0,0.21627657,11.25
2010-12-01,0.0,-6.5699997,-7.72,-4.79,1011.60004,67.135,8.12,38.0,0.253934,11.24
2010-12-02,1.1,-4.7599998,-7.0299997,-3.73,1010.10004,85.505005,3.0,15.0,0.10934853,11.24
2010-12-03,0.0,-4.58,-7.3199997,-2.81,1010.0,88.915,3.4199998,22.0,0.16172464,11.23
2010-12-04,6.9,-2.84,-5.31,-0.16,1009.8,90.39,6.18,22.0,0.17484178,11.24
2010-12-05,0.0,1.28,-1.53,3.1899998,1000.0,94.200005,4.5,18.0,0.17014682,11.25
2010-12-06,0.0,-0.84,-2.44,0.68,1002.3,93.77693,1.5799999,19.0,0.16503724,11.25
2010-12-07,0.0,-3.28,-4.23,-1.73,1006.3,93.35385,1.92,14.0,0.10938451,11.25
2010-12-08,2.4,-2.87,-5.46,-0.59999996,1008.7,92.93077,2.52,12.0,0.09531074,11.24
2010-12-09,10.7,0.7,-1.92,2.72,1018.8,92.5077,4.15,31.0,0.2834738,11.23
2010-12-10,7.9,1.67,-2.73,5.49,1024.1,94.700005,3.85,17.0,0.16084224,11.26
2010-12-11,3.6000001,6.0499997,3.84,7.24,1015.2,91.71765,6.3599997,12.0,0.13286811,11.3
2010-12-12,0.0,1.12,-4.9,5.1099997,1018.7,83.255005,4.48,19.0,0.17659107,11.31
2010-12-13,2.7,-1.8,-6.0699997,1.41,1023.9,92.07223,3.4199998,19.0,0.15650027,11.29
2010-12-14,0.0,-2.3999999,-6.47,-0.31,1030.1,86.07,2.55,18.0,0.14395179,11.28
2010-12-15,1.0,-1.8199999,-5.6099997,1.4399999,1027.2001,90.183334,2.6799998,30.0,0.24639398,11.28
2010-12-16,10.1,-0.22,-5.6,2.5,1002.4,92.066666,4.4,9.0,0.08014666,11.29
2010-12-17,0.0,-3.77,-9.04,-1.4699999,993.5,93.950005,2.6,12.0,0.092513636,11.28
2010-12-18,0.0,-5.7999997,-8.94,-3.81,998.0,92.53001,2.98,27.0,0.18900803,11.27
2010-12-19,0.0,-6.87,-8.98,-5.12,996.3,91.435295,4.13,16.0,0.10649439,11.26
2010-12-20,0.0,-6.5,-10.33,-3.9499998,1003.10004,92.707146,3.29,24.0,0.16187909,11.26
2010-12-21,0.0,-7.6499996,-12.469999,-5.35,1006.5,93.661545,2.05,22.0,0.13985674,11.26
2010-12-22,2.7,-3.77,-7.52,-2.3,1006.2,94.3,4.31,13.0,0.09939034,11.26
2010-12-23,0.0,-0.88,-2.3899999,-0.64,1006.3,91.350006,7.1,10.0,0.086508594,11.25
2010-12-24,0.0,-2.06,-5.1099997,-0.74,1013.3,82.05,6.5299997,14.0,0.11480553,11.24
2010-12-25,1.5,-4.36,-8.2699995,-1.12,1023.10004,86.395004,3.03,33.0,0.24293935,11.23
2010-12-26,1.1,-1.3299999,-5.43,0.66999996,1022.9,90.485,2.59,27.0,0.22696657,11.23
2010-12-27,0.0,-0.69,-3.22,1.0699999,1020.3,94.575005,3.48,14.0,0.121021844,11.23
2010-12-28,0.0,-1.79,-5.58,-0.53999996,1020.7,90.9,3.74,16.0,0.13210656,11.22
2010-12-29,0.0,-6.0299997,-7.23,-4.93,1024.3,89.285,3.1599998,21.0,0.14280692,11.22
2010-12-30,1.3000001,-2.83,-8.559999,1.63,1025.1,92.9,2.1599998,20.0,0.15747735,11.22
2010-12-31,1.9,1.92,0.39999998,3.1799998,1023.10004,92.44231,2.9399998,23.0,0.21978371,11.24
2011-01-01,1.4,2.54,0.099999994,4.5299997,1019.0,91.98462,4.13,27.0,0.264582,11.3
2011-01-02,0.0,0.84999996,-1.54,3.1399999,1021.7,92.94616,3.55,34.0,0.31219503,11.28
2011-01-03,0.0,-0.25,-2.85,2.25,1021.5,93.700005,2.6799998,23.0,0.20224757,11.27
2011-01-04,0.0,0.25,-0.41,1.1899999,1014.7,88.455,5.0499997,20.0,0.18012612,11.27
2011-01-05,3.4,-0.71999997,-1.8199999,1.26,1005.5,79.28,5.87,32.0,0.2787711,11.27
2011-01-06,8.6,2.3899999,1.17,3.34,994.9,86.240005,3.52,12.0,0.11853836,11.28
2011-01-07,2.6000001,2.51,-1.36,7.23,1004.4,93.200005,3.1799998,10.0,0.09868517,11.31
2011-01-08,0.8,7.6099997,2.19,10.98,999.5,89.635,6.37,20.0,0.23421948,11.31
2011-01-09,0.0,2.49,0.32,5.0699997,1009.2,89.87059,4.93,35.0,0.34422317,11.3
2011-01-10,0.0,0.22999999,-1.22,2.26,1018.10004,93.522224,3.79,35.0,0.3143411,11.3
2011-01-11,1.6,1.4699999,-0.84999996,4.58,1005.60004,92.027275,4.7599998,19.0,0.1803079,11.3
2011-01-12,4.7000003,3.49,0.93,6.98,1010.9,93.450005,4.0499997,12.0,0.12220092,11.3
2011-01-13,8.6,7.96,6.08,9.7699995,1007.4,94.200005,4.15,11.0,0.12968057,11.31
2011-01-14,13.5,8.91,7.5099998,10.11,1008.4,94.950005,6.5299997,11.0,0.13325855,11.32
2011-01-15,0.0,7.7599998,5.62,9.8,1016.3,90.87,6.87,13.0,0.15170255,11.33
2011-01-16,0.0,9.349999,7.75,12.259999,1019.2,83.845,6.49,28.0,0.3417855,11.32
2011-01-17,2.3,7.62,5.0699997,9.24,1019.4,92.240005,4.54,12.0,0.13923743,11.32
2011-01-18,0.0,3.6799998,1.0699999,5.56,1024.1,93.950005,2.29,14.0,0.14250498,11.31
2011-01-19,2.1000001,2.46,0.94,5.23,1028.2001,92.67143,3.1599998,28.0,0.2721903,11.31
2011-01-20,0.0,0.51,-2.48,3.8799999,1032.0,93.17857,2.99,34.0,0.30624712,11.3
2011-01-21,2.1000001,1.16,-2.4099998,4.29,1035.1,93.939285,2.45,19.0,0.17520902,11.3
2011-01-22,0.0,3.6399999,0.56,5.24,1031.2001,94.700005,3.48,14.0,0.14176546,11.29
2011-01-23,0.0,4.65,1.5899999,6.19,1027.1,94.700005,4.0,12.0,0.12610461,11.29
2011-01-24,3.8,5.1,4.0899997,6.1099997,1022.9,91.86154,4.1,16.0,0.17107318,11.29
2011-01-25,1.7,4.06,0.049999997,5.66,1009.2,90.805,5.38,29.0,0.30150348,11.3
2011-01-26,0.0,0.69,-0.90999997,2.83,1011.9,90.555,3.1799998,23.0,0.21108559,11.29
2011-01-27,0.0,-1.8399999,-5.18,0.12,1023.7,81.225,4.18,51.0,0.41942063,11.3
2011-01-28,0.0,-3.58,-6.31,0.04,1026.1,83.875,3.82,71.0,0.5404418,11.28
2011-01-29,0.0,-3.4499998,-6.75,0.17999999,1023.0,92.9,3.09,50.0,0.3835738,11.27
2011-01-30,0.0,-1.63,-3.1399999,0.28,1023.3,93.4,1.4399999,25.0,0.20748046,11.27
2011-01-31,0.0,-1.36,-2.48,-0.25,1025.5,90.590004,1.68,17.0,0.14249973,11.27
2011-02-01,1.1,-1.31,-2.73,1.9799999,1024.1,92.41539,4.75,12.0,0.100884125,11.27
2011-02-02,1.1,2.9199998,1.53,3.9199998,1023.7,95.200005,6.3599997,14.0,0.13873446,11.27
2011-02-03,2.9,4.92,2.45,7.5,1020.7,91.6579,5.8199997,53.0,0.5639233,11.29
2011-02-04,4.6,8.389999,6.1,10.0,1011.5,87.42,11.28,17.0,0.2025782,11.29
2011-02-05,2.0,9.8,9.11,11.21,1012.60004,83.43,11.41,14.0,0.17357308,11.29
2011-02-06,0.0,9.49,8.76,10.83,1017.3,83.785,10.05,21.0,0.25757375,11.29
2011-02-07,0.0,7.94,5.92,9.71,1013.9,77.455,8.33,41.0,0.48157886,11.28
2011-02-08,0.0,4.0099998,-2.26,8.3,1021.3,86.195,3.77,68.0,0.701222,11.28
2011-02-09,0.0,2.6799998,-3.22,8.42,1021.8,85.785,2.44,59.0,0.5802157,11.27
2011-02-10,4.0,6.22,2.9199998,8.51,1013.4,91.22,4.0299997,19.0,0.21170996,11.27
2011-02-11,0.0,4.64,1.79,6.93,1012.60004,91.9579,2.44,32.0,0.33871943,11.28
2011-02-12,7.0,1.5699999,0.71999997,5.66,1013.8,89.840004,5.46,31.0,0.29391286,11.29
2011-02-13,0.0,5.18,4.04,7.93,1009.5,93.58889,3.3999999,36.0,0.38861233,11.29
2011-02-14,8.900001,4.7999997,3.06,7.45,1005.60004,93.86667,3.99,30.0,0.3204321,11.28
2011-02-15,1.6,3.9099998,2.0,5.68,999.60004,94.36667,2.9199998,38.0,0.3950689,11.29
2011-02-16,0.0,5.66,0.85999995,9.84,999.60004,91.43,3.1,62.0,0.68331444,11.31
2011-02-17,0.0,1.3,-1.8499999,5.13,1007.9,87.365005,4.38,85.0,0.800416,11.29
2011-02-18,0.0,0.04,-1.81,1.17,1017.0,85.21,4.36,24.0,0.2140716,11.28
2011-02-19,0.0,-0.26,-2.3999999,2.09,1018.60004,79.575005,5.8599997,41.0,0.36100706,11.28
2011-02-20,0.0,-1.51,-3.79,0.96,1019.8,66.085,6.5899997,69.0,0.57677776,11.28
2011-02-21,0.0,-3.22,-5.15,0.22,1020.0,68.725,5.5099998,103.0,0.7998087,11.28
2011-02-22,0.0,-3.33,-7.6499996,0.71,1020.8,66.69,4.18,107.0,0.826407,11.26
2011-02-23,1.4,-0.57,-5.29,2.34,1022.2,66.675,4.27,41.0,0.35574898,11.25
2011-02-24,0.0,1.62,0.089999996,2.35,1022.9,75.433334,3.4399998,32.0,0.30239716,11.26
2011-02-25,0.0,4.6,2.18,6.35,1025.9,84.19167,3.3899999,39.0,0.40940055,11.26
2011-02-26,1.4,6.7,5.46,9.26,1012.4,92.950005,4.63,49.0,0.55458504,11.27
2011-02-27,5.2000003,3.01,0.78,5.25,1010.7,93.16,3.33,26.0,0.2603321,11.28
2011-02-28,0.0,2.23,0.94,4.36,1026.8,93.37,3.61,25.0,0.24116331,11.28
2011-03-01,0.0,1.3299999,-0.37,3.82,1037.3,91.566666,4.63,52.0,0.48205772,11.27
2011-03-02,0.0,0.17,-2.19,4.42,1037.4,90.165,4.94,85.0,0.7530119,11.27
2011-03-03,0.0,-1.23,-3.06,3.99,1035.4,92.3353,4.23,114.0,0.95501894,11.27
2011-03-04,0.0,-0.19999999,-2.76,4.67,1033.0,91.19412,2.6399999,97.0,0.84886485,11.26
2011-03-05,0.0,2.6599998,-0.88,7.43,1029.0,87.375,3.35,69.0,0.67538285,11.26
2011-03-06,0.0,1.3299999,-2.85,5.91,1032.0,76.69,3.34,138.0,1.2831602,11.27
2011-03-07,0.0,1.51,-3.26,7.16,1033.4,56.0,3.04,151.0,1.4125854,11.26
2011-03-08,0.0,2.57,-3.78,8.82,1021.5,59.12,3.5,152.0,1.489067,11.27
2011-03-09,1.0,4.7599998,1.3299999,8.559999,1012.2,84.405,5.85,58.0,0.6165411,11.25
2011-03-10,2.5,6.8199997,2.76,9.99,1007.8,85.475,7.8599997,41.0,0.46683317,11.25
2011-03-11,0.0,5.81,1.79,9.469999,1013.2,74.575,5.13,114.0,1.2538042,11.27
2011-03-12,0.0,7.33,2.24,13.29,1006.7,76.055,3.26,110.0,1.2729275,11.26
2011-03-13,3.0,9.95,7.99,13.759999,1004.5,84.685,3.1,59.0,0.7371804,11.26
2011-03-14,0.0,9.809999,7.23,13.969999,1015.60004,93.72667,1.88,51.0,0.6316297,11.26
2011-03-15,0.0,8.96,7.18,10.92,1018.9,90.565,5.3199997,73.0,0.88135606,11.27
2011-03-16,0.0,5.2599998,3.1699998,9.86,1014.60004,85.885,6.3599997,90.0,0.9715413,11.25
2011-03-17,0.0,5.3399997,3.31,9.23,1011.8,90.54211,4.0,46.0,0.4985916,11.25
2011-03-18,0.0,5.6,-0.21,10.219999,1021.5,86.735,3.52,55.0,0.59827167,11.26
2011-03-19,0.0,2.56,-2.75,9.889999,1033.3,82.205,1.75,153.0,1.4886023,11.25
2011-03-20,0.0,4.42,-2.54,12.0199995,1033.9,73.380005,1.91,166.0,1.7246943,11.25
2011-03-21,0.0,5.54,-2.59,13.17,1034.7001,76.215004,2.53,120.0,1.294081,11.25
2011-03-22,0.0,7.21,-0.79999995,16.01,1037.2001,83.345,2.8,172.0,1.9541211,11.24
2011-03-23,0.0,6.43,1.25,13.79,1039.9,81.435,1.6999999,174.0,1.9263957,11.24
2011-03-24,0.0,7.5899997,0.049999997,15.679999,1034.1,84.035,2.01,158.0,1.8188444,11.24
2011-03-25,0.0,6.74,1.4599999,11.059999,1020.2,85.6,2.6299999,92.0,1.0385725,11.22
2011-03-26,0.0,3.61,-1.9399999,7.87,1018.10004,71.695,3.21,115.0,1.1714717,11.22
2011-03-27,0.0,2.86,-4.21,10.83,1015.5,71.915,2.1,204.0,2.0262897,11.23
2011-03-28,0.0,2.76,-4.37,9.91,1015.9,82.895004,2.22,150.0,1.4842278,11.22
2011-03-29,0.0,5.0099998,-3.55,12.83,1015.3,75.415,1.52,190.0,2.0333738,11.22
2011-03-30,4.5,8.97,-0.29,17.6,1012.9,81.25,2.8999999,117.0,1.4168842,11.21
2011-03-31,2.8,10.5,7.95,12.969999,1011.10004,93.01539,5.98,46.0,0.5817005,11.25
2011-04-01,0.0,11.4,8.86,13.46,1018.7,91.385,5.21,75.0,0.96813154,11.23
2011-04-02,1.4,15.5,8.929999,22.039999,1013.3,74.090004,4.37,194.0,2.7687626,11.23
2011-04-03,0.0,11.12,7.94,13.66,1013.0,91.6,1.78,74.0,0.95055383,11.23
2011-04-04,0.0,9.7699995,5.94,13.99,1018.8,78.915,4.87,145.0,1.7912548,11.23
2011-04-05,0.0,9.61,7.0099998,11.349999,1021.3,81.83,6.8399997,52.0,0.6388031,11.22
2011-04-06,0.0,13.429999,10.08,17.369999,1023.9,89.775,5.31,111.0,1.5044076,11.21
2011-04-07,0.0,10.29,3.8999999,13.71,1023.8,79.64,4.58,155.0,1.9381415,11.21
2011-04-08,0.0,9.76,3.33,15.75,1024.7001,81.435,5.06,192.0,2.3649764,11.2
2011-04-09,0.0,8.5,3.27,13.23,1025.9,78.085,3.8,218.0,2.5887287,11.19
2011-04-10,0.0,9.099999,1.29,17.279999,1025.2001,78.700005,1.87,221.0,2.671255,11.19
2011-04-11,2.9,12.349999,3.23,21.18,1018.60004,73.47,3.03,210.0,2.7775433,11.19
2011-04-12,0.0,8.11,5.45,10.7699995,1021.4,76.29,7.33,162.0,1.905712,11.18
2011-04-13,0.0,7.89,1.35,13.389999,1020.9,73.925,4.44,176.0,2.0573447,11.18
2011-04-14,0.0,6.81,-0.78999996,12.87,1019.60004,76.28,1.6999999,164.0,1.8559678,11.17
2011-04-15,0.0,8.98,-0.39999998,16.05,1021.60004,67.525,1.74,213.0,2.569927,11.17
2011-04-16,0.0,11.21,4.6,16.619999,1022.7,66.06,1.99,162.0,2.0772538,11.16
2011-04-17,0.0,12.009999,7.0099998,18.029999,1025.2001,76.605,1.9399999,191.0,2.4978008,11.15
2011-04-18,0.0,12.309999,4.7999997,19.68,1021.2,69.825005,3.36,243.0,3.2073634,11.14
2011-04-19,0.0,14.719999,6.22,22.92,1016.5,56.79,2.6599998,250.0,3.5021455,11.13
2011-04-20,0.0,15.37,5.75,23.529999,1016.5,61.065002,2.6499999,249.0,3.5393636,11.12
2011-04-21,0.0,16.46,6.7999997,24.71,1015.2,59.015,2.49,237.0,3.4507635,11.12
2011-04-22,0.0,17.58,8.809999,25.56,1012.10004,52.940002,3.76,239.0,3.5650268,11.1
2011-04-23,0.0,16.85,8.86,25.16,1013.0,56.855,2.61,251.0,3.6874433,11.09
2011-04-24,0.0,17.26,10.08,24.48,1018.0,52.485,3.36,262.0,3.87494,11.08
2011-04-25,0.0,15.7,7.64,22.73,1021.8,55.205,3.25,278.0,3.9726384,11.07
2011-04-26,0.0,12.55,5.6099997,19.76,1022.7,69.495,4.5,256.0,3.3972425,11.06
2011-04-27,0.0,12.139999,7.5699997,16.69,1019.9,78.725,5.2,160.0,2.1039283,11.07
2011-04-28,0.0,14.21,8.809999,20.0,1015.8,73.51,3.82,181.0,2.5066931,11.05
2011-04-29,0.0,15.29,10.179999,22.15,1014.8,63.265,6.44,248.0,3.5211258,11.04
2011-04-30,0.0,13.24,6.67,20.81,1014.2,45.81,7.1499996,277.0,3.7514966,11.02
2011-05-01,0.0,10.9,5.0299997,18.01,1015.2,52.53,6.22,291.0,3.712821,11.0
2011-05-02,0.0,8.15,3.08,13.83,1015.3,54.71,6.41,279.0,3.2953966,10.98
2011-05-03,0.0,6.79,-1.01,13.25,1018.5,62.02,3.9099998,271.0,3.066613,10.97
2011-05-04,0.0,7.81,0.91999996,13.42,1021.9,71.9,3.32,227.0,2.6458905,10.96
2011-05-05,0.0,9.05,-2.72,17.26,1023.5,62.035,2.0,277.0,3.3459284,10.95
2011-05-06,0.0,14.32,3.6599998,22.85,1019.7,54.55,2.3799999,260.0,3.6045606,10.94
2011-05-07,0.0,19.75,7.43,27.699999,1017.7,41.525,4.46,267.0,4.1449046,10.94
2011-05-08,0.0,20.84,13.88,27.88,1018.60004,38.855,5.6,281.0,4.447367,10.91
2011-05-09,3.2,17.51,13.11,24.46,1022.60004,72.73,2.9199998,204.0,3.0277455,10.9
2011-05-10,6.8,16.039999,11.4,22.32,1025.0,76.130005,2.59,218.0,3.1347265,10.96
2011-05-11,0.0,15.19,8.26,21.369999,1021.4,75.51,2.77,254.0,3.5894792,11.08
2011-05-12,0.0,12.58,7.3999996,18.81,1017.5,78.125,3.62,204.0,2.714939,11.05
2011-05-13,0.0,13.08,7.14,18.539999,1019.3,70.125,3.53,232.0,3.1235137,11.01
2011-05-14,0.0,11.32,6.62,15.719999,1015.0,72.520004,4.19,204.0,2.6319582,11.0
2011-05-15,6.8,10.4,5.68,15.61,1020.10004,79.325005,4.36,211.0,2.650578,10.96
2011-05-16,4.6,12.12,9.349999,13.88,1018.4,93.725006,5.0899997,58.0,0.7627607,11.08
2011-05-17,2.0,13.17,11.969999,14.94,1017.60004,90.14,4.33,110.0,1.4852277,11.13
2011-05-18,0.0,14.5,12.3,17.359999,1015.10004,83.995,4.27,132.0,1.840849,11.1
2011-05-19,0.0,12.04,6.49,16.22,1018.0,81.395004,2.1,150.0,1.9689858,11.08
2011-05-20,0.0,13.67,4.8399997,19.99,1018.60004,74.245,2.28,234.0,3.1963727,11.06
2011-05-21,3.4,14.58,4.2799997,21.71,1020.2,66.495,1.67,301.0,4.197237,11.03
2011-05-22,0.0,14.04,10.0,19.47,1015.7,78.69,4.5499997,175.0,2.4141152,11.06
2011-05-23,0.0,15.7699995,7.9199996,21.539999,1019.7,64.42,5.68,302.0,4.3255167,11.02
2011-05-24,0.0,12.09,7.47,16.109999,1022.8,64.445,5.69,260.0,3.4104648,10.99
2011-05-25,0.0,14.059999,5.2,20.93,1023.8,60.07,3.26,306.0,4.2100134,10.96
2011-05-26,7.9,14.509999,9.79,21.33,1007.5,61.225002,6.2799997,221.0,3.0916994,10.96
2011-05-27,3.6000001,11.2,7.0099998,13.86,1012.5,87.205,4.8399997,148.0,1.9055092,11.0
2011-05-28,6.4,12.24,6.89,15.759999,1012.9,83.76,5.5299997,167.0,2.2078905,11.02
2011-05-29,0.0,14.889999,11.16,18.73,1011.9,79.765,5.48,119.0,1.6763557,11.08
2011-05-30,2.4,19.619999,10.13,27.269999,1011.0,67.29,3.4399998,282.0,4.376583,11.04
2011-05-31,2.3,12.429999,5.8399997,14.88,1016.3,85.915,4.02,113.0,1.4989907,11.07
2011-06-01,0.0,12.7699995,4.38,18.85,1029.8,68.065,2.27,304.0,4.0447226,11.03
2011-06-02,0.0,15.16,5.17,21.96,1033.9,68.66,2.6599998,329.0,4.624734,10.99
2011-06-03,0.0,17.14,10.65,23.189999,1030.8,77.575005,4.63,327.0,4.8030357,10.97
2011-06-04,0.0,18.56,12.59,26.06,1020.8,71.7,4.96,326.0,4.943334,10.94
2011-06-05,4.0,16.6,12.309999,22.66,1008.8,88.670006,3.9099998,217.0,3.1760964,10.93
2011-06-06,2.6000001,16.01,13.16,20.869999,1002.9,88.5,2.78,176.0,2.5494695,10.92
2011-06-07,0.90000004,14.62,11.389999,18.08,1005.10004,84.585,2.4099998,146.0,2.049475,10.98
2011-06-08,1.1,13.599999,8.71,17.369999,1006.10004,83.36,3.1,124.0,1.6993359,10.95
2011-06-09,0.0,13.7,6.93,19.25,1013.5,70.385,3.83,277.0,3.7940192,10.94
2011-06-10,1.3000001,14.099999,5.0,19.65,1015.0,71.015,2.07,205.0,2.832694,10.9
2011-06-11,1.4,12.429999,5.68,17.52,1016.0,79.145004,3.6599998,221.0,2.932015,10.9
2011-06-12,0.0,13.88,4.5899997,19.949999,1017.7,67.72,2.53,260.0,3.5704703,10.88
2011-06-13,2.2,16.109999,13.12,19.91,1013.2,80.42,4.24,139.0,2.0102973,10.87
2011-06-14,0.0,15.79,8.5199995,20.46,1017.9,75.07,2.54,259.0,3.713684,10.89
2011-06-15,0.0,16.64,8.05,22.539999,1015.5,80.17,1.9599999,200.0,2.922779,10.88
2011-06-16,14.8,15.2699995,12.16,18.83,1010.10004,88.65,3.3999999,117.0,1.663344,10.89
2011-06-17,2.7,15.13,11.07,18.55,1009.5,75.615005,4.16,198.0,2.8067846,11.01
2011-06-18,10.7,14.139999,11.4,18.09,999.9,82.625,6.2999997,179.0,2.490263,10.99
2011-06-19,3.7,12.37,9.62,14.48,1005.60004,89.46,6.04,101.0,1.3436972,11.13
2011-06-20,2.6000001,14.79,9.24,19.89,1012.0,81.48,2.86,228.0,3.204482,11.13
2011-06-21,1.1,16.14,11.91,20.279999,1010.9,83.255005,3.9299998,172.0,2.4912255,11.09
2011-06-22,3.4,15.009999,12.55,17.619999,1009.9,80.880005,4.24,148.0,2.0920758,11.08
2011-06-23,6.8,14.099999,9.92,18.1,1012.8,84.840004,4.46,182.0,2.5170228,11.12
2011-06-24,0.0,13.049999,7.6499996,17.73,1019.7,80.950005,3.75,213.0,2.8651536,11.11
2011-06-25,1.5,13.41,7.37,15.88,1021.10004,92.8353,3.6399999,104.0,1.4104159,11.09
2011-06-26,0.0,19.439999,15.53,24.9,1022.2,81.765,2.99,232.0,3.5757978,11.1
2011-06-27,0.0,23.0,14.48,28.849998,1018.3,70.725,3.58,316.0,5.1863775,11.06
2011-06-28,12.1,24.859999,18.46,31.83,1014.2,69.64,3.33,282.0,4.7678003,11.01
2011-06-29,0.0,17.06,11.15,21.57,1017.4,85.68,4.5,158.0,2.327699,11.12
2011-06-30,1.5,14.139999,9.94,19.49,1021.8,74.97,3.58,194.0,2.67616,11.06
2011-07-01,2.5,13.25,9.03,17.97,1021.5,80.595,3.8999999,258.0,3.4848764,11.06
2011-07-02,0.0,13.559999,9.4,17.18,1016.8,74.965004,5.0299997,153.0,2.085945,11.04
2011-07-03,0.0,13.9,12.24,15.32,1015.8,78.94,4.5899997,113.0,1.5536616,11.0
2011-07-04,0.0,14.299999,7.6699996,17.99,1017.3,77.665,2.61,168.0,2.3301673,10.99
2011-07-05,0.0,15.589999,7.06,20.859999,1014.10004,78.075005,1.8199999,233.0,3.3309581,10.97
2011-07-06,0.0,16.73,10.5199995,22.18,1007.7,82.3,3.52,212.0,3.1125522,10.95
2011-07-07,0.0,16.84,10.82,23.34,1008.5,74.255005,2.54,242.0,3.5601208,10.94
2011-07-08,4.6,16.97,11.059999,21.59,1009.0,74.05,3.59,217.0,3.2003603,10.91
2011-07-09,2.1000001,16.23,11.58,20.38,1013.10004,76.32,3.8899999,192.0,2.78404,10.89
2011-07-10,2.0,16.17,10.29,22.25,1018.10004,79.705,2.62,253.0,3.6572735,10.91
2011-07-11,0.0,16.31,8.57,22.949999,1019.8,77.895004,1.61,284.0,4.1151896,10.89
2011-07-12,39.4,16.85,11.16,22.949999,1015.9,79.770004,4.95,227.0,3.3314624,10.86
2011-07-13,6.3,14.059999,13.04,14.96,1008.60004,94.325005,5.87,46.0,0.6366152,11.26
2011-07-14,7.5,14.7,13.889999,16.48,1004.0,93.200005,4.2999997,52.0,0.7315793,11.22
2011-07-15,0.0,15.65,11.429999,19.96,1014.10004,84.575005,4.5,191.0,2.7341127,11.24
2011-07-16,13.900001,16.91,12.0,22.26,1004.5,82.575005,4.1,148.0,2.183487,11.22
2011-07-17,4.3,15.61,13.62,20.359999,995.7,82.245,5.0699997,185.0,2.6639128,11.24
2011-07-18,4.3,14.839999,13.259999,16.76,997.8,86.78,5.74,131.0,1.8531893,11.25
2011-07-19,0.0,16.859999,12.009999,21.59,1004.3,77.32,3.08,214.0,3.154173,11.24
2011-07-20,0.0,15.96,10.809999,18.859999,1008.5,86.855,2.1299999,181.0,2.613763,11.22
2011-07-21,0.0,15.089999,10.32,20.68,1010.60004,83.915,3.04,195.0,2.7606575,11.21
2011-07-22,0.0,13.74,10.389999,16.99,1010.4,78.73,4.8599997,135.0,1.853073,11.2
2011-07-23,21.800001,13.15,12.3,16.33,1005.10004,85.94,6.44,128.0,1.736095,11.21
2011-07-24,7.7000003,13.2699995,12.54,14.63,1002.3,94.325005,6.02,59.0,0.8034422,11.27
2011-07-25,1.5,14.17,11.29,16.699999,1008.5,86.75,2.47,153.0,2.1229312,11.29
2011-07-26,4.6,15.08,12.679999,18.26,1012.3,90.915794,1.7099999,132.0,1.8671468,11.27
2011-07-27,9.900001,17.59,11.49,23.369999,1018.3,85.565,1.66,206.0,3.0668907,11.26
2011-07-28,0.0,17.64,11.55,22.71,1019.9,84.130005,3.23,240.0,3.5747294,11.3
2011-07-29,1.5,14.509999,11.2,17.16,1019.5,89.32,3.6499999,114.0,1.5875235,11.29
2011-07-30,0.0,14.0,11.98,15.929999,1017.60004,85.11,3.72,106.0,1.4598198,11.28
2011-07-31,0.0,14.799999,12.33,17.6,1016.7,80.265,2.29,109.0,1.5295949,11.26
2011-08-01,0.0,16.75,11.259999,21.84,1017.10004,75.74,1.9799999,209.0,3.0596154,11.25
2011-08-02,0.0,20.689999,13.71,26.92,1016.7,74.5,2.96,257.0,4.0591307,11.24
2011-08-03,25.0,20.5,17.14,24.81,1013.7,83.695,2.8,128.0,2.016726,11.24
2011-08-04,6.3,20.08,15.69,25.05,1012.10004,83.15,2.9199998,206.0,3.222919,11.28
2011-08-05,0.0,18.97,13.96,23.029999,1011.4,84.43,3.35,193.0,2.9587748,11.29
2011-08-06,5.9,18.51,13.11,25.019999,1003.8,88.065,3.01,137.0,2.0871165,11.29
2011-08-07,4.4,16.14,12.3,20.25,1002.9,83.28,4.8599997,193.0,2.8034804,11.28
2011-08-08,8.7,14.69,12.25,18.56,1002.9,86.625,4.89,148.0,2.0825894,11.29
2011-08-09,0.8,13.759999,11.09,16.69,1015.10004,80.12,5.68,160.0,2.1932268,11.3
2011-08-10,7.4,13.99,9.33,17.74,1018.8,85.065,4.37,149.0,2.050575,11.29
2011-08-11,5.0,16.529999,14.099999,18.279999,1008.8,92.877785,5.54,93.0,1.3591893,11.3
2011-08-12,0.0,16.23,10.91,19.56,1008.9,89.83,2.9099998,104.0,1.5103017,11.31
2011-08-13,3.9,16.24,9.8,19.85,1008.3,91.93158,2.02,120.0,1.7434022,11.3
2011-08-14,3.5,16.68,11.17,20.47,1005.8,91.345,2.57,90.0,1.3208815,11.31
2011-08-15,0.0,14.78,8.639999,20.71,1014.5,82.6,2.8999999,206.0,2.8918872,11.3
2011-08-16,0.0,15.33,8.65,20.49,1016.9,81.265,2.53,114.0,1.6187568,11.29
2011-08-17,2.1000001,15.83,10.639999,21.439999,1016.4,83.44,2.6599998,194.0,2.7856193,11.28
2011-08-18,2.8,15.549999,11.15,19.5,1014.3,89.44,2.6,123.0,1.7567327,11.26
2011-08-19,0.0,15.11,9.11,19.289999,1016.0,81.385,3.9399998,177.0,2.5018892,11.27
2011-08-20,0.0,16.38,8.76,22.07,1019.8,79.945,2.53,221.0,3.2070878,11.26
2011-08-21,0.0,18.66,10.99,26.269999,1013.9,84.275,2.95,160.0,2.4363997,11.27
2011-08-22,1.6,17.63,11.259999,23.74,1018.10004,83.875,1.9599999,186.0,2.7715583,11.24
2011-08-23,4.2000003,18.69,15.41,22.279999,1013.3,91.34211,2.83,115.0,1.7525182,11.26
2011-08-24,0.6,18.359999,14.45,22.33,1013.7,91.43,2.34,129.0,1.9531033,11.26
2011-08-25,0.0,18.33,12.29,23.85,1013.10004,83.665,2.3999999,188.0,2.8452885,11.25
2011-08-26,4.8,18.48,14.219999,24.619999,1005.2,89.8,3.6399999,127.0,1.9327555,11.25
2011-08-27,1.6,14.99,11.63,19.98,1009.9,88.145004,4.15,121.0,1.7096475,11.26
2011-08-28,11.0,13.21,10.19,16.789999,1013.10004,90.78,4.7999997,125.0,1.6924309,11.27
2011-08-29,1.3000001,12.349999,10.5,14.96,1012.3,86.785,4.6,108.0,1.4321522,11.31
2011-08-30,1.5,13.33,10.58,17.55,1014.10004,84.245,3.07,118.0,1.6016425,11.29
2011-08-31,0.0,12.95,7.22,16.949999,1014.3,87.060005,2.72,107.0,1.4389106,11.29
2011-09-01,0.0,12.08,6.8399997,16.859999,1015.60004,84.42,1.41,141.0,1.854569,11.29
2011-09-02,0.0,15.12,5.46,22.67,1012.7,80.24,1.8,195.0,2.7603362,11.27
2011-09-03,2.0,19.56,10.889999,27.17,1010.5,82.82,1.92,199.0,3.085515,11.27
2011-09-04,0.0,18.92,15.79,21.71,1007.9,88.445,2.72,97.0,1.4873418,11.26
2011-09-05,4.8,15.049999,11.929999,18.33,1011.4,82.21,5.37,145.0,2.0503488,11.27
2011-09-06,25.2,14.49,12.21,16.69,1008.7,87.7,7.27,83.0,1.1600729,11.26
2011-09-07,15.900001,14.009999,12.21,18.199999,1005.7,85.85,5.91,110.0,1.522288,11.32
2011-09-08,8.8,13.66,10.95,16.14,1006.10004,93.27143,3.8799999,69.0,0.9469406,11.31
2011-09-09,0.0,16.99,13.62,21.25,1009.8,91.66,3.1699998,62.0,0.9145089,11.31
2011-09-10,6.0,20.46,16.619999,25.14,1008.10004,87.270004,3.3899999,115.0,1.8137432,11.31
2011-09-11,0.0,17.039999,14.29,21.05,1007.60004,87.770004,3.99,115.0,1.6993188,11.32
2011-09-12,0.0,16.25,13.88,19.38,1005.3,86.885,7.22,62.0,0.90192276,11.31
2011-09-13,4.3,14.969999,11.78,17.76,1008.9,78.12,6.0299997,135.0,1.9073213,11.3
2011-09-14,4.8,13.16,10.19,16.49,1014.2,84.29,5.27,104.0,1.4057832,11.3
2011-09-15,0.0,11.95,5.72,17.4,1020.2,82.855,3.04,136.0,1.7795036,11.31
2011-09-16,0.0,12.3,4.3199997,17.27,1016.5,80.835,2.69,152.0,2.0096245,11.3
2011-09-17,5.6,14.58,12.17,17.359999,1007.0,86.845,3.98,65.0,0.9109483,11.29
2011-09-18,1.1,11.66,8.25,15.309999,1002.60004,90.305,3.48,95.0,1.2429959,11.31
2011-09-19,0.0,11.53,6.3199997,16.99,1011.4,88.55,3.48,132.0,1.7149582,11.31
2011-09-20,0.0,14.599999,10.34,18.24,1019.2,87.72,4.5,65.0,0.90713996,11.3
2011-09-21,0.0,14.969999,13.29,17.14,1016.4,85.73,4.5299997,49.0,0.6903384,11.29
2011-09-22,0.0,13.15,8.51,17.08,1017.10004,81.265,4.2,111.0,1.4983021,11.28
2011-09-23,0.0,12.29,7.31,18.57,1017.8,83.6,2.44,137.0,1.8098835,11.28
2011-09-24,0.0,12.389999,6.2999997,20.0,1016.5,85.045,1.63,148.0,1.9611577,11.28
2011-09-25,0.0,14.25,5.31,21.43,1018.3,84.18,2.04,153.0,2.118845,11.27
2011-09-26,1.5,16.17,11.19,23.42,1022.4,87.53,2.72,116.0,1.6742642,11.26
2011-09-27,0.0,14.86,9.12,20.24,1029.6,92.21579,1.13,92.0,1.2865367,11.27
2011-09-28,0.0,15.7699995,7.72,22.9,1029.8,87.12,1.87,151.0,2.1548264,11.26
2011-09-29,0.0,16.05,9.44,24.92,1027.4,85.48,1.8399999,152.0,2.184265,11.25
2011-09-30,0.0,15.759999,8.79,25.109999,1026.0,81.090004,1.78,153.0,2.1859057,11.24
2011-10-01,0.0,15.71,7.3999996,25.57,1026.2001,85.345,0.85999995,150.0,2.1405416,11.24
2011-10-02,0.0,15.509999,8.15,24.15,1024.0,84.69,1.55,145.0,2.061757,11.24
2011-10-03,0.0,17.73,12.23,23.699999,1018.4,76.83,3.8999999,82.0,1.2242036,11.23
2011-10-04,0.0,14.99,11.16,19.42,1017.4,85.93,3.3899999,59.0,0.8312859,11.23
2011-10-05,9.7,16.07,11.679999,18.89,1014.8,85.485,5.5699997,42.0,0.6065567,11.22
2011-10-06,12.400001,12.349999,7.5699997,16.64,1004.5,84.54,6.23,55.0,0.7316841,11.28
2011-10-07,10.1,10.01,7.5499997,14.08,1008.2,86.58,4.58,83.0,1.0370442,11.3
2011-10-08,3.2,8.7,4.17,12.969999,1014.4,81.58,4.0299997,92.0,1.1047446,11.29
2011-10-09,10.0,9.37,1.8,15.5199995,1015.9,93.075005,4.0499997,69.0,0.84399307,11.28
2011-10-10,8.5,15.17,13.599999,16.64,1011.0,91.700005,6.02,35.0,0.49631223,11.31
2011-10-11,4.1,13.73,11.45,15.78,1012.60004,90.87059,5.5699997,29.0,0.39763013,11.31
2011-10-12,2.6000001,10.13,5.49,12.75,1019.8,92.37369,1.92,52.0,0.64851296,11.31
2011-10-13,0.0,8.95,2.75,14.95,1030.2001,84.6,1.39,103.0,1.2367942,11.3
2011-10-14,0.0,7.02,2.11,12.88,1034.3,82.325005,2.46,118.0,1.3345877,11.3
2011-10-15,0.0,6.31,1.27,13.0199995,1029.7001,82.725,2.75,123.0,1.363384,11.3
2011-10-16,0.0,6.66,1.23,13.79,1024.2001,82.695,2.3799999,119.0,1.3373772,11.29
2011-10-17,7.4,10.139999,2.08,14.74,1017.2,89.815,4.15,75.0,0.93668586,11.29
2011-10-18,3.3,9.889999,6.8199997,13.16,1005.60004,84.425,6.42,53.0,0.66079795,11.3
2011-10-19,3.4,7.66,4.24,11.04,1012.5,87.485,4.31,66.0,0.7692647,11.31
2011-10-20,1.6,6.6299996,2.98,10.849999,1023.3,88.665,3.31,82.0,0.921092,11.32
2011-10-21,0.0,6.5099998,2.85,11.11,1025.8,83.475,3.6799998,89.0,0.9947195,11.3
2011-10-22,0.0,6.0,2.81,10.929999,1020.9,76.185,3.4299998,106.0,1.1684389,11.3
2011-10-23,0.0,7.3799996,2.23,13.5199995,1015.7,77.770004,3.6799998,103.0,1.188554,11.29
2011-10-24,0.0,8.54,3.6,12.21,1009.10004,78.055,5.8199997,106.0,1.2700919,11.3
2011-10-25,1.1,9.469999,7.17,11.24,1005.7,81.89,5.79,48.0,0.59150475,11.29
2011-10-26,0.0,9.45,6.0099998,12.65,1010.7,84.590004,3.9399998,59.0,0.7250063,11.28
2011-10-27,0.0,9.51,4.6,14.299999,1014.9,83.78,3.58,71.0,0.8722772,11.27
2011-10-28,0.0,11.099999,8.07,14.179999,1022.3,92.61819,2.12,48.0,0.6138043,11.28
2011-10-29,0.0,11.67,7.66,16.38,1022.2,91.68182,2.35,32.0,0.4153609,11.27
2011-10-30,0.0,12.9,10.86,14.19,1020.0,93.318184,4.02,26.0,0.34841374,11.27
2011-10-31,0.0,12.59,8.87,16.17,1017.9,89.78,2.69,45.0,0.59893495,11.27
2011-11-01,2.4,11.679999,7.8599997,16.109999,1012.7,91.090004,3.1499999,68.0,0.8863971,11.27
2011-11-02,0.0,11.29,9.099999,12.889999,1011.3,93.61667,2.83,37.0,0.4777436,11.27
2011-11-03,0.0,13.309999,9.51,17.18,1002.5,83.61,3.73,36.0,0.49066594,11.27
2011-11-04,0.0,14.67,12.21,17.63,1002.5,73.155,3.8999999,56.0,0.787771,11.27
2011-11-05,0.0,10.679999,4.89,13.66,1007.60004,84.93,2.8899999,42.0,0.53450125,11.27
2011-11-06,0.0,8.37,3.75,11.07,1017.10004,91.8,3.49,20.0,0.23756465,11.26
2011-11-07,0.0,9.309999,8.8,10.55,1020.7,90.55,5.37,15.0,0.18276799,11.26
2011-11-08,0.0,7.3999996,6.2599998,8.66,1019.2,92.74118,4.0,27.0,0.31122774,11.26
2011-11-09,0.0,5.5,4.5299997,6.6299996,1021.3,91.04246,2.79,33.0,0.35782632,11.25
2011-11-10,0.0,5.45,4.16,7.6,1023.60004,89.34373,4.2599998,24.0,0.25950652,11.25
2011-11-11,0.0,4.06,0.37,6.8799996,1024.4,87.645004,5.4,44.0,0.45377132,11.25
2011-11-12,0.0,3.1,-0.75,8.63,1030.5,88.58421,2.6699998,59.0,0.5862909,11.24
2011-11-13,0.0,1.3,-1.65,5.69,1032.9,92.53333,2.69,47.0,0.43629378,11.24
2011-11-14,0.0,-0.41,-2.55,1.81,1027.3,93.36667,2.79,33.0,0.2873206,11.23
2011-11-15,0.0,0.5,-0.24,2.08,1023.9,94.200005,4.37,32.0,0.28948072,11.23
2011-11-16,0.0,0.61,-1.42,2.6399999,1022.2,93.20909,3.8899999,36.0,0.32739463,11.23
2011-11-17,0.0,0.11,-2.6499999,3.53,1021.5,94.200005,2.2,30.0,0.26762113,11.23
2011-11-18,0.0,6.5299997,2.34,10.69,1022.0,94.700005,2.11,25.0,0.2801164,11.23
2011-11-19,0.0,3.06,-1.01,9.4,1020.7,94.53334,1.7199999,38.0,0.37908515,11.23
2011-11-20,0.0,0.59,-1.7199999,6.68,1020.60004,94.08667,1.11,35.0,0.31834862,11.22
2011-11-21,0.0,-0.01,-2.18,2.1499999,1018.3,93.64001,1.4599999,38.0,0.3380129,11.22
2011-11-22,1.6,0.45,-1.0,1.7099999,1020.0,93.19334,1.61,27.0,0.24432719,11.22
2011-11-23,0.0,5.89,1.3199999,8.849999,1026.1,92.74667,2.25,18.0,0.19719578,11.23
2011-11-24,0.0,7.7599998,6.5099998,10.09,1028.1,92.3,4.6,18.0,0.20887558,11.22
2011-11-25,1.2,7.7,6.06,10.599999,1021.60004,91.52353,5.66,15.0,0.17428501,11.23
2011-11-26,1.0,8.559999,5.12,11.09,1022.0,84.215004,6.8799996,22.0,0.26218045,11.22
2011-11-27,0.90000004,9.51,4.37,12.009999,1015.7,79.81,8.11,16.0,0.1964986,11.23
2011-11-28,0.0,4.56,1.4699999,8.65,1024.7001,89.89,3.53,45.0,0.47203898,11.22
2011-11-29,0.6,6.41,3.57,9.2699995,1013.4,90.67778,6.2599998,28.0,0.3138779,11.23
2011-11-30,0.0,6.43,4.17,9.639999,1021.10004,85.16,4.71,44.0,0.4916673,11.23
2011-12-01,18.300001,8.139999,5.0299997,11.33,1008.60004,90.356255,5.39,13.0,0.1539895,11.22
2011-12-02,3.1000001,5.67,3.57,8.429999,1008.5,90.41053,4.2799997,26.0,0.28534377,11.28
2011-12-03,6.5,6.81,3.83,9.54,999.4,87.310005,7.41,14.0,0.16001906,11.31
2011-12-04,5.6,6.15,3.74,8.2,994.9,84.770004,5.99,15.0,0.16832758,11.3
2011-12-05,12.3,3.58,1.4599999,5.9,997.9,86.19,5.95,25.0,0.25719804,11.29
2011-12-06,4.9,3.12,1.51,6.1,1001.4,90.57,5.45,19.0,0.19196852,11.31
2011-12-07,5.3,5.38,2.1699998,7.3799996,998.2,84.93,8.45,20.0,0.218589,11.31
2011-12-08,13.5,6.17,2.98,10.01,1007.7,88.455,8.12,14.0,0.15619454,11.31
2011-12-09,7.9,4.8399997,1.76,7.33,1003.3,81.880005,7.5699997,25.0,0.26770556,11.32
2011-12-10,0.0,2.56,0.42,6.2799997,1011.0,87.915,4.97,29.0,0.2856535,11.32
2011-12-11,1.9,2.69,1.36,4.5099998,1010.4,85.905266,4.5899997,18.0,0.17819858,11.31
2011-12-12,8.2,5.6099997,3.29,7.25,1002.4,88.36,5.44,22.0,0.24172805,11.3
2011-12-13,3.7,6.66,5.08,9.929999,991.60004,83.145004,9.3,16.0,0.18273917,11.32
2011-12-14,4.0,3.98,2.37,5.49,994.9,89.631584,6.94,14.0,0.14627224,11.31
2011-12-15,6.1,4.8399997,3.8,5.54,997.10004,90.272224,6.67,10.0,0.10743097,11.31
2011-12-16,9.1,3.8,3.03,5.54,982.2,91.72,5.7799997,10.0,0.1045553,11.32
2011-12-17,3.1000001,3.78,1.43,6.79,1000.3,87.36,4.5099998,29.0,0.3000369,11.31
2011-12-18,5.0,2.4099998,0.96,4.75,1007.7,87.89,4.3399997,24.0,0.23554935,11.32
2011-12-19,5.3,1.92,0.21,4.72,1012.4,91.025,5.06,30.0,0.28840944,11.31
2011-12-20,4.3,4.44,0.28,6.8399997,1006.3,92.96667,5.81,17.0,0.17932646,11.32
2011-12-21,2.4,4.35,2.84,6.95,1016.10004,92.09375,2.84,16.0,0.1673935,11.32
2011-12-22,0.0,8.07,4.94,9.48,1019.0,94.700005,3.99,11.0,0.12939256,11.31
2011-12-23,11.7,8.63,7.9199996,9.38,1014.7,93.3,5.73,8.0,0.095856726,11.31
2011-12-24,0.0,5.65,3.84,7.75,1020.8,86.49,6.14,31.0,0.33787832,11.32
2011-12-25,0.0,8.87,6.08,10.05,1025.4,90.71667,7.37,14.0,0.16808815,11.31
2011-12-26,0.0,10.32,9.78,11.32,1031.1,90.76,6.42,11.0,0.13721979,11.3
2011-12-27,0.0,8.559999,7.3599997,10.83,1032.8,86.265,5.02,8.0,0.0948636,11.31
2011-12-28,0.0,6.6099997,5.43,7.83,1019.2,87.855,6.94,11.0,0.12373283,11.3
2011-12-29,10.5,5.96,3.7099998,7.2,1009.9,83.89,8.139999,13.0,0.14390929,11.3
2011-12-30,1.5,3.99,1.09,7.06,1009.9,87.155,4.96,29.0,0.3006651,11.3
2011-12-31,3.9,5.39,2.4299998,9.42,1008.5,94.200005,4.0299997,12.0,0.13050185,11.31
2012-01-01,26.7,10.679999,9.2,12.75,1004.4,93.78334,5.87,10.0,0.12743987,11.31
2012-01-02,1.0,6.37,3.6799998,9.26,1006.2,88.64,4.95,18.0,0.2022486,11.34
2012-01-03,19.800001,6.47,3.6799998,10.15,1001.3,84.905,9.969999,7.0,0.07909305,11.33
2012-01-04,19.0,6.22,4.0499997,7.2999997,1004.5,83.37,8.59,22.0,0.24623361,11.33
2012-01-05,2.4,6.6299996,3.56,8.41,989.5,78.325,10.559999,18.0,0.20560625,11.35
2012-01-06,4.5,6.1099997,3.83,7.8599997,1014.2,82.975,7.0299997,28.0,0.3107771,11.33
2012-01-07,1.8000001,6.73,4.87,8.29,1012.10004,88.54,6.7,19.0,0.21527638,11.33
2012-01-08,2.1000001,6.42,4.66,7.91,1019.2,88.525,5.1099997,17.0,0.19008102,11.32
2012-01-09,0.0,6.83,4.71,8.5199995,1024.5,92.920006,4.2,12.0,0.13556217,11.31
2012-01-10,0.0,5.96,2.04,8.04,1030.3,93.289474,3.6299999,22.0,0.24105649,11.31
2012-01-11,0.0,7.9199996,5.75,8.639999,1028.7001,93.740005,5.0699997,13.0,0.15154041,11.31
2012-01-12,1.7,7.19,5.1099997,9.7,1019.7,85.28,7.8599997,13.0,0.14885387,11.3
2012-01-13,0.0,4.91,2.8,6.79,1025.1,77.955,5.92,34.0,0.3608189,11.3
2012-01-14,0.0,3.54,-0.32999998,6.72,1027.5,85.72,2.95,34.0,0.34375516,11.3
2012-01-15,0.0,1.74,-2.86,6.0699997,1027.5,91.15,1.03,44.0,0.41659567,11.29
2012-01-16,0.0,-1.01,-4.6,4.12,1028.7001,90.8353,0.78999996,40.0,0.33954108,11.29
2012-01-17,0.0,-0.69,-4.64,3.6899998,1028.8,90.36842,2.2,44.0,0.3784162,11.27
2012-01-18,5.0,1.9799999,-1.78,5.6,1022.7,89.925,5.1099997,17.0,0.16284925,11.27
2012-01-19,3.7,5.48,2.85,7.37,1012.5,92.21429,4.89,14.0,0.15238823,11.29
2012-01-20,4.5,3.29,0.44,5.9,1011.4,85.48,4.96,31.0,0.3133822,11.29
2012-01-21,3.1000001,6.0099998,2.4199998,9.2699995,1002.8,86.85,7.68,17.0,0.18916777,11.3
2012-01-22,7.3,5.87,3.75,7.7,1003.5,85.520004,8.0199995,16.0,0.1771819,11.32
2012-01-23,4.7000003,3.84,1.8199999,6.5699997,1012.10004,91.185005,4.0299997,28.0,0.2884548,11.3
2012-01-24,0.0,1.86,-1.5699999,5.95,1019.5,92.68236,2.49,30.0,0.2866134,11.3
2012-01-25,0.0,1.3,-1.15,3.3899999,1020.60004,93.39286,3.9099998,33.0,0.30849072,11.29
2012-01-26,3.0,2.54,1.03,3.35,1015.4,88.885,5.39,31.0,0.30438656,11.31
2012-01-27,0.0,3.9499998,1.26,7.33,1020.4,91.81177,3.74,41.0,0.4221192,11.3
2012-01-28,0.0,1.54,-0.96,5.1099997,1029.3,91.89412,2.6399999,34.0,0.31916732,11.3
2012-01-29,0.0,-2.04,-3.75,0.19,1031.7001,85.44,4.02,20.0,0.16227971,11.3
2012-01-30,0.0,-3.3899999,-5.42,-2.07,1028.3,72.340004,5.04,34.0,0.26064178,11.29
2012-01-31,0.0,-5.4,-7.2799997,-3.11,1030.7001,72.075005,6.02,68.0,0.47451442,11.27
2012-02-01,0.0,-5.2,-7.5899997,-1.68,1036.4,60.05,6.3199997,70.0,0.49125046,11.26
2012-02-02,0.0,-7.46,-11.21,-3.87,1037.9,63.505,3.83,72.0,0.45204934,11.25
2012-02-03,2.1000001,-8.51,-15.53,-4.63,1038.2001,89.200005,1.74,43.0,0.25579867,11.24
2012-02-04,0.0,-12.139999,-18.21,-4.94,1039.3,84.450005,1.3,72.0,0.3511551,11.23
2012-02-05,0.0,-8.34,-11.34,-4.5699997,1033.6,70.5,2.82,69.0,0.4154426,11.23
2012-02-06,0.0,-9.309999,-13.57,-5.31,1036.6,72.115,2.3799999,78.0,0.44543943,11.22
2012-02-07,0.0,-7.98,-16.82,-2.6,1042.6,74.885,4.19,63.0,0.38397193,11.2
2012-02-08,0.0,-3.58,-8.12,-0.93,1041.7001,80.94,4.83,46.0,0.34666756,11.2
2012-02-09,0.0,-3.1599998,-7.91,0.56,1039.0,82.815,3.4199998,41.0,0.31538352,11.19
2012-02-10,0.0,-5.8199997,-10.28,-1.48,1041.8,72.475,3.6,79.0,0.53633106,11.18
2012-02-11,0.0,-6.91,-12.929999,-1.8199999,1037.8,76.835,1.92,63.0,0.4066063,11.17
2012-02-12,1.7,-2.8899999,-9.4,0.14999999,1030.6,90.985,2.86,21.0,0.16434485,11.16
2012-02-13,2.7,1.53,0.22,4.0,1019.8,94.700005,2.81,27.0,0.25473028,11.17
2012-02-14,2.7,3.9499998,1.28,5.58,1013.7,92.316666,4.93,30.0,0.3099733,11.19
2012-02-15,0.0,3.76,0.65,6.21,1012.4,83.66,7.0699997,51.0,0.5238564,11.26
2012-02-16,1.0,3.76,1.05,6.41,1021.5,94.075005,3.99,34.0,0.3475377,11.26
2012-02-17,0.0,4.67,0.68,7.7799997,1018.9,93.3,3.86,43.0,0.45411658,11.27
2012-02-18,5.4,5.95,2.6299999,7.91,1009.0,92.15714,6.5099998,20.0,0.2214286,11.28
2012-02-19,1.8000001,2.04,-0.84,5.58,1016.8,86.42,5.04,67.0,0.64538664,11.29
2012-02-20,1.3000001,1.5899999,-2.84,5.43,1030.1,79.655,4.92,91.0,0.8554748,11.27
2012-02-21,0.0,4.83,2.54,7.46,1026.2001,91.53158,5.85,28.0,0.29617813,11.28
2012-02-22,5.3,6.27,4.5699997,8.92,1021.9,84.135,7.5699997,47.0,0.5223199,11.29
2012-02-23,0.0,9.21,5.8199997,11.55,1018.5,92.62727,5.92,48.0,0.58378214,11.29
2012-02-24,1.5,8.17,3.48,10.44,1022.10004,93.55455,5.5499997,29.0,0.34164166,11.29
2012-02-25,0.0,5.12,2.4099998,8.63,1022.8,89.88947,4.19,65.0,0.69548345,11.28
2012-02-26,0.0,5.45,2.54,9.45,1025.2001,90.175,2.95,70.0,0.75627816,11.28
2012-02-27,0.90000004,5.98,3.24,7.35,1022.9,94.00001,4.41,29.0,0.3191413,11.28
2012-02-28,0.0,7.74,6.68,8.62,1021.3,94.40001,4.38,21.0,0.24432841,11.27
2012-02-29,0.0,8.139999,6.18,10.059999,1024.6,94.8,3.3,22.0,0.25864235,11.27
2012-03-01,0.0,7.8199997,6.49,9.4,1026.1,95.200005,2.29,33.0,0.38399565,11.27
2012-03-02,0.0,5.5099998,2.4199998,8.26,1027.4,94.200005,2.59,54.0,0.58391416,11.27
2012-03-03,0.0,7.77,4.99,9.91,1022.3,91.95556,3.59,50.0,0.5819837,11.26
2012-03-04,2.6000001,7.41,4.68,10.2,1018.2,91.9,2.86,55.0,0.63448083,11.26
2012-03-05,0.0,6.22,4.39,7.9199996,1015.2,85.825005,4.0499997,25.0,0.27831528,11.28
2012-03-06,0.0,6.04,2.29,9.0199995,1024.7001,75.17,2.4099998,98.0,1.0795906,11.26
2012-03-07,8.1,4.25,2.5,5.92,1016.2,89.655,5.62,20.0,0.20851663,11.27
2012-03-08,0.0,4.92,1.51,8.72,1026.4,84.715004,4.06,118.0,1.2518338,11.28
2012-03-09,1.3000001,7.08,2.85,11.05,1033.1,85.25,5.18,64.0,0.7256174,11.29
2012-03-10,0.0,8.4,6.96,12.0,1032.3,91.41,4.41,59.0,0.6964912,11.27
2012-03-11,0.0,8.36,6.29,12.95,1033.7001,87.785,4.14,78.0,0.9190997,11.28
2012-03-12,0.0,7.7,4.98,11.88,1032.8,89.96,3.4399998,70.0,0.80901676,11.28
2012-03-13,0.0,7.6299996,6.6099997,9.01,1033.6,83.880005,2.54,38.0,0.43808094,11.27
2012-03-14,0.0,6.27,5.65,7.24,1032.1,83.465004,1.68,43.0,0.47545624,11.27
2012-03-15,0.0,7.31,0.79999995,14.009999,1026.5,80.91,2.1399999,150.0,1.7182453,11.27
2012-03-16,0.0,6.3799996,1.04,10.46,1018.8,88.975,3.02,107.0,1.1951144,11.26
2012-03-17,0.0,9.07,4.61,12.23,1014.7,83.91,3.28,76.0,0.92224103,11.26
2012-03-18,0.0,6.72,2.36,9.07,1014.7,89.04,5.1,50.0,0.5656154,11.26
2012-03-19,0.0,5.04,-0.7,11.15,1029.5,84.965004,4.0299997,159.0,1.6908921,11.25
2012-03-20,0.0,7.7999997,2.69,12.99,1033.3,83.17,4.5699997,118.0,1.3675853,11.26
2012-03-21,0.0,9.5199995,3.84,15.549999,1035.5,84.6,2.22,137.0,1.6681029,11.25
2012-03-22,0.0,9.4,2.8,16.32,1032.8,84.840004,3.37,180.0,2.1868618,11.25
2012-03-23,0.0,9.53,2.62,17.39,1028.5,81.315,2.82,187.0,2.2846875,11.26
2012-03-24,0.0,7.75,2.53,15.089999,1029.1,87.405,2.6499999,161.0,1.866827,11.25
2012-03-25,0.0,7.7,3.28,15.49,1033.8,82.12,2.78,176.0,2.0331361,11.25
2012-03-26,0.0,8.17,1.3199999,15.259999,1036.3,78.340004,2.72,162.0,1.8958539,11.23
2012-03-27,0.0,9.07,1.1,16.699999,1034.8,83.855,2.81,180.0,2.1643524,11.24
2012-03-28,0.0,9.889999,2.18,17.92,1029.6,77.295,3.3799999,197.0,2.430078,11.24
2012-03-29,0.0,8.86,6.5899997,10.969999,1022.0,84.98,6.8999996,79.0,0.94970304,11.21
2012-03-30,0.0,8.309999,6.3799996,11.66,1017.9,86.365,6.71,68.0,0.8059953,11.21
2012-03-31,0.0,5.33,-0.38,8.72,1014.8,75.22,6.19,125.0,1.352339,11.21
2012-04-01,0.0,5.08,-2.0,9.099999,1016.10004,78.245,4.98,127.0,1.3617544,11.21
2012-04-02,0.0,6.64,2.7,10.08,1009.4,84.1,2.46,85.0,0.96165794,11.21
2012-04-03,0.0,6.96,1.63,12.33,1003.60004,86.255005,2.85,106.0,1.2146723,11.21
2012-04-04,0.0,5.2,3.6299999,7.19,1010.9,87.96,5.3199997,55.0,0.59367585,11.19
2012-04-05,0.0,4.16,0.71,7.47,1019.10004,77.425,4.0699997,117.0,1.2141938,11.19
2012-04-06,2.3,4.56,-0.91999996,9.24,1011.60004,79.51,3.79,167.0,1.7638501,11.2
2012-04-07,0.0,3.72,-1.54,7.19,1009.4,70.265,4.17,159.0,1.6335624,11.2
2012-04-08,2.6000001,5.19,-2.1299999,9.61,1011.8,69.13,3.49,180.0,1.9413961,11.2
2012-04-09,10.1,8.389999,6.29,10.059999,997.9,94.06667,5.89,52.0,0.62362134,11.2
2012-04-10,3.2,9.2699995,6.8599997,11.78,991.9,89.575005,5.25,71.0,0.87555254,11.25
2012-04-11,0.0,8.34,5.58,12.71,997.8,83.73,3.77,155.0,1.8562585,11.25
2012-04-12,2.9,7.1099997,3.58,11.5199995,1002.2,86.83,1.7099999,147.0,1.6934309,11.25
2012-04-13,1.4,5.58,0.049999997,10.29,1004.9,90.345,1.5699999,135.0,1.4799944,11.25
2012-04-14,0.0,6.25,1.16,11.41,1006.7,80.48,2.24,165.0,1.8464681,11.25
2012-04-15,0.0,5.19,0.88,9.26,1015.2,78.605,5.06,141.0,1.5180972,11.22
2012-04-16,0.0,4.22,-0.32,9.25,1020.7,74.165,3.85,204.0,2.1196337,11.21
2012-04-17,1.0,5.3199997,-1.37,10.53,1006.0,73.04,5.77,158.0,1.7165462,11.21
2012-04-18,1.8000001,8.26,4.91,13.13,992.3,80.310005,5.2599998,145.0,1.7369759,11.21
2012-04-19,0.0,9.32,3.54,14.429999,990.0,76.645004,4.2799997,161.0,1.9899174,11.22
2012-04-20,3.9,8.51,1.9699999,13.79,994.9,81.43,3.37,164.0,1.9764394,11.21
2012-04-21,2.1000001,7.21,3.9499998,11.309999,997.60004,85.92,3.6999998,156.0,1.806658,11.23
2012-04-22,5.8,7.5099998,4.0,11.969999,1002.5,86.0,4.0699997,157.0,1.8304545,11.22
2012-04-23,2.2,8.33,4.43,12.969999,999.7,83.700005,4.33,159.0,1.9019023,11.23
2012-04-24,2.7,8.7699995,4.49,13.37,995.7,85.81,2.75,132.0,1.6021172,11.25
2012-04-25,1.1,10.2699995,4.2799997,14.91,997.8,82.12,5.54,146.0,1.8456447,11.23
2012-04-26,4.3,11.62,9.0,14.17,1001.7,77.395004,6.97,135.0,1.765228,11.23
2012-04-27,6.8,11.94,8.63,16.119999,1013.9,75.525,5.1,181.0,2.373921,11.24
2012-04-28,0.0,9.42,8.59,11.24,1014.9,91.494446,6.0699997,93.0,1.1396753,11.26
2012-04-29,0.0,12.07,8.03,17.01,1008.60004,86.450005,4.43,110.0,1.4506706,11.25
2012-04-30,0.0,14.589999,6.2799997,21.92,1017.4,76.83,4.22,249.0,3.4766252,11.24
2012-05-01,0.0,14.32,9.13,19.65,1017.60004,79.62,3.79,184.0,2.552975,11.25
2012-05-02,0.0,14.07,7.48,20.369999,1015.2,77.14,3.6899998,226.0,3.120447,11.23
2012-05-03,0.0,11.94,8.3,14.589999,1010.10004,85.195,2.61,121.0,1.5895029,11.24
2012-05-04,0.0,9.54,5.38,11.639999,1004.2,93.34286,3.28,80.0,0.9884401,11.23
2012-05-05,0.0,7.62,5.0,10.969999,1008.60004,73.240005,4.15,144.0,1.6795145,11.22
2012-05-06,0.0,6.91,4.1,9.599999,1014.0,70.895004,3.82,112.0,1.2749281,11.21
2012-05-07,0.0,8.3,0.53,13.599999,1017.8,68.590004,2.33,190.0,2.2514882,11.21
2012-05-08,14.5,12.83,6.8399997,17.55,1010.60004,80.425,3.25,160.0,2.148545,11.21
2012-05-09,3.2,15.5199995,12.45,18.88,1011.3,89.17,3.58,138.0,1.9718508,11.27
2012-05-10,2.3,17.92,14.04,21.08,1012.7,88.840004,5.96,76.0,1.1411401,11.27
2012-05-11,0.0,13.86,7.46,17.369999,1019.5,80.0,6.52,146.0,2.002607,11.26
2012-05-12,0.0,7.68,2.96,12.29,1033.5,75.94,4.5299997,222.0,2.5633314,11.26
2012-05-13,0.0,8.98,1.37,14.46,1029.4,72.335,2.37,240.0,2.8853989,11.25
2012-05-14,2.2,10.349999,5.6,15.99,1015.8,67.895004,4.3399997,241.0,3.0290306,11.24
2012-05-15,6.0,8.599999,5.92,12.0,1009.2,84.515,3.5,142.0,1.7043283,11.28
2012-05-16,0.0,7.44,3.47,11.83,1020.4,74.645004,5.6,223.0,2.5721629,11.25
2012-05-17,0.0,9.59,2.6399999,13.96,1019.3,71.11,3.01,230.0,2.8264272,11.26
2012-05-18,0.0,13.38,8.32,19.5,1009.0,64.71,3.82,196.0,2.6689534,11.25
2012-05-19,0.0,15.33,11.4,20.5,1010.8,76.825005,3.06,206.0,2.931748,11.25
2012-05-20,0.0,17.44,10.51,23.33,1007.60004,77.69,3.11,187.0,2.7858229,11.22
2012-05-21,0.0,19.52,10.59,26.699999,1002.7,75.97,3.6399999,262.0,4.069471,11.22
2012-05-22,0.0,22.4,15.549999,28.01,1009.2,70.57,4.04,292.0,4.7584558,11.2
2012-05-23,4.9,21.63,15.87,28.55,1020.9,73.91,3.36,294.0,4.71388,11.18
2012-05-24,0.0,20.74,15.74,25.81,1027.2001,60.645,4.7999997,316.0,4.9794674,11.25
2012-05-25,0.0,18.96,13.09,24.84,1027.4,60.485,5.22,326.0,4.9708533,11.22
2012-05-26,0.0,18.51,10.99,25.25,1023.60004,56.13,4.46,322.0,4.873435,11.21
2012-05-27,0.0,18.89,10.57,25.58,1019.60004,70.775,2.46,296.0,4.5188155,11.2
2012-05-28,0.0,17.46,11.2699995,24.42,1015.0,78.875,3.04,305.0,4.5339923,11.17
2012-05-29,0.0,13.11,8.12,17.93,1015.7,75.655,3.61,249.0,3.3596752,11.17
2012-05-30,2.6000001,13.45,7.7799997,18.22,1018.10004,83.94,1.93,171.0,2.3240328,11.17
2012-05-31,18.300001,13.71,11.41,16.33,1014.4,93.74546,3.08,91.0,1.2462654,11.22
2012-06-01,0.0,11.04,5.41,14.15,1017.3,79.92,3.85,166.0,2.1239152,11.26
2012-06-02,1.3000001,10.55,5.0,15.309999,1015.9,71.425,3.37,266.0,3.3612227,11.24
2012-06-03,1.6,9.21,5.44,11.34,1010.2,81.700005,2.04,77.0,0.94003135,11.23
2012-06-04,5.1,9.01,6.18,11.809999,1011.9,84.76,2.3799999,103.0,1.2493429,11.23
2012-06-05,0.90000004,10.84,5.68,15.389999,1015.9,71.840004,2.54,222.0,2.827094,11.24
2012-06-06,6.0,11.94,8.01,16.48,1005.8,88.955,2.97,119.0,1.5660405,11.24
2012-06-07,1.0,16.21,12.33,20.15,1002.5,82.47,3.3,168.0,2.4443164,11.25
2012-06-08,2.7,15.5,11.29,20.72,1003.60004,73.68,6.0,248.0,3.552157,11.25
2012-06-09,0.0,12.59,10.48,14.9,1008.5,74.365,6.98,145.0,1.9373138,11.23
2012-06-10,0.0,14.059999,9.2699995,18.92,1009.3,79.270004,3.57,238.0,3.292896,11.23
2012-06-11,0.0,14.809999,9.12,20.859999,1003.5,79.535,3.81,212.0,2.9905624,11.21
2012-06-12,0.0,13.19,8.559999,17.19,1005.9,82.925,4.46,179.0,2.4293802,11.19
2012-06-13,0.0,11.29,6.92,15.92,1014.8,75.18,3.08,205.0,2.643014,11.19
2012-06-14,0.0,11.809999,5.67,16.13,1019.4,71.240005,2.26,227.0,2.9605687,11.18
2012-06-15,12.2,13.65,8.51,18.39,1013.10004,87.465004,3.99,103.0,1.4093238,11.2
2012-06-16,1.2,15.679999,12.2699995,20.58,1011.7,78.05,4.74,165.0,2.3655572,11.25
2012-06-17,4.9,15.559999,10.94,20.039999,1018.0,74.07,5.24,224.0,3.195605,11.23
2012-06-18,4.3,14.389999,10.09,18.619999,1015.9,85.0,3.47,182.0,2.5309582,11.27
2012-06-19,0.0,15.07,7.93,20.56,1020.0,78.225,1.89,231.0,3.2573822,11.27
2012-06-20,0.0,16.42,11.84,21.17,1016.3,80.81,3.72,175.0,2.5448797,11.25
2012-06-21,14.8,17.279999,13.0199995,21.15,1010.9,82.89,4.0499997,189.0,2.8033037,11.23
2012-06-22,4.3,15.44,12.13,19.14,1013.8,76.775,6.17,235.0,3.3488715,11.27
2012-06-23,4.8,15.29,11.96,19.14,1019.3,72.205,5.62,244.0,3.4585538,11.27
2012-06-24,13.8,12.61,10.889999,15.25,1010.3,88.44,5.0299997,72.0,0.96174484,11.31
2012-06-25,1.8000001,13.49,11.32,17.029999,1013.9,85.415,5.21,178.0,2.425509,11.3
2012-06-26,0.8,13.83,9.86,18.369999,1020.3,81.75,3.29,206.0,2.8227146,11.27
2012-06-27,0.0,16.58,10.28,20.0,1016.2,90.450005,3.23,88.0,1.2840848,11.27
2012-06-28,0.0,21.15,13.2,25.8,1008.8,78.93,3.1,203.0,3.2398248,11.26
2012-06-29,0.0,18.859999,12.91,22.039999,1007.5,76.935,3.22,172.0,2.6346922,11.26
2012-06-30,0.0,19.35,14.049999,24.189999,1010.7,72.985,3.74,266.0,4.1080546,11.24
2012-07-01,0.0,15.12,9.83,20.06,1015.10004,74.72,4.99,245.0,3.4650054,11.23
2012-07-02,0.0,15.37,8.76,20.32,1019.0,73.535,2.72,253.0,3.5928967,11.24
2012-07-03,0.0,18.74,11.63,24.029999,1016.8,73.465004,2.4099998,236.0,3.595791,11.23
2012-07-04,0.0,21.119999,16.47,26.46,1013.2,70.85,2.73,253.0,4.030382,11.22
2012-07-05,6.2000003,21.07,16.72,27.699999,1010.10004,83.46,3.1899998,204.0,3.2500165,11.19
2012-07-06,0.0,19.619999,14.969999,22.64,1009.0,83.955,3.5,179.0,2.7798128,11.23
2012-07-07,0.0,19.449999,14.259999,24.3,1010.9,75.225,2.58,243.0,3.7595928,11.18
2012-07-08,8.900001,17.31,14.28,20.71,1005.10004,87.445,3.46,153.0,2.2752936,11.24
2012-07-09,1.4,16.74,14.67,20.21,1008.8,84.58,5.65,144.0,2.1138039,11.21
2012-07-10,4.2000003,16.34,13.57,20.33,1010.60004,84.995,3.8,183.0,2.662132,11.19
2012-07-11,5.8,14.49,11.73,18.32,1008.7,86.270004,4.5299997,167.0,2.3341224,11.24
2012-07-12,3.4,13.469999,9.84,17.4,1010.60004,84.340004,4.0299997,214.0,2.9184794,11.26
2012-07-13,8.5,14.389999,10.679999,18.75,1003.2,90.58,3.1,136.0,1.9005102,11.27
2012-07-14,8.0,13.92,10.28,17.76,1002.7,88.97,3.24,143.0,1.9771453,11.31
2012-07-15,3.1000001,13.559999,9.57,17.88,1013.0,80.96,3.4199998,198.0,2.7035055,11.29
2012-07-16,15.1,14.28,9.429999,19.1,1017.9,87.130005,4.48,151.0,2.0929244,11.27
2012-07-17,7.8,16.46,14.03,20.06,1018.2,85.16,4.0499997,176.0,2.5598564,11.29
2012-07-18,13.8,16.27,14.67,18.8,1010.7,92.135,5.2,114.0,1.655858,11.29
2012-07-19,2.9,14.53,10.389999,17.68,1006.2,85.17,5.39,166.0,2.3244863,11.3
2012-07-20,0.0,12.99,8.29,17.69,1015.10004,77.745,3.52,222.0,2.9873574,11.29
2012-07-21,0.0,12.75,7.46,17.279999,1022.7,79.455,2.6699998,197.0,2.6273017,11.3
2012-07-22,0.0,14.809999,6.85,20.83,1027.6,73.71,1.73,264.0,3.6903675,11.28
2012-07-23,0.0,18.35,11.58,24.859999,1024.5,68.87,2.97,312.0,4.7059407,11.27
2012-07-24,0.0,20.38,11.62,27.099998,1018.9,66.66,1.81,318.0,4.9915767,11.25
2012-07-25,0.0,21.13,12.83,28.39,1015.60004,73.295,2.3899999,298.0,4.7446465,11.24
2012-07-26,0.0,18.59,13.08,24.16,1018.60004,78.81,3.4099998,295.0,4.4791107,11.22
2012-07-27,11.2,20.48,12.2699995,27.65,1011.4,81.335,2.48,239.0,3.766934,11.22
2012-07-28,0.0,17.66,14.2699995,21.31,1008.4,81.215004,2.6699998,160.0,2.3934915,11.26
2012-07-29,5.4,15.9,11.16,19.92,1011.0,79.405,2.76,186.0,2.6800609,11.27
2012-07-30,2.8,13.92,10.59,18.43,1014.3,81.3,3.78,206.0,2.8353255,11.27
2012-07-31,0.0,14.46,9.639999,17.41,1016.5,84.405,2.6399999,144.0,2.005284,11.26
2012-08-01,15.0,20.38,13.54,26.019999,1012.60004,75.335,2.75,252.0,3.9632945,11.24
2012-08-02,2.0,17.89,12.059999,21.67,1011.60004,83.64,3.4399998,181.0,2.7171102,11.28
2012-08-03,2.8,16.85,11.679999,21.65,1014.60004,79.295,2.69,234.0,3.4357634,11.28
2012-08-04,3.9,17.449999,12.62,22.97,1012.5,82.490005,2.4099998,190.0,2.8263123,11.27
2012-08-05,13.7,17.789999,12.61,24.019999,1008.7,85.605,1.65,168.0,2.519433,11.27
2012-08-06,19.300001,16.18,14.0,19.55,1009.10004,89.42,3.55,172.0,2.4949715,11.32
2012-08-07,1.6,15.41,12.19,18.77,1017.3,86.675,4.19,146.0,2.0765119,11.32
2012-08-08,1.5,15.83,10.65,20.869999,1022.4,87.805,2.3899999,188.0,2.6935813,11.31
2012-08-09,0.0,14.719999,9.15,19.46,1025.9,81.0,2.56,197.0,2.7499049,11.3
2012-08-10,0.0,15.0199995,8.37,20.76,1026.9,78.805,2.05,192.0,2.6974297,11.29
2012-08-11,0.0,15.66,9.809999,20.96,1023.3,81.635,1.66,201.0,2.8682137,11.29
2012-08-12,0.0,17.73,11.49,23.449999,1017.10004,66.97,3.84,269.0,4.017761,11.28
2012-08-13,0.0,18.9,12.5,24.619999,1014.3,64.04,3.85,240.0,3.6709433,11.26
2012-08-14,0.0,19.75,14.95,26.17,1013.7,66.335,2.81,216.0,3.3574245,11.25
2012-08-15,10.6,21.43,16.01,27.18,1011.2,65.020004,4.43,240.0,3.8460016,11.25
2012-08-16,0.0,18.63,13.7699995,23.65,1017.10004,78.865,2.71,196.0,2.9797237,11.27
2012-08-17,0.0,20.609999,13.299999,26.58,1018.8,69.55,2.6,223.0,3.5148823,11.27
2012-08-18,0.0,23.59,16.779999,30.72,1017.0,69.16,2.6599998,258.0,4.2756486,11.24
2012-08-19,0.0,25.279999,17.35,33.73,1014.9,73.495,2.25,234.0,3.979879,11.23
2012-08-20,0.0,20.46,13.049999,26.029999,1018.4,81.54,2.74,206.0,3.238668,11.22
2012-08-21,0.0,18.619999,11.67,24.859999,1016.5,86.32,1.77,143.0,2.1739926,11.23
2012-08-22,0.0,17.49,13.04,21.85,1014.60004,77.825,4.29,191.0,2.8414345,11.22
2012-08-23,0.0,16.449999,11.73,22.109999,1013.60004,78.04,2.96,203.0,2.9567792,11.21
2012-08-24,4.6,17.69,13.179999,22.199999,1006.60004,78.135,1.81,137.0,2.0519183,11.2
2012-08-25,22.300001,17.359999,14.87,22.109999,1003.4,85.965004,4.2599998,129.0,1.9214572,11.24
2012-08-26,9.1,15.5,10.28,19.68,1009.8,89.815,3.9399998,120.0,1.7148504,11.32
2012-08-27,1.9,15.88,9.45,21.08,1018.2,81.17,2.77,205.0,2.9448335,11.3
2012-08-28,0.0,17.09,11.349999,22.3,1014.3,81.94,2.9199998,124.0,1.8299062,11.29
2012-08-29,2.7,17.22,10.51,23.83,1015.3,78.845,2.32,190.0,2.8103983,11.26
2012-08-30,13.8,16.34,12.34,21.369999,1014.9,83.565,2.9299998,150.0,2.178718,11.27
2012-08-31,2.2,12.54,7.8999996,14.54,1020.4,87.57,4.27,108.0,1.4341966,11.27
2012-09-01,0.0,13.57,7.91,18.85,1025.6,74.715004,2.45,164.0,2.2287228,11.28
2012-09-02,0.0,15.63,10.5199995,19.98,1023.8,80.355,2.9399998,153.0,2.1814303,11.26
2012-09-03,0.0,16.039999,10.37,21.09,1024.6,83.94,1.91,158.0,2.2722852,11.25
2012-09-04,0.0,16.93,9.599999,23.199999,1022.0,83.73,2.82,205.0,3.0071647,11.24
2012-09-05,0.0,14.389999,8.99,19.039999,1023.7,78.16,2.8899999,130.0,1.8024424,11.23
2012-09-06,0.0,13.71,9.84,17.869999,1025.7001,77.31,2.85,128.0,1.7452513,11.22
2012-09-07,0.0,16.949999,12.42,20.76,1021.7,86.195,3.86,117.0,1.7171777,11.22
2012-09-08,0.0,17.46,12.23,23.539999,1020.0,86.325005,2.08,159.0,2.359567,11.21
2012-09-09,0.0,19.24,12.33,28.15,1013.3,78.705,2.34,197.0,3.0336409,11.19
2012-09-10,0.0,18.05,14.0199995,22.18,1011.5,81.645004,3.47,146.0,2.198723,11.19
2012-09-11,3.7,14.679999,8.58,17.76,1010.10004,84.97,3.82,71.0,0.99612147,11.19
2012-09-12,1.1,11.23,7.5,15.639999,1011.7,82.1,3.1899998,133.0,1.7143136,11.19
2012-09-13,0.0,12.53,9.3,16.83,1015.2,80.165,2.1399999,122.0,1.623146,11.2
2012-09-14,4.4,13.24,11.12,16.619999,1008.9,84.87,5.27,60.0,0.8143195,11.23
2012-09-15,0.0,13.71,9.49,18.26,1015.3,84.33,3.1399999,105.0,1.4374909,11.23
2012-09-16,0.0,14.049999,8.75,18.83,1012.60004,85.365,3.34,144.0,1.9893266,11.21
2012-09-17,2.3,15.849999,12.929999,19.15,1011.10004,81.79,3.47,108.0,1.554428,11.2
2012-09-18,3.7,12.32,6.58,16.279999,1009.9,85.555,4.08,93.0,1.233536,11.22
2012-09-19,2.4,9.05,5.16,14.509999,1017.3,85.805,3.1799998,136.0,1.6474236,11.21
2012-09-20,0.0,10.71,4.9,14.69,1019.9,84.32,3.81,105.0,1.3302008,11.2
2012-09-21,6.0,11.509999,9.04,15.41,1013.8,81.295,3.4399998,64.0,0.8302221,11.18
2012-09-22,0.0,10.2699995,4.63,15.28,1016.0,82.54,3.3,139.0,1.7430863,11.25
2012-09-23,8.900001,9.08,1.43,14.29,1014.2,78.925,2.76,93.0,1.1291119,11.21
2012-09-24,6.1,12.679999,8.87,18.43,993.3,87.56,6.67,49.0,0.6602206,11.26
2012-09-25,0.6,13.179999,11.0,16.76,995.5,82.68,5.0099998,73.0,0.9946615,11.26
2012-09-26,0.0,12.62,9.37,15.679999,998.5,85.87,4.13,60.0,0.805529,11.25
2012-09-27,3.5,11.57,7.5699997,15.62,1004.5,91.82223,3.6399999,62.0,0.80869925,11.25
2012-09-28,2.3,12.349999,7.49,16.63,1012.60004,85.53,4.5899997,85.0,1.1270177,11.25
2012-09-29,1.4,11.929999,9.61,15.299999,1014.2,82.825005,4.38,113.0,1.481499,11.27
2012-09-30,0.0,11.49,7.22,16.17,1018.3,80.520004,4.19,137.0,1.772899,11.26
2012-10-01,1.6,13.44,9.5,17.44,1013.7,84.155,4.5,90.0,1.2250131,11.26
2012-10-02,1.3000001,14.179999,12.139999,17.34,1012.0,86.0,4.5299997,82.0,1.1365044,11.27
2012-10-03,7.8,12.559999,10.059999,14.46,1006.5,89.57,5.39,44.0,0.5879197,11.28
2012-10-04,12.6,10.679999,7.72,13.98,1007.0,90.38947,3.84,75.0,0.9547161,11.25
2012-10-05,13.8,11.349999,9.08,16.46,1005.8,86.15,5.31,41.0,0.5314629,11.28
2012-10-06,0.90000004,9.73,5.0299997,14.45,1010.5,89.695,3.04,77.0,0.9536987,11.28
2012-10-07,0.0,9.05,4.5,14.15,1019.4,83.44,3.75,115.0,1.3917056,11.28
2012-10-08,0.0,6.77,1.25,13.139999,1017.5,86.73,1.92,100.0,1.13144,11.26
2012-10-09,0.0,7.73,0.51,13.33,1014.3,82.21,2.6399999,99.0,1.1553338,11.27
2012-10-10,0.0,7.5299997,1.17,12.719999,1016.0,86.990005,1.65,83.0,0.96200323,11.25
2012-10-11,3.6000001,7.3799996,-0.13,13.309999,1011.10004,79.155,3.22,116.0,1.341541,11.25
2012-10-12,11.0,9.13,6.89,14.309999,1004.3,89.33,4.45,47.0,0.5740352,11.27
2012-10-13,9.6,8.62,5.92,10.94,1004.60004,92.3,3.82,57.0,0.6859963,11.27
2012-10-14,1.1,8.45,6.23,11.4,996.9,87.535,5.8199997,62.0,0.7451943,11.29
2012-10-15,1.2,9.65,7.25,12.44,1001.4,79.965004,4.69,80.0,0.9927209,11.27
2012-10-16,0.90000004,9.7699995,7.89,12.65,1003.5,85.925,5.96,59.0,0.7338692,11.27
2012-10-17,1.1,11.179999,6.96,14.0199995,1005.8,88.57895,4.48,38.0,0.49040112,11.27
2012-10-18,5.3,15.059999,11.66,17.789999,1007.2,86.76,3.51,47.0,0.6657926,11.28
2012-10-19,0.0,16.08,11.79,20.85,1010.5,84.515,2.52,79.0,1.142924,11.28
2012-10-20,0.0,14.58,11.82,17.8,1016.3,88.55,2.78,47.0,0.65635514,11.28
2012-10-21,0.0,13.03,12.2699995,14.24,1018.7,92.78001,3.9499998,29.0,0.3900573,11.28
2012-10-22,0.0,14.7,11.759999,19.57,1021.8,91.458824,2.1399999,61.0,0.8524234,11.26
2012-10-23,1.5,12.719999,11.179999,15.08,1024.9,92.333336,2.9399998,46.0,0.61248136,11.27
2012-10-24,0.0,11.2699995,10.12,12.41,1021.2,93.44167,2.03,29.0,0.37267846,11.26
2012-10-25,0.0,9.48,5.5699997,12.599999,1015.9,87.995,3.1399999,35.0,0.4294401,11.27
2012-10-26,0.0,2.52,-1.65,7.02,1011.9,77.18,2.4099998,64.0,0.6291766,11.25
2012-10-27,1.2,2.56,-1.99,7.39,1010.0,83.715004,2.9099998,87.0,0.8574376,11.25
2012-10-28,2.4,4.54,-0.78999996,9.889999,1013.7,80.385,3.77,83.0,0.875085,11.25
2012-10-29,8.3,6.14,4.21,7.97,1007.10004,90.01579,5.62,19.0,0.21184011,11.26
2012-10-30,0.0,6.06,2.46,9.639999,1002.10004,90.445,2.51,50.0,0.55745995,11.29
2012-10-31,0.0,7.1299996,3.76,11.45,995.7,84.355,4.58,64.0,0.7400794,11.27
2012-11-01,4.7000003,7.21,4.47,10.42,983.4,81.795,5.58,28.0,0.32653913,11.26
2012-11-02,0.0,6.6299996,4.54,9.36,992.4,86.41,6.04,42.0,0.47905356,11.28
2012-11-03,2.8,5.71,2.76,7.39,997.3,90.710526,4.63,28.0,0.30945534,11.27
2012-11-04,7.2000003,6.14,1.99,8.4,997.2,90.295,3.51,49.0,0.5490574,11.28
2012-11-05,3.5,6.27,2.6399999,9.23,1000.8,88.14,3.59,38.0,0.42677787,11.29
2012-11-06,5.0,6.62,1.25,10.13,1013.10004,87.795,4.88,56.0,0.63200957,11.29
2012-11-07,1.0,9.74,8.389999,11.37,1018.8,86.83,5.5,22.0,0.2715498,11.28
2012-11-08,1.1,9.38,8.13,10.45,1014.7,89.268425,5.44,21.0,0.25707954,11.29
2012-11-09,1.4,8.71,6.2999997,9.74,1011.9,85.520004,3.78,18.0,0.21645866,11.29
2012-11-10,1.5,9.37,7.3799996,10.889999,1000.0,92.375,3.81,19.0,0.23408955,11.28
2012-11-11,0.0,7.83,4.46,11.099999,1010.0,90.875,3.82,57.0,0.6685576,11.28
2012-11-12,0.0,6.95,4.9,9.53,1022.8,89.1,4.29,43.0,0.4879885,11.27
2012-11-13,0.0,7.81,6.2,8.7699995,1028.6,91.833336,4.17,17.0,0.19752261,11.28
2012-11-14,0.0,7.66,1.1,11.34,1028.8,88.80527,1.6899999,35.0,0.4047849,11.27
2012-11-15,0.0,1.5799999,-1.76,4.66,1023.9,92.840004,1.67,24.0,0.22632729,11.27
2012-11-16,0.0,2.87,0.21,3.8899999,1018.0,88.23158,2.72,14.0,0.1389181,11.27
2012-11-17,3.0,4.52,-0.089999996,8.0199995,1009.4,90.221054,3.6699998,34.0,0.35903725,11.26
2012-11-18,1.0,5.12,-1.17,8.83,1013.4,93.950005,1.5799999,21.0,0.22578575,11.26
2012-11-19,0.0,4.0,-2.6,9.45,1015.9,94.200005,2.46,33.0,0.3411599,11.25
2012-11-20,0.0,8.44,5.5899997,11.88,1015.5,89.975006,4.11,43.0,0.5121951,11.26
2012-11-21,0.7,5.46,2.21,9.87,1012.0,89.55,4.94,19.0,0.20673029,11.27
2012-11-22,0.0,7.31,5.35,10.349999,1017.60004,85.295,5.5,50.0,0.575209,11.25
2012-11-23,5.0,5.77,2.06,8.2699995,1014.4,91.87647,4.49,14.0,0.15368356,11.28
2012-11-24,4.5,3.53,-0.19999999,7.94,1016.5,95.200005,2.7,14.0,0.14233646,11.26
2012-11-25,1.9,9.16,7.6,11.7699995,1003.60004,84.08,8.8,26.0,0.317923,11.27
2012-11-26,0.6,6.48,4.92,9.0,1003.9,90.72353,3.55,28.0,0.31606117,11.27
2012-11-27,0.0,6.39,3.3899999,8.2,1003.8,92.04706,1.9499999,19.0,0.21387543,11.27
2012-11-28,0.0,4.97,1.35,9.03,1006.5,90.415794,2.0,20.0,0.21473368,11.27
2012-11-29,0.0,2.97,0.59999996,5.41,1005.5,88.3,3.1599998,23.0,0.23062429,11.27
2012-11-30,2.3,1.76,-3.1399999,5.42,1008.7,92.006256,2.49,40.0,0.38306463,11.26
2012-12-01,7.8,2.78,0.03,5.46,1008.2,92.583336,4.69,20.0,0.19888452,11.26
2012-12-02,0.0,1.9499999,-3.32,5.29,1009.5,93.230774,2.27,21.0,0.20244347,11.28
2012-12-03,3.2,1.9699999,-2.78,5.75,1005.10004,93.130775,4.9,13.0,0.12572812,11.27
2012-12-04,5.8,3.1999998,0.19999999,5.9,995.4,92.02632,4.74,17.0,0.17281811,11.29
2012-12-05,6.8,0.17999999,-2.4199998,2.33,1001.2,88.933334,4.21,33.0,0.2987739,11.29
2012-12-06,0.0,-1.3199999,-5.49,0.37,1011.10004,91.44667,3.6899998,39.0,0.3303591,11.28
2012-12-07,0.0,-1.0699999,-6.58,0.5,1004.8,83.345,5.42,23.0,0.1976105,11.28
2012-12-08,6.0,-4.04,-10.58,1.2099999,1020.3,88.685,2.6499999,38.0,0.2843806,11.27
2012-12-09,10.1,4.04,0.71999997,7.0499997,1006.9,92.225006,6.66,12.0,0.12482763,11.3
2012-12-10,1.5,2.23,-0.59999996,5.02,1013.0,86.67,5.2999997,11.0,0.106932946,11.31
2012-12-11,2.4,-0.26999998,-3.25,1.4399999,1024.7001,89.310005,3.1999998,33.0,0.28939644,11.3
2012-12-12,1.4,0.94,-0.63,2.02,1017.60004,93.41539,3.06,16.0,0.1477772,11.29
2012-12-13,0.0,-1.87,-4.7999997,-0.099999994,1009.8,85.235,2.79,21.0,0.1739799,11.3
2012-12-14,9.8,2.22,-3.23,8.63,996.5,90.86316,5.31,14.0,0.13731717,11.29
2012-12-15,6.2000003,7.6699996,6.75,9.03,995.4,87.5,5.7599998,20.0,0.23510458,11.31
2012-12-16,2.4,6.5899997,5.39,7.72,1001.10004,92.74167,4.0299997,13.0,0.14745364,11.31
2012-12-17,4.2000003,6.21,4.71,7.22,1002.9,93.071434,2.72,12.0,0.13437472,11.31
2012-12-18,0.0,4.93,4.0499997,5.96,1013.10004,92.200005,1.79,11.0,0.11754218,11.3
2012-12-19,0.0,4.72,3.1299999,5.45,1022.9,94.200005,2.87,10.0,0.10556675,11.3
2012-12-20,3.8,3.12,2.71,3.97,1015.0,83.085,6.58,14.0,0.14039916,11.29
2012-12-21,6.9,0.47,-0.17,3.05,1012.0,93.075005,5.38,12.0,0.10918618,11.3
2012-12-22,20.0,3.1399999,-0.38,5.58,1010.4,93.64001,3.6,8.0,0.08048755,11.31
2012-12-23,2.2,8.59,5.13,11.349999,1002.10004,90.336845,5.5699997,9.0,0.108347766,11.32
2012-12-24,11.5,9.25,6.99,11.7,1001.2,90.611115,5.62,8.0,0.098178916,11.32
2012-12-25,4.0,7.4199996,6.3799996,8.599999,995.7,92.15295,5.12,14.0,0.1633208,11.32
2012-12-26,6.1,7.1299996,5.15,8.5199995,1002.10004,90.45264,6.16,19.0,0.21902335,11.32
2012-12-27,0.0,6.08,1.77,8.9,1003.60004,86.21,5.0099998,19.0,0.21180916,11.31
2012-12-28,1.4,3.53,-2.31,9.98,1020.3,90.34211,4.61,20.0,0.20292155,11.31
2012-12-29,0.0,10.58,8.53,11.08,1008.9,84.32105,7.2799997,24.0,0.30444127,11.3
2012-12-30,1.9,7.45,4.79,9.16,1007.9,82.635,8.15,22.0,0.2553655,11.3
2012-12-31,10.400001,8.91,8.139999,9.96,1004.9,85.105,9.28,9.0,0.109206,11.29
2013-01-01,1.4,6.22,3.9499998,9.2,1002.5,89.836845,4.7,16.0,0.17925905,11.31
2013-01-02,1.0,6.06,3.6299999,7.5299997,1019.3,90.32105,4.64,25.0,0.2763285,11.29
2013-01-03,0.0,9.29,6.79,11.0199995,1027.2001,93.99231,5.2,11.0,0.13356054,11.3
2013-01-04,0.0,8.429999,7.5699997,9.24,1032.0,93.23334,5.18,8.0,0.094536304,11.29
2013-01-05,0.0,7.1299996,6.2799997,8.349999,1032.0,92.200005,3.4299998,8.0,0.09089126,11.3
2013-01-06,0.0,7.72,5.99,9.09,1028.7001,91.675,4.04,14.0,0.16221625,11.29
2013-01-07,0.90000004,7.1099997,6.24,8.25,1026.5,93.475006,3.49,9.0,0.10246107,11.28
2013-01-08,5.0,7.66,6.2799997,9.0,1022.8,94.36667,4.49,11.0,0.1275817,11.28
2013-01-09,6.3,7.0499997,3.51,8.099999,1017.5,93.58889,3.9199998,11.0,0.12554504,11.3
2013-01-10,1.6,3.49,-0.25,6.64,1012.3,88.72,3.4499998,19.0,0.19333805,11.3
2013-01-11,2.9,1.3199999,-0.51,3.01,1017.4,79.62,1.64,25.0,0.2343121,11.29
2013-01-12,0.0,-1.4399999,-4.17,0.52,1019.3,86.39,2.4299998,37.0,0.3102883,11.28
2013-01-13,0.0,-2.6,-5.49,-0.51,1020.2,87.035,2.81,24.0,0.19146709,11.28
2013-01-14,0.0,-4.5499997,-7.29,-1.7199999,1013.4,86.33,1.77,23.0,0.1689275,11.27
2013-01-15,0.0,-4.81,-6.79,-2.12,1008.5,84.49,2.8899999,21.0,0.15289773,11.27
2013-01-16,0.0,-6.0,-8.66,-4.56,1012.8,90.92,2.18,25.0,0.17159311,11.26
2013-01-17,0.0,-2.6699998,-5.22,-0.35,1019.0,82.735,1.8499999,25.0,0.19899079,11.25
2013-01-18,0.0,-2.05,-3.49,0.12,1011.5,81.195,4.69,19.0,0.1560495,11.26
2013-01-19,0.0,-4.02,-5.99,-3.03,1002.8,73.76,6.3999996,23.0,0.17426947,11.26
2013-01-20,3.2,-4.5299997,-7.66,-2.27,999.0,73.75,7.3599997,23.0,0.17071104,11.26
2013-01-21,2.8,-3.3,-4.39,-2.37,1000.8,89.05,5.9,19.0,0.14884935,11.25
2013-01-22,0.0,-5.47,-6.69,-4.16,1007.3,80.585,4.0299997,23.0,0.16250597,11.24
2013-01-23,0.0,-6.3399997,-10.82,-4.27,1011.5,82.6,3.26,29.0,0.19598505,11.24
2013-01-24,0.0,-3.6499999,-9.19,-1.3,1017.4,82.74,1.76,30.0,0.22892272,11.22
2013-01-25,0.0,-5.12,-8.83,-3.02,1018.4,90.54,2.69,38.0,0.27090862,11.23
2013-01-26,2.8,-1.7199999,-4.64,0.96,1008.2,85.765,5.5499997,19.0,0.15856525,11.23
2013-01-27,6.0,2.58,1.31,4.8399997,999.5,91.67333,6.2799997,18.0,0.17857271,11.27
2013-01-28,7.3,3.35,1.25,6.18,1006.5,89.715004,5.95,35.0,0.35551763,11.28
2013-01-29,15.8,9.13,5.4,11.809999,1002.2,90.97647,7.31,21.0,0.25673115,11.3
2013-01-30,1.1,9.32,6.17,12.34,1001.8,84.475,9.12,27.0,0.3319151,11.31
2013-01-31,4.0,6.43,5.0299997,8.49,1006.5,80.505005,8.7,22.0,0.24762303,11.32
2013-02-01,7.4,4.48,1.53,7.16,999.0,90.816666,4.0699997,16.0,0.16966075,11.31
2013-02-02,0.0,3.6599998,1.75,4.85,1006.10004,81.880005,5.2999997,56.0,0.57516557,11.3
2013-02-03,8.900001,4.21,1.37,6.54,1011.10004,84.22,5.96,20.0,0.20879485,11.3
2013-02-04,6.9,6.74,5.44,8.22,1004.60004,83.005005,7.3999996,46.0,0.52329093,11.3
2013-02-05,2.3,2.05,-0.61,5.79,995.2,86.895004,5.65,39.0,0.38043222,11.31
2013-02-06,1.1,1.15,-4.67,5.48,1000.10004,90.67895,2.8799999,66.0,0.6207694,11.31
2013-02-07,1.4,1.23,-0.69,4.7599998,1008.8,91.13685,2.4199998,40.0,0.37547174,11.3
2013-02-08,1.4,0.02,-2.53,2.54,1015.10004,91.385,2.54,30.0,0.26767856,11.29
2013-02-09,1.6,-0.76,-4.5499997,2.1299999,1018.60004,88.135,1.4499999,36.0,0.31063032,11.28
2013-02-10,0.0,-0.96,-3.21,1.42,1010.2,82.01,4.21,66.0,0.56773925,11.29
2013-02-11,0.0,-1.2099999,-2.97,0.16,1007.0,67.725,6.71,72.0,0.6142228,11.28
2013-02-12,0.0,-0.57,-3.05,1.77,1016.5,76.135,4.14,40.0,0.34826332,11.28
2013-02-13,0.0,-0.78,-2.26,0.71999997,1024.7001,77.085,1.9,47.0,0.40372527,11.27
2013-02-14,2.2,-1.15,-2.31,0.65999997,1016.3,78.520004,5.0499997,46.0,0.3911565,11.27
2013-02-15,1.4,2.01,0.29,3.98,1016.7,85.935005,2.48,34.0,0.32716376,11.27
2013-02-16,0.0,3.08,-0.35,5.22,1023.5,93.350006,1.8199999,26.0,0.25916407,11.28
2013-02-17,0.0,1.11,-1.9699999,2.79,1024.7001,91.631584,1.43,43.0,0.39812467,11.27
2013-02-18,0.0,1.3,-0.63,3.23,1021.8,92.02308,1.38,38.0,0.35498786,11.26
2013-02-19,1.1,2.49,-0.63,4.29,1018.7,87.67,3.8799999,24.0,0.23479429,11.28
2013-02-20,0.0,0.22,-2.18,2.31,1026.8,71.85,4.15,59.0,0.52697694,11.27
2013-02-21,0.0,-1.3,-3.57,0.90999997,1026.1,74.625,3.9499998,53.0,0.4452137,11.28
2013-02-22,0.0,-1.89,-3.97,0.35999998,1021.3,72.405,4.8399997,60.0,0.493124,11.27
2013-02-23,0.0,-1.28,-4.49,0.45,1019.3,74.485,5.33,33.0,0.27859372,11.26
2013-02-24,1.9,0.19,-0.78,0.81,1019.10004,90.905,5.72,26.0,0.23300429,11.25
2013-02-25,0.0,1.42,0.65,2.24,1024.9,92.32,4.88,21.0,0.19672737,11.26
2013-02-26,0.0,2.01,0.65999997,4.11,1033.1,90.765,4.27,30.0,0.2860334,11.26
2013-02-27,0.0,1.04,-0.88,4.12,1033.6,88.135,3.29,56.0,0.5144612,11.25
2013-02-28,0.0,1.68,-1.26,4.47,1028.9,91.39286,1.74,42.0,0.39644846,11.25
2013-03-01,0.0,3.24,-0.83,3.6599998,1026.2001,84.235,3.78,49.0,0.49050742,11.26
2013-03-02,1.0,2.0,-2.0,5.0299997,1025.1,84.815,2.52,49.0,0.46910694,11.27
2013-03-03,0.0,3.76,-1.52,6.31,1023.5,84.735,2.32,59.0,0.6024355,11.25
2013-03-04,0.0,3.6499999,-2.96,10.51,1018.2,79.22,3.1399999,135.0,1.3770618,11.26
2013-03-05,0.0,7.02,-0.08,15.549999,1009.0,62.325,2.7,141.0,1.6144515,11.27
2013-03-06,0.0,7.6699996,1.55,14.889999,1004.2,70.91,2.54,105.0,1.2290803,11.26
2013-03-07,0.0,6.27,3.3799999,8.929999,1001.8,78.83,5.6,62.0,0.6959721,11.25
2013-03-08,4.8,4.0099998,1.6999999,5.2,1001.9,89.03,6.5,60.0,0.6251677,11.25
2013-03-09,7.5,1.03,-0.049999997,2.09,1000.4,93.336365,6.15,27.0,0.2527495,11.28
2013-03-10,0.0,-0.64,-2.3899999,-0.02,1004.7,81.875,7.0299997,31.0,0.27106783,11.27
2013-03-11,0.0,-2.9399998,-3.8999999,-1.5699999,1010.10004,74.945,6.73,64.0,0.5063205,11.26
2013-03-12,0.0,-3.4199998,-6.5899997,0.14999999,1008.10004,65.28,4.18,142.0,1.1013424,11.26
2013-03-13,0.0,-1.0,-6.35,4.15,1006.0,80.37,2.8799999,109.0,0.93850195,11.26
2013-03-14,0.0,-0.68,-4.41,2.03,1012.5,72.75,2.8899999,130.0,1.1295396,11.25
2013-03-15,3.4,-0.48,-4.66,3.3899999,1013.2,81.81,4.5,109.0,0.95437264,11.24
2013-03-16,1.3000001,3.98,0.29999998,7.1299996,1006.8,67.64,6.0,73.0,0.7578425,11.26
2013-03-17,4.5,2.77,0.32,5.6099997,998.10004,83.130005,5.4,69.0,0.6897634,11.27
2013-03-18,0.0,4.2,0.089999996,9.62,993.3,82.22,4.29,104.0,1.0957218,11.27
2013-03-19,0.0,0.5,-1.0,3.03,1000.4,82.535,4.97,55.0,0.5044609,11.26
2013-03-20,0.0,-0.45999998,-2.1299999,0.93,1007.7,77.92,4.79,44.0,0.38684243,11.26
2013-03-21,0.0,0.26,-3.1699998,3.51,1019.2,80.445,2.8,82.0,0.73685133,11.25
2013-03-22,0.0,-0.72999996,-3.84,1.5899999,1020.60004,72.825,6.6499996,95.0,0.81973296,11.26
2013-03-23,0.0,-2.1399999,-4.79,0.84999996,1020.3,50.46,9.5199995,137.0,1.1147428,11.24
2013-03-24,0.0,-1.26,-5.14,3.36,1020.60004,37.285,9.389999,164.0,1.384576,11.24
2013-03-25,0.0,-0.61,-3.6799998,3.4299998,1019.0,52.48,7.98,182.0,1.5796493,11.23
2013-03-26,0.0,-0.28,-4.02,4.96,1016.9,55.96,6.6499996,183.0,1.6116662,11.23
2013-03-27,0.0,0.51,-4.02,5.8599997,1014.3,55.805,5.69,197.0,1.7928526,11.23
2013-03-28,0.0,-1.01,-3.57,1.4399999,1011.9,75.585,4.39,97.0,0.8318317,11.23
2013-03-29,0.0,-0.32,-3.1599998,2.3899999,1009.3,87.05,2.27,61.0,0.5388091,11.23
2013-03-30,0.0,0.0,-3.97,3.84,1010.0,83.96,2.97,95.0,0.8495491,11.21
2013-03-31,0.0,0.38,-3.33,3.46,1014.3,80.155,2.97,113.0,1.0231687,11.22
2013-04-01,0.0,1.41,-2.6,6.95,1013.7,66.725,4.3399997,215.0,2.026269,11.22
2013-04-02,0.0,2.52,-4.31,8.91,1015.9,56.23,5.0299997,234.0,2.2953165,11.21
2013-04-03,0.0,2.53,-2.6,8.04,1018.8,57.165,6.33,197.0,1.9299787,11.21
2013-04-04,0.0,2.9299998,-0.21,7.1499996,1015.10004,63.915,6.21,118.0,1.1752815,11.21
2013-04-05,0.0,3.1499999,-0.84999996,7.69,1014.5,65.97,5.38,109.0,1.094576,11.22
2013-04-06,0.0,4.49,-0.55,9.33,1021.60004,65.225,3.97,179.0,1.8762392,11.21
2013-04-07,0.0,2.6299999,-3.1699998,9.599999,1020.7,73.235,2.3799999,185.0,1.8171192,11.22
2013-04-08,0.0,4.5899997,-1.9,10.59,1008.9,69.36,5.13,167.0,1.7681453,11.22
2013-04-09,5.5,5.6099997,0.34,10.96,1001.3,77.065,4.3399997,115.0,1.2642906,11.22
2013-04-10,5.0,6.1299996,1.52,9.969999,1003.2,87.24,3.78,70.0,0.7817487,11.23
2013-04-11,2.4,6.5699997,1.5799999,9.8,998.2,93.475006,3.6899998,52.0,0.59029895,11.24
2013-04-12,10.2,7.69,4.43,11.48,999.9,91.693756,3.62,91.0,1.0680465,11.25
2013-04-13,0.0,8.46,4.92,13.13,1014.3,82.185005,4.5699997,100.0,1.1925151,11.27
2013-04-14,0.0,14.049999,10.139999,18.02,1018.7,81.085,4.62,105.0,1.4471248,11.27
2013-04-15,1.5,13.09,7.5299997,17.06,1018.5,76.56,3.56,158.0,2.1284199,11.28
2013-04-16,0.0,11.639999,6.18,17.33,1017.60004,80.185,5.3199997,140.0,1.8193054,11.27
2013-04-17,0.0,13.87,6.93,19.279999,1016.9,78.05,4.23,154.0,2.1149783,11.26
2013-04-18,0.0,12.889999,7.7999997,17.27,1012.7,58.165,9.49,223.0,2.9963896,11.26
2013-04-19,0.8,7.22,0.78999996,11.58,1023.8,80.28,4.87,153.0,1.7500421,11.26
2013-04-20,0.0,5.16,-2.0,10.42,1031.7001,72.765,4.13,259.0,2.7622988,11.24
2013-04-21,0.0,8.75,0.21,15.33,1020.2,66.63,2.52,204.0,2.4466345,11.24
2013-04-22,1.6,9.21,-0.26,15.5,1015.60004,65.795,4.06,226.0,2.7522697,11.23
2013-04-23,0.0,10.46,6.58,15.11,1018.9,76.985,4.89,110.0,1.3847928,11.22
2013-04-24,0.0,13.98,7.66,21.289999,1023.3,72.16,4.7799997,219.0,3.0079722,11.22
2013-04-25,0.0,15.509999,9.16,21.6,1020.5,75.925,2.95,161.0,2.292208,11.21
2013-04-26,4.9,7.0299997,5.0899997,11.63,1011.2,91.08421,3.74,48.0,0.5491791,11.23
2013-04-27,0.0,5.5,-0.26999998,9.75,1013.2,77.26,3.77,163.0,1.774759,11.24
2013-04-28,0.0,6.31,-1.41,13.349999,1015.4,70.21,2.59,230.0,2.5675786,11.22
2013-04-29,0.0,7.6099997,4.13,12.58,1015.2,70.455,5.49,178.0,2.0688825,11.22
2013-04-30,0.0,7.27,2.1299999,12.73,1024.1,75.48,3.86,230.0,2.6344488,11.21
2013-05-01,0.0,8.559999,-0.16,16.38,1024.5,63.47,3.6999998,287.0,3.4163053,11.2
2013-05-02,0.0,10.5,4.8399997,17.02,1021.9,60.025,4.87,181.0,2.2780995,11.2
2013-05-03,0.0,11.37,3.99,19.47,1018.0,64.01,2.27,271.0,3.4964838,11.19
2013-05-04,0.0,11.219999,3.75,17.58,1017.10004,68.700005,4.52,278.0,3.5741196,11.19
2013-05-05,0.0,12.179999,4.63,19.27,1022.4,73.335,2.76,266.0,3.4977164,11.16
2013-05-06,0.0,15.549999,6.04,23.57,1020.0,66.085,2.84,269.0,3.8339179,11.16
2013-05-07,1.0,16.09,8.33,24.42,1016.2,71.565,3.8,178.0,2.5704494,11.15
2013-05-08,5.8,16.05,12.24,22.119999,1009.3,84.075005,3.55,173.0,2.5023384,11.16
2013-05-09,0.0,13.09,7.66,17.02,1011.3,72.875,3.6299999,209.0,2.8235755,11.2
2013-05-10,0.0,12.08,8.88,15.23,1011.2,71.71,6.08,150.0,1.97655,11.18
2013-05-11,8.400001,10.139999,8.15,12.679999,1011.0,85.03,4.5099998,157.0,1.9661783,11.17
2013-05-12,2.0,9.86,7.6,13.73,1012.10004,81.83,4.67,178.0,2.2110167,11.22
2013-05-13,3.9,10.219999,6.96,13.57,1009.60004,81.655,4.83,114.0,1.4316721,11.21
2013-05-14,2.9,9.63,5.65,12.63,1006.8,82.47,4.0699997,164.0,2.0289974,11.24
2013-05-15,1.1,11.719999,6.77,16.24,1000.10004,81.29,3.8899999,175.0,2.2956607,11.22
2013-05-16,3.4,10.7699995,5.48,15.889999,999.7,86.63684,3.72,139.0,1.7792935,11.2
2013-05-17,2.7,11.099999,9.4,13.49,1001.7,93.15715,2.86,115.0,1.4836221,11.22
2013-05-18,0.0,10.04,7.8999996,12.349999,1007.7,90.200005,3.34,74.0,0.92555934,11.24
2013-05-19,0.0,11.21,7.98,14.23,1009.8,86.895004,2.44,165.0,2.127395,11.22
2013-05-20,0.0,11.83,9.79,14.219999,1007.8,93.36,1.9699999,67.0,0.87852496,11.22
2013-05-21,5.7000003,10.82,7.99,12.94,1009.10004,94.28334,4.17,73.0,0.9318733,11.22
2013-05-22,0.0,8.46,4.3199997,12.33,1011.3,79.65,6.6499996,125.0,1.492733,11.23
2013-05-23,4.0,6.83,2.98,10.08,1007.9,82.805,2.9299998,178.0,2.027268,11.25
2013-05-24,1.9,7.8799996,1.52,13.87,1011.9,75.54,2.8,196.0,2.300251,11.23
2013-05-25,5.2000003,8.45,4.42,12.17,1014.2,88.275,4.56,140.0,1.6691118,11.24
2013-05-26,0.0,9.12,8.17,11.42,1010.2,90.64,6.5499997,105.0,1.2785939,11.23
2013-05-27,0.0,12.679999,7.31,18.779999,1008.8,69.545,4.04,256.0,3.4275405,11.22
2013-05-28,4.3,14.46,6.5,20.619999,1004.5,68.385,3.1499999,273.0,3.8191917,11.22
2013-05-29,9.0,12.38,8.73,15.7,1000.3,88.96,2.48,100.0,1.3336364,11.24
2013-05-30,0.0,13.309999,10.17,17.31,1008.0,88.340004,1.99,150.0,2.039957,11.3
2013-05-31,0.0,13.98,9.69,19.869999,1011.2,84.65,6.08,275.0,3.7949219,11.29
2013-06-01,0.0,10.12,7.2999997,11.48,1017.5,89.200005,5.8599997,106.0,1.3229488,11.28
2013-06-02,0.0,11.12,6.2599998,15.719999,1025.7001,68.39,5.0899997,300.0,3.8327441,11.28
2013-06-03,0.0,10.88,6.46,15.48,1028.8,75.915,5.2599998,258.0,3.2708416,11.26
2013-06-04,0.0,14.66,8.42,21.289999,1023.8,65.845,4.36,305.0,4.2550025,11.26
2013-06-05,0.0,14.88,7.43,21.24,1020.4,66.515,3.37,309.0,4.338004,11.25
2013-06-06,0.0,15.9,9.22,23.529999,1021.3,72.19,3.3899999,321.0,4.6079917,11.23
2013-06-07,0.0,15.509999,9.96,22.97,1022.3,75.76,3.98,329.0,4.6809783,11.22
2013-06-08,0.0,13.13,9.929999,17.359999,1019.8,74.675,4.74,285.0,3.8409793,11.22
2013-06-09,0.0,11.71,10.45,15.45,1014.60004,76.14,4.39,190.0,2.476629,11.22
2013-06-10,0.0,11.929999,7.39,16.19,1014.2,73.87,2.8999999,214.0,2.8056705,11.22
2013-06-11,0.0,13.929999,7.31,19.8,1016.8,68.155,1.86,242.0,3.3283608,11.2
2013-06-12,4.5,18.21,13.79,21.81,1014.4,74.675,4.22,153.0,2.3091507,11.2
2013-06-13,0.90000004,16.279999,12.45,18.89,1011.3,83.315,6.1299996,110.0,1.5977528,11.24
2013-06-14,0.0,14.759999,9.46,18.89,1016.9,73.48,4.1,210.0,2.944031,11.2
2013-06-15,6.9,14.34,9.15,19.14,1010.2,71.285,6.0,259.0,3.6054823,11.23
2013-06-16,0.0,14.309999,9.67,18.73,1014.4,74.855,4.39,211.0,2.9305189,11.2
2013-06-17,0.0,15.88,8.059999,21.98,1016.5,75.43,3.6,248.0,3.5647314,11.18
2013-06-18,0.0,21.82,13.7699995,29.26,1015.0,76.26,2.09,262.0,4.22163,11.17
2013-06-19,1.3000001,21.449999,15.9,25.59,1013.4,85.465004,3.05,153.0,2.451059,11.18
2013-06-20,25.1,18.529999,14.929999,24.39,1012.0,91.57778,2.95,155.0,2.3558326,11.16
2013-06-21,6.1,16.25,14.67,17.779999,1008.9,92.72353,5.18,95.0,1.3801887,11.27
2013-06-22,3.8,15.839999,13.78,19.699999,1009.60004,83.05,6.04,137.0,1.9724737,11.27
2013-06-23,3.6000001,14.49,12.99,17.91,1008.10004,85.37,5.6099997,163.0,2.2787387,11.28
2013-06-24,0.0,13.639999,11.849999,17.58,1018.10004,87.005005,4.5,149.0,2.0342445,11.26
2013-06-25,0.0,12.66,7.91,16.67,1026.5,76.725,4.48,162.0,2.1523945,11.26
2013-06-26,0.0,12.87,8.5,16.75,1026.3,75.75,3.79,182.0,2.4309297,11.25
2013-06-27,7.2000003,11.84,9.59,14.25,1021.4,83.8,3.54,126.0,1.6432046,11.26
2013-06-28,5.6,13.03,10.11,15.17,1015.8,87.73,4.56,80.0,1.0772724,11.28
2013-06-29,0.0,13.139999,7.39,16.119999,1018.7,78.355,5.2799997,211.0,2.845613,11.28
2013-06-30,0.0,15.0,7.2799997,20.52,1019.7,83.635,3.5,171.0,2.4077866,11.26
2013-07-01,0.0,15.66,11.33,19.74,1015.4,83.840004,4.0,187.0,2.676163,11.25
2013-07-02,0.90000004,15.78,8.13,20.76,1013.0,72.17,1.9599999,247.0,3.5471876,11.25
2013-07-03,0.0,17.14,14.38,20.199999,1009.2,88.21,2.54,112.0,1.657457,11.25
2013-07-04,0.0,18.199999,15.48,23.14,1019.60004,85.835,3.6,149.0,2.244433,11.23
2013-07-05,0.0,17.27,10.65,22.41,1028.4,82.69,2.75,208.0,3.0658937,11.23
2013-07-06,0.0,17.13,9.0199995,22.85,1031.3,76.33,2.4099998,303.0,4.4488263,11.2
2013-07-07,0.0,17.56,10.51,24.39,1031.9,78.49,2.87,327.0,4.8428364,11.19
2013-07-08,0.0,17.119999,11.21,23.35,1032.3,77.770004,3.7099998,317.0,4.6518083,11.18
2013-07-09,0.0,16.4,10.58,22.039999,1026.9,80.705,3.12,313.0,4.5326247,11.15
2013-07-10,0.0,14.66,11.0199995,17.19,1022.9,80.94,4.2599998,188.0,2.6236491,11.15
2013-07-11,0.0,14.839999,11.4,19.109999,1022.7,73.155,3.1599998,210.0,2.9429398,11.13
2013-07-12,0.0,14.549999,9.57,18.109999,1023.2,82.36,2.05,172.0,2.394041,11.12
2013-07-13,0.0,15.91,11.42,20.359999,1023.60004,78.275,2.47,225.0,3.227911,11.1
2013-07-14,0.0,15.63,10.559999,19.58,1023.8,80.86,2.59,161.0,2.2954922,11.09
2013-07-15,0.0,17.09,9.7699995,24.279999,1022.9,77.845,2.11,290.0,4.2668343,11.07
2013-07-16,0.0,18.1,10.46,24.68,1023.5,77.37,1.55,248.0,3.7234697,11.05
2013-07-17,0.0,19.01,11.349999,25.449999,1024.9,81.715004,2.0,256.0,3.9103923,11.03
2013-07-18,0.0,18.89,11.929999,25.439999,1025.8,77.8,2.79,307.0,4.6772943,11.01
2013-07-19,0.0,19.449999,12.929999,24.38,1024.9,77.565,3.97,269.0,4.1432834,10.99
2013-07-20,0.0,18.83,13.799999,24.269999,1022.8,79.025,3.21,211.0,3.2141275,10.97
2013-07-21,0.0,21.56,11.96,30.07,1020.5,67.225,2.87,306.0,4.901012,10.95
2013-07-22,0.0,23.689999,14.82,31.73,1016.5,63.095,2.4299998,298.0,4.9469056,10.91
2013-07-23,0.0,24.35,16.16,32.219997,1013.3,62.545,3.03,280.0,4.6992826,10.89
2013-07-24,1.6,20.4,15.07,25.619999,1013.60004,84.265,1.79,165.0,2.5951388,10.89
2013-07-25,7.2000003,20.91,13.09,28.539999,1014.60004,78.995,1.8399999,240.0,3.8077412,10.88
2013-07-26,6.2000003,20.16,15.009999,24.85,1013.0,91.24737,1.7199999,161.0,2.5218158,10.88
2013-07-27,14.1,20.98,17.44,25.83,1008.5,90.335,2.1399999,190.0,3.0237205,10.91
2013-07-28,0.0,19.55,14.759999,23.039999,1010.0,84.66,3.6,201.0,3.1164465,11.04
2013-07-29,0.0,19.359999,14.09,24.24,1013.60004,77.47,3.34,224.0,3.456839,10.99
2013-07-30,15.8,17.63,14.34,21.38,1014.0,87.465004,3.97,167.0,2.4919288,10.99
2013-07-31,2.4,18.029999,15.219999,22.529999,1015.60004,86.835,3.57,178.0,2.6758788,11.12
2013-08-01,0.0,23.01,15.53,28.849998,1013.9,76.6,2.79,254.0,4.174602,11.08
2013-08-02,0.0,25.43,16.76,32.719997,1009.60004,68.985,2.96,282.0,4.813169,11.04
2013-08-03,0.0,19.869999,12.7699995,23.93,1016.4,78.36,3.8799999,230.0,3.579855,11.01
2013-08-04,0.0,19.18,11.759999,24.85,1020.7,73.380005,2.46,267.0,4.0971584,10.96
2013-08-05,8.1,21.93,14.009999,28.49,1014.3,67.58,2.6799998,262.0,4.230289,10.93
2013-08-06,0.0,17.77,11.87,21.939999,1014.60004,81.665,3.46,204.0,3.0519602,11.1
2013-08-07,29.5,14.469999,10.0199995,18.029999,1013.5,91.336845,4.17,118.0,1.6454812,11.04
2013-08-08,0.0,16.24,10.98,20.869999,1017.60004,83.535,3.29,194.0,2.809097,11.23
2013-08-09,0.0,16.6,9.2,22.539999,1019.3,82.435,2.19,213.0,3.1059644,11.19
2013-08-10,0.0,16.41,13.5,20.439999,1018.4,79.9,3.57,162.0,2.3535693,11.17
2013-08-11,5.7000003,15.42,10.059999,21.16,1016.2,80.105,3.23,165.0,2.348215,11.16
2013-08-12,0.0,15.15,10.65,20.13,1013.9,80.96,3.51,152.0,2.1521215,11.15
2013-08-13,4.8,14.13,9.75,18.83,1017.4,83.315,3.75,204.0,2.8182306,11.14
2013-08-14,0.0,14.139999,8.29,19.81,1022.2,79.915,2.48,220.0,3.0343533,11.14
2013-08-15,2.2,15.46,7.98,20.09,1019.8,88.795,2.76,157.0,2.2333686,11.12
2013-08-16,4.1,19.359999,14.96,25.4,1015.8,81.595,3.29,195.0,3.0071783,11.12
2013-08-17,5.6,19.0,14.96,22.96,1012.9,82.26,3.46,158.0,2.422403,11.15
2013-08-18,1.9,17.33,11.78,22.42,1010.0,88.5,3.8799999,125.0,1.8565004,11.2
2013-08-19,4.6,15.33,10.24,19.68,1017.2,90.305,2.27,114.0,1.6185768,11.16
2013-08-20,0.0,14.67,8.36,20.25,1027.5,81.835,1.77,159.0,2.215589,11.18
2013-08-21,0.0,16.09,8.42,22.529999,1024.6,78.015,1.8,211.0,3.0377865,11.16
2013-08-22,0.0,17.9,10.96,23.33,1020.3,78.9,1.28,167.0,2.5000775,11.12
2013-08-23,0.0,18.07,12.69,22.59,1017.60004,77.645004,2.98,191.0,2.871648,11.11
2013-08-24,0.0,19.199999,14.23,24.25,1012.3,72.115,4.0,190.0,2.9245946,11.09
2013-08-25,0.0,18.65,13.63,24.519999,1013.8,70.235,3.6,184.0,2.8014133,11.08
2013-08-26,0.0,16.83,11.67,23.109999,1018.5,70.265,3.6299999,233.0,3.4149756,11.06
2013-08-27,0.0,16.609999,9.37,23.14,1017.60004,71.985,2.61,203.0,2.9625492,11.03
2013-08-28,0.0,17.199999,10.17,24.039999,1020.4,77.61,1.9799999,204.0,3.0109172,11.01
2013-08-29,0.0,15.82,8.5,22.91,1021.10004,80.25,1.8399999,195.0,2.7945864,11.0
2013-08-30,0.0,17.0,9.54,23.8,1018.4,82.14,2.83,149.0,2.191625,10.98
2013-08-31,0.0,16.08,9.63,21.13,1020.7,78.28,4.0099998,128.0,1.8450195,10.97
2013-09-01,0.0,14.139999,7.6299996,17.68,1024.2001,75.79,4.21,114.0,1.5711355,10.95
2013-09-02,0.0,16.199999,14.03,18.21,1021.7,85.28,4.72,49.0,0.70786536,10.95
2013-09-03,0.0,17.74,13.45,20.98,1026.1,87.21,2.48,92.0,1.3701862,10.94
2013-09-04,0.0,17.67,12.58,23.699999,1023.2,86.44,2.01,151.0,2.2479339,10.92
2013-09-05,0.0,21.16,13.809999,29.849998,1013.5,74.165,2.9399998,216.0,3.4430294,10.91
2013-09-06,1.2,20.33,12.41,28.72,1009.0,79.020004,2.47,183.0,2.8787456,10.89
2013-09-07,23.4,16.529999,12.639999,20.58,1017.0,92.64118,1.37,90.0,1.311514,10.88
2013-09-08,5.7000003,13.719999,10.42,17.85,1018.4,90.105,2.36,85.0,1.1625457,11.23
2013-09-09,20.300001,12.82,9.83,17.93,1015.4,87.79,2.3999999,103.0,1.3801037,11.15
2013-09-10,5.9,12.58,10.66,16.07,1009.4,93.568756,2.76,61.0,0.8145069,11.28
2013-09-11,1.7,13.49,8.78,17.47,1012.10004,89.99,3.1699998,101.0,1.3772521,11.23
2013-09-12,0.0,13.67,8.69,19.96,1016.10004,85.41,1.4399999,115.0,1.5724088,11.22
2013-09-13,8.1,13.66,7.8399997,19.73,1017.8,86.62,2.6,107.0,1.4617006,11.19
2013-09-14,4.1,14.54,10.87,18.359999,1010.60004,93.9,3.8799999,57.0,0.7970076,11.27
2013-09-15,5.6,12.65,8.45,16.57,1007.10004,81.995,4.5099998,117.0,1.5664215,11.24
2013-09-16,1.7,10.78,6.5299997,15.21,998.0,81.235,4.95,148.0,1.8964057,11.24
2013-09-17,1.3000001,10.28,7.46,15.009999,998.10004,85.525,5.27,119.0,1.5045322,11.24
2013-09-18,2.1000001,10.95,6.8599997,16.64,999.4,84.98,2.81,110.0,1.4149557,11.23
2013-09-19,4.1,11.36,6.5899997,15.5199995,1008.2,87.28,3.9199998,98.0,1.2693567,11.23
2013-09-20,1.0,13.32,9.33,17.1,1014.10004,89.22632,3.32,70.0,0.9498985,11.23
2013-09-21,0.0,13.12,8.88,16.52,1024.7001,86.590004,2.4299998,82.0,1.1026967,11.22
2013-09-22,0.0,16.02,13.28,21.23,1025.8,89.71,3.5,81.0,1.1638981,11.22
2013-09-23,0.0,15.16,10.389999,19.279999,1023.60004,90.615005,2.58,65.0,0.91720045,11.21
2013-09-24,0.0,14.38,11.36,17.49,1017.10004,91.39375,1.43,52.0,0.72263193,11.2
2013-09-25,0.0,14.63,12.15,17.3,1011.2,90.380005,1.9,60.0,0.8404854,11.2
2013-09-26,0.0,10.969999,4.79,15.07,1016.60004,83.17,3.51,111.0,1.4180068,11.18
2013-09-27,0.0,9.0,2.4299998,15.809999,1019.0,83.535,2.1399999,148.0,1.788829,11.18
2013-09-28,0.0,10.24,3.9499998,16.66,1015.8,79.285,3.6699998,148.0,1.8545953,11.16
2013-09-29,0.0,10.71,7.19,15.889999,1013.60004,69.685,5.94,163.0,2.0706258,11.14
2013-09-30,0.0,9.389999,5.69,14.799999,1013.3,72.345,4.99,157.0,1.9237368,11.14
2013-10-01,0.0,8.82,4.12,14.139999,1016.5,72.19,4.5899997,150.0,1.8057156,11.13
2013-10-02,0.0,9.11,4.95,14.69,1020.0,67.33,5.0,140.0,1.6966945,11.12
2013-10-03,2.5,9.94,3.9399998,14.98,1017.7,60.800003,5.16,139.0,1.7260875,11.12
2013-10-04,1.0,13.92,9.34,19.77,1013.9,83.275,3.77,78.0,1.073737,11.15
2013-10-05,0.0,13.99,9.45,18.27,1018.4,89.705,2.58,61.0,0.8396273,11.13
2013-10-06,0.0,11.849999,6.8199997,16.779999,1025.0,86.485,1.67,74.0,0.96385837,11.12
2013-10-07,0.0,11.639999,5.1,18.39,1026.0,89.535,1.5999999,113.0,1.463274,11.11
2013-10-08,2.6000001,14.2699995,9.53,18.13,1023.3,89.545,2.53,64.0,0.885025,11.11
2013-10-09,0.90000004,12.44,5.73,15.44,1013.5,86.635,3.82,42.0,0.5579256,11.12
2013-10-10,4.3,7.5899997,2.86,12.9,1008.10004,87.57,2.6399999,93.0,1.0839677,11.11
2013-10-11,6.9,11.42,5.5699997,13.83,1016.2,91.075005,5.87,37.0,0.47836658,11.19
2013-10-12,5.1,9.719999,7.3399997,12.46,1018.0,92.8625,2.53,45.0,0.55533206,11.17
2013-10-13,1.8000001,8.63,7.24,11.2,1014.10004,85.3,5.04,57.0,0.68316936,11.18
2013-10-14,4.2000003,9.95,8.05,12.42,1012.60004,85.51,3.58,65.0,0.80921936,11.17
2013-10-15,3.9,8.84,3.86,12.429999,1006.7,92.761116,2.3999999,39.0,0.4718862,11.21
2013-10-16,1.3000001,11.62,7.3599997,15.17,1011.10004,89.68421,2.83,47.0,0.6121249,11.2
2013-10-17,1.1,11.889999,8.48,14.4,1009.10004,85.68,6.31,52.0,0.6825102,11.2
2013-10-18,0.0,10.05,6.72,13.9,1018.10004,84.98,2.46,57.0,0.7098428,11.19
2013-10-19,9.3,11.809999,7.54,14.929999,1009.60004,87.165,3.76,55.0,0.72026575,11.18
2013-10-20,0.0,14.66,13.04,17.59,1009.3,89.48,4.24,49.0,0.6873611,11.21
2013-10-21,0.0,14.29,12.07,16.9,1010.3,87.335,4.8199997,46.0,0.6395942,11.21
2013-10-22,4.8,17.01,13.11,21.21,1004.0,83.905,4.38,94.0,1.3899058,11.2
2013-10-23,1.6,15.57,12.38,18.68,1002.3,84.275,6.18,54.0,0.77500707,11.22
2013-10-24,0.0,10.4,5.1099997,15.57,1016.0,85.5,2.96,90.0,1.1326088,11.21
2013-10-25,1.7,12.88,6.83,16.71,1010.5,88.445,4.02,27.0,0.36302537,11.21
2013-10-26,0.0,15.059999,13.13,18.83,1007.4,85.72,5.2799997,59.0,0.8357193,11.21
2013-10-27,13.900001,14.03,12.799999,15.429999,998.60004,81.200005,8.309999,51.0,0.70807385,11.24
2013-10-28,4.2000003,12.809999,10.059999,16.99,993.0,80.865,9.28,40.0,0.54072946,11.26
2013-10-29,6.1,9.48,6.8199997,12.5199995,1007.4,86.085,6.15,48.0,0.59121436,11.25
2013-10-30,0.0,8.55,5.91,12.79,1019.60004,85.020004,4.43,72.0,0.85874987,11.26
2013-10-31,2.8,9.78,7.37,12.099999,1018.4,83.17,5.77,51.0,0.63031536,11.25
2013-11-01,8.1,10.719999,9.58,11.88,1011.0,91.4,5.0699997,24.0,0.3053034,11.25
2013-11-02,1.0,9.86,8.32,11.8,999.5,92.24118,2.79,16.0,0.19986768,11.26
2013-11-03,24.800001,8.97,6.27,10.9,996.5,82.97,7.12,52.0,0.63450605,11.26
2013-11-04,2.3,7.18,4.81,8.25,987.10004,90.44,4.33,25.0,0.29075858,11.29
2013-11-05,7.5,6.8399997,3.9599998,9.0,992.4,90.994736,4.65,43.0,0.4936499,11.28
2013-11-06,12.8,8.71,5.44,13.08,997.4,89.84737,5.0499997,30.0,0.3632046,11.29
2013-11-07,0.0,10.3,7.23,13.95,1003.9,88.130005,5.35,33.0,0.41637844,11.31
2013-11-08,15.6,7.5099998,4.5,9.559999,1005.8,92.48334,2.74,41.0,0.47725567,11.3
2013-11-09,17.800001,7.68,3.4099998,10.219999,1003.2,85.25,5.29,47.0,0.5505891,11.31
2013-11-10,3.2,5.87,2.36,9.46,1009.9,88.590004,3.58,50.0,0.55189973,11.32
2013-11-11,0.90000004,6.16,0.39,9.86,1026.4,86.16,3.48,48.0,0.53037196,11.32
2013-11-12,3.0,6.19,3.6499999,7.7999997,1024.1,92.86154,4.72,12.0,0.13287248,11.31
2013-11-13,0.0,5.48,1.77,10.88,1029.2001,89.93158,2.98,65.0,0.7015258,11.3
2013-11-14,1.6,6.08,5.41,7.52,1018.7,92.19412,4.21,25.0,0.2765889,11.29
2013-11-15,0.0,6.23,1.1999999,11.67,1028.6,93.557144,1.51,38.0,0.42036086,11.3
2013-11-16,0.0,5.92,2.82,7.81,1029.6,93.450005,3.1599998,23.0,0.25177547,11.29
2013-11-17,1.4,7.24,6.46,9.639999,1024.0,92.81667,1.8499999,18.0,0.20599416,11.29
2013-11-18,1.5,5.62,4.63,7.2,1009.5,91.941666,2.4299998,14.0,0.15331951,11.29
2013-11-19,1.2,5.08,-0.5,8.38,1007.4,91.85834,3.6799998,18.0,0.19387573,11.28
2013-11-20,0.0,2.3999999,-1.9699999,5.7,1003.10004,89.475,3.27,36.0,0.35410705,11.28
2013-11-21,0.0,1.49,-2.25,5.56,1005.7,89.385,3.77,45.0,0.4273421,11.27
2013-11-22,0.0,4.0899997,0.48999998,6.15,1014.60004,90.47895,3.09,17.0,0.17641759,11.26
2013-11-23,0.0,4.41,-0.14999999,7.94,1020.60004,86.090004,2.54,37.0,0.38697308,11.27
2013-11-24,1.4,5.2599998,2.07,7.68,1024.7001,87.43,3.6999998,29.0,0.31143492,11.27
2013-11-25,0.90000004,3.86,-0.56,7.12,1031.2001,88.11,2.9199998,34.0,0.3469571,11.27
2013-11-26,0.0,5.13,1.54,7.93,1033.9,92.42941,1.9799999,34.0,0.36184818,11.27
2013-11-27,0.7,6.94,3.6899998,8.99,1031.1,94.11429,3.4199998,15.0,0.16949059,11.27
2013-11-28,0.0,8.19,6.7599998,9.17,1030.9,87.765,3.61,19.0,0.22304688,11.26
2013-11-29,14.3,6.06,4.0699997,7.94,1016.8,88.855,5.38,13.0,0.14387101,11.27
2013-11-30,0.0,6.0099998,3.3799999,9.21,1019.8,90.57,3.47,22.0,0.24271809,11.3
2013-12-01,0.0,6.5299997,2.4099998,8.97,1028.9,91.155556,3.32,17.0,0.18983309,11.28
2013-12-02,0.0,3.7099998,-1.35,8.559999,1034.1,89.76,0.96,35.0,0.35473996,11.28
2013-12-03,0.0,1.77,-1.7099999,5.0,1027.9,93.637505,1.79,29.0,0.27482247,11.28
2013-12-04,2.2,4.98,2.1299999,7.96,1023.3,90.64,4.16,10.0,0.10647137,11.28
2013-12-05,11.900001,3.87,0.91999996,6.74,1011.9,84.71,8.99,10.0,0.10313788,11.28
2013-12-06,3.1000001,2.1699998,1.28,4.8399997,1016.60004,81.340004,7.98,21.0,0.2032833,11.3
2013-12-07,1.8000001,4.22,0.93,6.68,1022.5,92.72353,3.3999999,14.0,0.14532693,11.29
2013-12-08,3.8,7.44,4.4,9.32,1020.4,91.700005,6.3599997,14.0,0.16148107,11.29
2013-12-09,0.0,8.26,6.37,9.13,1026.0,92.275,5.47,14.0,0.16506936,11.3
2013-12-10,0.0,6.3599997,3.1699998,9.19,1033.4,92.54286,3.6599998,25.0,0.27704683,11.29
2013-12-11,0.0,1.42,0.17999999,4.0,1032.6,92.28572,2.6599998,21.0,0.19586892,11.28
2013-12-12,0.0,2.6699998,1.0699999,4.95,1027.1,92.02857,3.86,20.0,0.19603904,11.28
2013-12-13,4.0,1.81,0.56,5.15,1022.10004,91.34375,3.4499998,24.0,0.22852676,11.28
2013-12-14,3.0,4.64,1.3199999,7.8199997,1022.8,92.64286,4.65,19.0,0.20004529,11.28
2013-12-15,0.0,7.5299997,5.25,9.2,1022.5,87.105,6.6299996,13.0,0.15020673,11.28
2013-12-16,2.9,9.38,7.2799997,11.639999,1020.0,78.485,6.35,20.0,0.24425127,11.28
2013-12-17,0.0,6.21,3.53,8.94,1022.60004,91.71111,2.54,10.0,0.11088068,11.29
2013-12-18,5.4,7.2599998,4.68,8.78,1013.5,85.82,5.06,18.0,0.20716928,11.27
2013-12-19,0.0,6.47,2.07,9.03,1003.9,89.3,5.21,18.0,0.20311846,11.28
2013-12-20,1.2,4.83,2.83,7.23,1019.0,88.44,5.7999997,29.0,0.30790323,11.28
2013-12-21,7.1,6.64,5.77,7.3799996,1017.2,86.426315,8.5199995,8.0,0.090161115,11.28
2013-12-22,5.3,7.52,4.24,9.26,1009.7,87.055,7.5899997,12.0,0.13946438,11.29
2013-12-23,3.9,6.74,3.33,10.34,1005.4,85.630005,7.2999997,27.0,0.30702758,11.29
2013-12-24,16.1,9.75,6.96,11.66,986.4,85.64,9.25,9.0,0.11275182,11.29
2013-12-25,0.0,5.98,0.74,8.32,988.60004,87.69,4.8199997,23.0,0.25753948,11.31
2013-12-26,0.0,3.76,1.14,5.7999997,997.0,93.275,2.55,16.0,0.16571893,11.3
2013-12-27,7.2000003,6.7599998,2.45,8.95,993.2,87.925,8.05,11.0,0.12592171,11.3
2013-12-28,0.0,6.48,3.1499999,7.83,998.5,90.52353,5.02,21.0,0.23768565,11.3
2013-12-29,0.0,4.5299997,2.72,7.1299996,1013.2,90.92778,4.7999997,26.0,0.27410218,11.3
2013-12-30,0.8,4.97,2.06,6.54,1017.9,84.22,6.97,31.0,0.33087313,11.3
2013-12-31,1.3000001,6.56,4.96,7.8599997,1011.7,75.83,5.3399997,29.0,0.32690197,11.28
2014-01-01,1.2,6.46,4.64,8.76,1003.8,82.585,6.23,30.0,0.3384415,11.29
2014-01-02,0.90000004,8.19,5.42,10.8,997.7,85.615005,6.06,17.0,0.20271,11.27
2014-01-03,7.5,7.94,5.24,10.82,999.8,86.925,6.95,17.0,0.20102327,11.29
2014-01-04,3.1000001,7.1499996,5.5099998,8.07,999.9,81.055,5.56,25.0,0.28867513,11.28
2014-01-05,1.6,5.5699997,3.82,7.4199996,1003.4,89.505005,5.0499997,33.0,0.361937,11.29
2014-01-06,12.2,9.469999,4.5499997,12.92,1000.5,88.975,7.3199997,16.0,0.19763434,11.29
2014-01-07,8.5,9.96,8.58,11.37,1007.5,81.54,7.12,20.0,0.24962565,11.31
2014-01-08,2.4,8.19,5.81,10.08,1013.10004,88.94211,5.7999997,20.0,0.23675351,11.31
2014-01-09,5.4,8.349999,5.83,11.96,1003.0,89.04737,7.2999997,12.0,0.14340039,11.3
2014-01-10,0.90000004,6.5099998,4.45,8.03,1012.3,87.28,5.5699997,29.0,0.32629195,11.31
2014-01-11,2.8,5.0899997,2.82,6.58,1014.5,87.833336,5.38,17.0,0.18249343,11.31
2014-01-12,0.0,2.57,0.21,6.0499997,1020.3,92.38824,3.3899999,40.0,0.39211988,11.31
2014-01-13,0.0,5.37,0.48999998,9.16,1008.3,89.97222,4.21,27.0,0.29346707,11.3
2014-01-14,0.0,4.16,1.18,7.93,1006.10004,90.564705,2.6299999,30.0,0.31348982,11.29
2014-01-15,6.2000003,4.4,2.5,5.3199997,1005.10004,91.68889,4.5499997,19.0,0.20027941,11.29
2014-01-16,4.8,6.91,4.99,7.99,997.60004,93.01819,4.73,12.0,0.13770497,11.29
2014-01-17,2.5,6.8999996,4.58,8.86,997.8,86.31053,4.46,16.0,0.18353203,11.3
2014-01-18,0.0,6.64,3.6499999,8.8,1000.4,85.865005,3.6299999,32.0,0.36365497,11.29
2014-01-19,0.0,4.77,2.98,6.52,1000.8,86.75,5.52,23.0,0.24603721,11.29
2014-01-20,0.0,1.29,0.85999995,3.0,1007.2,93.700005,3.12,13.0,0.12241957,11.29
2014-01-21,0.0,0.84999996,0.26,1.4599999,1011.9,93.0,1.53,13.0,0.120049685,11.28
2014-01-22,0.0,1.8399999,0.96999997,2.8999999,1013.10004,92.79091,3.56,24.0,0.22995034,11.28
2014-01-23,1.7,2.1299999,0.51,3.54,1011.60004,92.581825,3.72,18.0,0.17447509,11.28
2014-01-24,0.0,-0.9,-2.6,1.93,1016.3,90.31765,4.0899997,24.0,0.20619163,11.27
2014-01-25,7.1,-0.5,-2.5,1.54,1014.0,87.645004,4.8199997,25.0,0.21861076,11.27
2014-01-26,7.1,-1.42,-4.48,2.21,1001.7,92.833336,4.2999997,28.0,0.23757571,11.27
2014-01-27,0.0,3.04,1.09,4.1,991.60004,88.535,5.0899997,41.0,0.415319,11.29
2014-01-28,0.0,3.72,0.01,6.6,997.3,80.55,5.14,50.0,0.5170712,11.3
2014-01-29,0.0,-2.25,-3.75,0.24,1004.10004,86.08,6.2999997,26.0,0.21272011,11.28
2014-01-30,0.0,-2.07,-4.96,0.62,1007.9,82.825005,4.54,43.0,0.35366252,11.28
2014-01-31,4.3,0.01,-4.2599998,4.85,1005.7,82.94,3.78,51.0,0.45742616,11.28
2014-02-01,1.3000001,5.3199997,3.6699998,7.37,996.4,83.925,6.3199997,19.0,0.20744675,11.29
2014-02-02,0.0,5.21,2.61,8.16,1010.0,82.075005,5.1,67.0,0.72377986,11.29
2014-02-03,0.0,3.22,-0.25,7.16,1011.8,86.67,3.6399999,68.0,0.6855662,11.28
2014-02-04,0.0,4.66,1.12,8.99,1005.5,82.55,4.41,57.0,0.60600436,11.28
2014-02-05,0.0,6.0899997,1.5,8.96,994.9,77.57,6.21,54.0,0.60482985,11.27
2014-02-06,8.5,7.47,5.46,8.929999,996.9,78.380005,6.89,34.0,0.39700222,11.27
2014-02-07,14.7,7.18,4.23,9.86,989.0,91.0,6.67,21.0,0.24400915,11.29
2014-02-08,3.6000001,6.15,3.9399998,8.21,987.8,84.925,7.0499997,21.0,0.23650783,11.29
2014-02-09,2.1000001,5.5,3.25,6.85,987.9,79.565,8.95,38.0,0.4191654,11.3
2014-02-10,0.0,4.24,1.14,7.27,995.3,85.82,3.1699998,34.0,0.35831964,11.28
2014-02-11,2.1000001,4.39,0.17999999,7.8999996,997.9,87.805,4.7599998,47.0,0.49715713,11.29
2014-02-12,0.8,4.8399997,2.22,8.42,999.3,82.69,6.8799996,68.0,0.72968733,11.29
2014-02-13,2.3,4.88,2.1299999,7.3399997,992.8,85.025,6.0499997,46.0,0.4959582,11.29
2014-02-14,4.0,5.02,1.62,7.83,999.0,85.270004,6.17,61.0,0.65859365,11.29
2014-02-15,1.8000001,9.48,6.2999997,11.46,991.10004,68.36,10.4,55.0,0.6824728,11.29
2014-02-16,1.4,5.72,1.53,8.74,1004.8,79.92,6.54,67.0,0.7378888,11.28
2014-02-17,0.0,4.0499997,-0.77,7.98,1012.60004,91.060005,2.72,52.0,0.5394615,11.28
2014-02-18,1.9,5.87,3.76,8.059999,1011.8,84.770004,3.4299998,33.0,0.3639039,11.28
2014-02-19,0.0,7.12,4.5499997,10.179999,1010.3,89.18889,4.14,37.0,0.4246853,11.28
2014-02-20,6.3,7.75,4.13,9.429999,1005.3,91.35264,5.43,43.0,0.5042778,11.27
2014-02-21,0.90000004,6.3999996,4.2599998,9.3,1003.4,85.66,5.12,56.0,0.63069403,11.29
2014-02-22,0.0,5.5699997,3.4099998,8.98,1010.4,85.355,5.5299997,61.0,0.66664404,11.28
2014-02-23,0.0,6.98,3.4499998,10.8,1016.7,79.41,5.8599997,99.0,1.127902,11.27
2014-02-24,0.0,7.7,2.8799999,12.37,1012.10004,72.42,4.48,104.0,1.2138658,11.27
2014-02-25,0.0,8.849999,5.7999997,11.86,1007.60004,75.66,4.81,72.0,0.8710617,11.28
2014-02-26,0.0,6.7,2.8999999,11.32,1014.4,86.365,3.3799999,79.0,0.89324623,11.27
2014-02-27,2.3,5.04,2.45,9.599999,1011.10004,87.865,5.04,75.0,0.8051986,11.27
2014-02-28,0.0,4.5899997,2.0,7.93,1003.0,89.67,3.1599998,52.0,0.55227363,11.27
2014-03-01,5.4,4.45,1.76,7.8399997,1001.2,89.435005,2.3999999,54.0,0.57135874,11.26
2014-03-02,0.0,5.46,1.17,9.84,999.5,78.01,4.2,91.0,0.99650455,11.27
2014-03-03,0.0,4.5099998,-0.14999999,8.11,991.5,84.06,4.19,71.0,0.7566375,11.27
2014-03-04,0.0,5.58,-0.89,11.99,1003.7,81.51,2.24,108.0,1.184723,11.27
2014-03-05,0.0,5.5699997,0.22,11.49,1019.60004,86.685005,2.04,98.0,1.0659945,11.26
2014-03-06,0.0,6.8399997,0.17,12.86,1027.1,74.385,3.3799999,113.0,1.2753243,11.27
2014-03-07,0.0,7.49,1.9699999,12.07,1024.8,77.925,4.48,93.0,1.0720683,11.26
2014-03-08,0.0,7.69,-1.9799999,14.88,1030.3,76.68,3.29,147.0,1.7004331,11.25
2014-03-09,0.0,11.15,3.1499999,19.199999,1026.4,61.685,3.6499999,155.0,1.9812323,11.25
2014-03-10,0.0,8.79,0.83,16.85,1026.7001,76.835,3.46,150.0,1.795706,11.25
2014-03-11,0.0,7.5099998,2.5,13.679999,1034.0,78.98,4.67,142.0,1.6307462,11.25
2014-03-12,0.0,7.12,-0.44,15.04,1033.1,72.16,2.75,159.0,1.8049464,11.24
2014-03-13,0.0,6.5499997,-0.83,14.65,1029.1,79.73,1.7099999,157.0,1.7541023,11.25
2014-03-14,0.0,6.42,2.8,9.8,1024.3,91.96,3.7099998,104.0,1.159917,11.24
2014-03-15,3.6000001,8.79,7.18,10.84,1017.5,78.36,7.25,95.0,1.1421038,11.23
2014-03-16,0.0,10.0,7.62,11.509999,1016.2,84.105,6.22,62.0,0.771698,11.24
2014-03-17,0.0,9.2699995,7.5099998,11.509999,1017.2,81.51,5.19,43.0,0.5241725,11.24
2014-03-18,7.8,8.599999,7.5499997,12.24,1011.9,84.715004,5.17,51.0,0.6113494,11.24
2014-03-19,0.0,9.45,7.5299997,13.16,1017.7,80.255,6.81,110.0,1.3474356,11.26
2014-03-20,9.7,12.849999,6.45,20.06,1010.60004,65.405,6.33,183.0,2.4586015,11.25
2014-03-21,12.0,6.99,3.97,11.16,1005.8,86.485,4.23,57.0,0.65307075,11.31
2014-03-22,0.0,6.2,2.98,10.45,1000.7,79.585,5.27,101.0,1.1318815,11.28
2014-03-23,5.4,4.16,0.34,9.33,1004.8,90.32,3.3999999,126.0,1.3175707,11.28
2014-03-24,0.0,4.7799997,-0.78,10.57,1012.60004,81.5,2.46,143.0,1.5207955,11.28
2014-03-25,0.0,3.78,-2.45,10.44,1012.4,81.295006,2.1299999,158.0,1.6240577,11.28
2014-03-26,0.0,5.4,-0.06,10.11,1014.7,76.675,2.53,139.0,1.5073408,11.27
2014-03-27,0.0,7.44,3.06,12.71,1016.10004,70.83,5.8399997,175.0,2.0226896,11.27
2014-03-28,0.0,7.9199996,2.48,14.7699995,1019.7,76.505,5.3199997,148.0,1.7325777,11.26
2014-03-29,0.0,10.53,3.86,18.69,1020.2,71.89,3.58,167.0,2.1051562,11.26
2014-03-30,0.0,11.71,4.2999997,19.16,1016.8,73.735,2.36,159.0,2.0706348,11.26
2014-03-31,0.0,10.719999,6.2599998,16.59,1015.10004,85.270004,2.82,117.0,1.4857076,11.26
2014-04-01,0.0,10.92,5.0699997,18.5,1010.8,80.085,2.3899999,135.0,1.7266297,11.26
2014-04-02,0.0,10.04,2.77,19.63,1007.2,82.455,1.8399999,168.0,2.1017373,11.25
2014-04-03,0.0,12.08,5.0899997,19.029999,1004.4,82.170006,4.0499997,174.0,2.2992902,11.25
2014-04-04,0.0,11.62,10.13,13.32,1008.60004,89.21,1.9799999,49.0,0.63884616,11.24
2014-04-05,0.0,11.259999,6.0699997,16.279999,1014.60004,83.020004,2.08,85.0,1.095118,11.25
2014-04-06,0.90000004,12.65,6.97,15.259999,1014.9,87.585,4.24,67.0,0.8941651,11.25
2014-04-07,11.5,15.299999,12.24,20.41,1011.10004,81.21,4.21,112.0,1.5927258,11.25
2014-04-08,4.1,9.29,5.35,12.98,1012.5,83.200005,6.5499997,118.0,1.4423181,11.29
2014-04-09,1.1,8.87,4.0,12.62,1021.9,87.39,4.61,142.0,1.7076325,11.28
2014-04-10,0.0,10.889999,7.98,15.259999,1021.0,82.630005,2.4099998,99.0,1.2596385,11.28
2014-04-11,0.0,9.09,3.33,14.32,1019.7,80.805,2.12,137.0,1.6596153,11.26
2014-04-12,0.0,8.7699995,2.05,14.5,1017.3,78.935005,3.03,169.0,2.0307562,11.26
2014-04-13,2.8,9.7699995,7.5099998,12.91,1016.4,74.61,5.25,168.0,2.0776112,11.27
2014-04-14,2.0,7.8999996,5.0099998,10.87,1017.0,75.415,7.5499997,174.0,2.0383372,11.27
2014-04-15,0.0,6.06,1.03,10.23,1026.8,74.465004,5.0499997,164.0,1.8059307,11.28
2014-04-16,0.0,7.5899997,-0.25,14.559999,1029.5,70.6,1.78,259.0,2.98805,11.26
2014-04-17,2.2,10.17,4.0299997,16.96,1017.60004,67.81,5.58,190.0,2.3744678,11.25
2014-04-18,0.0,7.87,5.0299997,11.23,1014.7,79.025,5.2599998,144.0,1.6872289,11.26
2014-04-19,0.0,10.19,4.19,15.839999,1018.3,75.975,5.2,245.0,3.062544,11.25
2014-04-20,0.90000004,14.5,7.8399997,20.699999,1010.2,68.48,5.52,231.0,3.227522,11.24
2014-04-21,1.1,11.44,9.16,14.349999,1006.7,88.995,3.51,113.0,1.4676191,11.24
2014-04-22,0.0,12.82,6.93,18.9,1011.60004,81.880005,2.78,196.0,2.6302574,11.24
2014-04-23,5.5,12.83,5.3199997,19.55,1019.4,83.655,2.55,184.0,2.4620533,11.24
2014-04-24,2.8,14.179999,9.389999,19.52,1018.9,88.880005,3.28,144.0,1.9905057,11.24
2014-04-25,0.0,15.049999,10.34,21.67,1013.0,81.05,4.19,233.0,3.2927234,11.24
2014-04-26,1.7,13.759999,10.719999,17.539999,1010.4,84.73,2.24,175.0,2.4032648,11.25
2014-04-27,8.1,11.889999,9.429999,14.86,1007.60004,93.36,1.81,100.0,1.3133434,11.24
2014-04-28,0.0,13.2699995,10.0199995,17.77,1011.5,90.52778,1.66,146.0,1.9808849,11.27
2014-04-29,9.7,14.349999,10.7,19.609999,1011.7,87.725,1.61,162.0,2.2543852,11.26
2014-04-30,13.1,13.96,10.99,20.14,1011.0,84.675,2.01,174.0,2.4002151,11.27
2014-05-01,1.9,10.45,8.44,12.28,1011.9,91.405266,3.1399999,118.0,1.4896576,11.29
2014-05-02,0.0,8.66,4.75,11.929999,1020.0,73.79,4.99,110.0,1.3159448,11.27
2014-05-03,0.0,7.8999996,1.49,13.13,1026.1,69.805,3.25,252.0,2.939392,11.28
2014-05-04,0.0,8.69,4.42,11.889999,1023.3,70.23,1.8299999,143.0,1.7096134,11.27
2014-05-05,0.0,12.28,7.0699997,17.24,1016.2,64.685,3.04,210.0,2.7754028,11.26
2014-05-06,1.9,13.37,9.809999,17.74,1006.7,76.01,3.6299999,123.0,1.6760372,11.27
2014-05-07,5.2000003,12.009999,9.66,15.32,1007.5,83.15,4.64,162.0,2.1341848,11.25
2014-05-08,11.400001,11.42,10.45,13.08,1006.9,91.56111,4.66,71.0,0.92157716,11.26
2014-05-09,3.6000001,11.79,8.139999,15.0199995,1007.5,86.515,5.81,138.0,1.807883,11.28
2014-05-10,20.6,11.0199995,7.87,13.799999,1004.4,89.675,5.6,80.0,1.0287256,11.27
2014-05-11,11.2,10.34,9.36,12.309999,998.8,89.025,6.8399997,108.0,1.3672422,11.32
2014-05-12,4.2000003,10.88,8.61,13.7699995,1006.5,87.55,4.47,143.0,1.8304142,11.32
2014-05-13,0.7,10.26,6.7599998,14.16,1016.5,77.525,4.36,208.0,2.6070757,11.31
2014-05-14,0.0,9.38,5.69,13.059999,1027.8,77.630005,4.61,194.0,2.3609152,11.3
2014-05-15,0.0,9.58,4.22,14.75,1035.3,74.945,2.79,197.0,2.4029489,11.29
2014-05-16,0.0,10.82,1.4699999,17.52,1031.5,76.595,2.26,288.0,3.6410854,11.3
2014-05-17,0.0,12.95,5.2599998,20.16,1023.3,80.89,1.8199999,279.0,3.7383776,11.28
2014-05-18,0.0,14.849999,6.5699997,21.16,1014.7,72.935,2.49,285.0,4.0069485,11.27
2014-05-19,0.0,16.71,8.41,22.71,1008.5,74.685,2.58,249.0,3.6532257,11.27
2014-05-20,0.0,20.58,12.799999,27.49,1010.60004,63.52,3.01,255.0,4.0272346,11.27
2014-05-21,1.2,19.65,14.009999,23.039999,1009.8,72.6,2.58,181.0,2.8117085,11.26
2014-05-22,5.0,19.09,14.4,23.64,1007.2,67.15,3.8999999,259.0,3.9850292,11.26
2014-05-23,1.6,14.71,10.26,17.619999,1010.0,89.575005,2.44,157.0,2.2042732,11.27
2014-05-24,0.0,15.66,9.86,20.859999,1014.3,77.51,2.86,235.0,3.3644483,11.26
2014-05-25,0.0,15.82,8.34,21.56,1019.60004,73.64,2.37,287.0,4.1153026,11.25
2014-05-26,46.0,16.77,11.9,22.26,1016.9,77.745,3.97,182.0,2.6656547,11.24
2014-05-27,11.3,15.33,12.11,20.77,1011.3,86.43,4.48,114.0,1.6221225,11.31
2014-05-28,15.2,11.05,9.5,12.24,1013.3,93.207146,4.7599998,59.0,0.7563817,11.33
2014-05-29,0.0,10.57,7.6,13.67,1019.2,79.270004,4.16,134.0,1.6917274,11.32
2014-05-30,0.0,13.2,7.7799997,18.359999,1022.8,73.840004,1.87,270.0,3.6406617,11.32
2014-05-31,0.0,12.429999,5.69,18.33,1023.0,73.7,3.1699998,287.0,3.7967544,11.32
2014-06-01,0.0,12.16,6.23,17.38,1021.7,78.270004,2.1499999,208.0,2.7344606,11.29
2014-06-02,0.0,13.799999,6.0499997,19.15,1019.3,72.725,1.4,263.0,3.602607,11.29
2014-06-03,0.0,16.14,10.7699995,22.41,1013.7,73.450005,1.9699999,260.0,3.7620049,11.28
2014-06-04,8.6,16.16,11.88,21.22,1005.9,83.18,2.97,204.0,2.9613104,11.27
2014-06-05,8.2,12.25,10.389999,16.74,1009.4,85.33,4.8599997,193.0,2.5559654,11.3
2014-06-06,0.0,15.48,9.34,21.22,1016.3,68.775,3.26,302.0,4.3034763,11.3
2014-06-07,0.0,19.88,10.46,26.59,1014.9,70.39,2.95,270.0,4.2051916,11.29
2014-06-08,1.4,19.07,14.95,22.8,1018.9,83.130005,2.6499999,228.0,3.493451,11.3
2014-06-09,2.4,20.72,14.41,26.38,1017.60004,80.945,3.1699998,242.0,3.8231921,11.28
2014-06-10,2.2,20.9,16.039999,27.06,1018.5,81.090004,2.97,251.0,3.9768655,11.27
2014-06-11,0.0,17.43,10.92,22.439999,1025.5,74.795,2.84,237.0,3.508318,11.27
2014-06-12,0.0,16.19,9.78,22.31,1027.0,75.445,1.9699999,296.0,4.2670536,11.27
2014-06-13,0.0,15.99,10.8,20.64,1022.3,76.270004,4.13,220.0,3.1631455,11.24
2014-06-14,0.0,15.28,12.86,19.039999,1021.7,72.93,4.29,221.0,3.129061,11.23
2014-06-15,0.0,15.25,11.84,19.949999,1024.1,72.340004,3.8899999,257.0,3.6331055,11.22
2014-06-16,0.0,14.46,12.13,18.1,1022.3,79.435,4.65,122.0,1.6951653,11.22
2014-06-17,0.0,15.91,9.58,20.92,1022.7,76.41,4.46,217.0,3.114156,11.21
2014-06-18,0.0,14.809999,9.849999,18.09,1022.7,80.925,3.46,150.0,2.1006677,11.2
2014-06-19,2.4,13.95,12.24,17.08,1018.7,82.565,4.35,101.0,1.388736,11.23
2014-06-20,1.0,14.41,11.0199995,18.82,1018.2,72.99,4.83,168.0,2.335289,11.2
2014-06-21,0.0,14.12,9.69,18.72,1018.10004,80.020004,3.6299999,176.0,2.430191,11.19
2014-06-22,0.0,13.99,8.61,18.21,1020.9,76.520004,3.86,228.0,3.1352382,11.18
2014-06-23,0.0,15.58,10.83,19.93,1021.60004,74.39,2.8,235.0,3.349578,11.16
2014-06-24,1.5,14.37,10.26,19.83,1017.9,81.23,2.99,184.0,2.5556326,11.15
2014-06-25,0.0,14.63,8.63,19.99,1016.3,72.205,2.61,249.0,3.4812582,11.14
2014-06-26,0.0,15.65,11.9,20.81,1015.60004,76.1,2.29,248.0,3.5481005,11.13
2014-06-27,2.5,15.98,11.46,20.33,1013.3,80.255005,1.9399999,173.0,2.4949605,11.12
2014-06-28,6.6,15.96,12.12,20.64,1009.4,83.4,2.77,170.0,2.4541123,11.11
2014-06-29,5.9,14.87,11.04,18.52,1008.60004,84.340004,2.1399999,178.0,2.509485,11.11
2014-06-30,0.90000004,13.84,8.679999,18.21,1015.3,79.69,2.9099998,222.0,3.048614,11.13
2014-07-01,0.0,13.69,7.94,18.57,1019.2,79.6,3.1399999,243.0,3.320106,11.1
2014-07-02,0.0,14.78,8.559999,20.449999,1022.10004,77.08,2.44,233.0,3.2615492,11.09
2014-07-03,0.0,18.05,9.36,24.68,1019.9,69.605,3.29,280.0,4.2048297,11.07
2014-07-04,0.0,21.65,11.58,27.88,1010.10004,64.31,2.97,267.0,4.2960773,11.03
2014-07-05,6.2000003,19.67,17.08,24.48,1004.7,81.885,3.82,163.0,2.5371327,11.03
2014-07-06,6.2000003,20.289999,15.639999,25.91,1006.60004,83.15,4.19,200.0,3.1462667,11.05
2014-07-07,0.0,17.56,13.679999,23.09,1016.0,77.685,2.9099998,251.0,3.7375212,11.07
2014-07-08,10.1,14.839999,12.45,17.8,1011.3,90.305,4.5099998,62.0,0.87260944,11.07
2014-07-09,2.8,17.779999,13.559999,24.289999,1006.4,93.256256,4.43,120.0,1.8006474,11.14
2014-07-10,0.0,21.47,15.599999,27.22,1010.3,82.490005,2.25,280.0,4.4912624,11.1
2014-07-11,0.0,21.41,15.0199995,27.56,1013.60004,73.255005,3.1299999,271.0,4.3381968,11.05
2014-07-12,0.0,19.47,12.63,24.31,1012.7,69.465004,2.11,257.0,3.9753816,11.01
2014-07-13,0.0,19.02,15.549999,23.75,1007.0,81.72,3.09,152.0,2.3357754,11.0
2014-07-14,0.0,17.859999,13.34,21.529999,1011.7,83.4,3.37,176.0,2.640389,10.99
2014-07-15,0.0,16.88,12.179999,21.029999,1018.8,87.365,3.3799999,164.0,2.4059238,10.98
2014-07-16,0.0,18.0,10.8,24.019999,1021.9,72.415,1.73,258.0,3.8680067,10.95
2014-07-17,0.0,20.55,14.599999,26.519999,1021.4,72.64,2.34,285.0,4.4837513,10.93
2014-07-18,0.0,23.359999,15.42,30.789999,1017.2,71.73,2.71,300.0,4.9535213,10.9
2014-07-19,0.0,26.939999,18.4,33.67,1011.4,55.915,3.3,291.0,5.0696964,10.88
2014-07-20,18.2,23.55,19.3,29.349998,1009.0,73.33,2.76,179.0,2.9711041,10.86
2014-07-21,5.4,19.97,18.52,20.779999,1013.9,93.24375,2.6,105.0,1.6385523,11.01
2014-07-22,0.0,21.77,16.42,26.58,1019.4,73.96,4.37,297.0,4.7754006,11.02
2014-07-23,0.0,22.029999,16.789999,26.84,1020.10004,63.72,4.64,313.0,5.053665,10.97
2014-07-24,0.0,20.77,15.13,26.15,1017.60004,70.74,3.6499999,254.0,4.0163116,10.92
2014-07-25,10.400001,18.58,16.82,21.27,1015.9,90.42,1.9,121.0,1.8384755,10.91
2014-07-26,0.0,19.72,15.929999,23.64,1013.2,89.015,2.06,200.0,3.107506,11.0
2014-07-27,0.0,20.1,15.94,25.269999,1014.7,85.44,2.44,220.0,3.440402,10.96
2014-07-28,0.0,20.46,15.17,25.58,1013.2,83.43,3.61,210.0,3.3068461,10.92
2014-07-29,0.0,21.21,16.55,27.05,1011.60004,80.96,3.8899999,240.0,3.831072,10.89
2014-07-30,0.0,18.25,12.309999,23.16,1012.8,78.090004,3.12,210.0,3.1736042,10.86
2014-07-31,0.0,18.68,11.17,24.769999,1014.10004,77.625,2.71,252.0,3.8385525,10.84
2014-08-01,0.0,20.359999,12.98,26.98,1010.2,73.595,1.65,265.0,4.1693573,10.83
2014-08-02,0.0,22.06,15.799999,29.14,1006.3,71.68,2.6799998,219.0,3.5519269,10.81
2014-08-03,4.6,19.92,15.45,24.859999,1010.4,74.705,2.53,236.0,3.6835432,10.8
2014-08-04,0.0,18.89,12.889999,24.21,1015.3,74.405,2.45,198.0,3.0269625,10.79
2014-08-05,0.0,17.869999,11.29,24.31,1018.8,69.845,1.6899999,225.0,3.36806,10.77
2014-08-06,1.0,18.72,12.09,24.51,1015.0,73.39,3.36,204.0,3.1088686,10.76
2014-08-07,0.0,18.24,12.599999,24.32,1014.10004,83.810005,2.7,163.0,2.4617693,10.76
2014-08-08,11.3,19.13,10.53,24.689999,1011.4,82.28,2.74,176.0,2.7063231,10.73
2014-08-09,0.0,18.81,14.309999,22.59,1007.2,77.765,4.87,185.0,2.831412,10.88
2014-08-10,11.400001,18.38,13.07,25.01,1003.9,83.46,3.9599998,143.0,2.172995,10.85
2014-08-11,6.4,16.65,13.7699995,21.619999,1007.3,74.835,6.0299997,230.0,3.3716824,10.92
2014-08-12,6.5,15.389999,12.009999,20.14,1007.10004,80.51,5.02,189.0,2.6970692,10.93
2014-08-13,0.0,15.719999,11.69,20.41,1004.2,76.495,4.1,232.0,3.338181,10.95
2014-08-14,2.3,15.74,11.7699995,20.17,1007.8,81.51,3.6399999,168.0,2.4151595,10.93
2014-08-15,2.1000001,14.94,11.219999,19.96,1011.9,85.43,2.8,173.0,2.4397964,10.9
2014-08-16,1.5,14.849999,10.99,18.82,1015.7,80.405,3.75,141.0,1.9816378,10.89
2014-08-17,13.7,14.139999,11.389999,15.91,1005.60004,88.91,5.25,65.0,0.9022862,10.89
2014-08-18,7.5,13.38,9.75,17.64,1003.3,89.12,4.9,144.0,1.9653189,11.15
2014-08-19,8.7,11.969999,9.2699995,16.48,1008.5,88.55,3.9299998,135.0,1.7759476,11.13
2014-08-20,1.7,12.13,8.22,17.18,1014.2,83.655,3.37,176.0,2.3191955,11.16
2014-08-21,4.0,12.69,7.23,17.8,1014.0,81.455,3.1599998,182.0,2.432217,11.13
2014-08-22,9.8,12.54,8.99,16.98,1009.7,89.700005,3.87,112.0,1.4938253,11.18
2014-08-23,1.4,11.9,7.74,16.94,1012.3,82.58,3.03,184.0,2.4124224,11.18
2014-08-24,2.7,11.969999,6.85,16.82,1016.60004,84.07,2.8999999,195.0,2.556617,11.15
2014-08-25,0.0,12.24,6.15,15.91,1013.0,81.74,1.93,132.0,1.7450874,11.14
2014-08-26,0.0,13.44,8.21,18.71,1008.8,73.24,3.72,169.0,2.3047755,11.12
2014-08-27,0.0,14.13,5.72,21.23,1016.0,83.14,1.37,227.0,3.1376698,11.1
2014-08-28,0.0,16.8,9.61,22.699999,1014.0,81.775,2.86,171.0,2.5086706,11.08
2014-08-29,1.5,17.199999,13.7699995,21.77,1013.5,79.44,4.02,155.0,2.2931867,11.08
2014-08-30,10.6,16.56,12.849999,20.68,1013.2,86.1,4.24,89.0,1.2995139,11.09
2014-08-31,3.6000001,14.29,11.08,17.949999,1014.4,89.465004,2.58,137.0,1.9018749,11.18
2014-09-01,0.0,14.34,9.2699995,20.17,1019.7,85.490005,2.25,123.0,1.7060238,11.13
2014-09-02,0.0,15.42,8.87,20.359999,1023.2,90.631584,1.73,146.0,2.072455,11.11
2014-09-03,0.0,15.589999,8.8,21.31,1024.6,81.015,2.78,203.0,2.8909228,11.09
2014-09-04,0.0,17.49,11.67,23.85,1019.7,80.485,3.53,205.0,3.0443752,11.08
2014-09-05,0.0,18.89,12.9,24.81,1014.3,86.645004,1.54,140.0,2.1409755,11.06
2014-09-06,0.0,17.6,13.78,21.75,1012.7,91.535,1.67,111.0,1.6560497,11.04
2014-09-07,0.0,16.32,11.139999,20.9,1014.8,87.11,2.04,128.0,1.85845,11.04
2014-09-08,0.0,14.099999,7.5,20.21,1018.2,81.015,2.58,172.0,2.3737597,11.03
2014-09-09,0.0,14.48,11.349999,17.41,1019.9,83.72,2.85,83.0,1.1548555,11.01
2014-09-10,0.0,14.78,12.3,17.3,1020.0,82.35,3.11,94.0,1.3168609,11.0
2014-09-11,0.0,15.36,10.37,20.34,1020.4,83.095,3.29,159.0,2.2563176,10.99
2014-09-12,0.0,15.349999,8.47,21.3,1023.8,85.75,3.4099998,181.0,2.564718,10.97
2014-09-13,0.0,16.1,11.09,21.18,1025.4,85.57,3.36,150.0,2.1594083,10.96
2014-09-14,0.0,15.58,11.509999,20.3,1021.7,89.945,2.29,104.0,1.482312,10.95
2014-09-15,0.0,16.13,9.46,20.43,1018.0,90.14,2.1299999,114.0,1.6465881,10.94
2014-09-16,0.0,19.13,14.87,24.269999,1015.8,84.41,2.76,155.0,2.3800178,10.93
2014-09-17,0.0,18.85,13.94,24.48,1013.8,80.155,3.29,170.0,2.598199,10.92
2014-09-18,0.0,18.279999,12.88,25.189999,1011.4,83.24,2.3799999,173.0,2.6172025,10.91
2014-09-19,0.0,17.23,10.929999,24.609999,1011.7,87.85,1.65,134.0,1.9849523,10.9
2014-09-20,2.3,16.99,11.66,23.15,1013.7,89.75,1.8199999,114.0,1.6792228,10.89
2014-09-21,1.1,15.03,12.84,18.8,1017.2,78.270004,4.79,118.0,1.6641917,10.89
2014-09-22,3.4,12.759999,8.15,17.039999,1019.3,73.675,4.8199997,111.0,1.4827604,10.89
2014-09-23,0.0,12.5,5.8599997,17.109999,1018.9,79.195,2.37,116.0,1.5398395,10.88
2014-09-24,9.2,12.139999,8.91,14.38,1010.3,89.19,3.1899998,48.0,0.6336904,10.89
2014-09-25,1.1,13.32,9.49,16.76,1016.60004,83.155,3.9399998,82.0,1.111633,11.02
2014-09-26,0.0,14.98,9.09,18.24,1021.4,92.752945,3.61,47.0,0.6610703,10.99
2014-09-27,0.0,12.98,5.5899997,20.039999,1027.4,86.705,1.63,133.0,1.7804797,10.98
2014-09-28,0.0,13.92,8.51,20.57,1023.4,86.67,1.42,116.0,1.5909514,10.97
2014-09-29,5.4,16.039999,10.38,20.859999,1021.2,90.30527,1.9699999,78.0,1.1231372,10.94
2014-09-30,0.0,15.63,10.13,20.01,1023.4,90.45789,2.8799999,74.0,1.0552253,11.02
2014-10-01,2.6000001,15.36,10.78,19.99,1025.6,91.600006,2.27,92.0,1.3030376,10.99
2014-10-02,0.0,15.58,13.29,18.09,1027.9,92.92106,1.38,64.0,0.91012317,10.99
2014-10-03,0.0,15.759999,12.75,21.23,1024.0,89.61,1.35,122.0,1.7442788,10.98
2014-10-04,0.0,15.69,10.62,21.73,1015.8,77.475,3.3,135.0,1.9329721,10.97
2014-10-05,1.1,13.11,11.95,13.86,1017.3,91.21001,3.01,67.0,0.90343046,10.96
2014-10-06,4.9,13.69,12.07,15.21,1009.7,90.075005,3.59,64.0,0.8776989,10.96
2014-10-07,3.5,12.41,8.82,16.09,1000.0,85.08,5.92,61.0,0.814224,11.04
2014-10-08,2.8,12.34,8.4,15.79,1002.5,89.51,4.47,52.0,0.6921732,11.05
2014-10-09,0.0,14.38,12.5199995,17.34,1003.3,82.55,5.13,79.0,1.1036779,11.06
2014-10-10,0.0,13.34,8.65,17.77,1012.2,84.53,3.86,104.0,1.4130234,11.03
2014-10-11,4.3,11.34,5.92,16.24,1012.7,92.63685,1.64,74.0,0.95616287,11.03
2014-10-12,1.4,11.75,9.78,14.599999,1012.7,92.59091,2.84,85.0,1.1099877,11.05
2014-10-13,0.0,14.23,11.259999,18.619999,1005.10004,92.75,2.73,42.0,0.58434176,11.06
2014-10-14,2.0,12.29,9.11,14.309999,1005.2,90.23685,3.48,60.0,0.7967777,11.05
2014-10-15,3.7,12.65,7.83,16.69,1004.4,91.67778,3.62,52.0,0.6969551,11.07
2014-10-16,1.7,12.759999,8.99,17.21,1003.7,94.12858,2.6699998,47.0,0.63182217,11.09
2014-10-17,0.0,13.73,10.24,17.75,1011.9,93.611115,2.87,60.0,0.8229091,11.09
2014-10-18,0.0,16.09,12.059999,20.24,1016.2,87.195,3.9399998,67.0,0.96752876,11.09
2014-10-19,1.3000001,16.76,15.11,20.81,1012.5,88.83,5.52,58.0,0.8506356,11.08
2014-10-20,5.7000003,13.92,12.16,16.58,1012.3,86.37,4.65,68.0,0.93666244,11.07
2014-10-21,16.4,11.11,8.51,12.74,1001.7,90.84211,6.0099998,23.0,0.29680195,11.16
2014-10-22,0.0,10.09,7.48,12.46,1015.2,77.035,5.81,51.0,0.636637,11.21
2014-10-23,0.0,11.25,8.349999,13.42,1020.2,89.32353,3.79,35.0,0.44973955,11.17
2014-10-24,3.6000001,11.7,10.98,12.87,1017.2,88.145004,4.71,30.0,0.3905199,11.17
2014-10-25,0.0,11.69,7.96,14.99,1017.60004,90.76667,3.26,33.0,0.42938924,11.18
2014-10-26,0.0,11.67,8.49,14.74,1022.3,87.515,4.0899997,43.0,0.5581178,11.15
2014-10-27,0.0,12.21,10.25,15.67,1022.2,84.235,3.8,75.0,0.9870281,11.15
2014-10-28,0.0,9.44,7.2,13.929999,1016.60004,87.86316,4.0,81.0,0.9924161,11.15
2014-10-29,2.7,9.719999,7.06,11.73,1017.0,93.700005,3.0,18.0,0.22223231,11.14
2014-10-30,0.0,10.38,6.1099997,13.09,1022.10004,94.28334,2.56,32.0,0.40141374,11.13
2014-10-31,0.0,13.0199995,8.13,16.27,1020.8,94.05,2.79,41.0,0.5508617,11.14
2014-11-01,0.0,13.75,10.639999,18.38,1017.10004,88.155,3.1599998,74.0,1.0133339,11.13
2014-11-02,4.9,14.29,12.23,17.17,1008.9,83.86,5.25,66.0,0.9181739,11.13
2014-11-03,3.0,12.73,10.33,15.03,996.0,84.55,6.75,38.0,0.5120665,11.18
2014-11-04,0.0,9.179999,6.58,10.61,994.7,93.013336,2.76,31.0,0.38082942,11.17
2014-11-05,0.0,7.0899997,4.27,9.679999,1002.8,92.700005,1.25,29.0,0.3337758,11.14
2014-11-06,0.0,6.22,3.6399999,10.12,1009.7,93.16,2.1,33.0,0.36838832,11.15
2014-11-07,0.0,7.3199997,4.19,9.44,1003.10004,82.64,5.5899997,48.0,0.55626196,11.14
2014-11-08,0.0,9.22,7.71,12.2699995,1007.4,84.060005,4.87,58.0,0.70918196,11.13
2014-11-09,2.4,9.09,6.46,12.44,1007.60004,86.69,3.08,56.0,0.6821481,11.13
2014-11-10,0.0,9.0,5.7599998,12.32,1008.2,86.965004,3.82,41.0,0.4980152,11.14
2014-11-11,0.0,8.19,3.98,12.0,1006.60004,91.34211,3.85,51.0,0.60557437,11.13
2014-11-12,0.0,8.809999,4.31,11.099999,1004.4,93.825005,2.6299999,25.0,0.30255312,11.13
2014-11-13,0.0,7.2599998,1.93,12.3,1012.2,94.11667,2.26,39.0,0.44914955,11.12
2014-11-14,0.0,9.24,6.68,11.15,1007.8,92.39445,3.62,21.0,0.25687093,11.12
2014-11-15,9.1,9.48,8.26,10.44,1002.4,93.22,3.24,14.0,0.172829,11.12
2014-11-16,15.3,8.97,8.37,9.73,1000.10004,93.700005,2.36,15.0,0.18272616,11.26
2014-11-17,0.0,9.05,6.79,12.059999,1006.60004,92.08,3.28,46.0,0.5599564,11.23
2014-11-18,0.0,7.52,6.3199997,8.58,1012.7,91.676476,4.08,15.0,0.17407905,11.22
2014-11-19,0.0,7.04,4.74,8.62,1021.8,91.56842,1.8499999,13.0,0.14801578,11.21
2014-11-20,0.0,6.14,1.63,8.57,1027.6,91.083336,2.12,25.0,0.27589333,11.2
2014-11-21,0.0,3.4499998,-0.55,6.87,1024.0,90.89375,3.1299999,40.0,0.40389258,11.19
2014-11-22,0.0,6.42,3.35,8.45,1018.3,90.18,3.12,29.0,0.3244005,11.19
2014-11-23,4.8,10.05,7.22,13.679999,1015.5,89.543755,3.08,37.0,0.4613061,11.19
2014-11-24,0.0,6.43,1.1899999,10.83,1023.5,89.54445,3.1299999,46.0,0.51340586,11.21
2014-11-25,0.0,4.14,-0.45,8.83,1025.7001,93.05,2.1699998,35.0,0.36170557,11.19
2014-11-26,0.0,4.36,3.21,5.74,1016.4,86.0,4.89,26.0,0.2720642,11.19
2014-11-27,1.3000001,4.71,3.8799999,5.71,1009.60004,89.0,4.5099998,20.0,0.21253265,11.19
2014-11-28,0.0,3.1899998,1.9799999,5.38,1012.5,83.53,6.04,25.0,0.25168183,11.18
2014-11-29,0.0,1.42,0.79999995,2.23,1016.8,87.61,4.93,25.0,0.23528402,11.18
2014-11-30,0.0,1.4,0.14,2.3899999,1014.3,92.88182,3.82,13.0,0.12243012,11.17
2014-12-01,0.0,-0.17,-1.2099999,0.42,1015.10004,90.06842,5.2599998,13.0,0.11511923,11.17
2014-12-02,0.0,-0.63,-1.18,0.17,1017.2,85.995,3.27,12.0,0.104181,11.16
2014-12-03,0.0,-1.4499999,-2.46,-0.03,1023.2,86.08,4.45,10.0,0.08362634,11.16
2014-12-04,0.0,-0.19,-2.56,0.71999997,1018.5,87.35,3.0,11.0,0.09713359,11.16
2014-12-05,0.0,2.72,0.57,4.25,1016.9,90.729416,3.33,12.0,0.11850112,11.15
2014-12-06,0.0,2.03,-2.44,8.55,1022.60004,92.46001,1.99,29.0,0.27833468,11.14
2014-12-07,7.7000003,2.96,-0.59999996,6.0299997,1015.5,92.34286,5.24,16.0,0.15949684,11.14
2014-12-08,2.3,2.21,-1.0,5.64,1015.10004,89.88889,4.17,26.0,0.25226748,11.2
2014-12-09,7.3,1.17,-2.29,4.5699997,1023.10004,93.78334,4.35,17.0,0.15790571,11.18
2014-12-10,2.9,5.39,3.6499999,7.7,1010.7,83.47,7.08,26.0,0.28243473,11.25
2014-12-11,22.300001,4.99,2.6499999,6.5499997,1003.0,85.535,7.3399997,15.0,0.16145132,11.27
2014-12-12,3.0,6.31,3.1,8.8,994.5,87.895004,7.45,7.0,0.07896582,11.27
2014-12-13,0.0,2.85,-0.099999994,6.0099998,1008.5,90.41765,3.7099998,15.0,0.14951439,11.26
2014-12-14,3.8,2.71,0.85999995,5.25,1012.7,87.60556,5.39,33.0,0.32651734,11.25
2014-12-15,2.9,4.87,3.32,7.21,1009.2,91.012505,5.6,14.0,0.14960325,11.26
2014-12-16,3.4,3.56,0.26,7.0,1009.8,91.56843,4.12,21.0,0.2145051,11.24
2014-12-17,3.7,6.37,1.8199999,9.61,1003.4,94.075005,5.06,8.0,0.09001417,11.26
2014-12-18,21.5,11.0199995,9.19,12.12,1005.9,93.48572,6.87,8.0,0.102806054,11.26
2014-12-19,2.0,8.65,6.52,11.58,1008.8,83.755005,7.41,15.0,0.18032897,11.3
2014-12-20,8.0,6.44,4.0,8.2699995,1016.5,80.705,8.19,14.0,0.15684612,11.28
2014-12-21,0.0,6.95,4.11,10.38,1021.4,87.3,7.02,10.0,0.11356309,11.28
2014-12-22,5.7000003,11.54,10.07,12.57,1011.7,86.93,10.2699995,7.0,0.0909567,11.28
2014-12-23,13.400001,10.8,9.74,11.44,1012.2,82.73,9.38,11.0,0.14015628,11.28
2014-12-24,4.2000003,7.5699997,5.49,9.74,1011.7,84.47,6.75,16.0,0.18605457,11.3
2014-12-25,1.1,4.5,-0.11,7.5699997,1020.8,81.24,5.2599998,21.0,0.22028467,11.29
2014-12-26,0.0,-0.17999999,-3.3,2.31,1025.0,93.700005,2.08,25.0,0.219995,11.28
2014-12-27,0.0,0.29,-2.31,1.6899999,1007.5,78.825005,6.64,14.0,0.12682557,11.28
2014-12-28,2.7,-0.42999998,-4.56,3.6799998,1026.6,81.92,3.46,44.0,0.38294387,11.26
2014-12-29,0.0,2.53,-0.03,4.19,1032.6,86.66,3.48,28.0,0.2722292,11.26
2014-12-30,1.4,5.25,3.12,5.68,1033.3,86.41,3.36,16.0,0.17101675,11.26
2014-12-31,0.0,4.72,1.1899999,7.94,1032.4,91.58572,3.87,20.0,0.2100955,11.27
2015-01-01,5.9,3.1799998,0.78999996,4.92,1027.9,86.15,6.54,19.0,0.18961486,11.26
2015-01-02,0.0,6.47,4.3199997,9.51,1021.9,77.47,8.41,27.0,0.30196762,11.26
2015-01-03,1.6,4.22,3.07,5.5899997,1020.7,86.705,5.67,10.0,0.103903614,11.26
2015-01-04,0.0,3.4199998,-0.63,6.62,1030.8,84.78,4.0099998,38.0,0.38189015,11.25
2015-01-05,0.0,2.44,-0.61,5.5,1029.5,91.44667,3.9499998,18.0,0.17472547,11.25
2015-01-06,2.2,3.24,2.57,5.27,1021.3,87.195,3.5,17.0,0.17062873,11.25
2015-01-07,3.2,4.0699997,1.0699999,6.8999996,1023.60004,89.060005,5.06,36.0,0.37155336,11.25
2015-01-08,14.3,5.75,3.5,7.46,1018.0,93.26667,6.0899997,11.0,0.12045345,11.26
2015-01-09,7.1,8.58,4.95,12.0,1011.4,86.735,9.22,11.0,0.13181384,11.28
2015-01-10,3.6000001,9.34,4.95,12.78,1006.2,77.225,10.74,12.0,0.1473049,11.28
2015-01-11,0.0,5.6299996,3.6,7.2599998,1012.3,76.44,8.849999,22.0,0.24066532,11.27
2015-01-12,19.6,7.8999996,6.1,9.96,1008.9,87.200005,9.11,10.0,0.11759745,11.28
2015-01-13,13.8,7.58,5.0499997,9.99,1001.5,92.025,6.3599997,9.0,0.10520242,11.31
2015-01-14,11.6,3.08,0.38,5.7,1005.2,87.325,5.8799996,20.0,0.20136374,11.3
2015-01-15,8.3,7.3399997,3.51,9.139999,994.60004,85.41,8.51,11.0,0.1280828,11.31
2015-01-16,3.5,5.0,2.3899999,7.12,1002.8,84.21,5.81,34.0,0.36611584,11.31
2015-01-17,1.9,1.7199999,-1.2099999,5.4,1012.0,85.57,4.44,52.0,0.49630737,11.3
2015-01-18,3.6000001,1.88,1.1,2.72,1011.9,92.09334,3.5,15.0,0.14403109,11.29
2015-01-19,0.0,1.02,-0.29999998,1.99,1012.10004,94.325005,1.24,18.0,0.16729341,11.3
2015-01-20,0.0,0.96,-2.02,2.06,1012.3,91.19,2.1,24.0,0.22251895,11.29
2015-01-21,0.0,-0.95,-2.3999999,0.61,1014.5,87.485,2.97,24.0,0.20599471,11.27
2015-01-22,0.0,-1.87,-4.31,1.53,1020.9,84.565,3.72,26.0,0.21392128,11.27
2015-01-23,7.1,-3.24,-5.65,-1.68,1025.4,92.56667,2.6499999,24.0,0.18555652,11.26
2015-01-24,0.0,0.74,-2.27,4.58,1019.7,90.16,4.5299997,34.0,0.31122726,11.25
2015-01-25,2.1000001,2.53,-0.14999999,3.4399998,1026.3,93.3,3.1299999,21.0,0.20488197,11.27
2015-01-26,4.0,4.43,2.5,6.89,1017.8,92.59375,4.7999997,12.0,0.12577534,11.28
2015-01-27,0.0,3.8799999,1.9,6.5299997,1020.2,90.37369,3.77,40.0,0.4108672,11.28
2015-01-28,12.900001,4.36,1.74,5.8799996,1000.10004,89.255005,7.6499996,13.0,0.13721137,11.29
2015-01-29,11.1,2.04,0.14,3.72,980.4,90.225006,6.16,24.0,0.23601483,11.3
2015-01-30,2.0,0.31,-3.02,3.1699998,974.4,93.76154,2.69,36.0,0.33290145,11.29
2015-01-31,0.0,0.84999996,-2.21,4.0,980.10004,91.21875,3.22,42.0,0.3951684,11.29
2015-02-01,1.2,0.48,-1.78,1.87,989.9,93.450005,2.83,23.0,0.21211047,11.28
2015-02-02,4.2000003,1.12,-0.81,4.5699997,997.7,91.7353,3.62,37.0,0.34809676,11.29
2015-02-03,0.0,0.35999998,-3.1999998,5.0099998,1004.60004,89.265,2.59,45.0,0.4094755,11.29
2015-02-04,1.6,-0.48,-3.29,3.03,1015.60004,89.585,1.62,57.0,0.49835554,11.28
2015-02-05,0.0,-1.23,-3.99,1.4699999,1025.5,89.200005,3.1699998,45.0,0.37925297,11.26
2015-02-06,0.0,-0.90999997,-4.38,1.73,1032.1,84.515,3.62,75.0,0.63796294,11.27
2015-02-07,0.90000004,1.91,-5.1099997,5.25,1030.6,94.262505,3.6599998,28.0,0.26633948,11.25
2015-02-08,0.0,4.62,3.01,5.8199997,1029.9,80.585,5.39,60.0,0.6289648,11.26
2015-02-09,1.5,5.7,5.08,7.16,1028.2001,93.45455,5.2599998,22.0,0.23927961,11.27
2015-02-10,0.0,5.5499997,3.98,7.2999997,1031.2001,91.833336,3.09,24.0,0.25935948,11.27
2015-02-11,0.0,4.47,2.45,4.93,1026.5,84.810005,2.1399999,20.0,0.20895627,11.27
2015-02-12,0.0,2.37,1.73,3.26,1021.5,92.005264,2.24,21.0,0.20422623,11.27
2015-02-13,0.0,4.0899997,0.57,8.29,1013.4,83.255005,3.7099998,62.0,0.64381623,11.26
2015-02-14,0.0,5.89,2.47,10.42,1009.8,79.975006,3.23,62.0,0.6848306,11.26
2015-02-15,0.0,1.5799999,-0.42,4.5099998,1016.5,85.67,4.45,64.0,0.60608304,11.25
2015-02-16,0.0,1.1999999,-2.33,6.94,1018.8,89.08948,2.6499999,76.0,0.70848864,11.25
2015-02-17,0.0,1.76,-2.23,7.2999997,1032.2001,93.47778,2.59,41.0,0.38745788,11.23
2015-02-18,0.0,2.11,-1.74,7.8999996,1037.0,88.56,4.2599998,86.0,0.82124466,11.24
2015-02-19,5.9,2.86,-0.37,6.94,1023.8,83.37369,6.17,76.0,0.75145984,11.24
2015-02-20,22.5,4.2799997,2.03,5.9,1005.7,93.14286,4.96,14.0,0.14692704,11.26
2015-02-21,0.90000004,2.8899999,-0.26999998,5.65,997.10004,92.48,4.06,40.0,0.4018061,11.29
2015-02-22,6.2000003,2.47,-1.54,7.24,1004.3,85.3,5.29,83.0,0.817944,11.29
2015-02-23,2.1000001,4.93,1.0699999,8.87,991.7,85.020004,6.5099998,60.0,0.6483476,11.28
2015-02-24,2.8,4.89,2.1299999,8.25,1001.7,83.835,6.58,60.0,0.6441027,11.29
2015-02-25,7.6,3.8,0.76,6.33,1015.10004,92.357895,3.4499998,61.0,0.6265375,11.27
2015-02-26,8.900001,6.19,3.25,8.79,1013.4,91.64445,5.0,58.0,0.645656,11.28
2015-02-27,0.0,4.39,-0.22999999,7.66,1015.3,84.015,3.9599998,71.0,0.7441363,11.29
2015-02-28,1.2,3.98,-1.24,7.6,1013.0,77.985,5.74,99.0,1.0243561,11.28
2015-03-01,5.2000003,6.83,4.49,9.63,997.4,79.955,7.75,74.0,0.8471749,11.28
2015-03-02,1.4,4.52,0.96999997,8.25,1002.2,79.105,7.6099997,85.0,0.90101045,11.29
2015-03-03,7.5,2.8799999,1.27,5.45,1013.2,88.78,5.0,56.0,0.5573419,11.29
2015-03-04,1.7,4.0499997,0.94,7.6299996,1022.0,84.385,6.0699997,67.0,0.69161004,11.28
2015-03-05,0.0,4.8199997,0.08,9.01,1035.1,86.925,3.79,72.0,0.75785273,11.27
2015-03-06,0.0,6.2599998,3.28,9.69,1033.1,80.375,4.31,46.0,0.5082132,11.27
2015-03-07,0.0,7.95,3.5,13.13,1026.1,72.005005,5.87,91.0,1.06304,11.28
2015-03-08,0.0,8.97,4.21,15.589999,1022.0,74.72,4.67,151.0,1.8210163,11.27
2015-03-09,1.3000001,7.77,2.58,11.37,1025.7001,84.23,2.98,100.0,1.1620911,11.26
2015-03-10,0.0,6.74,0.78999996,10.51,1027.7001,85.67,3.59,130.0,1.4621688,11.27
2015-03-11,0.0,3.1599998,-2.6699998,9.73,1031.7001,85.495,1.4599999,147.0,1.4629567,11.26
2015-03-12,0.0,4.19,-2.51,11.509999,1031.4,82.945,2.74,158.0,1.6307606,11.26
2015-03-13,0.0,3.25,-0.19999999,7.0899997,1027.9,77.195,4.3199997,129.0,1.2906094,11.25
2015-03-14,0.0,3.78,1.05,5.72,1030.3,86.305,4.69,39.0,0.39705682,11.24
2015-03-15,0.0,5.24,3.05,7.5099998,1029.5,84.025,5.08,44.0,0.47105163,11.24
2015-03-16,0.0,6.6299996,2.4099998,12.63,1025.5,78.555,4.4,136.0,1.5260149,11.25
2015-03-17,0.0,8.05,0.69,15.25,1025.7001,82.825005,2.5,158.0,1.8515936,11.24
2015-03-18,0.0,7.43,-0.07,14.849999,1027.1,88.380005,2.9399998,150.0,1.7240791,11.24
2015-03-19,0.0,7.0099998,-0.32999998,12.7,1028.3,85.635,2.61,128.0,1.4514458,11.23
2015-03-20,3.4,4.71,0.84999996,7.66,1024.5,86.87,2.85,66.0,0.695926,11.22
2015-03-21,0.0,5.9,3.23,9.36,1018.7,89.64,5.54,68.0,0.74797946,11.24
2015-03-22,0.0,3.36,0.96999997,7.33,1026.1,71.03,3.79,176.0,1.7694615,11.24
2015-03-23,0.0,3.06,-1.9799999,9.09,1015.3,83.375,2.9299998,150.0,1.5008113,11.23
2015-03-24,5.9,5.2599998,-1.67,11.13,1008.3,83.6,1.93,113.0,1.223788,11.24
2015-03-25,5.4,5.62,4.56,7.1,1006.5,92.28824,3.3,50.0,0.54840875,11.25
2015-03-26,3.8,5.21,3.26,7.71,1005.9,83.995,4.77,76.0,0.82274497,11.26
2015-03-27,0.0,6.2,2.36,7.81,1014.5,87.020004,5.5,73.0,0.81244767,11.25
2015-03-28,3.8,6.72,0.02,9.94,1012.7,91.645004,5.64,78.0,0.88322943,11.26
2015-03-29,11.1,8.67,5.66,10.71,993.8,89.395004,7.93,40.0,0.484532,11.28
2015-03-30,11.7,6.45,3.51,8.46,1000.5,72.41,8.42,132.0,1.4911306,11.28
2015-03-31,5.4,6.91,3.24,10.36,995.3,75.450005,11.139999,89.0,1.0224723,11.29
2015-04-01,13.0,5.0699997,2.29,7.45,1011.8,79.665,7.6699996,130.0,1.3965613,11.29
2015-04-02,1.0,4.81,1.4399999,8.07,1014.9,83.06,6.22,160.0,1.7012609,11.28
2015-04-03,0.0,5.29,0.82,10.04,1019.60004,78.255005,2.69,152.0,1.6382408,11.29
2015-04-04,0.0,3.97,-0.29999998,8.75,1020.7,78.91,3.47,146.0,1.5039591,11.27
2015-04-05,0.0,4.91,-1.9799999,10.69,1026.1,75.535,2.84,207.0,2.1956158,11.28
2015-04-06,0.0,6.67,1.65,11.92,1030.6,85.86,2.29,142.0,1.5913669,11.27
2015-04-07,0.0,6.22,0.14,10.5199995,1035.0,90.26,3.75,106.0,1.1684992,11.27
2015-04-08,0.0,7.77,4.88,12.36,1033.4,91.175,2.3,132.0,1.528381,11.27
2015-04-09,0.0,8.88,3.26,15.11,1027.3,84.495,1.8199999,199.0,2.3878653,11.27
2015-04-10,0.0,10.75,3.08,18.66,1019.5,75.085,1.6899999,212.0,2.6890838,11.26
2015-04-11,2.5,8.55,3.6399999,15.099999,1017.5,84.055,4.97,133.0,1.587849,11.27
2015-04-12,1.0,9.16,3.8,14.0199995,1024.6,70.66,6.5499997,205.0,2.4827945,11.26
2015-04-13,0.0,7.29,2.44,12.16,1029.8,76.695,3.9199998,199.0,2.2745287,11.25
2015-04-14,0.0,10.7,3.8999999,17.27,1023.5,77.375,4.79,186.0,2.3520575,11.26
2015-04-15,0.0,12.009999,6.66,20.08,1015.8,77.25,5.12,245.0,3.2164962,11.25
2015-04-16,0.0,7.8999996,4.04,12.259999,1017.2,72.445,3.08,195.0,2.2841268,11.25
2015-04-17,0.0,6.5299997,1.77,11.44,1020.8,76.245,3.73,204.0,2.2871034,11.23
2015-04-18,0.0,7.6,1.0,13.82,1027.5,74.035,3.82,254.0,2.9340484,11.24
2015-04-19,0.0,7.8799996,1.8,14.0,1023.8,74.25,2.75,215.0,2.5090349,11.23
2015-04-20,0.0,9.19,2.03,16.77,1029.3,76.065,3.08,262.0,3.1690936,11.22
2015-04-21,0.0,8.41,2.2,15.48,1031.9,79.885,3.8,255.0,3.0117059,11.22
2015-04-22,0.0,7.81,3.48,11.2699995,1027.8,83.115,4.42,164.0,1.906233,11.2
2015-04-23,0.0,9.0,3.6699998,15.37,1019.5,77.94,2.18,206.0,2.4892867,11.21
2015-04-24,0.0,11.41,1.5,18.91,1011.0,72.54,2.98,238.0,3.083053,11.2
2015-04-25,1.7,11.11,8.58,13.73,1006.10004,91.44,4.35,74.0,0.95312214,11.21
2015-04-26,1.6,8.38,6.66,11.07,1006.60004,90.23685,3.52,78.0,0.93134147,11.21
2015-04-27,0.0,6.89,-0.98999995,12.009999,1009.60004,70.305,3.99,211.0,2.405569,11.2
2015-04-28,3.7,4.81,-2.6699998,11.74,1015.5,74.14,3.85,221.0,2.3491328,11.22
2015-04-29,4.9,8.59,1.9599999,13.309999,1015.3,67.810005,4.73,186.0,2.2254612,11.21
2015-04-30,1.8000001,7.5899997,3.24,13.15,1010.2,81.335,4.37,183.0,2.1308177,11.25
2015-05-01,0.0,7.17,1.41,11.429999,1009.4,77.725,3.56,211.0,2.426632,11.22
2015-05-02,0.0,7.5099998,-0.83,13.719999,1012.3,71.895004,2.4199998,248.0,2.8777902,11.22
2015-05-03,3.5,12.13,4.41,17.89,1003.0,78.3,5.1,164.0,2.171136,11.21
2015-05-04,6.4,14.34,10.05,18.609999,1005.10004,77.835,4.75,190.0,2.6501458,11.22
2015-05-05,9.8,14.849999,9.22,22.1,999.2,77.745,6.85,198.0,2.8001428,11.26
2015-05-06,5.5,11.32,8.32,15.48,1007.8,75.5,6.7999997,223.0,2.885927,11.25
2015-05-07,0.0,10.98,5.6,14.9,1015.4,77.695,5.08,193.0,2.4674687,11.25
2015-05-08,2.3,12.57,6.1299996,17.42,1015.7,74.590004,2.29,185.0,2.4632723,11.25
2015-05-09,2.8,12.42,8.8,15.79,1014.60004,79.130005,6.68,128.0,1.6987308,11.25
2015-05-10,0.0,12.66,8.29,17.19,1025.1,64.630005,3.37,252.0,3.3500676,11.24
2015-05-11,0.0,17.16,10.389999,25.01,1019.4,65.23,4.0899997,271.0,3.9978962,11.22
2015-05-12,0.0,13.44,8.07,18.46,1016.5,74.7,4.2999997,190.0,2.5832736,11.22
2015-05-13,0.0,11.15,7.0699997,16.77,1017.9,71.48,4.41,236.0,3.0275364,11.22
2015-05-14,0.0,9.429999,4.45,12.54,1014.60004,75.61,2.85,148.0,1.8144335,11.21
2015-05-15,0.0,7.89,2.5,13.469999,1019.2,75.630005,2.99,247.0,2.8896217,11.21
2015-05-16,1.4,8.62,2.8799999,13.99,1021.3,84.115005,4.52,100.0,1.1942036,11.19
2015-05-17,0.0,10.45,5.2799997,15.08,1022.3,70.47,4.58,230.0,2.8903995,11.19
2015-05-18,7.3,10.03,7.0299997,13.09,1007.2,81.125,4.81,88.0,1.100609,11.18
2015-05-19,5.1,8.94,6.22,12.98,1004.3,84.785,5.13,206.0,2.5024378,11.24
2015-05-20,1.9,9.559999,5.38,14.679999,1013.60004,79.71,4.33,240.0,2.9544053,11.23
2015-05-21,0.0,11.79,6.29,16.76,1024.0,74.165,3.49,235.0,3.0574563,11.22
2015-05-22,2.8,14.53,8.95,19.66,1024.0,73.015,3.48,243.0,3.3796964,11.2
2015-05-23,0.0,10.929999,6.14,14.49,1022.8,78.51,3.6499999,188.0,2.3927386,11.2
2015-05-24,0.0,12.25,4.31,18.89,1019.2,69.445,2.25,292.0,3.8514626,11.19
2015-05-25,0.0,11.54,8.05,14.63,1015.9,73.5,3.8,160.0,2.0753255,11.18
2015-05-26,0.0,10.13,6.74,14.24,1020.5,76.58,3.98,194.0,2.4187047,11.18
2015-05-27,0.0,12.69,8.03,17.279999,1020.60004,74.745,2.96,183.0,2.4390402,11.17
2015-05-28,1.3000001,11.34,6.24,15.559999,1012.0,74.96,4.75,180.0,2.3264942,11.17
2015-05-29,7.8,10.86,6.1,16.369999,1007.2,80.095,4.92,153.0,1.9567859,11.15
2015-05-30,3.0,9.719999,6.0499997,14.4,1011.9,76.285,4.42,252.0,3.1183708,11.28
2015-05-31,11.5,11.87,6.33,16.49,1008.60004,86.015,4.91,95.0,1.2465205,11.21
2015-06-01,0.0,11.889999,6.2799997,15.62,1013.9,68.630005,3.85,243.0,3.1830328,11.25
2015-06-02,0.0,14.17,11.219999,16.5,1007.2,79.655,8.54,74.0,1.0272942,11.24
2015-06-03,0.0,13.29,6.3399997,17.119999,1020.60004,75.1,4.7,205.0,2.772663,11.23
2015-06-04,0.0,13.36,4.21,19.689999,1027.3,70.55,2.32,324.0,4.377951,11.2
2015-06-05,11.1,20.72,10.059999,29.58,1017.5,66.58,3.33,302.0,4.771237,11.19
2015-06-06,0.0,15.089999,8.66,18.359999,1022.7,70.020004,4.62,294.0,4.1434445,11.23
2015-06-07,0.0,12.679999,6.35,18.16,1029.8,72.065,3.4499998,318.0,4.221539,11.22
2015-06-08,0.0,11.2699995,5.2,15.71,1031.6,73.65,3.9299998,265.0,3.390532,11.2
2015-06-09,0.0,11.4,7.1499996,15.13,1030.9,73.48,3.9599998,199.0,2.5555747,11.19
2015-06-10,0.0,14.38,8.67,19.82,1028.3,72.115,4.08,310.0,4.289598,11.18
2015-06-11,0.0,15.259999,7.33,22.14,1021.3,72.47,4.0699997,332.0,4.699273,11.16
2015-06-12,0.0,19.039999,9.87,25.82,1011.8,66.465004,2.6799998,321.0,4.926953,11.14
2015-06-13,1.4,17.63,13.63,22.18,1007.8,83.45,5.15,148.0,2.2131054,11.14
2015-06-14,1.8000001,12.95,9.84,15.29,1012.8,86.915,2.8,83.0,1.1168389,11.13
2015-06-15,0.0,11.16,5.0099998,15.98,1021.4,69.505,3.32,254.0,3.2544441,11.12
2015-06-16,0.0,11.24,4.7,16.49,1025.4,77.58,2.49,185.0,2.3713253,11.11
2015-06-17,3.8,14.37,4.22,20.529999,1020.60004,78.97,4.12,234.0,3.2467403,11.09
2015-06-18,1.4,13.37,10.32,16.15,1016.0,79.615,4.23,177.0,2.4029605,11.12
2015-06-19,2.2,11.69,9.2699995,15.21,1017.10004,83.61,4.06,125.0,1.6268154,11.11
2015-06-20,0.0,11.98,8.139999,15.12,1019.5,80.795,2.53,155.0,2.0302525,11.1
2015-06-21,4.3,13.09,8.95,18.33,1013.9,89.605,3.1999998,136.0,1.8354357,11.09
2015-06-22,14.1,11.49,7.69,16.25,1006.9,87.865005,2.56,145.0,1.8855017,11.21
2015-06-23,1.0,11.48,6.92,13.929999,1012.2,88.44,3.9199998,163.0,2.1142612,11.23
2015-06-24,0.0,14.32,10.12,19.52,1020.0,77.675,3.78,170.0,2.356557,11.19
2015-06-25,0.0,17.43,10.29,22.51,1021.0,77.72,2.8,235.0,3.4840877,11.16
2015-06-26,0.0,17.9,12.55,22.35,1017.60004,78.625,1.63,167.0,2.5023592,11.15
2015-06-27,0.0,16.51,10.05,20.619999,1016.4,80.945,3.8899999,225.0,3.2781014,11.13
2015-06-28,1.4,15.58,7.46,21.199999,1020.3,82.79,2.28,218.0,3.10875,11.12
2015-06-29,0.0,17.06,10.429999,23.23,1021.10004,78.03,2.52,294.0,4.3257113,11.11
2015-06-30,0.0,18.08,8.45,24.949999,1022.3,67.75,2.44,332.0,4.9846735,11.07
2015-07-01,0.0,23.51,13.48,30.289999,1018.8,59.075,4.22,332.0,5.492411,11.04
2015-07-02,31.6,25.34,19.01,34.989998,1018.5,64.36,4.41,305.0,5.187165,10.99
2015-07-03,0.0,22.66,18.279999,28.18,1023.8,83.745,2.47,292.0,4.758847,11.22
2015-07-04,0.0,24.359999,18.18,31.81,1018.5,78.355,3.29,291.0,4.877882,11.19
2015-07-05,2.8,20.13,15.37,26.439999,1016.2,88.39,2.98,190.0,2.9714785,11.2
2015-07-06,0.0,17.8,12.45,21.99,1018.8,75.35,3.84,298.0,4.454574,11.16
2015-07-07,1.8000001,19.609999,11.929999,25.88,1008.60004,75.195,3.76,201.0,3.121289,11.14
2015-07-08,4.0,15.469999,11.67,19.68,1007.5,86.3,5.19,165.0,2.3583734,11.18
2015-07-09,0.0,12.389999,7.73,16.24,1019.2,74.8,5.0299997,230.0,3.0443745,11.13
2015-07-10,0.0,15.82,7.5099998,22.029999,1021.60004,75.340004,2.6799998,271.0,3.883053,11.12
2015-07-11,0.0,19.609999,12.059999,27.3,1015.7,67.06,2.75,263.0,4.0748596,11.09
2015-07-12,4.2000003,16.869999,14.86,20.13,1015.60004,87.695,3.57,78.0,1.1453279,11.08
2015-07-13,12.8,17.0,15.099999,19.189999,1013.8,92.288895,2.82,91.0,1.3406619,11.12
2015-07-14,0.0,17.49,13.12,20.77,1014.9,89.090004,3.5,129.0,1.9188865,11.19
2015-07-15,3.4,16.94,11.16,20.22,1018.10004,91.32,2.53,157.0,2.3066697,11.16
2015-07-16,0.0,18.49,14.719999,22.64,1017.9,81.46,2.9399998,249.0,3.774224,11.14
2015-07-17,3.6000001,20.68,14.889999,25.699999,1011.60004,77.49,5.5899997,268.0,4.2387214,11.11
2015-07-18,4.2000003,17.109999,11.24,21.119999,1015.7,73.74,3.9199998,270.0,3.9841697,11.11
2015-07-19,5.1,14.599999,10.32,19.26,1010.4,86.065,2.9099998,100.0,1.4002795,11.15
2015-07-20,2.1000001,17.529999,8.84,22.93,1011.8,78.935,2.98,215.0,3.2041361,11.14
2015-07-21,0.0,19.34,14.17,24.05,1011.9,74.625,4.47,272.0,4.198315,11.12
2015-07-22,0.0,18.15,12.36,23.119999,1013.5,76.855,3.58,243.0,3.6642625,11.08
2015-07-23,0.0,16.27,11.509999,20.56,1016.3,75.51,2.77,224.0,3.2470832,11.06
2015-07-24,11.1,17.6,12.799999,22.83,1010.5,81.5,2.8799999,152.0,2.2694528,11.03
2015-07-25,8.900001,15.7699995,12.139999,20.6,1001.10004,88.48,5.56,122.0,1.759321,11.17
2015-07-26,7.3,14.809999,9.92,20.359999,1009.10004,80.025,3.75,206.0,2.8997655,11.2
2015-07-27,50.2,15.61,13.07,18.71,997.7,92.600006,5.29,103.0,1.4820552,11.31
2015-07-28,16.300001,15.389999,13.809999,18.69,1001.9,86.535,5.7999997,140.0,2.0016916,11.32
2015-07-29,11.6,13.2,10.639999,16.65,1005.7,87.37,6.06,188.0,2.5523467,11.33
2015-07-30,0.0,13.73,10.19,17.8,1014.3,79.345,4.63,163.0,2.2334657,11.32
2015-07-31,0.0,13.15,8.36,18.64,1019.3,74.025,2.29,228.0,3.0748909,11.3
2015-08-01,0.0,14.809999,7.29,21.35,1017.10004,71.235,1.73,273.0,3.8312936,11.29
2015-08-02,0.0,16.83,8.139999,23.59,1019.5,72.700005,1.78,280.0,4.1023927,11.27
2015-08-03,4.8,20.96,13.219999,30.17,1013.8,69.255005,3.06,286.0,4.542619,11.26
2015-08-04,6.3,16.22,11.21,19.55,1013.10004,90.245,2.79,130.0,1.8846254,11.29
2015-08-05,0.0,17.55,10.7,23.51,1016.4,73.245,2.8999999,273.0,4.063735,11.27
2015-08-06,0.0,20.23,13.5,29.05,1014.0,75.22,2.58,278.0,4.358576,11.26
2015-08-07,0.0,19.699999,11.2699995,27.14,1017.60004,82.465004,1.93,215.0,3.33469,11.24
2015-08-08,0.0,16.859999,8.67,21.14,1022.8,79.590004,3.29,185.0,2.7090693,11.24
2015-08-09,0.0,17.289999,7.7999997,24.73,1020.8,78.18,1.4599999,246.0,3.6370163,11.21
2015-08-10,0.0,18.529999,14.7699995,23.01,1017.3,85.310005,1.3299999,129.0,1.957227,11.23
2015-08-11,0.0,18.44,13.009999,23.63,1019.4,89.015,2.1499999,176.0,2.663808,11.21
2015-08-12,0.0,17.69,14.57,21.47,1023.5,81.71,3.27,127.0,1.891216,11.2
2015-08-13,1.0,20.439999,13.559999,26.25,1016.5,75.71,4.56,254.0,3.9942193,11.18
2015-08-14,13.1,20.81,16.17,26.38,1007.60004,83.840004,2.54,164.0,2.6029437,11.19
2015-08-15,10.2,18.77,15.57,23.07,1008.60004,90.4,2.84,123.0,1.8802074,11.24
2015-08-16,32.4,15.46,13.82,16.779999,1014.0,93.27857,4.18,75.0,1.0691805,11.26
2015-08-17,17.7,16.67,13.849999,18.619999,1010.5,93.700005,2.98,33.0,0.4834164,11.31
2015-08-18,0.0,15.219999,12.57,17.21,1013.0,92.293755,3.07,52.0,0.7376477,11.32
2015-08-19,0.0,16.06,11.01,22.48,1020.0,83.255005,1.66,179.0,2.579684,11.31
2015-08-20,0.0,17.14,10.38,23.8,1023.2,78.270004,1.78,212.0,3.1220999,11.3
2015-08-21,0.0,18.44,12.0199995,25.24,1023.10004,78.625,2.01,238.0,3.5977848,11.29
2015-08-22,0.0,19.67,13.049999,25.49,1019.4,65.565,2.9399998,247.0,3.8267128,11.27
2015-08-23,3.9,19.58,13.219999,24.99,1009.2,59.16,5.0499997,234.0,3.6310377,11.26
2015-08-24,15.0,17.89,14.429999,23.189999,1001.10004,83.265,3.24,138.0,2.0790057,11.27
2015-08-25,2.3,16.449999,13.62,20.25,1008.4,80.425,5.69,150.0,2.1888704,11.3
2015-08-26,21.300001,19.39,15.389999,23.51,1009.10004,82.270004,4.8599997,163.0,2.5205116,11.29
2015-08-27,0.0,15.94,13.03,17.85,1008.4,91.725,4.38,49.0,0.7073149,11.33
2015-08-28,0.0,15.17,9.63,20.289999,1016.9,84.945,3.1499999,170.0,2.4053593,11.3
2015-08-29,0.0,16.13,8.92,22.09,1021.60004,78.98,2.1399999,197.0,2.8417358,11.3
2015-08-30,16.0,18.26,12.61,23.32,1017.5,83.79,3.01,143.0,2.1581066,11.29
2015-08-31,1.3000001,20.15,16.93,26.349998,1009.7,90.705,3.1,143.0,2.2417762,11.31
2015-09-01,0.0,15.589999,11.389999,18.51,1012.2,85.895004,4.33,93.0,1.3304532,11.3
2015-09-02,2.8,13.009999,9.28,17.94,1014.8,83.82,3.8899999,166.0,2.235149,11.3
2015-09-03,8.1,12.309999,7.5899997,16.779999,1012.60004,87.055,3.3999999,152.0,2.013357,11.29
2015-09-04,20.2,13.17,10.63,16.56,1009.7,92.81111,5.58,96.0,1.3002992,11.32
2015-09-05,5.0,12.82,10.21,16.0,1013.7,84.94,5.08,131.0,1.7564849,11.32
2015-09-06,6.7000003,12.75,9.83,17.109999,1020.9,84.055,5.2799997,133.0,1.7750531,11.32
2015-09-07,2.6000001,14.299999,12.09,18.07,1024.9,90.16,3.55,134.0,1.8531771,11.31
2015-09-08,0.0,13.469999,8.46,17.1,1025.7001,88.535,2.48,111.0,1.5047885,11.3
2015-09-09,0.0,12.4,6.7799997,17.96,1025.2001,81.855,2.9099998,186.0,2.4565544,11.29
2015-09-10,0.0,12.67,6.95,18.71,1024.5,83.735,3.1399999,188.0,2.5004852,11.3
2015-09-11,0.0,13.139999,8.13,18.59,1018.9,82.270004,3.12,165.0,2.2250648,
2015-09-12,5.3,14.799999,9.51,19.92,1012.60004,87.68,3.4299998,105.0,1.475747,
2015-09-13,0.90000004,16.75,14.74,19.17,1007.4,88.64,2.9399998,92.0,1.3514352,
2015-09-14,6.8,14.98,11.34,18.939999,999.7,87.795,3.6,92.0,1.3046111,
2015-09-15,5.5,12.3,9.389999,16.65,1000.4,82.67,5.3199997,123.0,1.6370486,
2015-09-16,8.0,14.79,10.5,18.48,993.2,89.630005,4.45,43.0,0.60868293,
2015-09-17,8.8,14.48,10.99,16.55,997.7,89.645004,5.2799997,45.0,0.63147104,
2015-09-18,1.3000001,13.719999,9.05,18.47,1012.9,89.25,3.24,135.0,1.8503816,
2015-09-19,0.0,12.86,8.889999,18.289999,1021.2,87.090004,2.4299998,101.0,1.3514701,
2015-09-20,0.0,13.12,9.4,16.99,1022.2,91.115005,2.9199998,105.0,1.4133983,
2015-09-21,1.0,14.059999,11.429999,17.84,1012.4,87.995,2.96,85.0,1.17462,
2015-09-22,2.0,11.96,7.5899997,15.9,1000.5,91.67895,2.82,65.0,0.85773313,
2015-09-23,0.0,12.09,5.49,17.73,1007.8,88.805,1.8399999,98.0,1.2934977,
2015-09-24,5.1,12.2,9.87,14.95,1014.60004,93.525,4.0299997,57.0,0.75230557,
2015-09-25,0.0,11.67,5.8799996,16.76,1021.4,88.765,2.6399999,111.0,1.441266,
2015-09-26,0.0,9.91,3.74,17.09,1028.5,88.060005,1.53,134.0,1.654672,
2015-09-27,0.0,10.95,4.14,16.91,1034.7001,87.455,1.9,132.0,1.672365,
2015-09-28,0.0,11.54,6.3199997,16.44,1038.0,87.2,1.79,112.0,1.4393064,
2015-09-29,0.0,10.3,4.54,17.25,1038.0,83.83,3.08,149.0,1.8521066,
2015-09-30,0.0,11.11,4.8599997,17.76,1036.4,83.61,3.1899998,158.0,2.008883,
2015-10-01,0.0,10.33,3.85,16.869999,1032.5,85.825005,2.55,151.0,1.8830192,
2015-10-02,0.0,10.25,3.53,17.199999,1025.5,89.665,2.32,140.0,1.7473631,
2015-10-03,0.0,10.9,5.2,17.4,1015.10004,88.425,1.79,116.0,1.4800886,
2015-10-04,0.0,11.12,6.52,17.27,1014.8,92.47647,1.9499999,107.0,1.3733903,
2015-10-05,6.1,12.63,5.21,17.99,1011.2,86.465004,2.74,97.0,1.2958484,
2015-10-06,2.6000001,14.11,12.09,15.86,1002.60004,93.83846,3.0,40.0,0.5555145,
2015-10-07,2.9,15.19,13.309999,18.23,1009.0,91.12222,3.3999999,52.0,0.73825705,
2015-10-08,2.0,13.53,12.13,15.929999,1018.7,93.471436,2.28,45.0,0.6126149,
2015-10-09,0.0,12.62,10.059999,15.7699995,1022.5,91.945,1.56,65.0,0.86415625,
2015-10-10,0.0,9.41,4.52,13.429999,1022.10004,79.815,3.57,114.0,1.3920923,
2015-10-11,0.0,5.5499997,1.65,10.26,1021.2,71.415,4.8199997,131.0,1.422863,
2015-10-12,0.0,4.2799997,0.78,8.09,1020.4,72.87,3.9199998,106.0,1.1038234,
2015-10-13,0.0,5.15,1.25,8.73,1021.0,83.11,3.8899999,53.0,0.5681779,
2015-10-14,2.2,6.02,4.87,7.66,1020.60004,91.77857,3.3899999,27.0,0.29785758,
2015-10-15,10.5,6.8399997,4.46,8.5,1018.60004,94.700005,2.76,20.0,0.2266602,
2015-10-16,8.2,8.04,6.5099998,9.349999,1017.9,95.200005,1.93,22.0,0.25868857,
2015-10-17,1.0,8.08,6.74,9.67,1018.0,93.700005,1.5,21.0,0.247212,
2015-10-18,0.7,9.19,5.14,11.3,1018.8,92.700005,1.9599999,27.0,0.32814598,
2015-10-19,0.0,9.809999,4.0299997,13.73,1022.2,91.925,1.63,43.0,0.5309854,
2015-10-20,0.0,8.679999,3.62,11.84,1022.9,92.94546,1.78,43.0,0.514025,
2015-10-21,2.0,9.87,6.2999997,12.719999,1016.7,92.2125,3.98,38.0,0.47117755,
2015-10-22,0.0,11.36,7.62,14.429999,1013.60004,91.76,3.9399998,23.0,0.2972268,
2015-10-23,0.0,10.24,5.2599998,14.469999,1021.9,84.48,2.46,63.0,0.78734094,
2015-10-24,0.0,11.3,10.219999,12.389999,1016.3,84.72,2.96,26.0,0.33508518,
2015-10-25,0.0,9.429999,3.7099998,13.69,1023.7,87.295,2.1,74.0,0.903498,
2015-10-26,0.0,9.51,3.9399998,14.69,1020.8,88.875,3.02,88.0,1.0782627,
2015-10-27,0.0,7.77,5.9,9.389999,1016.0,95.200005,3.3799999,69.0,0.8055474,
2015-10-28,0.0,7.5,5.74,9.01,1011.5,93.700005,2.95,49.0,0.5686423,
2015-10-29,0.0,10.639999,6.1099997,14.53,1017.8,92.86,1.9499999,48.0,0.60750365,
2015-10-30,0.0,9.34,4.37,14.03,1025.9,90.3,2.47,53.0,0.6448126,
2015-10-31,0.0,8.21,3.84,12.65,1026.7001,91.23334,2.87,71.0,0.83562446,
2015-11-01,0.0,6.73,1.28,9.17,1029.6,92.966675,1.54,56.0,0.62907517,
2015-11-02,0.0,6.7,5.04,8.69,1026.8,94.700005,1.99,38.0,0.4270544,
2015-11-03,0.0,8.11,2.31,14.4,1020.4,90.814285,1.75,62.0,0.72968954,
2015-11-04,0.0,11.2,4.5099998,15.33,1016.9,85.630005,2.51,51.0,0.6553957,
2015-11-05,10.900001,13.17,11.2,14.99,1017.60004,92.14445,3.61,33.0,0.44556835,
2015-11-06,7.5,14.45,13.19,15.83,1016.3,92.30667,4.8399997,18.0,0.25062203,
2015-11-07,5.7000003,15.67,13.83,17.369999,1018.7,92.03334,5.95,22.0,0.31453127,
2015-11-08,3.4,12.4,7.5699997,16.16,1022.3,89.105,4.0899997,48.0,0.6347013,
2015-11-09,2.8,12.7,9.96,15.61,1017.60004,87.76,7.23,31.0,0.41377592,
2015-11-10,2.9,14.88,13.349999,15.82,1018.3,90.08,7.6299996,16.0,0.22479904,
2015-11-11,0.0,12.75,11.65,14.19,1020.2,90.94445,5.79,14.0,0.1869006,
2015-11-12,1.3000001,13.08,11.08,14.82,1021.8,87.215004,4.45,42.0,0.5648986,
2015-11-13,8.1,10.84,4.7599998,13.33,1017.0,79.695,6.5499997,44.0,0.56005883,
2015-11-14,28.5,8.4,6.29,10.059999,1017.8,82.82,6.3199997,28.0,0.3327746,
2015-11-15,14.0,13.44,9.44,14.19,1006.4,92.840004,8.61,13.0,0.17745946,
2015-11-16,6.0,11.469999,9.87,13.349999,1008.60004,87.83,6.27,12.0,0.1558485,
2015-11-17,12.7,12.309999,10.179999,15.21,1001.8,91.58948,6.0,19.0,0.25279388,
2015-11-18,7.4,11.53,10.08,13.259999,1006.3,82.670006,8.88,32.0,0.41664603,
2015-11-19,7.5,10.32,6.99,12.429999,1007.0,82.725,7.66,23.0,0.2899631,
2015-11-20,2.8,6.52,3.33,9.19,1001.3,84.905,4.75,24.0,0.2716008,
2015-11-21,3.8,3.75,0.68,6.43,996.4,89.984215,3.74,25.0,0.25893047,
2015-11-22,3.2,2.9199998,0.93,5.23,1007.9,84.485,4.0499997,28.0,0.27988765,
2015-11-23,3.0,3.07,-2.1499999,6.8799996,1020.8,83.200005,3.1899998,48.0,0.47898978,
2015-11-24,7.6,3.4199998,2.69,4.96,1010.5,91.69445,6.93,11.0,0.11176632,
2015-11-25,4.1,5.66,3.12,7.87,1004.3,92.66,3.1299999,21.0,0.23088956,
2015-11-26,0.0,3.75,-0.04,8.97,1016.3,89.73685,2.4099998,48.0,0.49183837,
2015-11-27,4.7000003,4.92,2.37,6.41,1011.9,92.03684,5.41,26.0,0.27790755,
2015-11-28,7.2000003,5.93,4.5299997,7.77,1006.0,85.235,6.99,39.0,0.43216425,
2015-11-29,5.6,9.059999,6.14,11.83,1002.3,83.385,8.55,12.0,0.14640632,
2015-11-30,14.8,7.69,5.2799997,11.5,1010.3,83.415,6.93,12.0,0.14014003,
2015-12-01,1.0,7.71,3.3799999,11.71,1020.60004,87.38824,4.3399997,18.0,0.20930476,
2015-12-02,0.0,9.59,7.25,11.58,1023.5,80.490005,5.52,14.0,0.17171954,
2015-12-03,3.4,9.11,7.22,10.94,1023.0,81.775,5.22,21.0,0.25415662,
2015-12-04,0.0,8.87,7.52,10.03,1021.9,83.435005,7.0299997,36.0,0.4329209,
2015-12-05,0.0,7.91,6.56,9.429999,1019.4,77.060005,9.13,16.0,0.18727627,
2015-12-06,1.6,10.48,7.6,11.94,1017.8,85.35,8.33,17.0,0.21423209,
2015-12-07,0.0,10.389999,8.05,11.16,1028.7001,92.84286,3.07,18.0,0.22520708,
2015-12-08,4.5,9.61,7.93,12.4,1025.6,86.740005,4.8399997,40.0,0.49044147,
2015-12-09,0.0,7.23,5.14,9.78,1032.1,84.94,4.8399997,39.0,0.44444665,
2015-12-10,4.6,6.29,5.2799997,7.58,1026.3,85.145004,7.22,25.0,0.27740034,
2015-12-11,0.0,6.5099998,5.48,8.42,1017.9,87.695,6.08,10.0,0.11220286,
2015-12-12,18.800001,6.99,3.98,11.25,1016.0,87.375,6.14,21.0,0.23940778,
2015-12-13,0.0,5.79,1.54,10.78,1019.0,91.1,2.98,26.0,0.2849336,
2015-12-14,0.0,6.24,3.9199998,8.0199995,1019.60004,91.833336,2.52,16.0,0.17784452,
2015-12-15,1.6,5.06,2.4099998,7.33,1022.7,94.00001,2.2,22.0,0.23493642,
2015-12-16,3.7,9.5,5.52,12.38,1020.10004,93.971436,4.31,10.0,0.12253398,
2015-12-17,1.4,12.65,11.41,14.889999,1018.10004,88.055,5.17,19.0,0.25323957,
2015-12-18,0.0,11.679999,10.19,12.49,1018.7,89.142105,5.2799997,14.0,0.18203418,
2015-12-19,0.0,11.91,9.92,13.429999,1017.0,88.58889,5.66,15.0,0.19632979,
2015-12-20,0.0,11.67,10.82,12.4,1013.8,81.44,5.69,13.0,0.16933638,
2015-12-21,5.6,9.849999,7.9199996,11.38,1014.5,85.36,7.8199997,21.0,0.26049894,
2015-12-22,2.9,11.69,7.7,13.86,1015.2,90.56842,8.01,6.0,0.07814946,
2015-12-23,0.0,9.49,6.1299996,12.74,1019.2,82.305,7.23,25.0,0.30637288,
2015-12-24,1.5,9.2699995,6.2,12.259999,1016.7,84.935005,6.3799996,21.0,0.2560493,
2015-12-25,2.8,8.13,5.42,12.7699995,1021.8,86.89,5.5699997,20.0,0.23536862,
2015-12-26,0.0,13.08,10.61,14.15,1018.9,81.685,8.86,24.0,0.32317385,
2015-12-27,2.1000001,10.69,9.61,11.969999,1022.0,87.94,5.8199997,11.0,0.13915306,
2015-12-28,0.0,9.95,7.6,11.7,1025.8,89.7579,3.3999999,27.0,0.3341735,
2015-12-29,0.0,7.39,4.5899997,9.28,1024.2001,84.875,3.36,25.0,0.2873945,
2015-12-30,2.0,6.77,4.68,8.84,1022.0,86.955,5.2599998,31.0,0.34997356,
2015-12-31,0.0,6.8799996,4.39,9.91,1016.8,83.43,5.83,24.0,0.2725709,
2016-01-01,0.0,4.7,1.42,8.44,1022.7,91.65,2.96,22.0,0.23211415,
2016-01-02,2.3,3.05,1.81,4.12,1012.0,89.74375,6.3199997,13.0,0.13025917,
2016-01-03,4.2000003,0.79999995,-0.52,1.9599999,1002.0,93.41818,6.54,14.0,0.12978402,
2016-01-04,4.3,-2.59,-3.4299998,0.98999995,990.8,91.125,5.77,12.0,0.09758526,
2016-01-05,0.0,-2.18,-3.49,-1.25,994.2,92.715385,5.16,10.0,0.0825757,
2016-01-06,0.0,-3.6699998,-4.31,-2.8899999,1000.5,91.01429,4.47,14.0,0.10791682,
2016-01-07,10.7,0.31,-2.97,5.3199997,992.5,92.275,5.42,13.0,0.118914865,
2016-01-08,0.0,4.7,1.8,8.19,998.9,81.93,6.1299996,33.0,0.3525377,
2016-01-09,0.7,3.73,1.01,6.7,998.2,89.63684,4.21,23.0,0.23781905,
2016-01-10,0.0,6.3599997,3.87,8.679999,989.5,86.68,5.27,32.0,0.3624644,
2016-01-11,7.1,4.36,2.61,5.92,986.2,92.98334,3.73,13.0,0.13823327,
2016-01-12,8.7,4.98,3.58,7.37,990.9,90.69444,5.37,20.0,0.21656369,
2016-01-13,3.5,3.74,1.0799999,6.71,1007.9,91.76667,3.86,18.0,0.18521006,
2016-01-14,15.7,1.88,0.81,4.21,1002.5,91.39412,4.5699997,16.0,0.15445553,
2016-01-15,2.8,1.0,-0.32,2.6399999,1010.10004,93.762505,3.0,14.0,0.13016827,
2016-01-16,5.1,0.63,-0.78,3.1,1018.60004,92.1579,4.2799997,22.0,0.20065111,
2016-01-17,0.0,-1.6999999,-6.0,0.63,1025.4,85.36,2.6,39.0,0.32229936,
2016-01-18,0.0,-4.1,-6.94,-0.35999998,1020.3,82.855,2.33,49.0,0.36570385,
2016-01-19,1.6,-2.82,-6.8599997,0.39,1015.10004,88.21,3.1599998,32.0,0.25367823,
2016-01-20,0.0,0.35,-4.02,3.34,1017.60004,92.90667,2.24,28.0,0.25273895,
2016-01-21,0.0,-2.24,-4.95,-0.51,1026.6,93.390915,2.74,22.0,0.17754549,
2016-01-22,4.9,-0.39999998,-3.58,1.9,1023.60004,87.105,4.0499997,52.0,0.45393145,
2016-01-23,0.0,5.35,2.32,8.45,1028.0,92.20909,3.8,30.0,0.32259157,
2016-01-24,1.2,6.7599998,4.77,10.36,1027.0,93.950005,4.8599997,13.0,0.14635874,
2016-01-25,0.0,10.929999,8.63,13.2699995,1022.5,87.525,4.97,41.0,0.5218879,
2016-01-26,3.6000001,8.41,4.69,11.21,1017.0,86.0,7.14,32.0,0.3805674,
2016-01-27,10.8,10.54,8.0,11.41,1008.9,90.61,9.179999,13.0,0.16472891,
2016-01-28,0.0,5.98,4.22,8.26,1020.0,76.82,5.7799997,62.0,0.68329525,
2016-01-29,13.8,8.4,4.46,9.92,1015.8,88.175,9.5199995,12.0,0.14275092,
2016-01-30,6.6,6.6,3.3799999,9.65,1005.0,84.975,7.24,15.0,0.16986242,
2016-01-31,3.4,5.13,2.71,7.1,1006.10004,85.935005,4.99,24.0,0.25910315,
2016-02-01,0.0,10.16,6.6299996,11.23,1010.0,86.840004,8.63,18.0,0.22564463,
2016-02-02,0.0,8.11,6.24,10.03,1009.0,71.8,9.08,28.0,0.3313135,
2016-02-03,1.6,4.21,2.1,6.3799996,1014.9,80.725,5.64,47.0,0.48967975,
2016-02-04,4.3,4.04,2.49,5.0099998,1020.5,92.04211,3.4399998,22.0,0.22719811,
2016-02-05,1.8000001,7.18,3.52,9.469999,1019.10004,92.22858,4.69,16.0,0.18320169,
2016-02-06,0.0,9.099999,7.2999997,9.969999,1006.0,83.990005,5.98,23.0,0.2804533,
2016-02-07,3.4,8.53,6.43,10.92,995.8,73.125,8.0,42.0,0.50623935,
2016-02-08,15.7,7.69,5.41,9.76,985.7,81.74,10.23,40.0,0.47270072,
2016-02-09,13.6,5.1099997,2.11,7.69,985.8,84.57,6.3999996,27.0,0.2943984,
2016-02-10,2.7,4.61,1.79,7.17,991.0,89.155,5.38,28.0,0.29947272,
2016-02-11,2.2,2.9299998,-0.48,7.04,1002.0,87.16,3.81,56.0,0.56180394,
2016-02-12,0.0,1.24,-1.3199999,5.02,1000.3,93.850006,2.48,41.0,0.38690305,
2016-02-13,5.4,0.58,-1.31,3.3799999,991.9,93.1125,5.19,45.0,0.41611153,
2016-02-14,10.1,1.7099999,0.57,2.31,992.7,92.02354,6.14,18.0,0.1736412,
2016-02-15,0.0,1.48,-2.6599998,3.97,1019.2,78.28,4.56,55.0,0.5180918,
2016-02-16,0.0,0.02,-4.25,5.52,1035.3,81.015,1.7199999,108.0,0.9522233,
2016-02-17,0.0,-1.22,-4.79,2.79,1021.5,82.6,3.06,106.0,0.8959035,
2016-02-18,0.90000004,0.83,-3.54,3.1399999,1014.4,85.32,2.87,51.0,0.46991673,
2016-02-19,2.4,2.76,0.91999996,6.0099998,1017.0,90.06842,3.8799999,63.0,0.6229976,
2016-02-20,9.8,6.75,4.04,9.59,1005.3,91.357895,7.31,21.0,0.23888525,
2016-02-21,14.0,9.309999,6.8799996,11.2,1004.10004,90.426315,8.29,19.0,0.23325932,
2016-02-22,0.8,5.7999997,1.8299999,10.53,1004.8,87.05,5.19,23.0,0.253959,
2016-02-23,2.3,3.34,0.48999998,7.71,1011.9,88.54,3.82,78.0,0.78969026,
2016-02-24,1.2,1.9699999,-1.38,5.94,1015.7,85.765,3.34,86.0,0.826769,
2016-02-25,0.7,0.81,-1.73,5.8599997,1012.3,88.06842,3.4499998,80.0,0.7374561,
2016-02-26,0.0,1.4399999,-2.72,5.7,1012.4,87.165,2.1599998,68.0,0.64207226,
2016-02-27,0.0,1.35,-2.8899999,6.0899997,1013.7,81.630005,3.3799999,107.0,1.006132,
2016-02-28,0.0,1.75,-3.32,6.3199997,1021.10004,84.65,2.98,109.0,1.0361453,
2016-02-29,0.0,0.78,-3.7099998,6.21,1025.4,81.16,2.84,108.0,0.986874,
2016-03-01,11.6,0.48999998,-4.54,5.94,1012.8,90.51579,5.15,48.0,0.4368806,
2016-03-02,5.7000003,4.89,2.53,7.5699997,995.0,89.340004,4.88,65.0,0.70023274,
2016-03-03,0.8,2.31,-0.74,6.5099998,999.9,89.615005,3.1299999,71.0,0.69734514,
2016-03-04,6.6,1.51,-0.01,3.75,996.0,90.905266,4.38,48.0,0.45872918,
2016-03-05,0.0,1.91,-1.5799999,6.5899997,996.4,90.03684,1.3199999,62.0,0.6012675,
2016-03-06,2.1000001,1.68,-3.23,6.7799997,999.60004,90.68824,2.35,82.0,0.78702414,
2016-03-07,0.0,2.3799999,-1.8,7.49,1004.8,83.955,2.61,101.0,0.9917969,
2016-03-08,0.0,3.23,-0.95,7.77,1012.8,87.29,3.34,87.0,0.8769541,
2016-03-09,0.0,3.58,0.26999998,7.89,1008.60004,75.14,4.8599997,128.0,1.3092257,
2016-03-10,0.0,2.8899999,-0.35999998,7.29,1021.5,80.815,3.83,102.0,1.010904,
2016-03-11,0.0,2.12,-1.43,6.3399997,1030.2001,90.54,2.97,88.0,0.84384084,
2016-03-12,0.0,3.1499999,-2.0,7.94,1032.7001,78.74,2.9399998,137.0,1.3622099,
2016-03-13,0.0,2.34,-2.6699998,7.29,1037.0,83.700005,3.8,126.0,1.213542,
2016-03-14,0.0,3.21,-2.2,9.82,1035.0,79.61,2.87,135.0,1.3435456,
2016-03-15,0.0,5.65,0.98999995,9.48,1029.7001,90.665,3.51,56.0,0.6076208,
2016-03-16,0.0,4.11,0.13,9.66,1032.2001,76.23,4.66,161.0,1.6564318,
2016-03-17,0.0,4.73,-3.24,11.59,1029.3,77.205,2.73,176.0,1.8524387,
2016-03-18,0.0,5.2999997,2.81,7.0499997,1022.5,88.53,4.04,30.0,0.32296407,
2016-03-19,0.0,5.5499997,3.8799999,7.73,1022.5,80.86,4.29,59.0,0.64040846,
2016-03-20,3.6000001,6.16,3.11,7.75,1019.7,93.333336,4.0699997,64.0,0.7095283,
2016-03-21,0.0,6.8399997,5.96,8.22,1017.5,88.35,4.17,49.0,0.5556166,
2016-03-22,2.1000001,7.27,4.97,9.8,1013.7,91.515,4.5699997,69.0,0.7943147,
2016-03-23,0.0,6.8799996,4.14,9.71,1012.8,84.6,3.98,105.0,1.1948361,
2016-03-24,3.6000001,6.25,1.68,9.34,1012.5,86.630005,3.06,61.0,0.680655,
2016-03-25,2.8,6.6499996,0.84999996,10.469999,1011.4,92.935715,4.0699997,59.0,0.6670526,
2016-03-26,6.3,8.99,0.53,14.71,1011.7,76.225,5.65,175.0,2.1216524,
2016-03-27,1.9,9.05,6.5499997,12.17,1004.7,79.16,5.5499997,107.0,1.3036454,
2016-03-28,2.2,8.78,5.89,12.29,995.3,72.225,7.87,108.0,1.3114423,
2016-03-29,8.0,7.08,4.29,10.179999,1003.3,83.885,5.04,122.0,1.4033866,
2016-03-30,2.3,7.04,2.46,10.559999,1007.7,83.695,4.93,140.0,1.6050086,
2016-03-31,0.0,6.41,0.94,10.86,1014.8,83.505005,2.51,117.0,1.3106493,
2016-04-01,0.0,7.0099998,-1.04,12.469999,1020.8,71.71,2.3,213.0,2.4241078,
2016-04-02,0.0,9.429999,3.29,13.349999,1016.10004,71.495,2.44,154.0,1.8867114,
2016-04-03,0.0,13.509999,10.15,18.699999,1009.2,80.47,3.1499999,132.0,1.8028995,
2016-04-04,3.5,12.83,6.7799997,18.01,1005.2,80.73,3.8,132.0,1.7764341,
2016-04-05,4.2000003,9.36,6.25,11.73,1006.3,89.105,2.84,60.0,0.73690486,
2016-04-06,5.6,7.7799997,4.89,11.62,1005.2,87.725,6.0,98.0,1.1503696,
2016-04-07,4.3,6.75,4.47,10.469999,1006.4,79.32,5.8799996,155.0,1.7622429,
2016-04-08,0.0,7.44,2.48,11.32,1010.5,86.020004,2.51,131.0,1.518218,
2016-04-09,0.0,9.059999,1.49,14.349999,1008.2,72.025,3.08,191.0,2.3239896,
2016-04-10,0.0,9.83,5.9,15.0199995,1012.10004,75.93,2.84,175.0,2.1719508,
2016-04-11,2.6000001,11.01,5.98,15.599999,1013.0,68.035,5.8599997,235.0,3.009918,
2016-04-12,13.7,11.3,6.44,16.97,1009.0,76.835,3.3999999,164.0,2.120196,
2016-04-13,0.0,9.639999,3.1999998,14.91,1008.9,82.520004,1.8199999,151.0,1.8669139,
2016-04-14,3.0,9.04,3.21,15.4,1011.0,85.755005,1.91,179.0,2.1739447,
2016-04-15,6.2000003,9.61,7.56,11.969999,1001.2,89.11,2.8799999,93.0,1.1528637,
2016-04-16,1.0,8.0199995,2.4299998,12.5199995,999.60004,85.4,5.7599998,142.0,1.6832687,
2016-04-17,1.2,5.9,0.84,10.889999,1012.10004,80.705,3.3,207.0,2.2845283,
2016-04-18,0.0,8.0199995,1.61,11.8,1019.2,77.630005,5.4,123.0,1.444557,
2016-04-19,0.0,8.679999,3.6599998,12.309999,1026.0,76.275,4.63,185.0,2.2083442,
2016-04-20,0.0,6.56,0.81,12.13,1031.5,75.6,2.71,233.0,2.6009803,
2016-04-21,0.0,7.25,-0.91999996,13.809999,1026.1,74.83,2.78,252.0,2.8818874,
2016-04-22,0.0,6.85,1.22,11.61,1020.7,75.005,3.28,201.0,2.2763057,
2016-04-23,2.3,5.29,1.31,9.73,1015.0,75.18,4.52,204.0,2.203886,
2016-04-24,2.1000001,3.7099998,0.12,8.13,1012.60004,79.705,4.8199997,191.0,1.9582679,
2016-04-25,13.5,3.7099998,0.0,8.8,1004.10004,87.375,4.66,99.0,1.0196834,
2016-04-26,12.2,3.79,0.44,8.38,995.60004,87.020004,5.0899997,129.0,1.3385092,
2016-04-27,2.3,4.7,0.56,8.78,1004.2,83.200005,4.12,142.0,1.5127556,
2016-04-28,3.5,4.44,-0.17,10.059999,1012.9,84.65,3.37,188.0,1.9762416,
2016-04-29,5.7000003,6.5499997,2.8999999,10.32,1011.5,82.595,5.48,123.0,1.3862175,
2016-04-30,0.0,6.95,1.63,11.82,1019.8,78.405,3.59,162.0,1.8411573,
2016-05-01,0.0,7.3599997,-0.19,13.34,1027.7001,77.205,2.44,270.0,3.095807,
2016-05-02,3.1000001,11.46,2.55,18.14,1022.0,74.66,3.3999999,264.0,3.408398,
2016-05-03,0.0,9.46,3.26,13.4,1022.7,78.035,4.24,233.0,2.8484905,
2016-05-04,0.0,9.4,1.35,15.73,1028.9,69.335,1.64,278.0,3.3834121,
2016-05-05,0.0,12.79,3.6899998,18.8,1024.4,57.57,3.52,310.0,4.135585,
2016-05-06,0.0,16.84,8.0,24.029999,1014.4,60.935,3.73,292.0,4.286773,
2016-05-07,0.0,19.68,11.139999,26.47,1011.5,52.175,3.6499999,295.0,4.5826726,
2016-05-08,0.0,19.4,12.5199995,24.92,1013.8,49.375,5.2799997,305.0,4.7100663,
2016-05-09,0.0,20.02,13.75,24.609999,1014.8,52.025,5.7,293.0,4.575207,
2016-05-10,0.0,19.07,14.0199995,24.63,1010.3,53.895,4.6,214.0,3.2880976,
2016-05-11,0.0,19.439999,14.16,25.199999,1006.3,55.355,4.5,271.0,4.1982036,
2016-05-12,0.0,18.699999,12.009999,24.68,1003.10004,61.355003,5.72,304.0,4.649226,
2016-05-13,0.0,13.29,7.6499996,20.58,1006.7,63.885002,5.22,314.0,4.270478,
2016-05-14,2.1000001,7.89,4.8399997,11.94,1012.8,72.630005,5.67,189.0,2.217812,
2016-05-15,1.5,7.98,5.21,11.55,1018.0,75.64,4.8399997,197.0,2.3121948,
2016-05-16,0.0,8.73,2.4099998,12.969999,1018.8,77.385,3.52,191.0,2.290874,
2016-05-17,0.0,11.42,6.71,16.09,1015.3,71.125,2.6299999,154.0,1.9917983,
2016-05-18,0.0,13.45,6.46,19.06,1007.9,72.56,3.36,185.0,2.524483,
2016-05-19,0.0,14.86,8.84,20.56,1010.4,76.37,2.3899999,203.0,2.859352,
2016-05-20,0.90000004,13.2,10.94,16.13,1015.2,86.765,3.9399998,105.0,1.4201075,
2016-05-21,0.0,17.71,9.84,23.22,1012.5,71.265,4.33,203.0,3.035528,
2016-05-22,14.900001,16.279999,12.9,20.3,1006.9,82.345,3.04,168.0,2.4440653,
2016-05-23,5.8,11.719999,10.099999,13.36,1011.5,94.15,5.27,82.0,1.070528,
2016-05-24,0.0,10.0199995,9.54,10.74,1016.0,90.215004,4.2799997,96.0,1.1956509,
2016-05-25,0.0,12.309999,9.37,14.99,1015.2,89.270004,1.6899999,83.0,1.098223,
2016-05-26,0.0,13.049999,7.94,17.57,1017.3,85.75,2.28,173.0,2.3293355,
2016-05-27,0.0,13.809999,8.34,19.38,1017.2,84.92,3.06,210.0,2.8796465,
2016-05-28,0.0,16.91,10.62,22.109999,1013.8,79.29,3.48,238.0,3.4998293,
2016-05-29,1.5,16.64,13.08,21.15,1009.60004,84.06,4.5,140.0,2.0502267,
2016-05-30,5.7000003,18.33,14.33,23.779999,1005.5,87.705,4.89,198.0,3.0042431,
2016-05-31,0.0,19.439999,14.549999,24.39,1010.5,80.450005,2.6499999,237.0,3.6665518,
2016-06-01,0.0,19.4,15.07,24.22,1013.4,82.415,4.83,195.0,3.01174,
2016-06-02,0.0,16.279999,14.299999,19.55,1012.5,90.72,4.38,168.0,2.4391534,
2016-06-03,2.5,19.08,13.62,25.849998,1012.5,87.04,2.19,239.0,3.6702929,
2016-06-04,0.0,21.06,14.61,27.3,1014.10004,73.555,3.27,230.0,3.6591842,
2016-06-05,0.0,17.72,12.13,23.64,1018.9,80.61,3.29,239.0,3.566783,
2016-06-06,0.0,17.02,11.469999,23.68,1021.8,80.28,2.52,265.0,3.8948505,
2016-06-07,0.0,17.48,11.19,24.22,1022.3,76.165,2.87,284.0,4.212962,
2016-06-08,0.0,13.25,10.179999,17.97,1021.60004,83.41,3.7099998,199.0,2.6878407,
2016-06-09,0.0,13.38,7.35,18.73,1019.5,76.21,3.3899999,258.0,3.4986062,
2016-06-10,0.0,13.75,7.5,18.99,1014.10004,74.07,2.72,255.0,3.4959986,
2016-06-11,0.0,14.78,10.45,18.65,1011.8,75.7,1.9599999,187.0,2.6278422,
2016-06-12,18.4,16.43,12.87,20.57,1007.7,84.200005,1.81,122.0,1.7799773,
2016-06-13,10.8,16.44,13.969999,20.58,1000.3,88.770004,2.08,117.0,1.7119151,
2016-06-14,12.1,15.349999,12.429999,19.33,997.7,89.305,2.6399999,140.0,2.0030682,
2016-06-15,8.1,14.9,10.7,18.89,999.2,87.515,2.3,186.0,2.6333795,
2016-06-16,4.9,15.82,10.559999,21.1,1002.3,80.975,2.05,223.0,3.2178593,
2016-06-17,0.0,15.19,11.62,19.58,1006.10004,86.085,2.52,181.0,2.5724885,
2016-06-18,2.3,14.559999,11.53,18.49,1014.8,84.19,3.24,174.0,2.4301867,
2016-06-19,0.0,14.29,11.679999,17.67,1022.5,73.975,2.82,181.0,2.504893,
2016-06-20,18.1,14.87,12.2699995,16.789999,1015.0,90.685005,5.0499997,150.0,2.1096344,
2016-06-21,1.7,18.19,13.759999,22.73,1017.60004,84.555,2.77,191.0,2.87845,
2016-06-22,2.0,19.99,14.28,24.16,1021.60004,78.49,3.01,244.0,3.7998934,
2016-06-23,2.0,22.08,18.91,27.539999,1017.4,84.72,2.25,227.0,3.6710494,
2016-06-24,0.0,19.949999,13.009999,23.13,1017.0,86.54,3.4099998,163.0,2.5402591,
2016-06-25,3.1000001,15.7699995,11.2699995,18.0,1015.2,91.35263,1.8499999,89.0,1.2768326,
2016-06-26,2.7,14.809999,11.04,19.56,1015.4,85.195,3.6299999,234.0,3.2860734,
2016-06-27,3.2,14.389999,9.12,18.19,1016.2,86.835,4.23,148.0,2.0579054,
2016-06-28,1.0,15.91,8.45,20.31,1014.9,76.105,2.45,222.0,3.1949387,
2016-06-29,4.2000003,15.87,13.63,19.9,1009.5,80.950005,4.5699997,203.0,2.9247172,
2016-06-30,3.5,15.9,13.75,19.08,1010.0,90.305,3.9499998,109.0,1.5711449,
2016-07-01,4.5,16.71,14.679999,19.24,1009.5,89.44,5.1,92.0,1.3493085,
2016-07-02,2.4,14.639999,11.2,18.539999,1012.0,76.1,4.7999997,223.0,3.1235642,
2016-07-03,1.4,14.7,10.2699995,19.49,1018.10004,79.86,3.6299999,258.0,3.6103823,
2016-07-04,0.0,16.89,10.74,22.47,1018.7,78.03,2.1299999,254.0,3.727153,
2016-07-05,2.8,14.99,11.75,19.119999,1013.60004,87.91,4.93,135.0,1.9048086,
2016-07-06,0.0,14.38,8.889999,18.609999,1020.10004,78.08,4.06,249.0,3.4563243,
2016-07-07,0.0,15.99,8.42,21.75,1019.60004,76.67,2.87,253.0,3.64117,
2016-07-08,5.7000003,16.15,12.95,19.35,1014.2,85.66,3.6499999,123.0,1.7797773,
2016-07-09,2.8,17.48,11.9,21.99,1016.8,81.775,3.3999999,212.0,3.1508248,
2016-07-10,0.0,20.52,15.5199995,26.689999,1009.5,77.38,4.2599998,233.0,3.6771247,
2016-07-11,7.1,18.09,15.65,20.98,1007.8,76.055,5.7999997,181.0,2.7313616,
2016-07-12,7.2000003,16.52,12.86,20.82,1011.10004,87.025,3.12,204.0,2.978381,
2016-07-13,5.7000003,14.34,9.82,17.65,1014.10004,83.585,2.4199998,183.0,2.5436883,
2016-07-14,1.3000001,13.969999,9.22,18.44,1019.5,83.295,4.25,199.0,2.736658,
2016-07-15,0.0,15.58,11.13,20.05,1023.7,74.98,3.8899999,174.0,2.478205,
2016-07-16,8.6,17.77,13.53,20.89,1022.10004,88.61,3.58,104.0,1.5519443,
2016-07-17,0.0,18.289999,13.009999,22.16,1020.5,77.585,3.6,225.0,3.3942246,
2016-07-18,0.0,18.91,12.13,24.48,1021.4,72.745,2.6,260.0,3.9684215,
2016-07-19,0.0,21.31,12.5199995,28.16,1020.7,71.975,1.8399999,276.0,4.4013443,
2016-07-20,0.0,23.859999,17.27,31.849998,1013.3,70.08,3.3899999,287.0,4.78099,
2016-07-21,7.1,22.01,16.22,28.449999,1014.2,81.22,2.09,268.0,4.3330755,
2016-07-22,2.5,19.63,16.92,24.05,1017.5,88.695,2.0,189.0,2.9277308,
2016-07-23,0.0,19.619999,16.32,25.65,1019.3,88.595,2.49,209.0,3.2350953,
2016-07-24,0.0,20.81,16.88,26.019999,1019.10004,85.535,1.4499999,234.0,3.7009857,
2016-07-25,2.8,18.25,12.37,23.15,1018.5,87.12,2.6599998,176.0,2.6547241,
2016-07-26,0.0,17.6,10.55,23.289999,1020.3,82.375,1.9,223.0,3.318387,
2016-07-27,5.9,18.109999,14.139999,22.47,1015.60004,86.645004,2.71,152.0,2.288632,
2016-07-28,6.4,17.51,12.08,22.33,1013.9,89.475,2.06,174.0,2.590201,
2016-07-29,1.6,17.91,14.2699995,22.31,1010.5,86.645004,3.6499999,157.0,2.358644,
2016-07-30,14.6,17.82,15.16,22.47,1011.8,81.15,2.6399999,167.0,2.5032918,
2016-07-31,5.2000003,15.88,11.78,19.689999,1014.10004,84.07,2.52,150.0,2.15797,
2016-08-01,4.0,15.2,10.429999,20.199999,1017.10004,80.51,2.57,193.0,2.7324152,
2016-08-02,1.1,16.24,10.88,19.77,1012.7,86.61,2.76,126.0,1.8276781,
2016-08-03,1.4,18.69,16.619999,21.18,1007.4,90.175,4.69,77.0,1.1757069,
2016-08-04,0.0,16.71,13.009999,20.359999,1008.9,84.675,4.36,150.0,2.2004266,
2016-08-05,4.5,16.619999,12.9,21.31,1017.2,85.275,3.3999999,202.0,2.9489927,
2016-08-06,0.0,16.16,10.32,22.17,1024.4,81.975,3.06,199.0,2.869551,
2016-08-07,0.0,17.699999,10.01,22.109999,1022.2,84.065,4.43,159.0,2.3692667,
2016-08-08,3.0,16.38,10.65,20.09,1017.8,78.365005,4.7,160.0,2.3235307,
2016-08-09,6.4,13.049999,9.099999,17.88,1020.7,80.355,3.32,185.0,2.4875178,
2016-08-10,1.1,11.8,7.2599998,17.27,1021.2,79.345,3.33,222.0,2.8924403,
2016-08-11,12.6,12.84,6.97,15.66,1018.5,92.971436,3.6899998,69.0,0.9238326,
2016-08-12,0.0,17.09,14.34,20.65,1020.0,91.61667,3.52,95.0,1.3991656,
2016-08-13,0.0,16.4,13.19,20.34,1020.3,87.35,3.6699998,112.0,1.6257125,
2016-08-14,0.0,15.259999,9.2,20.58,1023.7,83.87,2.46,170.0,2.4041147,
2016-08-15,0.0,14.57,8.44,20.85,1024.8,84.645004,1.79,204.0,2.8390248,
2016-08-16,0.0,14.7,8.139999,20.46,1020.3,81.495,2.33,229.0,3.2018971,
2016-08-17,0.0,15.92,9.99,22.39,1015.60004,74.97,2.74,261.0,3.7560687,
2016-08-18,0.0,16.539999,8.69,22.74,1011.4,80.46,2.47,231.0,3.3736367,
2016-08-19,0.0,17.94,9.2699995,24.34,1009.5,78.380005,2.35,209.0,3.1427803,
2016-08-20,6.4,17.59,13.03,22.74,1009.9,81.51,3.6499999,168.0,2.5083544,
2016-08-21,6.4,16.26,13.36,20.06,1014.60004,87.1,4.61,137.0,1.9867276,
2016-08-22,3.4,16.949999,15.16,20.34,1022.10004,92.5,3.8999999,86.0,1.2620227,
2016-08-23,0.0,20.16,15.25,26.279999,1025.3,83.89,2.07,195.0,3.0427084,
2016-08-24,0.0,22.91,15.99,30.119999,1021.0,74.82,2.54,251.0,4.1104994,
2016-08-25,0.0,23.22,16.01,30.939999,1015.5,74.06,2.19,254.0,4.186691,
2016-08-26,0.0,20.72,15.15,25.83,1016.9,80.225,2.49,223.0,3.5237765,
2016-08-27,12.900001,19.99,13.25,25.039999,1018.3,79.3,3.6399999,211.0,3.289369,
2016-08-28,8.6,20.25,16.539999,25.21,1012.10004,83.945,3.9099998,162.0,2.5423028,
2016-08-29,0.0,16.44,9.79,20.5,1019.4,83.39,3.26,152.0,2.2089055,
2016-08-30,0.0,15.799999,8.54,23.13,1025.1,82.545006,1.7099999,218.0,3.1183043,
2016-08-31,0.0,17.67,9.71,24.939999,1020.2,76.465,2.1,222.0,3.3082855,
2016-09-01,0.0,16.05,9.78,22.029999,1021.3,85.590004,2.29,169.0,2.433901,
2016-09-02,2.6000001,16.289999,9.349999,21.51,1018.60004,84.275,3.27,139.0,2.01413,
2016-09-03,14.5,17.94,14.099999,21.98,1015.0,84.1,2.86,134.0,2.0112443,
2016-09-04,5.1,17.08,15.089999,20.89,1008.60004,88.28,4.5899997,106.0,1.5670664,
2016-09-05,0.0,17.14,11.469999,22.02,1018.9,87.340004,1.91,160.0,2.3598201,
2016-09-06,0.0,17.74,10.78,24.24,1025.1,85.205,1.7199999,189.0,2.815794,
2016-09-07,0.0,18.48,11.46,26.13,1019.9,80.03,1.5699999,203.0,3.074345,
2016-09-08,0.0,19.41,11.87,26.18,1011.8,78.725,2.73,208.0,3.2147696,
2016-09-09,0.0,17.25,11.63,23.33,1017.10004,84.04,2.24,180.0,2.6624568,
2016-09-10,0.0,17.73,10.679999,24.46,1015.5,79.515,1.93,196.0,2.9290333,
2016-09-11,0.0,17.48,13.059999,20.99,1017.60004,86.775,1.78,115.0,1.7087045,
2016-09-12,0.0,20.73,13.759999,28.029999,1016.7,78.880005,1.6999999,195.0,3.0820606,
2016-09-13,0.0,22.859999,14.58,31.0,1014.0,73.995,1.9499999,191.0,3.131552,
2016-09-14,0.0,22.42,16.97,29.92,1013.8,69.555,2.8,190.0,3.0931861,
2016-09-15,5.8,20.98,16.4,28.08,1011.60004,65.04,3.4299998,183.0,2.909589,
2016-09-16,0.0,17.51,13.219999,20.96,1011.8,87.235,2.82,97.0,1.4450041,
2016-09-17,0.0,16.47,11.0199995,21.24,1016.60004,88.490005,2.24,83.0,1.2081482,
2016-09-18,0.0,15.87,10.7699995,20.47,1018.5,80.67,3.1299999,122.0,1.7519642,
2016-09-19,0.0,13.58,7.47,19.5,1020.2,80.47,1.67,101.0,1.3758111,
2016-09-20,0.0,13.719999,6.45,18.39,1020.3,83.035,1.4599999,98.0,1.3393505,
2016-09-21,0.0,14.0,7.7799997,19.96,1020.60004,77.64,1.38,141.0,1.9395783,
2016-09-22,0.0,14.25,6.17,20.3,1020.7,79.5,1.6899999,131.0,1.8125017,
2016-09-23,0.0,13.82,6.15,21.07,1023.4,83.57,2.27,132.0,1.8061191,11.12
2016-09-24,0.0,14.74,5.89,22.119999,1022.0,78.37,2.69,154.0,2.1538208,11.1
2016-09-25,0.0,16.47,10.309999,25.09,1017.10004,74.055,3.3,153.0,2.2266722,11.09
2016-09-26,0.0,13.549999,7.17,20.08,1023.3,82.385,1.54,120.0,1.6314652,11.07
2016-09-27,0.0,14.04,5.2,20.939999,1024.6,73.73,2.57,152.0,2.0896208,11.07
2016-09-28,0.0,18.15,15.049999,21.32,1020.4,76.395004,5.49,105.0,1.579667,11.06
2016-09-29,8.400001,15.63,12.67,18.199999,1012.2,85.645004,5.6299996,51.0,0.73024136,11.05
2016-09-30,4.3,13.07,8.05,18.039999,1011.9,83.565,3.1899998,102.0,1.3770128,11.15
2016-10-01,3.8,12.32,7.49,17.21,1008.10004,89.43,2.49,84.0,1.1149886,11.17
2016-10-02,1.5,11.05,7.44,13.88,1009.4,92.18421,3.56,76.0,0.97595626,11.18
2016-10-03,0.0,12.91,7.14,17.859999,1025.7001,87.54,3.22,90.0,1.2035834,11.16
2016-10-04,0.0,12.16,7.64,16.73,1035.4,80.875,4.45,122.0,1.5948575,11.14
2016-10-05,0.0,8.889999,4.5,13.92,1034.8,74.025,4.24,135.0,1.614837,11.13
2016-10-06,0.0,9.2699995,2.84,13.38,1026.7001,80.635,3.79,58.0,0.7039864,11.12
2016-10-07,0.0,11.65,9.809999,13.83,1023.5,83.700005,3.37,49.0,0.63534635,11.11
2016-10-08,0.0,9.139999,3.28,13.96,1025.6,81.085,2.3899999,93.0,1.125186,11.1
2016-10-09,0.0,6.5299997,0.93,12.34,1025.8,90.085,1.52,70.0,0.7828586,11.1
2016-10-10,0.8,5.83,0.84999996,12.0199995,1024.5,87.67,1.36,76.0,0.83165485,11.09
2016-10-11,0.0,9.099999,1.31,13.389999,1022.4,90.165,3.1599998,47.0,0.56881946,11.08
2016-10-12,0.0,9.19,7.81,11.2699995,1022.4,81.565,3.99,49.0,0.5945505,11.08
2016-10-13,0.0,8.4,6.89,9.9,1019.0,82.520004,5.21,51.0,0.6057859,11.07
2016-10-14,1.3000001,8.9,6.81,11.88,1010.2,79.675,5.37,68.0,0.822861,11.07
2016-10-15,0.0,9.679999,5.8399997,12.679999,1011.10004,93.30769,2.8999999,32.0,0.39568585,11.07
2016-10-16,0.0,10.82,4.96,17.3,1019.4,83.245,2.87,105.0,1.3344091,11.06
2016-10-17,0.0,11.33,7.5099998,18.08,1019.9,90.08,2.1299999,62.0,0.7984546,11.05
2016-10-18,12.7,9.37,5.9,13.65,1016.4,92.13334,3.84,45.0,0.5503056,11.05
2016-10-19,16.9,8.11,5.29,11.13,1012.4,90.755005,2.98,50.0,0.5906816,11.19
2016-10-20,1.0,7.6299996,3.79,11.21,1014.0,92.72778,2.56,38.0,0.44219214,11.25
2016-10-21,6.4,7.94,2.83,11.62,1014.60004,92.8625,2.23,45.0,0.5283868,11.22
2016-10-22,1.4,6.7799997,2.4299998,10.92,1014.9,92.95264,1.5699999,47.0,0.5326222,11.23
2016-10-23,0.0,6.0099998,2.1299999,11.03,1013.8,89.98948,1.89,62.0,0.6860883,11.23
2016-10-24,0.0,5.92,2.08,8.37,1015.4,92.3125,3.77,36.0,0.3969037,11.22
2016-10-25,0.0,6.29,0.17999999,11.59,1023.9,91.99474,1.86,54.0,0.59989846,11.21
2016-10-26,0.0,7.33,-0.17999999,11.69,1028.1,90.31579,2.31,44.0,0.50394094,11.21
2016-10-27,0.0,11.58,9.44,14.42,1029.1,92.04667,4.41,39.0,0.503583,11.21
2016-10-28,0.0,11.53,6.14,14.839999,1030.1,90.02632,4.14,17.0,0.21913292,11.2
2016-10-29,0.0,8.42,3.9499998,14.509999,1033.3,89.880005,2.4199998,68.0,0.8028379,11.19
2016-10-30,0.0,9.21,5.79,13.73,1031.0,93.34546,1.5699999,41.0,0.49582916,11.19
2016-10-31,0.0,11.11,6.7,14.78,1027.7001,91.84118,1.5,47.0,0.5997931,11.19
2016-11-01,2.3,9.16,3.9399998,14.03,1019.9,91.49334,2.86,26.0,0.31556457,11.19
2016-11-02,3.1000001,6.95,3.59,11.01,1017.0,87.385,3.4299998,59.0,0.6714615,11.24
2016-11-03,1.7,6.69,2.07,11.16,1018.7,90.845,2.8,43.0,0.48501775,11.22
2016-11-04,3.1000001,7.1099997,6.21,8.95,1009.3,84.92,4.22,32.0,0.36736172,11.22
2016-11-05,1.3000001,6.1299996,3.26,10.0199995,998.5,91.82223,3.37,34.0,0.380608,11.23
2016-11-06,4.9,6.42,3.03,9.95,996.8,92.04211,3.4099998,32.0,0.36181596,11.23
2016-11-07,0.0,3.47,-0.7,6.25,1008.0,91.435005,4.02,24.0,0.24461488,11.24
2016-11-08,1.1,0.66999996,-3.08,2.84,1009.10004,90.665,1.9699999,34.0,0.31230906,11.23
2016-11-09,0.0,2.48,0.48999998,4.12,1003.0,92.33889,3.4299998,30.0,0.29596514,11.23
2016-11-10,0.0,2.24,0.97999996,3.81,1006.4,90.5,2.8899999,23.0,0.22449985,11.22
2016-11-11,0.0,1.8499999,-3.37,6.47,1020.5,88.24,3.27,58.0,0.5535998,11.21
2016-11-12,0.0,0.65999997,-3.1899998,4.1,1023.8,84.03,3.12,46.0,0.41876456,11.21
2016-11-13,0.0,0.53,-2.59,3.36,1026.8,86.310005,2.35,26.0,0.23508234,11.21
2016-11-14,6.7000003,1.9399999,-3.6999998,5.67,1029.3,90.71667,4.0299997,30.0,0.28589234,11.2
2016-11-15,3.9,9.71,5.37,11.83,1021.60004,95.200005,3.82,12.0,0.14780915,11.25
2016-11-16,3.2,10.559999,6.68,13.509999,1011.5,91.39445,4.8199997,24.0,0.3039327,11.25
2016-11-17,13.0,8.26,5.15,10.78,999.7,89.125,5.5,30.0,0.3581173,11.24
2016-11-18,2.2,5.8399997,2.59,8.57,995.10004,86.06,5.9,31.0,0.34443006,11.27
2016-11-19,4.5,4.5699997,2.56,7.0099998,1002.60004,85.425,5.0699997,29.0,0.3078566,11.27
2016-11-20,3.6000001,7.85,3.29,12.28,994.0,79.85,7.97,18.0,0.21287234,11.28
2016-11-21,0.0,11.179999,7.17,13.53,998.60004,86.285,4.43,14.0,0.18123372,11.27
2016-11-22,0.0,10.62,6.5699997,12.78,1008.2,77.07,4.45,30.0,0.38107574,11.26
2016-11-23,0.0,7.31,2.58,10.59,1019.2,93.33846,2.21,23.0,0.264392,11.25
2016-11-24,0.0,4.91,1.1899999,7.98,1025.5,83.305,4.64,41.0,0.43501523,11.25
2016-11-25,0.0,2.27,-0.29,5.49,1024.9,91.8,3.75,38.0,0.36749864,11.25
2016-11-26,0.0,1.26,-3.03,6.35,1020.3,94.700005,1.9399999,24.0,0.22405346,11.25
2016-11-27,0.0,5.5699997,-1.73,10.36,1022.10004,83.630005,3.05,37.0,0.40195677,11.24
2016-11-28,0.0,-1.27,-5.67,3.72,1032.6,85.03,1.74,51.0,0.42725724,11.23
2016-11-29,0.0,-3.02,-7.31,2.2,1034.7001,88.950005,1.75,52.0,0.40358043,11.22
2016-11-30,0.0,3.76,-2.61,7.23,1028.9,85.16,4.3199997,25.0,0.25453487,11.22
2016-12-01,1.0,8.0199995,5.94,8.92,1023.10004,89.3,5.0499997,16.0,0.1875647,11.24
2016-12-02,0.0,4.89,-1.7199999,8.849999,1023.2,89.655,2.61,34.0,0.3609311,11.24
2016-12-03,0.0,0.96,-3.1499999,7.79,1026.6,91.66667,1.16,37.0,0.34022656,11.23
2016-12-04,0.0,-2.3899999,-5.17,2.4199998,1028.8,92.86,1.9,39.0,0.31228364,11.22
2016-12-05,0.0,-3.8,-7.14,2.85,1027.3,90.65,0.96999997,41.0,0.3087754,11.21
2016-12-06,0.0,-2.37,-8.099999,2.77,1030.6,88.97369,1.61,36.0,0.28818712,11.2
2016-12-07,0.0,4.66,0.42999998,7.25,1027.3,85.48,4.6,13.0,0.13664544,11.2
2016-12-08,2.0,7.31,5.58,9.599999,1024.8,81.315,5.13,13.0,0.1490364,11.22
2016-12-09,0.0,9.19,7.5699997,10.36,1024.6,93.00001,4.93,12.0,0.14545888,11.23
2016-12-10,21.5,7.8799996,6.92,9.28,1019.60004,92.88334,4.33,8.0,0.093545236,11.24
2016-12-11,1.2,7.49,4.45,9.2699995,1017.2,91.04445,4.47,17.0,0.19668458,11.28
2016-12-12,0.90000004,6.54,4.5,7.43,1024.3,93.350006,2.61,12.0,0.13434595,11.27
2016-12-13,1.2,6.02,4.31,6.72,1022.8,93.200005,3.06,10.0,0.11019612,11.27
2016-12-14,1.8000001,7.93,6.8199997,8.63,1023.8,94.86667,2.06,15.0,0.17531155,11.27
2016-12-15,0.0,6.29,4.5699997,8.24,1025.7001,92.58,3.76,10.0,0.11099316,11.26
2016-12-16,0.0,3.9099998,1.36,6.1,1028.9,91.8,2.48,26.0,0.26610833,11.26
2016-12-17,0.0,5.29,2.69,7.3799996,1035.8,92.4375,2.55,10.0,0.10689176,11.26
2016-12-18,0.0,5.6299996,3.9299998,7.89,1034.1,92.5,2.18,13.0,0.14065012,11.25
2016-12-19,0.0,4.44,0.96999997,7.39,1029.5,91.81111,2.02,20.0,0.20841506,11.25
2016-12-20,0.0,0.65,-0.39,1.7199999,1024.3,92.16667,3.4199998,18.0,0.16375291,11.25
2016-12-21,4.8,3.4199998,0.19999999,5.79,1022.9,90.78421,5.38,18.0,0.18166657,11.25
2016-12-22,0.0,5.56,4.12,7.0699997,1026.3,93.336365,4.5699997,12.0,0.1300444,11.26
2016-12-23,2.4,5.3599997,3.6499999,6.8199997,1026.5,91.61765,6.22,11.0,0.118413135,11.25
2016-12-24,0.0,6.89,4.67,9.15,1020.3,83.795,6.94,17.0,0.19280097,11.26
2016-12-25,2.4,9.559999,7.73,11.48,1018.8,90.04211,7.66,9.0,0.1105312,11.25
2016-12-26,2.2,8.099999,4.37,11.3,1023.9,76.655,7.96,27.0,0.31715146,11.25
2016-12-27,0.0,6.3399997,3.25,8.889999,1038.5,84.775,4.71,27.0,0.2982691,11.25
2016-12-28,0.0,3.46,0.65,6.27,1043.6,91.19375,2.75,17.0,0.16992095,11.25
2016-12-29,0.0,0.5,-2.48,4.08,1039.8,92.96154,2.46,32.0,0.2868202,11.25
2016-12-30,0.0,-0.84,-3.1699998,0.98999995,1035.4,93.450005,3.35,30.0,0.25541568,11.24
2016-12-31,0.0,2.69,1.12,4.08,1028.5,93.637505,5.0,14.0,0.13722174,11.25
2017-01-01,2.3,2.09,0.45,3.61,1017.10004,93.825005,4.89,6.0,0.05789321,11.25
2017-01-02,0.90000004,2.35,0.85999995,4.8599997,1021.10004,88.5579,3.4199998,27.0,0.26244205,11.25
2017-01-03,2.4,4.96,1.55,7.46,1017.9,89.145004,6.22,17.0,0.18138595,11.25
2017-01-04,4.2000003,4.54,0.39999998,7.14,1013.8,76.880005,6.54,27.0,0.28465125,11.26
2017-01-05,0.0,-1.56,-5.97,2.74,1033.1,78.915,2.53,41.0,0.33922768,11.25
2017-01-06,2.9,-3.85,-6.8399997,-1.55,1039.0,78.98,3.09,45.0,0.335597,11.24
2017-01-07,1.2,-0.48,-2.2,2.8799999,1029.1,92.75,4.2599998,15.0,0.13009058,11.24
2017-01-08,0.0,2.58,0.42,3.84,1030.3,94.36667,1.62,14.0,0.13653678,11.24
2017-01-09,6.9,3.6699998,1.62,5.31,1019.5,94.00001,3.99,13.0,0.13260627,11.26
2017-01-10,0.90000004,4.75,2.23,6.81,1007.5,91.600006,3.72,24.0,0.25566268,11.27
2017-01-11,3.0,6.33,4.14,9.04,1002.3,83.880005,7.79,20.0,0.22487593,11.28
2017-01-12,19.2,3.73,-0.089999996,5.81,1000.10004,84.455,5.81,23.0,0.23757431,11.27
2017-01-13,7.5,2.75,0.14999999,4.69,995.3,85.57,6.35,34.0,0.3401707,11.29
2017-01-14,6.2000003,1.7199999,-0.29999998,4.58,1009.60004,85.475,5.02,31.0,0.29628,11.3
2017-01-15,0.0,0.22,-3.49,3.35,1019.9,89.96316,2.36,34.0,0.3049158,11.3
2017-01-16,0.0,-3.81,-7.7,0.26999998,1029.4,93.62858,1.3199999,39.0,0.293183,11.29
2017-01-17,0.0,-5.58,-8.099999,-3.03,1038.3,94.10179,1.12,32.0,0.22027715,11.28
2017-01-18,0.0,-3.9199998,-6.41,-2.1,1040.0,94.575005,1.11,21.0,0.15601464,11.27
2017-01-19,0.0,-2.26,-6.04,2.53,1038.3,91.52354,0.77,41.0,0.32820153,11.27
2017-01-20,0.0,-2.31,-6.58,3.07,1036.1,89.285,0.81,36.0,0.28794795,11.26
2017-01-21,0.0,1.4,-1.9599999,4.21,1031.2001,91.850006,2.29,36.0,0.33578587,11.26
2017-01-22,0.0,-2.44,-5.96,3.22,1027.4,87.011765,1.36,43.0,0.34387043,11.26
2017-01-23,0.0,-0.47,-5.42,2.7,1026.1,93.55455,2.34,13.0,0.112993,11.25
2017-01-24,0.0,0.51,-0.65,1.1,1028.5,91.29478,2.04,17.0,0.1534353,11.25
2017-01-25,0.0,-1.43,-3.23,0.52,1031.0,89.035,2.59,25.0,0.20824574,11.25
2017-01-26,0.0,-1.5799999,-3.4499998,1.2099999,1025.4,85.525,2.8899999,57.0,0.4734396,11.25
2017-01-27,0.0,-0.29,-4.7599998,4.7799997,1018.10004,78.385,2.97,49.0,0.43105656,11.24
2017-01-28,1.2,4.37,-0.17,7.45,1015.60004,69.865,2.99,51.0,0.53407174,11.24
2017-01-29,7.9,4.3199997,3.3799999,5.3599997,1016.2,91.38334,4.3199997,22.0,0.22991826,11.25
2017-01-30,2.2,3.26,2.52,4.35,1010.7,93.14616,3.6599998,12.0,0.12122672,11.29
2017-01-31,0.0,2.8899999,2.0,4.0,1017.10004,90.5579,2.44,18.0,0.17882606,11.28
2017-02-01,1.4,2.8999999,0.71999997,4.29,1014.5,88.16,4.45,24.0,0.2388617,11.27
2017-02-02,1.8000001,7.72,3.8,11.41,1006.0,89.525,3.9499998,47.0,0.5505084,11.27
2017-02-03,1.1,7.87,4.4,10.639999,1002.0,92.16429,2.61,25.0,0.29469982,11.27
2017-02-04,8.5,5.67,3.4399998,8.42,999.9,89.59474,3.06,37.0,0.40785336,11.27
2017-02-05,0.0,4.8399997,2.95,6.18,1004.10004,92.36429,1.91,27.0,0.28900096,11.29
2017-02-06,0.0,3.28,1.5999999,4.7799997,1018.4,92.63334,3.08,22.0,0.22147638,11.28
2017-02-07,1.7,-0.14999999,-1.14,1.5899999,1020.0,83.315,6.04,22.0,0.19440494,11.28
2017-02-08,0.0,-1.4399999,-1.87,-0.65999997,1026.9,83.275,5.95,17.0,0.14190254,11.27
2017-02-09,0.0,-2.3999999,-4.0,-2.1399999,1029.9,77.72,5.13,26.0,0.20795627,11.27
2017-02-10,0.0,-2.59,-4.85,-1.4599999,1025.1,81.615005,4.56,23.0,0.18300307,11.26
2017-02-11,0.0,-0.5,-2.1699998,0.58,1023.5,81.47,5.29,26.0,0.22606243,11.26
2017-02-12,0.0,-0.35,-2.19,1.66,1029.0,76.97,6.3399997,44.0,0.3836368,11.25
2017-02-13,0.0,0.78999996,-3.1899998,6.02,1032.0,72.03,5.77,86.0,0.7831592,11.25
2017-02-14,0.0,0.88,-2.28,6.22,1031.0,73.340004,3.78,89.0,0.81378806,11.25
2017-02-15,0.0,4.91,-2.59,12.889999,1031.3,77.48,2.2,90.0,0.9520594,11.24
2017-02-16,2.1000001,5.71,3.29,8.29,1027.1,92.21667,4.35,45.0,0.48986688,11.25
2017-02-17,0.0,6.21,4.4,7.8399997,1024.1,92.92778,4.2,25.0,0.27699482,11.26
2017-02-18,1.0,4.2999997,1.04,8.25,1025.7001,91.25,2.87,39.0,0.40527,11.26
2017-02-19,1.4,5.83,2.85,8.72,1019.0,90.776474,4.52,24.0,0.2633565,11.26
2017-02-20,4.7000003,9.0199995,5.94,10.76,1012.7,92.86154,6.23,20.0,0.24257106,11.27
2017-02-21,8.8,7.49,4.61,10.05,1011.0,83.685005,5.23,71.0,0.8239002,11.27
2017-02-22,15.5,8.4,6.1099997,9.82,1002.10004,88.08421,7.77,25.0,0.2993129,11.28
2017-02-23,12.900001,6.85,3.79,10.38,990.7,88.345,8.349999,26.0,0.29882956,11.3
2017-02-24,0.0,3.33,-0.53999996,7.0899997,1011.10004,74.685,5.3399997,98.0,0.9922563,11.3
2017-02-25,5.6,4.25,-0.77,7.22,1014.60004,87.175,5.83,31.0,0.3234746,11.3
2017-02-26,1.1,8.4,6.3799996,9.61,1007.10004,90.11579,6.73,23.0,0.27472222,11.3
2017-02-27,12.8,8.69,5.06,10.9,994.5,79.85,6.71,22.0,0.2665581,11.29
2017-02-28,7.6,4.16,1.81,6.64,988.10004,85.62,6.7999997,58.0,0.6119538,11.31
2017-03-01,11.2,5.08,1.5699999,9.309999,997.0,85.01,4.15,64.0,0.6930755,11.31
2017-03-02,5.5,5.0,1.43,7.22,1004.2,90.37,5.44,48.0,0.5164925,11.32
2017-03-03,0.0,5.7,1.51,8.599999,1004.7,81.395004,3.76,75.0,0.82550365,11.31
2017-03-04,8.8,8.62,4.14,13.559999,992.8,82.115,3.04,60.0,0.7260962,11.3
2017-03-05,0.8,7.25,4.74,11.38,996.0,82.14,5.02,74.0,0.8587174,11.3
2017-03-06,1.9,6.43,5.1,9.22,1001.2,89.96,2.27,51.0,0.575556,11.29
2017-03-07,0.0,4.36,3.06,5.12,1014.4,92.79286,2.03,40.0,0.4190022,11.3
2017-03-08,5.0,5.41,2.81,8.21,1013.2,93.276924,4.69,26.0,0.28225788,11.29
2017-03-09,1.0,6.5,3.09,9.82,1017.5,92.315796,5.19,58.0,0.65070033,11.29
2017-03-10,0.0,6.33,0.98999995,10.849999,1026.7001,79.435,2.6299999,119.0,1.3218492,11.28
2017-03-11,0.0,7.6499996,2.3,12.19,1021.9,72.840004,2.7,110.0,1.2759786,11.28
2017-03-12,0.0,7.1099997,2.6,12.75,1017.4,72.285,4.17,127.0,1.4522302,11.28
2017-03-13,0.0,5.97,-0.42999998,12.07,1025.3,85.69,2.72,113.0,1.2416556,11.27
2017-03-14,0.0,8.67,4.24,13.719999,1029.5,87.765,4.8199997,109.0,1.2986584,11.27
2017-03-15,0.0,7.9199996,1.75,11.94,1030.8,78.64,3.22,156.0,1.8166876,11.26
2017-03-16,0.0,8.72,0.48999998,16.17,1021.4,79.575005,3.57,152.0,1.8203901,11.26
2017-03-17,18.2,7.2,5.7,9.74,1011.60004,79.585,6.19,80.0,0.91991085,11.26
2017-03-18,4.9,7.43,4.38,9.92,1004.60004,86.35,5.64,65.0,0.7552364,11.29
2017-03-19,6.3,10.24,5.89,11.55,1004.4,91.17369,6.5099998,47.0,0.591931,11.29
2017-03-20,8.2,9.809999,6.8199997,11.099999,1003.0,92.740005,6.73,34.0,0.4234694,11.29
2017-03-21,0.0,6.3999996,3.08,9.719999,1007.60004,76.76,5.3199997,149.0,1.6745818,11.3
2017-03-22,0.0,6.83,0.96,12.59,1014.4,62.055,3.57,176.0,1.9980973,11.28
2017-03-23,0.0,7.0699997,1.48,12.059999,1019.9,72.745,4.73,146.0,1.6654106,11.28
2017-03-24,0.0,6.69,1.65,13.48,1031.3,71.335,4.4,193.0,2.163537,11.27
2017-03-25,0.0,6.17,-1.15,12.799999,1031.0,70.51,2.9299998,180.0,1.9849898,11.27
2017-03-26,0.0,6.0099998,0.76,10.71,1026.5,89.51,2.96,147.0,1.6163669,11.27
2017-03-27,0.0,8.63,2.1499999,17.699999,1023.60004,78.355,2.4099998,194.0,2.314967,11.26
2017-03-28,0.90000004,10.58,-0.08,18.26,1020.10004,69.495,2.97,201.0,2.5372815,11.26
2017-03-29,0.8,10.86,9.2,12.08,1021.8,91.375,4.75,49.0,0.62274474,11.27
2017-03-30,0.0,14.79,10.0199995,20.42,1021.4,72.19,4.02,140.0,1.9606924,11.26
2017-03-31,0.0,15.059999,8.65,22.439999,1012.7,70.035,3.9599998,168.0,2.3749504,11.26
2017-04-01,9.6,10.96,6.19,17.0,1011.8,88.840004,2.09,99.0,1.2669886,11.25
2017-04-02,0.0,9.98,6.27,15.65,1020.60004,88.1,3.52,177.0,2.1975667,11.26
2017-04-03,0.0,9.16,4.13,14.929999,1026.9,78.47,1.4699999,163.0,1.9720645,11.26
2017-04-04,0.0,9.679999,2.12,16.6,1024.8,72.565,1.8399999,209.0,2.5685103,11.25
2017-04-05,0.0,8.61,4.3199997,12.46,1025.7001,78.01,5.0099998,136.0,1.6203445,11.25
2017-04-06,0.0,7.74,4.37,11.17,1027.2001,76.44,4.3199997,124.0,1.4386648,11.25
2017-04-07,0.0,10.15,5.69,14.809999,1024.2001,82.485,4.13,116.0,1.4446738,11.25
2017-04-08,0.0,8.99,2.54,13.44,1024.8,85.64,1.63,123.0,1.4822997,11.25
2017-04-09,0.0,11.74,0.61,20.439999,1021.4,69.42,2.4099998,236.0,3.069849,11.24
2017-04-10,0.0,8.86,3.61,12.55,1020.5,74.825005,5.15,111.0,1.3353124,11.24
2017-04-11,0.0,8.88,3.25,12.599999,1023.0,74.83,4.45,137.0,1.6471485,11.24
2017-04-12,6.8,8.73,5.12,10.76,1013.3,88.37,5.3599997,60.0,0.7214779,11.24
2017-04-13,0.0,7.8799996,2.21,11.98,1013.7,78.605,4.49,155.0,1.8175199,11.25
2017-04-14,5.0,7.91,1.48,11.61,1014.10004,80.435,4.04,92.0,1.0795474,11.25
2017-04-15,1.3000001,8.21,4.72,11.559999,1012.60004,79.485,6.0299997,159.0,1.8837436,11.26
2017-04-16,2.8,7.16,3.3899999,11.94,1017.5,79.945,3.9499998,154.0,1.7635986,11.25
2017-04-17,4.3,5.06,0.53,10.04,1018.9,81.05,4.24,184.0,1.9687762,11.24
2017-04-18,0.0,4.27,-0.78,9.75,1028.5,71.125,3.8799999,178.0,1.8450711,11.26
2017-04-19,0.0,3.49,-1.8499999,8.48,1036.8,67.57,2.32,195.0,1.9582709,11.25
2017-04-20,0.0,5.87,-3.28,12.509999,1034.8,70.435,3.0,222.0,2.419936,11.24
2017-04-21,0.8,10.13,6.48,13.99,1026.6,82.695,5.0499997,83.0,1.0320303,11.24
2017-04-22,0.0,6.72,3.26,10.469999,1024.5,73.0,5.35,172.0,1.9363773,11.24
2017-04-23,0.0,6.29,2.33,10.49,1023.8,73.905,4.47,160.0,1.7775656,11.24
2017-04-24,6.4,7.89,2.7,12.16,1011.2,84.37,4.7799997,97.0,1.1391082,11.23
2017-04-25,0.7,4.5699997,0.66999996,9.62,1006.8,82.65,4.52,196.0,2.076083,11.26
2017-04-26,0.0,4.71,-1.23,10.059999,1012.7,78.345,2.6499999,214.0,2.2704124,11.25
2017-04-27,0.0,5.7799997,-1.27,10.679999,1014.8,78.305,3.84,199.0,2.1847665,11.25
2017-04-28,0.0,6.96,1.27,11.5,1013.7,78.125,3.6699998,156.0,1.7788047,11.24
2017-04-29,0.0,7.1099997,0.08,12.849999,1017.8,71.005005,2.86,204.0,2.332263,11.24
2017-04-30,0.0,10.98,2.6599998,17.539999,1012.0,55.785,5.96,270.0,3.456953,11.23
2017-05-01,0.0,10.41,7.73,14.559999,1012.0,73.6,3.85,146.0,1.841066,11.22
2017-05-02,1.8000001,9.9,7.3999996,13.96,1018.0,82.03,4.02,101.0,1.2526548,11.22
2017-05-03,0.0,11.08,7.93,16.17,1021.10004,81.135,4.99,136.0,1.7390842,11.22
2017-05-04,3.0,8.7699995,6.69,11.429999,1022.2,79.195,6.0699997,117.0,1.4027371,11.22
2017-05-05,0.0,8.26,6.73,10.01,1021.7,86.295,4.45,61.0,0.7206776,11.22
2017-05-06,0.0,10.95,7.54,16.69,1014.4,81.8,4.22,189.0,2.4154508,11.21
2017-05-07,0.0,11.41,7.81,17.06,1015.9,80.215004,4.16,205.0,2.6500568,11.2
2017-05-08,0.0,8.809999,1.63,13.549999,1020.8,73.875,4.5,175.0,2.101895,11.2
2017-05-09,0.0,7.74,0.28,12.59,1019.8,69.37,3.29,218.0,2.538172,11.19
2017-05-10,0.0,8.96,4.3399997,14.309999,1009.4,72.01,1.9699999,196.0,2.3767264,11.19
2017-05-11,0.0,14.28,3.1799998,22.76,1000.10004,61.02,4.1,285.0,3.9774218,11.18
2017-05-12,4.8,15.63,11.91,19.55,1001.4,81.245,3.1,152.0,2.1850727,11.18
2017-05-13,2.0,15.08,10.42,20.15,1010.3,85.715004,2.78,175.0,2.477239,11.2
2017-05-14,1.6,13.98,7.39,20.81,1020.10004,80.585,3.3799999,238.0,3.2729945,11.19
2017-05-15,0.0,15.299999,5.5099998,21.18,1027.4,64.175,2.69,276.0,3.9012935,11.2
2017-05-16,0.0,19.67,15.25,24.93,1025.3,66.475,3.1699998,131.0,2.0257666,11.19
2017-05-17,0.0,22.57,14.7,29.269999,1016.5,60.08,3.24,243.0,3.9626682,11.18
2017-05-18,0.0,16.09,12.53,21.439999,1010.9,82.53,3.84,165.0,2.3872855,11.17
2017-05-19,0.90000004,13.4,10.46,17.26,1010.7,86.16,4.37,104.0,1.4159002,11.17
2017-05-20,0.0,12.9,7.44,18.029999,1020.3,76.18,3.1999998,264.0,3.5373125,11.16
2017-05-21,0.0,13.59,6.68,19.68,1025.9,72.135,2.56,276.0,3.7521338,11.15
2017-05-22,0.0,17.59,7.98,24.24,1018.8,57.285,2.85,302.0,4.495353,11.14
2017-05-23,0.0,15.799999,9.5199995,22.269999,1018.0,67.23,3.97,260.0,3.728698,11.13
2017-05-24,0.0,14.44,8.21,19.539999,1023.5,76.325005,3.09,202.0,2.8041704,11.11
2017-05-25,0.0,15.37,9.69,21.75,1024.7001,77.625,2.76,268.0,3.7979107,11.1
2017-05-26,0.0,17.56,8.62,24.47,1022.3,74.7,2.8799999,289.0,4.294099,11.09
2017-05-27,6.0,22.71,12.82,30.599998,1017.7,58.89,3.8899999,307.0,5.0160275,11.07
2017-05-28,0.0,18.84,12.3,25.09,1017.5,72.67,3.46,285.0,4.3497086,11.18
2017-05-29,0.0,19.17,11.69,27.359999,1012.8,81.53,2.6299999,249.0,3.829979,11.13
2017-05-30,0.0,18.02,14.509999,21.99,1013.5,84.39,4.62,160.0,2.4065108,11.11
2017-05-31,0.0,15.11,6.31,20.25,1021.5,73.51,3.52,265.0,3.7380862,11.1
2017-06-01,0.0,14.48,4.47,22.74,1022.0,67.43,1.74,306.0,4.2542543,11.07
2017-06-02,0.0,18.58,7.95,26.08,1016.7,61.75,2.24,300.0,4.557,11.04
2017-06-03,0.0,18.48,14.04,24.779999,1011.8,70.805,2.56,187.0,2.8396394,11.03
2017-06-04,0.0,15.339999,8.44,21.039999,1014.10004,71.08,3.6799998,245.0,3.4832907,11.01
2017-06-05,0.0,16.19,8.599999,21.63,1010.7,62.31,4.0099998,259.0,3.7555966,10.99
2017-06-06,16.5,15.08,10.719999,18.88,998.7,70.915,7.12,197.0,2.8008373,10.99
2017-06-07,6.0,12.67,10.11,15.259999,1006.8,81.96,7.14,132.0,1.7683314,11.17
2017-06-08,3.3,15.69,12.16,21.92,1012.5,79.135,4.19,139.0,1.9926523,11.16
2017-06-09,10.7,14.73,10.59,19.109999,1011.4,86.115005,3.51,187.0,2.6252673,11.27
2017-06-10,0.0,17.029999,10.13,21.74,1018.2,75.62,3.3899999,248.0,3.6503234,11.2
2017-06-11,0.0,20.279999,12.719999,27.42,1014.0,69.755,3.9299998,265.0,4.158491,11.18
2017-06-12,0.0,15.559999,13.28,18.21,1014.2,74.565,5.56,154.0,2.2000499,11.16
2017-06-13,0.0,15.049999,8.55,19.83,1018.7,74.675,3.87,186.0,2.6229231,11.15
2017-06-14,0.0,16.39,7.22,23.05,1019.4,73.465004,2.04,271.0,3.93407,11.12
2017-06-15,0.0,19.5,12.82,27.609999,1013.3,71.535,3.82,269.0,4.162522,11.1
2017-06-16,0.0,15.599999,11.01,18.38,1019.7,76.35,4.94,206.0,2.939564,11.08
2017-06-17,0.0,16.85,11.28,21.439999,1024.8,82.04,3.05,168.0,2.457892,11.07
2017-06-18,0.0,19.84,10.21,27.34,1024.6,74.14,1.5999999,284.0,4.406533,11.05
2017-06-19,0.0,23.269999,14.79,30.07,1019.5,68.365,2.1399999,316.0,5.2069845,11.01
2017-06-20,0.0,17.88,11.25,21.949999,1019.60004,74.9,4.0299997,289.0,4.325778,10.99
2017-06-21,0.0,17.85,9.38,25.359999,1017.8,69.37,2.33,287.0,4.2958865,10.97
2017-06-22,1.9,21.84,15.099999,29.71,1009.10004,72.04,5.17,233.0,3.762107,10.94
2017-06-23,5.6,18.06,15.839999,22.439999,1013.4,78.635,5.15,182.0,2.7396605,10.93
2017-06-24,5.5,17.359999,16.07,19.71,1011.5,89.675,4.7599998,84.0,1.247681,10.98
2017-06-25,12.6,16.31,13.37,19.189999,1009.60004,87.99,3.82,112.0,1.628832,11.01
2017-06-26,0.0,15.11,7.8799996,19.42,1013.2,75.28,3.26,276.0,3.9053357,11.1
2017-06-27,4.5,15.4,6.8799996,21.529999,1009.60004,75.58,3.37,211.0,3.0088851,11.05
2017-06-28,23.4,17.22,14.71,21.83,996.4,93.35294,3.51,97.0,1.4442453,11.07
2017-06-29,6.9,16.97,14.639999,20.68,997.0,90.77059,1.76,125.0,1.8513137,11.22
2017-06-30,12.2,16.22,13.91,19.84,1002.3,90.165,3.33,97.0,1.4117025,11.23
2017-07-01,0.8,16.15,11.719999,20.97,1009.10004,88.965004,3.9499998,139.0,2.014996,11.25
2017-07-02,0.0,15.33,10.38,19.26,1018.0,81.545,3.97,187.0,2.6542468,11.23
2017-07-03,5.4,15.7,9.15,21.1,1019.2,79.990005,4.5099998,220.0,3.1468015,11.21
2017-07-04,0.0,15.4,9.49,19.949999,1020.4,73.89,2.3899999,241.0,3.4229875,11.2
2017-07-05,0.0,16.619999,12.799999,21.83,1018.9,80.67,2.9199998,232.0,3.3849254,11.18
2017-07-06,0.0,18.74,10.92,24.91,1017.5,78.955,2.31,251.0,3.8234591,11.16
2017-07-07,1.4,20.48,15.259999,26.14,1014.0,81.875,2.4099998,240.0,3.7796667,11.14
2017-07-08,1.6,16.72,10.49,20.56,1016.9,86.72,2.44,198.0,2.8969696,11.17
2017-07-09,0.0,16.34,7.6099997,22.89,1014.3,71.72,1.66,241.0,3.5012252,11.13
2017-07-10,15.400001,18.26,12.83,24.84,1008.3,81.37,2.31,168.0,2.5432043,11.11
2017-07-11,13.8,17.65,14.639999,21.43,1009.4,85.01,3.1299999,162.0,2.4220967,11.09
2017-07-12,4.4,14.46,9.88,17.199999,1012.3,85.08,4.24,126.0,1.7574431,11.23
2017-07-13,0.0,14.679999,8.09,20.039999,1021.4,73.465004,2.03,220.0,3.0733755,11.16
2017-07-14,11.1,14.799999,9.82,19.67,1015.9,85.450005,3.25,196.0,2.751295,11.14
2017-07-15,0.0,16.9,12.9,20.85,1020.9,79.130005,2.85,205.0,3.0064447,11.19
2017-07-16,0.0,17.75,14.17,21.22,1021.10004,89.17,3.6499999,90.0,1.3429451,11.18
2017-07-17,0.0,16.52,9.88,21.75,1022.8,77.245,2.29,249.0,3.6202972,11.16
2017-07-18,0.0,17.44,8.99,22.85,1020.10004,77.215004,3.03,277.0,4.108881,11.13
2017-07-19,8.2,21.789999,14.57,29.58,1009.9,75.590004,3.87,248.0,4.0000114,11.11
2017-07-20,6.6,19.35,13.219999,24.949999,1008.2,88.82,3.1699998,130.0,2.0093105,11.17
2017-07-21,3.7,17.039999,10.86,22.32,1013.4,76.96,2.53,283.0,4.1733336,11.13
2017-07-22,5.3,20.039999,15.04,26.21,1011.10004,77.71,2.97,189.0,2.9557364,11.1
2017-07-23,9.1,16.31,12.95,20.64,1011.0,88.01,3.06,174.0,2.5292363,11.16
2017-07-24,4.6,15.36,13.11,18.43,1009.8,90.555,2.35,147.0,2.094236,11.18
2017-07-25,2.3,16.47,13.559999,19.539999,1009.10004,90.270004,4.21,86.0,1.2551671,11.18
2017-07-26,0.90000004,18.699999,13.49,22.82,1007.9,79.04,2.8799999,250.0,3.8173316,11.16
2017-07-27,3.4,17.41,12.639999,21.07,1005.7,82.5,3.59,157.0,2.3390176,11.14
2017-07-28,4.8,16.699999,13.07,20.789999,1008.8,82.18,5.2,177.0,2.5960548,11.18
2017-07-29,38.3,17.51,14.83,22.32,1008.8,87.23,4.41,143.0,2.1324615,11.22
2017-07-30,9.3,17.8,13.009999,23.51,1006.8,85.060005,4.17,211.0,3.166965,11.28
2017-07-31,0.0,17.44,12.04,22.82,1013.2,78.335,2.8999999,237.0,3.5238903,11.27
2017-08-01,0.0,17.619999,13.059999,21.939999,1014.8,80.985,1.86,148.0,2.2073686,11.26
2017-08-02,1.1,18.01,12.25,22.439999,1015.10004,79.090004,3.23,158.0,2.3746789,11.25
2017-08-03,2.6000001,18.68,15.299999,21.779999,1008.0,77.82,6.04,171.0,2.6099696,11.25
2017-08-04,1.9,17.27,13.95,21.32,1009.7,79.825,5.29,160.0,2.373671,11.24
2017-08-05,0.0,15.91,11.96,20.41,1014.2,78.845,3.32,171.0,2.4615924,11.23
2017-08-06,0.0,15.62,9.67,20.76,1021.2,76.770004,2.96,248.0,3.538502,11.21
2017-08-07,0.0,16.42,9.53,22.73,1018.2,75.950005,2.56,266.0,3.8655972,11.2
2017-08-08,3.7,17.279999,13.17,22.91,1009.3,84.875,3.29,107.0,1.5879357,11.18
2017-08-09,0.0,15.969999,10.51,21.31,1014.60004,82.89,3.78,217.0,3.1273682,11.2
2017-08-10,0.0,15.5,9.0,21.119999,1020.5,83.65,2.45,152.0,2.1635942,11.18
2017-08-11,1.8000001,15.21,12.41,19.039999,1016.7,86.245,1.6999999,93.0,1.3171456,11.17
2017-08-12,1.1,15.9,11.7699995,20.949999,1012.8,90.535,3.62,84.0,1.2095575,11.19
2017-08-13,0.0,14.95,9.55,20.439999,1020.2,80.89,2.09,203.0,2.854612,11.16
2017-08-14,0.0,17.4,10.36,23.63,1019.8,75.04,3.07,251.0,3.7205641,11.14
2017-08-15,0.0,19.109999,14.11,24.38,1015.0,85.090004,2.1399999,152.0,2.3336759,11.13
2017-08-16,0.0,17.83,9.969999,23.06,1020.10004,76.265,1.76,198.0,2.9602225,11.11
2017-08-17,2.7,16.96,12.63,19.859999,1013.9,91.54,3.49,78.0,1.1481497,11.11
2017-08-18,11.5,16.8,11.5199995,20.949999,1010.60004,88.130005,3.9199998,100.0,1.468817,11.12
2017-08-19,7.2000003,14.719999,10.679999,18.9,1014.10004,82.725,4.69,174.0,2.4397101,11.21
2017-08-20,2.2,14.549999,10.71,19.119999,1020.3,86.025,4.27,160.0,2.229471,11.27
2017-08-21,0.0,14.7699995,8.5199995,20.47,1022.8,81.53,2.05,185.0,2.5883696,11.21
2017-08-22,0.0,15.32,9.09,21.279999,1021.60004,79.66,1.91,204.0,2.8910434,11.2
2017-08-23,0.0,17.609999,9.8,24.01,1015.9,73.135,3.03,222.0,3.309142,11.19
2017-08-24,0.0,18.109999,12.13,22.58,1015.10004,81.79,3.1299999,174.0,2.620321,11.17
2017-08-25,0.0,16.75,11.79,22.96,1017.60004,78.850006,2.01,205.0,3.0005295,11.16
2017-08-26,0.0,16.97,10.17,23.33,1015.5,81.06,1.8499999,168.0,2.4720647,11.15
2017-08-27,0.0,16.67,10.38,22.43,1018.4,80.395004,1.9599999,214.0,3.1261353,11.13
2017-08-28,0.0,17.83,9.969999,25.039999,1018.2,78.865,1.3299999,223.0,3.3361344,11.12
2017-08-29,4.3,20.01,11.69,27.98,1013.0,79.020004,2.36,223.0,3.4834855,11.1
2017-08-30,9.7,18.22,14.63,22.34,1008.0,93.193756,3.12,63.0,0.9530536,11.21
2017-08-31,0.0,13.96,8.34,18.57,1015.5,86.18,3.11,126.0,1.7350458,11.23
2017-09-01,0.0,13.059999,5.96,19.81,1020.7,82.11,1.61,168.0,2.2594862,11.17
2017-09-02,0.0,12.82,6.69,18.47,1020.3,83.94,1.55,179.0,2.393691,11.15
2017-09-03,0.0,13.139999,5.3599997,20.06,1016.4,80.94,1.25,186.0,2.5107617,11.21
2017-09-04,0.0,15.41,7.97,22.1,1015.5,76.895004,1.7199999,191.0,2.7183397,11.19
2017-09-05,2.2,17.71,11.98,22.05,1015.0,89.395004,2.9099998,108.0,1.6135852,11.18
2017-09-06,2.6000001,15.08,13.099999,17.42,1013.0,87.01,4.0099998,94.0,1.3292865,11.19
2017-09-07,12.3,15.17,12.12,18.81,1012.0,83.385,3.4299998,109.0,1.5450809,11.19
2017-09-08,25.1,14.36,12.16,16.4,998.9,94.19334,5.14,43.0,0.6014808,11.27
2017-09-09,2.1000001,13.309999,9.11,16.88,996.2,90.20526,2.6,105.0,1.4347212,11.28
2017-09-10,0.0,14.07,8.66,18.41,999.5,82.235,5.4,159.0,2.208793,11.26
2017-09-11,11.1,14.29,12.24,17.89,993.10004,82.305,7.23,127.0,1.7776132,11.25
2017-09-12,12.6,13.7,10.66,17.43,1002.0,85.225,5.2,145.0,1.9950467,11.27
2017-09-13,3.0,13.179999,10.59,15.36,994.4,82.31,7.97,110.0,1.4994688,11.29
2017-09-14,7.7000003,11.929999,9.26,14.45,999.8,89.47895,4.97,90.0,1.1870797,11.29
2017-09-15,1.5,11.9,8.349999,16.609999,1008.60004,83.965004,4.1,140.0,1.8383791,11.28
2017-09-16,2.4,11.38,8.45,14.48,1009.7,92.63334,2.84,67.0,0.8677222,11.28
2017-09-17,1.0,11.389999,7.0299997,16.119999,1012.4,88.575005,1.74,131.0,1.6950854,11.28
2017-09-18,4.1,10.78,6.47,15.28,1013.10004,93.41765,1.78,101.0,1.2857032,11.28
2017-09-19,0.0,11.23,7.19,16.699999,1017.5,91.33158,2.07,122.0,1.5686427,11.27
2017-09-20,0.0,12.67,10.0199995,16.779999,1019.10004,86.545,3.0,80.0,1.0663675,11.27
2017-09-21,0.0,13.5,9.03,18.81,1019.60004,81.87,2.58,140.0,1.90387,11.26
2017-09-22,0.0,13.42,7.56,19.26,1020.5,87.21,1.4699999,104.0,1.4110898,11.25
2017-09-23,0.0,11.5199995,5.0099998,18.84,1024.0,82.475,1.2099999,147.0,1.899223,11.25
2017-09-24,0.0,13.03,5.6,19.33,1023.7,88.450005,1.9499999,121.0,1.6242245,11.24
2017-09-25,0.0,13.86,10.48,17.38,1022.5,93.25455,2.25,79.0,1.0823374,11.24
2017-09-26,0.0,12.929999,9.7699995,16.85,1023.5,92.25263,2.6299999,73.0,0.97758317,11.24
2017-09-27,0.0,13.7,9.11,19.369999,1023.60004,90.285,3.09,91.0,1.2414876,11.24
2017-09-28,0.8,14.049999,10.65,17.32,1022.2,92.50667,2.55,56.0,0.77075565,11.23
2017-09-29,15.400001,16.46,11.13,21.27,1018.7,90.17,2.71,79.0,1.1488221,11.23
2017-09-30,7.9,12.92,8.179999,15.7699995,1016.2,94.28334,2.29,29.0,0.38940117,11.27
2017-10-01,1.7,13.42,7.2999997,18.06,1016.60004,83.355,4.3399997,117.0,1.5899273,11.28
2017-10-02,2.4,14.469999,11.349999,17.449999,1009.0,84.165,5.72,71.0,0.99178404,11.27
2017-10-03,0.0,12.639999,10.719999,16.14,1016.2,82.575005,4.21,108.0,1.4402224,11.27
2017-10-04,11.400001,12.32,11.08,13.849999,1016.10004,80.1,5.64,46.0,0.6085812,11.26
2017-10-05,7.4,12.0,9.469999,15.17,1007.5,85.625,7.0699997,70.0,0.9219456,11.29
2017-10-06,1.6,11.07,9.139999,14.45,1017.0,86.14,4.7799997,88.0,1.1269683,11.29
2017-10-07,10.0,11.559999,9.29,14.07,1011.8,93.127785,4.93,23.0,0.2989994,11.29
2017-10-08,0.0,10.61,4.5499997,14.69,1016.10004,84.35,3.05,91.0,1.1516486,11.3
2017-10-09,2.8,10.65,4.38,13.62,1017.3,93.560005,2.58,50.0,0.63312376,11.29
2017-10-10,4.5,13.45,11.65,15.36,1012.7,92.96875,4.25,39.0,0.5311763,11.29
2017-10-11,1.3000001,14.219999,12.94,15.469999,1011.10004,87.16,6.42,32.0,0.4440793,11.29
2017-10-12,0.0,11.94,8.7,14.88,1017.5,82.835,4.93,82.0,1.0738671,11.28
2017-10-13,0.0,14.24,8.98,17.89,1022.3,89.695,4.44,74.0,1.022989,11.27
2017-10-14,0.0,14.92,9.33,18.869999,1024.3,90.53684,4.0899997,63.0,0.8839537,11.27
2017-10-15,0.0,15.9,9.42,21.77,1021.3,85.135,3.22,110.0,1.5790628,11.26
2017-10-16,0.0,17.69,13.19,22.73,1019.0,83.78,3.57,90.0,1.3422852,11.26
2017-10-17,0.0,12.55,7.45,17.14,1018.7,87.495,3.78,46.0,0.6114369,11.26
2017-10-18,0.0,11.74,5.8399997,16.5,1014.0,91.4579,2.02,73.0,0.9525197,11.26
2017-10-19,0.0,14.889999,10.969999,20.289999,1009.8,87.905,2.49,73.0,1.0291677,11.25
2017-10-20,23.6,13.7,11.57,16.6,1007.3,87.67,5.44,42.0,0.5766702,11.27
2017-10-21,5.0,11.94,9.67,16.75,1008.4,84.425,4.06,43.0,0.5652658,11.3
2017-10-22,6.7000003,11.19,9.37,13.34,1007.9,89.26316,5.43,47.0,0.60616136,11.3
2017-10-23,3.0,11.07,7.31,13.62,1015.7,91.05,4.72,41.0,0.52535725,11.3
2017-10-24,5.6,14.259999,10.48,16.279999,1017.8,93.3,4.69,20.0,0.2770907,11.3
2017-10-25,0.0,13.13,7.8999996,15.95,1018.9,89.785,4.74,40.0,0.53927857,11.3
2017-10-26,1.0,12.4,9.32,15.54,1022.10004,89.86,3.6,39.0,0.5157369,11.29
2017-10-27,0.0,11.16,8.97,14.08,1025.8,82.485,4.41,71.0,0.90800387,11.29
2017-10-28,1.4,11.969999,9.65,14.29,1014.10004,83.725,6.6099997,21.0,0.27561453,11.28
2017-10-29,1.4,9.32,6.8999996,14.32,1013.3,70.68,8.01,67.0,0.8193396,11.28
2017-10-30,0.0,7.83,4.5899997,11.58,1025.5,82.47,3.61,72.0,0.838299,11.27
2017-10-31,2.7,9.3,4.93,11.66,1022.9,91.552635,3.97,26.0,0.3163928,11.27
2017-11-01,0.0,11.429999,9.49,14.07,1017.60004,88.98,4.64,30.0,0.3877358,11.28
2017-11-02,1.0,9.2,4.5899997,13.799999,1012.4,89.535,2.81,43.0,0.5242774,11.27
2017-11-03,0.0,8.63,4.94,11.12,1014.60004,93.25,2.21,26.0,0.31154883,11.27
2017-11-04,2.4,10.23,6.67,13.04,1005.2,90.22632,3.6599998,45.0,0.56638825,11.27
2017-11-05,1.3000001,7.49,2.6399999,10.2699995,1008.9,87.76,3.08,34.0,0.39494312,11.27
2017-11-06,0.0,5.13,-0.04,10.389999,1023.0,87.925,1.88,69.0,0.7384522,11.26
2017-11-07,0.0,2.26,-1.67,5.52,1022.5,93.471436,2.1,51.0,0.4936993,11.26
2017-11-08,0.0,6.16,4.46,7.25,1020.60004,93.9375,2.1499999,23.0,0.2548722,11.26
2017-11-09,1.1,7.5499997,3.62,10.05,1020.2,92.557144,3.6499999,30.0,0.34722334,11.26
2017-11-10,8.8,7.73,3.74,10.07,1011.7,85.325005,5.17,27.0,0.31548253,11.26
2017-11-11,6.0,5.15,2.02,9.19,1007.3,89.245,3.79,29.0,0.31309503,11.29
2017-11-12,12.1,4.45,1.89,6.12,1003.2,91.16471,3.1299999,25.0,0.2642378,11.3
2017-11-13,1.3000001,5.7999997,0.77,9.59,1017.0,83.985,3.9199998,61.0,0.6693905,11.3
2017-11-14,1.7,7.14,1.55,8.67,1021.3,91.672226,4.44,17.0,0.19420514,11.29
2017-11-15,0.0,9.12,8.51,9.889999,1024.0,92.5,3.22,16.0,0.19361043,11.29
2017-11-16,1.9,8.69,5.41,10.28,1021.7,93.53334,3.8,13.0,0.1555342,11.28
2017-11-17,0.0,5.0,0.34,10.139999,1025.0,87.24,2.74,54.0,0.57482606,11.28
2017-11-18,7.4,5.72,2.55,8.59,1015.3,82.965004,4.9,22.0,0.2410019,11.29
2017-11-19,2.2,6.08,3.23,9.0199995,1014.9,82.61,5.2799997,41.0,0.4544706,11.29
2017-11-20,12.0,6.46,3.8999999,10.29,1012.7,90.71,4.0,14.0,0.15724134,11.29
2017-11-21,12.400001,10.61,9.04,11.309999,1007.4,94.450005,4.58,12.0,0.15244274,11.31
2017-11-22,0.0,10.54,9.76,12.09,1001.7,86.57,7.25,27.0,0.3432102,11.31
2017-11-23,4.1,10.2699995,6.66,13.469999,999.5,78.365,6.89,20.0,0.25263754,11.31
2017-11-24,1.0,5.49,1.76,8.44,1009.0,91.05,2.96,21.0,0.22906692,11.3
2017-11-25,3.7,2.52,-1.63,6.5899997,1011.0,91.19474,2.9399998,31.0,0.30491018,11.3
2017-11-26,2.2,3.98,2.1,6.72,1016.4,88.72,4.71,23.0,0.23755042,11.31
2017-11-27,6.4,5.75,2.9099998,8.57,1007.60004,90.57895,6.06,11.0,0.121090524,11.31
2017-11-28,2.8,4.91,2.4099998,7.2799997,1001.2,87.045,5.46,26.0,0.2793697,11.3
2017-11-29,1.1,2.47,0.14999999,4.17,1004.10004,90.11,2.8,18.0,0.17740531,11.3
2017-11-30,0.0,1.14,-1.02,4.44,1003.60004,93.175,1.8499999,17.0,0.15950966,11.29
2017-12-01,0.0,0.32,-3.08,4.18,1017.0,94.137505,1.8,24.0,0.2164543,11.29
2017-12-02,2.4,-0.89,-2.53,0.38,1025.2001,93.797325,3.6299999,14.0,0.11968115,11.27
2017-12-03,2.7,4.19,1.12,7.02,1021.8,93.457146,4.0699997,12.0,0.12448345,11.28
2017-12-04,1.4,6.2,4.5699997,8.9,1027.5,91.96875,3.82,25.0,0.2764385,11.28
2017-12-05,0.0,7.0,6.08,8.12,1030.1,86.065,4.7999997,12.0,0.13591217,11.27
2017-12-06,0.0,7.54,7.22,8.83,1025.2001,79.51,6.16,8.0,0.092343785,11.27
2017-12-07,12.0,5.8799996,3.82,6.8599997,1008.4,83.89,7.94,7.0,0.07734953,11.27
2017-12-08,11.1,2.1399999,0.7,5.0099998,1004.8,88.58501,5.37,13.0,0.12654029,11.3
2017-12-09,1.1,1.89,0.44,4.99,1006.7,89.12632,5.27,20.0,0.19268027,11.3
2017-12-10,5.6,0.17,-0.91999996,1.3399999,984.4,93.47273,5.7,10.0,0.09141779,11.3
2017-12-11,11.1,-0.08,-4.38,1.35,983.8,93.100006,4.45,8.0,0.07244722,11.29
2017-12-12,2.7,1.5799999,0.17999999,2.82,1003.0,92.8,4.5899997,18.0,0.17178153,11.3
2017-12-13,10.2,2.82,1.04,5.1,995.8,91.87778,6.74,13.0,0.13035513,11.31
2017-12-14,1.3000001,3.1399999,0.5,4.77,987.9,91.82778,4.99,17.0,0.17316958,11.32
2017-12-15,0.0,2.44,1.06,3.59,995.9,92.94286,2.85,13.0,0.12857714,11.31
2017-12-16,2.0,2.1399999,0.0,5.52,1009.60004,90.795006,3.49,31.0,0.30093426,11.3
2017-12-17,6.1,1.8299999,-1.78,4.7799997,1019.5,91.07647,3.6299999,34.0,0.32446453,11.3
2017-12-18,0.0,2.4099998,0.47,3.37,1023.3,93.700005,2.3,19.0,0.18486273,11.3
2017-12-19,1.5,5.38,2.69,6.6299996,1031.8,94.53334,2.69,14.0,0.15040128,11.29
2017-12-20,1.2,6.3999996,4.47,7.43,1032.4,94.700005,2.69,8.0,0.08881196,11.29
2017-12-21,0.0,6.54,3.55,7.41,1032.9,94.200005,2.97,8.0,0.089186214,11.28
2017-12-22,0.0,4.2799997,2.05,5.6,1033.7001,94.075005,2.04,10.0,0.10340898,11.28
2017-12-23,0.0,7.74,5.0499997,8.34,1028.3,93.950005,7.24,8.0,0.09276871,11.28
2017-12-24,0.0,7.91,7.5,9.55,1020.5,92.715385,7.69,8.0,0.093589395,11.28
2017-12-25,1.2,7.35,4.0699997,9.11,1010.7,84.365,7.3599997,8.0,0.09245358,11.27
2017-12-26,2.4,4.97,4.1,6.91,995.7,85.065,7.46,20.0,0.21594812,11.27
2017-12-27,2.4,4.68,2.96,5.5899997,983.9,89.13684,5.14,15.0,0.16141385,11.27
2017-12-28,6.4,2.87,1.99,4.45,995.7,86.35,5.2599998,28.0,0.28128245,11.28
2017-12-29,8.5,2.1299999,-0.049999997,5.77,998.9,90.14,5.83,24.0,0.23430783,11.28
2017-12-30,8.8,6.71,3.11,10.05,995.4,87.47,6.66,13.0,0.14842442,11.3
2017-12-31,12.400001,9.74,6.46,12.57,996.3,91.856255,6.04,9.0,0.1122171,11.3
2018-01-01,0.0,5.96,3.24,8.12,997.0,87.96,6.04,20.0,0.2228501,11.31
2018-01-02,17.800001,5.5299997,3.4099998,7.44,1003.8,89.64445,5.0699997,17.0,0.18617226,11.3
2018-01-03,11.6,7.3799996,5.65,9.2,986.0,84.14,10.01,14.0,0.1638979,11.32
2018-01-04,2.5,7.0,6.42,9.08,991.0,87.885,6.46,12.0,0.13853584,11.32
2018-01-05,3.5,5.75,3.62,6.99,994.4,89.005005,4.95,14.0,0.15515679,11.31
2018-01-06,0.0,4.11,0.53999996,6.3799996,1009.9,89.87222,3.62,14.0,0.14574924,11.3
2018-01-07,0.0,0.21,-2.25,2.6699998,1029.2001,82.47,5.94,41.0,0.36554438,11.3
2018-01-08,0.0,-0.31,-2.56,2.56,1026.8,61.64,6.58,43.0,0.37601522,11.29
2018-01-09,0.0,1.01,-1.41,3.53,1012.2,82.16,4.22,23.0,0.21366942,11.28
2018-01-10,1.0,5.5899997,3.58,6.87,1008.8,92.707146,2.3899999,16.0,0.17511421,11.28
2018-01-11,1.0,3.9599998,0.77,7.46,1018.2,93.3375,1.68,21.0,0.21653591,11.28
2018-01-12,0.0,3.3,2.98,4.27,1026.6,92.58889,1.9799999,13.0,0.13038504,11.28
2018-01-13,0.0,3.6699998,1.8,5.6299996,1025.8,92.46471,3.81,15.0,0.15249151,11.27
2018-01-14,0.0,0.74,-0.55,2.29,1021.60004,80.75,4.2999997,35.0,0.32002762,11.27
2018-01-15,15.6,4.13,-0.06,7.0499997,1000.0,87.945,6.99,14.0,0.14662242,11.27
2018-01-16,7.4,3.47,0.76,5.7799997,988.9,86.395004,5.95,23.0,0.23688048,11.3
2018-01-17,16.300001,2.36,0.22999999,4.68,996.60004,86.165,5.72,22.0,0.21687563,11.3
2018-01-18,2.6000001,3.49,0.01,8.22,993.0,89.03,6.91,18.0,0.18509744,11.33
2018-01-19,4.5,1.9499999,-1.0799999,5.0299997,1004.8,91.17368,3.8999999,29.0,0.28031066,11.32
2018-01-20,0.90000004,1.5,0.29999998,3.1899998,1003.0,93.20667,3.29,13.0,0.12369259,11.31
2018-01-21,2.5,2.0,-0.14999999,5.83,1011.8,88.450005,3.02,31.0,0.29901055,11.3
2018-01-22,0.0,4.3399997,1.17,6.94,1008.3,92.17143,3.8899999,20.0,0.21003489,11.3
2018-01-23,4.6,7.5499997,5.25,10.53,1016.4,91.23572,5.58,18.0,0.20871359,11.29
2018-01-24,6.8,10.94,7.19,13.53,1009.10004,87.775,7.97,12.0,0.1536721,11.29
2018-01-25,0.0,6.95,4.73,8.889999,1010.10004,90.42778,4.75,20.0,0.2283834,11.3
2018-01-26,0.0,4.7,2.52,5.97,1018.9,94.950005,2.22,19.0,0.20085943,11.29
2018-01-27,3.2,4.89,1.23,7.0,1026.0,88.936844,5.23,24.0,0.25440633,11.29
2018-01-28,1.8000001,9.01,6.2599998,9.95,1024.7001,90.51053,7.1,27.0,0.32558495,11.29
2018-01-29,11.6,8.42,4.49,9.82,1021.7,86.865,7.7999997,14.0,0.16618265,11.28
2018-01-30,2.1000001,3.98,1.66,6.85,1024.9,88.695,3.83,49.0,0.5038031,11.29
2018-01-31,3.3,5.17,1.11,9.2,1001.4,89.085,6.2,15.0,0.16254884,11.3
2018-02-01,5.6,2.73,1.03,4.8399997,996.5,89.880005,5.5699997,32.0,0.3197169,11.29
2018-02-02,1.5,3.61,0.099999994,6.66,1002.0,89.83,3.6699998,28.0,0.2877208,11.3
2018-02-03,2.6000001,0.83,-0.48999998,2.77,1007.3,90.405,2.98,21.0,0.19429748,11.3
2018-02-04,0.0,1.11,-0.44,2.9199998,1022.0,82.145004,4.67,32.0,0.29673868,11.29
2018-02-05,0.0,0.08,-2.87,2.27,1027.9,84.435,3.9499998,42.0,0.37281445,11.29
2018-02-06,0.0,-2.57,-5.64,0.42,1017.7,81.94,2.71,67.0,0.5360529,11.28
2018-02-07,0.0,-3.51,-7.12,1.2099999,1018.5,82.195,1.3399999,86.0,0.6598935,11.27
2018-02-08,0.0,-1.9,-6.72,2.37,1019.3,82.235,2.56,79.0,0.6498108,11.26
2018-02-09,0.0,-0.14999999,-2.56,2.9199998,1012.8,77.36,4.18,67.0,0.5945966,11.26
2018-02-10,4.0,1.0699999,-2.9099998,3.28,1012.0,87.365005,3.1699998,43.0,0.40043473,11.26
2018-02-11,0.90000004,3.07,1.38,5.93,998.2,86.665,6.91,38.0,0.38393384,11.28
2018-02-12,0.0,2.03,-0.29999998,5.5499997,1010.2,83.735,4.56,62.0,0.59922683,11.28
2018-02-13,0.0,1.3199999,-1.74,5.79,1011.60004,77.285,3.99,89.0,0.83693343,11.27
2018-02-14,1.7,1.1,-2.87,4.88,1014.3,61.100002,4.9,96.0,0.8938316,11.26
2018-02-15,0.0,1.88,-0.81,5.14,1011.10004,90.84211,4.87,26.0,0.24976705,11.27
2018-02-16,0.0,1.73,-2.23,7.04,1023.3,86.590004,3.3799999,87.0,0.82536733,11.26
2018-02-17,0.0,0.099999994,-3.49,6.24,1024.7001,89.045006,1.4,65.0,0.57852286,11.26
2018-02-18,0.0,0.94,-3.9499998,6.0699997,1025.0,84.785,2.49,93.0,0.85529125,11.25
2018-02-19,0.0,0.68,-4.0,4.69,1019.60004,86.15,2.05,47.0,0.42924878,11.25
2018-02-20,0.0,-0.29999998,-4.96,4.37,1021.3,87.66,1.9499999,81.0,0.7109175,11.25
2018-02-21,0.0,-0.71,-5.1,4.2599998,1026.7001,80.825005,2.3899999,94.0,0.8087924,11.24
2018-02-22,0.0,-0.85999995,-4.62,2.71,1026.5,84.685005,2.59,73.0,0.62433153,11.24
2018-02-23,0.0,-0.29999998,-3.8,3.06,1025.4,77.48,4.36,111.0,0.9718442,11.24
2018-02-24,0.0,-1.1,-4.0899997,3.4499998,1029.3,64.53,5.5699997,96.0,0.8115754,11.23
2018-02-25,0.0,-3.46,-5.68,0.72999996,1032.8,67.75,5.0099998,97.0,0.73914653,11.22
2018-02-26,0.0,-3.1999998,-6.02,0.21,1031.5,68.99,4.7999997,98.0,0.7560907,11.22
2018-02-27,0.0,-4.69,-7.97,-0.19,1024.4,78.545,3.4399998,95.0,0.6882265,11.22
2018-02-28,0.0,-7.69,-9.53,-5.49,1024.1,63.760002,6.98,105.0,0.65792596,11.21
2018-03-01,0.0,-5.66,-8.57,-1.7099999,1013.0,51.5,9.5199995,109.0,0.7602917,11.2
2018-03-02,0.0,-5.08,-9.0199995,-0.7,1003.3,56.690002,8.01,124.0,0.89470077,11.2
2018-03-03,0.0,-4.06,-8.849999,0.51,1000.10004,58.31,6.0099998,112.0,0.84859926,11.19
2018-03-04,3.1000001,1.42,-4.48,7.33,996.10004,71.44,4.46,88.0,0.83812064,11.18
2018-03-05,0.0,5.99,0.41,11.58,993.0,82.275,4.2799997,104.0,1.1622883,11.19
2018-03-06,0.0,5.2,-0.45,12.059999,991.5,80.1,2.4199998,115.0,1.253875,11.2
2018-03-07,2.2,3.4299998,-2.55,10.3,994.5,87.950005,1.49,65.0,0.6664615,11.2
2018-03-08,5.3,4.3399997,1.18,7.45,997.2,89.37,5.99,60.0,0.63383234,11.23
2018-03-09,3.7,5.0899997,1.76,8.679999,1004.3,82.945,3.57,77.0,0.8309677,11.25
2018-03-10,2.0,9.849999,4.33,15.15,999.2,89.8,3.4099998,53.0,0.66196924,11.26
2018-03-11,0.0,8.97,3.9099998,13.309999,994.2,91.9,3.31,62.0,0.7573326,11.26
2018-03-12,2.0,9.29,3.3899999,16.21,991.5,87.100006,2.3899999,65.0,0.8021578,11.26
2018-03-13,2.6000001,5.39,3.78,8.49,1002.2,92.19445,3.99,35.0,0.38186646,11.27
2018-03-14,0.0,4.66,1.29,8.059999,1010.5,78.235,2.9399998,95.0,1.0073593,11.26
2018-03-15,0.0,5.44,0.84999996,9.41,1000.5,72.44,7.27,108.0,1.1812869,11.25
2018-03-16,0.0,2.02,-1.24,4.3399997,1006.5,76.455,7.47,41.0,0.39694577,11.25
2018-03-17,0.0,-1.66,-3.31,1.22,1011.8,49.05,9.889999,103.0,0.85983104,11.24
2018-03-18,0.0,-1.5999999,-4.38,1.99,1014.3,43.370003,8.78,160.0,1.336952,11.23
2018-03-19,0.0,-0.97999996,-4.9,3.8999999,1017.0,55.665,5.31,189.0,1.6177493,11.23
2018-03-20,0.0,2.57,-2.9299998,6.99,1022.7,71.31,5.1,183.0,1.7915695,11.22
2018-03-21,2.6000001,2.5,-3.6799998,7.35,1026.6,84.31,3.47,96.0,0.93542033,11.22
2018-03-22,1.6,4.97,2.9299998,7.49,1013.60004,92.77273,4.79,47.0,0.5027654,11.24
2018-03-23,0.0,5.69,4.58,7.0,1005.0,87.095,4.06,53.0,0.58307827,11.24
2018-03-24,0.0,6.62,3.99,10.24,1003.60004,82.340004,2.19,86.0,0.97516316,11.24
2018-03-25,0.0,5.68,0.29,9.17,1009.4,87.12,1.92,72.0,0.7900765,11.24
2018-03-26,0.0,4.71,-0.07,10.19,1015.60004,86.115005,1.9599999,107.0,1.1334871,11.23
2018-03-27,2.5,5.8799996,1.01,10.61,1010.3,78.555,3.37,95.0,1.0487348,11.24
2018-03-28,14.400001,5.49,2.55,8.139999,1000.7,91.97778,2.8999999,39.0,0.42722595,11.25
2018-03-29,3.3,5.5699997,1.75,9.559999,1004.4,81.245,3.84,101.0,1.1071792,11.27
2018-03-30,3.1000001,6.8399997,2.74,12.58,1001.60004,81.185005,4.71,149.0,1.702787,11.27
2018-03-31,0.0,7.2999997,3.98,12.21,1000.3,82.630005,2.85,91.0,1.0553768,11.27
2018-04-01,0.0,3.8899999,2.06,6.94,1009.5,84.805,3.09,87.0,0.89907753,11.26
2018-04-02,3.9,6.08,-0.14,9.78,1005.5,84.35,3.46,88.0,0.9800713,11.26
2018-04-03,0.7,12.75,8.7,16.66,998.10004,80.335,5.35,101.0,1.3605154,11.26
2018-04-04,4.4,9.639999,5.5,14.219999,999.4,87.975,3.9299998,103.0,1.2789303,11.26
2018-04-05,0.0,5.49,-0.12,8.83,1010.9,83.490005,6.3599997,104.0,1.1333237,11.27
2018-04-06,0.0,7.45,-1.03,14.429999,1018.7,63.415,4.3199997,213.0,2.4595747,11.26
2018-04-07,0.0,12.25,4.54,21.289999,1010.0,60.905003,3.4199998,211.0,2.7936535,11.25
2018-04-08,0.0,13.559999,5.79,22.99,1007.4,71.33,1.79,192.0,2.627387,11.25
2018-04-09,0.0,10.639999,6.5099998,16.0,1005.9,83.745,4.52,126.0,1.6029816,11.25
2018-04-10,0.0,14.75,8.58,21.0,1004.5,73.615,3.9299998,178.0,2.5066032,11.24
2018-04-11,0.0,10.21,6.2999997,16.529999,1008.10004,81.71,5.7,141.0,1.7714455,11.24
2018-04-12,0.0,10.61,6.18,15.99,1003.5,84.945,5.23,115.0,1.463402,11.24
2018-04-13,0.0,12.23,7.6,17.75,1007.8,82.635,3.0,94.0,1.2450743,11.24
2018-04-14,7.1,9.7,5.02,13.16,1017.10004,85.200005,3.21,83.0,1.0241213,11.24
2018-04-15,3.1000001,11.37,4.5099998,17.279999,1012.4,91.505005,1.9399999,103.0,1.3320844,11.26
2018-04-16,0.0,11.69,4.49,16.34,1015.5,79.21,3.25,190.0,2.4744213,11.25
2018-04-17,0.0,12.36,3.22,19.73,1024.7001,74.1,2.73,235.0,3.1012251,11.24
2018-04-18,0.0,16.029999,6.0899997,24.14,1030.2001,64.840004,2.05,251.0,3.6017172,11.24
2018-04-19,0.0,20.289999,11.55,28.16,1026.4,53.2,3.37,260.0,4.065131,11.23
2018-04-20,0.0,17.279999,9.0,25.82,1021.60004,63.600002,3.37,257.0,3.79782,11.23
2018-04-21,0.0,13.69,6.18,19.619999,1021.8,68.755005,2.83,252.0,3.4395688,11.22
2018-04-22,4.4,16.43,7.91,25.789999,1011.5,67.115,3.52,236.0,3.4385624,11.22
2018-04-23,0.0,12.309999,7.44,16.06,1013.4,73.31,4.94,209.0,2.7674541,11.22
2018-04-24,4.4,12.009999,8.809999,15.5199995,1012.0,82.71,4.8599997,105.0,1.380678,11.22
2018-04-25,3.3,10.679999,6.93,13.0199995,1008.3,81.235,5.89,121.0,1.5394032,11.24
2018-04-26,0.0,9.62,5.1,12.889999,1013.2,76.130005,5.3599997,181.0,2.232253,11.24
2018-04-27,0.0,9.83,4.73,14.78,1011.0,73.125,3.1399999,178.0,2.2102714,11.23
2018-04-28,2.2,11.309999,6.7,15.63,1009.4,82.015,3.12,126.0,1.6290773,11.23
2018-04-29,24.800001,9.57,4.49,12.429999,1008.10004,92.58889,4.2,107.0,1.3208128,11.24
2018-04-30,4.0,9.96,5.5499997,14.7,997.0,87.235,5.96,94.0,1.1787612,11.28
2018-05-01,2.9,7.68,4.72,11.49,1005.9,81.64,6.43,152.0,1.7783211,11.29
2018-05-02,0.0,11.05,3.9499998,15.91,1010.5,67.130005,4.6,270.0,3.4655738,11.27
2018-05-03,0.0,9.34,3.49,13.95,1018.4,75.520004,3.1399999,271.0,3.308258,11.26
2018-05-04,0.0,10.13,2.01,17.05,1025.1,66.425,2.07,292.0,3.6331549,11.25
2018-05-05,0.0,13.45,4.5499997,20.34,1026.5,64.775,3.26,294.0,3.9824827,11.25
2018-05-06,0.0,17.07,6.5299997,24.43,1024.0,54.63,3.28,303.0,4.4545584,11.24
2018-05-07,0.0,18.539999,10.969999,25.24,1019.2,56.16,3.22,302.0,4.5800486,11.23
2018-05-08,0.0,19.689999,11.05,26.939999,1011.10004,50.81,3.29,303.0,4.708411,11.23
2018-05-09,2.0,20.01,10.98,27.99,1006.7,59.475002,3.06,293.0,4.586012,11.22
2018-05-10,0.0,12.78,7.16,14.839999,1012.2,84.130005,3.77,145.0,1.9434724,11.23
2018-05-11,0.0,12.91,4.99,18.119999,1019.5,73.545,2.31,245.0,3.2845957,11.22
2018-05-12,0.0,17.33,10.28,22.96,1014.3,65.965004,3.1599998,226.0,3.351567,11.21
2018-05-13,18.9,16.99,12.78,22.98,1011.60004,82.045,3.6299999,199.0,2.9334292,11.21
2018-05-14,0.0,19.21,11.91,25.529999,1014.10004,72.81,3.8899999,294.0,4.523646,11.27
2018-05-15,0.0,17.96,12.57,23.869999,1016.7,61.695,3.29,300.0,4.501988,11.25
2018-05-16,0.0,14.17,9.62,19.82,1018.8,76.67,5.6,206.0,2.8469753,11.25
2018-05-17,0.0,10.3,8.53,12.71,1022.2,75.700005,5.7799997,190.0,2.3781018,11.24
2018-05-18,0.0,10.45,8.42,13.57,1022.3,75.32,3.9199998,185.0,2.3248866,11.24
2018-05-19,0.0,11.58,7.52,15.259999,1023.10004,86.545,1.73,153.0,1.9805746,11.24
2018-05-20,0.0,15.98,6.8799996,23.39,1022.8,65.54,2.85,247.0,3.54994,11.22
2018-05-21,0.0,17.9,10.74,24.24,1017.0,50.005,4.42,233.0,3.4920237,11.21
2018-05-22,2.5,17.64,11.65,24.4,1014.4,65.9,3.78,224.0,3.3426824,11.2
2018-05-23,0.0,18.97,14.139999,24.859999,1021.0,63.78,4.13,238.0,3.6372685,11.2
2018-05-24,0.0,19.01,11.87,25.55,1020.5,64.225,4.2,184.0,2.8146055,11.18
2018-05-25,0.0,19.93,16.31,25.46,1019.2,67.04,3.55,236.0,3.6740413,11.17
2018-05-26,0.0,20.68,14.219999,27.32,1021.4,61.525,4.18,231.0,3.6426067,11.15
2018-05-27,0.0,19.99,14.799999,26.55,1019.10004,65.365,4.02,213.0,3.3197162,11.13
2018-05-28,0.0,21.77,14.62,28.269999,1018.2,72.42,2.84,290.0,4.664488,11.12
2018-05-29,8.0,22.279999,17.789999,30.48,1013.2,77.775,3.78,240.0,3.8988848,11.1
2018-05-30,0.0,21.72,16.92,27.17,1013.8,82.255005,1.8399999,242.0,3.8941786,11.25
2018-05-31,5.6,20.97,15.929999,28.32,1014.7,84.950005,2.21,227.0,3.6051536,11.23
2018-06-01,9.900001,18.9,14.48,25.029999,1015.2,90.630005,2.84,191.0,2.920601,11.25
2018-06-02,0.0,16.949999,15.059999,19.41,1017.2,92.515,3.22,110.0,1.6169822,11.27
2018-06-03,0.0,18.25,14.049999,21.8,1018.0,87.965004,2.0,163.0,2.4590468,11.26
2018-06-04,0.0,16.01,14.75,17.869999,1015.10004,88.14,2.54,131.0,1.8892356,11.25
2018-06-05,0.0,15.599999,10.12,20.73,1014.9,78.340004,2.6799998,229.0,3.273529,11.24
2018-06-06,0.0,19.1,9.2699995,25.66,1014.5,72.405,2.36,234.0,3.5925362,11.22
2018-06-07,0.0,21.15,13.19,28.769999,1014.4,67.98,2.3899999,241.0,3.8398259,11.2
2018-06-08,7.9,19.15,14.559999,23.619999,1014.60004,83.725,2.95,174.0,2.673807,11.19
2018-06-09,0.0,19.0,15.58,23.91,1013.9,81.880005,3.84,224.0,3.4331765,11.23
2018-06-10,0.0,17.06,12.71,21.119999,1013.7,80.82,3.55,186.0,2.74374,11.21
2018-06-11,0.0,15.98,11.21,20.64,1014.10004,76.385,3.32,254.0,3.662059,11.18
2018-06-12,0.0,14.299999,12.19,16.55,1014.0,75.265,3.61,103.0,1.4304268,11.18
2018-06-13,0.0,13.66,9.73,17.67,1016.0,73.69,3.6299999,148.0,2.023221,11.17
2018-06-14,1.9,15.58,10.179999,21.289999,1013.4,80.86,4.54,204.0,2.9164872,11.15
2018-06-15,0.0,16.73,10.349999,22.519999,1016.3,74.83,1.64,244.0,3.5715055,11.16
2018-06-16,0.0,17.23,11.9,22.67,1014.10004,73.215004,2.81,193.0,2.856545,11.14
2018-06-17,0.0,15.71,11.29,19.68,1016.0,76.98,4.35,186.0,2.6641738,11.13
2018-06-18,2.3,15.74,12.179999,19.34,1018.3,88.3,4.37,119.0,1.7041808,11.12
2018-06-19,0.0,17.57,14.98,21.289999,1021.7,82.205,3.3799999,137.0,2.0364401,11.13
2018-06-20,2.1000001,19.21,14.34,24.34,1018.8,81.105,4.4,236.0,3.6257274,11.1
2018-06-21,8.3,13.24,9.889999,16.88,1018.10004,78.265,6.1299996,202.0,2.7315004,11.1
2018-06-22,1.1,12.799999,10.17,15.849999,1023.7,79.68,6.02,181.0,2.4159267,11.2
2018-06-23,0.0,14.0,10.44,18.07,1025.2001,74.99,4.8199997,162.0,2.2244864,11.15
2018-06-24,0.90000004,13.2699995,10.83,15.549999,1022.9,89.920006,3.81,117.0,1.5802379,11.12
2018-06-25,0.0,15.099999,11.95,18.949999,1024.6,78.94,4.2,177.0,2.4933174,11.12
2018-06-26,0.0,15.219999,10.66,19.35,1026.1,75.815,3.31,235.0,3.3174117,11.09
2018-06-27,0.0,16.529999,10.75,23.21,1026.1,82.200005,2.9399998,266.0,3.863766,11.06
2018-06-28,0.0,19.24,11.63,26.699999,1023.9,71.835,3.37,259.0,3.9748075,11.04
2018-06-29,0.0,17.14,10.5199995,24.31,1020.2,77.83,3.25,234.0,3.4496796,11.01
2018-06-30,0.0,19.369999,11.0199995,25.31,1018.10004,55.71,4.5499997,236.0,3.6374552,10.99
2018-07-01,0.0,19.039999,11.3,24.81,1018.9,45.445,4.64,249.0,3.8130462,10.96
2018-07-02,0.0,17.92,9.62,24.91,1018.8,53.725,4.0499997,245.0,3.671099,10.93
2018-07-03,0.0,16.359999,8.05,23.1,1018.2,71.82,2.83,237.0,3.4397767,10.91
2018-07-04,0.0,16.789999,6.8199997,25.24,1014.9,72.875,2.06,224.0,3.2844863,10.89
2018-07-05,0.0,16.21,9.71,20.71,1015.10004,81.425,2.62,193.0,2.7953365,10.88
2018-07-06,0.0,17.71,9.84,23.109999,1020.5,68.815,3.4499998,269.0,4.0115066,10.86
2018-07-07,0.0,15.82,7.98,22.43,1024.3,72.555,2.84,261.0,3.7360992,10.84
2018-07-08,0.0,16.41,7.72,22.67,1024.8,74.885,3.01,254.0,3.6817641,10.83
2018-07-09,1.9,15.349999,9.41,20.22,1022.8,81.54,3.49,152.0,2.1545918,10.82
2018-07-10,0.0,16.15,11.889999,20.63,1016.9,74.125,4.81,186.0,2.6887553,10.82
2018-07-11,0.0,17.24,10.74,23.0,1017.7,76.78,3.7099998,176.0,2.6022174,10.8
2018-07-12,0.0,18.18,12.07,24.66,1018.9,78.15,3.6799998,250.0,3.765226,10.79
2018-07-13,0.0,16.94,10.82,22.609999,1021.3,76.255005,2.72,242.0,3.5515275,10.78
2018-07-14,0.0,16.76,9.57,23.48,1020.9,72.33,2.1,245.0,3.5825849,10.77
2018-07-15,0.0,19.02,8.13,26.23,1017.7,64.58,2.55,271.0,4.1499805,10.75
2018-07-16,0.0,21.3,12.24,28.789999,1014.10004,60.28,2.7,277.0,4.4252343,10.74
2018-07-17,0.0,19.93,11.57,28.289999,1014.4,68.035,3.27,276.0,4.3032403,10.73
2018-07-18,0.0,18.619999,9.51,24.93,1018.60004,64.835,2.2,266.0,4.041135,10.72
2018-07-19,0.0,19.279999,12.349999,26.17,1018.4,63.66,2.56,260.0,4.000225,10.71
2018-07-20,0.0,19.64,12.45,27.57,1013.9,60.835,3.26,271.0,4.2035403,10.7
2018-07-21,0.0,21.57,15.839999,28.98,1011.2,62.350002,2.75,233.0,3.7427247,10.69
2018-07-22,0.0,20.27,13.9,26.09,1014.5,70.24,3.11,272.0,4.2669106,10.68
2018-07-23,0.0,21.46,12.2699995,29.689999,1016.7,69.38,1.67,284.0,4.5460005,10.67
2018-07-24,0.0,24.539999,15.13,32.989998,1014.7,62.440002,2.21,288.0,4.845542,10.67
2018-07-25,0.0,23.93,17.06,31.05,1016.3,63.81,3.3,256.0,4.2657003,10.66
2018-07-26,0.0,26.869999,17.289999,35.88,1015.2,54.775,2.9299998,282.0,4.903769,10.65
2018-07-27,0.0,28.31,21.119999,35.1,1012.0,43.485,3.8,296.0,5.2490826,10.64
2018-07-28,3.2,21.1,12.91,27.289999,1008.5,68.57,3.57,197.0,3.1416397,10.64
2018-07-29,0.0,21.199999,11.38,28.539999,1012.4,58.135002,3.22,206.0,3.2869816,10.63
2018-07-30,0.0,24.33,17.51,31.939999,1014.2,59.510002,3.01,220.0,3.6902962,10.63
2018-07-31,1.6,21.279999,12.67,29.849998,1016.9,72.2,3.06,245.0,3.9093986,10.62
2018-08-01,0.0,19.439999,9.74,27.38,1021.60004,68.32,1.7199999,260.0,4.008127,10.61
2018-08-02,0.0,22.029999,12.9,30.63,1023.10004,65.29,2.05,285.0,4.597579,10.61
2018-08-03,0.0,23.15,13.34,30.939999,1021.60004,62.09,2.1,293.0,4.815991,10.59
2018-08-04,0.0,21.63,14.849999,28.17,1020.60004,74.185,3.08,232.0,3.7201245,10.59
2018-08-05,0.0,18.82,12.139999,25.56,1022.60004,68.905,2.54,243.0,3.701108,10.58
2018-08-06,0.0,21.51,9.969999,30.92,1015.8,62.82,2.22,290.0,4.647246,10.57
2018-08-07,1.0,25.34,12.9,35.25,1008.7,56.46,2.12,276.0,4.705765,10.57
2018-08-08,0.0,20.39,12.23,26.199999,1010.8,77.225,3.8799999,148.0,2.3293605,10.57
2018-08-09,12.5,18.199999,10.16,25.81,1010.3,79.39,3.6399999,143.0,2.160768,10.56
2018-08-10,12.5,15.799999,12.2,21.15,1018.0,79.53,4.75,192.0,2.7535,10.64
2018-08-11,0.0,14.809999,8.98,20.52,1019.9,77.075005,4.3399997,211.0,2.9580579,10.74
2018-08-12,0.0,18.26,9.53,25.58,1013.3,70.875,2.9199998,164.0,2.4785044,10.79
2018-08-13,6.5,18.279999,16.18,24.289999,1005.60004,87.095,2.6399999,96.0,1.4551401,10.78
2018-08-14,0.0,18.119999,15.58,22.08,1012.4,81.145004,4.15,166.0,2.502607,10.79
2018-08-15,0.0,19.199999,15.9,24.08,1017.2,82.045,3.35,114.0,1.7519842,10.79
2018-08-16,4.6,18.1,13.299999,23.82,1014.9,82.925,3.8799999,204.0,3.0717018,10.78
2018-08-17,0.0,16.82,10.2699995,22.47,1018.2,78.24,2.11,181.0,2.652562,10.77
2018-08-18,0.0,16.85,10.179999,22.1,1020.8,79.745,3.4499998,193.0,2.82761,10.77
2018-08-19,0.0,18.89,15.559999,21.63,1018.5,80.625,4.06,136.0,2.0769572,10.75
2018-08-20,0.0,18.96,13.2699995,22.74,1018.7,87.48,2.8999999,107.0,1.636153,10.74
2018-08-21,0.0,19.199999,13.139999,25.22,1020.3,81.05,1.3,182.0,2.7942343,10.73
2018-08-22,0.0,19.98,12.54,27.109999,1016.4,79.68,1.99,233.0,3.633838,10.71
2018-08-23,4.6,18.369999,11.7,22.63,1011.0,85.045,3.55,122.0,1.8491422,10.7
2018-08-24,6.6,14.04,10.0,19.039999,1009.60004,79.75,4.24,166.0,2.2953897,10.69
2018-08-25,6.6,12.11,8.95,17.43,1009.60004,84.62,3.3999999,143.0,1.8869909,10.68
2018-08-26,5.8,13.96,7.8399997,19.22,1012.9,72.1,3.83,186.0,2.56385,10.71
2018-08-27,0.0,16.01,12.45,19.8,1009.60004,83.68,4.8599997,104.0,1.5028433,10.74
2018-08-28,0.0,16.6,11.83,20.65,1018.10004,82.065,1.9499999,127.0,1.8526999,10.76
2018-08-29,3.2,16.289999,11.05,22.63,1013.60004,82.145004,2.6699998,157.0,2.2790318,10.75
2018-08-30,0.0,14.45,8.44,19.279999,1020.0,82.935005,3.77,137.0,1.9048187,10.74
2018-08-31,0.0,12.559999,6.5499997,19.02,1023.60004,80.565,2.04,163.0,2.1628358,10.73
2018-09-01,0.0,12.969999,5.69,19.68,1027.2001,77.625,1.53,196.0,2.62343,10.71
2018-09-02,0.0,15.24,6.16,22.0,1025.8,77.1,2.45,212.0,2.9944017,10.69
2018-09-03,0.0,19.24,14.19,24.31,1018.60004,85.185,2.6499999,130.0,1.9984804,10.68
2018-09-04,0.0,19.88,14.71,27.21,1017.10004,83.9,2.11,176.0,2.7392654,10.67
2018-09-05,0.0,18.96,11.74,25.72,1017.3,75.835,2.31,164.0,2.5088906,10.66
2018-09-06,11.900001,16.24,12.42,19.82,1012.0,92.405556,1.8199999,123.0,1.7846107,10.65
2018-09-07,5.2000003,13.32,10.929999,17.47,1011.9,84.66,3.9199998,136.0,1.847133,10.8
2018-09-08,0.0,14.839999,11.259999,18.46,1017.2,80.04,4.3199997,134.0,1.8817687,10.85
2018-09-09,0.0,17.41,13.059999,22.14,1018.60004,75.685,3.74,148.0,2.1951513,10.84
2018-09-10,0.0,16.25,13.559999,19.33,1020.10004,81.315,3.32,89.0,1.2878302,10.82
2018-09-11,4.0,17.44,14.059999,20.32,1018.4,84.885,5.45,89.0,1.320953,10.81
2018-09-12,0.0,13.4,8.929999,15.82,1021.10004,92.10526,1.9599999,44.0,0.5965709,10.81
2018-09-13,0.0,11.7,4.8599997,18.58,1021.7,81.915,1.51,165.0,2.1438122,10.81
2018-09-14,1.5,12.33,4.38,18.74,1019.5,81.35,2.59,143.0,1.8897278,10.79
2018-09-15,0.0,14.11,8.5199995,19.25,1022.10004,83.495,3.21,117.0,1.6126552,10.78
2018-09-16,0.0,14.71,8.66,21.49,1020.60004,78.46,3.1899998,150.0,2.0975523,10.77
2018-09-17,0.0,15.139999,9.22,22.99,1016.7,77.75,2.73,166.0,2.347365,10.75
2018-09-18,0.0,18.34,10.44,25.619999,1011.5,69.515,4.62,176.0,2.6656144,10.74
2018-09-19,0.0,18.92,13.92,23.66,1014.8,74.57,5.23,155.0,2.3713334,10.73
2018-09-20,4.1,18.75,15.98,22.619999,1012.10004,75.055,4.66,114.0,1.7399647,10.72
2018-09-21,8.7,14.849999,8.179999,19.38,1004.9,75.325,7.0,101.0,1.4252739,10.71
2018-09-22,1.1,11.719999,8.96,15.25,1016.2,85.49,4.27,86.0,1.1205361,10.82
2018-09-23,8.3,9.99,7.64,11.48,1015.3,90.26316,2.53,29.0,0.36100033,10.84
2018-09-24,2.4,9.66,4.56,14.23,1031.8,78.6,4.39,138.0,1.6897182,10.88
2018-09-25,0.0,10.09,3.12,15.78,1037.4,79.24,2.01,141.0,1.7429861,10.88
2018-09-26,0.0,13.15,6.5099998,18.24,1030.8,77.0,4.95,124.0,1.6646678,10.87
2018-09-27,0.0,14.87,9.61,21.64,1024.8,80.11,3.33,139.0,1.9477355,10.86
2018-09-28,0.0,11.3,3.07,15.67,1027.6,75.31,3.4399998,119.0,1.5263245,10.84
2018-09-29,0.0,8.49,2.52,15.389999,1027.5,81.78,1.78,134.0,1.589591,10.83
2018-09-30,0.0,10.099999,2.07,16.84,1016.5,78.985,2.86,114.0,1.4226426,10.82
2018-10-01,5.6,7.95,4.0899997,12.62,1017.7,83.235,3.85,107.0,1.254917,10.81
2018-10-02,3.0,10.929999,5.5,16.05,1014.60004,85.765,5.2,47.0,0.60029775,10.82
2018-10-03,0.0,11.639999,8.22,15.19,1023.10004,74.23,4.0899997,114.0,1.4780182,10.85
2018-10-04,0.0,13.48,10.91,16.63,1023.7,90.785,3.34,46.0,0.62424755,10.85
2018-10-05,0.0,12.65,6.95,19.59,1016.9,83.755005,2.3,135.0,1.8002115,10.84
2018-10-06,0.8,12.599999,4.7799997,21.18,1009.2,86.71,2.87,125.0,1.6700327,10.83
2018-10-07,0.0,9.46,4.0,15.23,1020.3,81.535,2.36,121.0,1.480859,10.82
2018-10-08,0.0,10.44,4.18,16.21,1020.9,82.450005,2.98,106.0,1.3325498,10.81
2018-10-09,0.0,11.32,5.37,17.91,1020.8,84.255005,2.78,113.0,1.4543118,10.8
2018-10-10,0.0,13.82,3.9199998,22.519999,1017.60004,81.055,2.8799999,125.0,1.7142123,10.79
2018-10-11,0.0,16.529999,10.19,22.74,1012.10004,75.435005,2.79,115.0,1.6787448,10.78
2018-10-12,0.0,18.25,14.15,22.71,1017.0,75.725,4.1,118.0,1.7807633,10.77
2018-10-13,0.0,20.26,15.589999,26.289999,1016.2,66.305,3.78,121.0,1.8968059,10.76
2018-10-14,0.0,18.539999,12.42,24.769999,1008.9,61.765,3.47,114.0,1.734791,10.76
2018-10-15,0.0,16.81,10.29,23.13,1012.2,75.270004,2.09,107.0,1.5710748,10.75
2018-10-16,0.0,16.17,11.429999,24.109999,1017.5,79.995,1.88,80.0,1.1566998,10.74
2018-10-17,0.0,14.07,8.61,20.26,1019.5,83.590004,2.1299999,93.0,1.2819425,10.73
2018-10-18,0.0,11.139999,3.6499999,16.14,1025.1,84.485,2.69,67.0,0.85665137,10.73
2018-10-19,0.0,6.7599998,0.32,13.46,1026.7001,85.24,1.42,97.0,1.0922214,10.72
2018-10-20,0.0,9.17,-0.06,15.42,1029.9,85.21,2.1699998,77.0,0.9305891,10.72
2018-10-21,0.8,12.3,8.8,15.95,1027.2001,79.585,3.1599998,60.0,0.78979725,10.71
2018-10-22,0.0,10.13,4.41,15.16,1030.9,77.125,3.6399999,79.0,0.98043936,10.71
2018-10-23,4.6,12.099999,7.37,13.549999,1020.7,85.355,6.5699997,24.0,0.31516537,10.71
2018-10-24,1.1,13.04,11.55,14.92,1021.4,89.73334,5.62,56.0,0.7525835,10.71
2018-10-25,3.8,11.509999,8.7,14.28,1016.3,89.53684,3.47,32.0,0.41467282,10.74
2018-10-26,4.5,9.179999,5.75,12.23,1004.4,91.285,4.47,23.0,0.28129548,10.76
2018-10-27,0.0,5.6,0.84999996,10.24,1008.9,86.835,2.98,67.0,0.73349154,10.8
2018-10-28,0.0,2.83,-2.3899999,7.3399997,1017.9,80.075005,3.7099998,78.0,0.7728994,10.82
2018-10-29,7.1,4.46,1.61,6.77,1005.8,87.575005,4.95,22.0,0.2322881,10.82
2018-10-30,2.2,5.94,4.2,8.63,989.7,89.965004,5.5,23.0,0.25706834,10.86
2018-10-31,0.0,8.0199995,5.7999997,10.88,1011.5,84.310005,4.18,72.0,0.8486783,10.89
2018-11-01,5.5,9.63,6.97,13.099999,1009.5,85.28,3.29,41.0,0.50663245,10.9
2018-11-02,0.0,7.18,1.0799999,11.509999,1020.60004,85.97,3.47,59.0,0.67506576,10.92
2018-11-03,0.0,3.9599998,-0.31,10.17,1026.9,88.905266,2.31,76.0,0.7800378,10.92
2018-11-04,0.0,5.13,-0.42999998,11.389999,1016.60004,91.571434,2.35,45.0,0.4831884,10.92
2018-11-05,0.0,8.929999,5.0699997,10.099999,1009.2,92.27059,2.72,30.0,0.36350638,10.92
2018-11-06,0.0,10.79,4.2,17.18,1006.4,88.05,2.45,55.0,0.70235986,10.91
2018-11-07,0.0,11.71,8.01,15.559999,1007.7,79.04,3.99,60.0,0.7843654,10.91
2018-11-08,1.7,8.16,1.8499999,13.0199995,1018.8,85.355,3.12,65.0,0.7667088,10.89
2018-11-09,1.3000001,8.559999,3.85,11.91,1011.9,90.31579,3.01,37.0,0.44301322,10.89
2018-11-10,1.6,11.57,9.26,13.09,1001.5,88.665,4.83,18.0,0.23508237,10.9
2018-11-11,3.7,11.17,7.85,13.2,1004.9,88.17,4.98,23.0,0.29685882,10.93
2018-11-12,4.0,9.13,8.429999,11.639999,1013.60004,94.200005,2.62,18.0,0.21890925,10.96
2018-11-13,0.0,8.83,6.46,12.44,1020.9,89.85,5.0,39.0,0.4686715,11.0
2018-11-14,0.0,8.16,3.6999998,12.15,1026.7001,90.64,3.1299999,42.0,0.4935794,10.99
2018-11-15,0.0,4.38,0.45999998,10.37,1025.9,90.78667,2.34,57.0,0.5938823,10.98
2018-11-16,0.0,2.57,-0.39999998,5.99,1029.6,93.28001,2.55,51.0,0.49739358,10.98
2018-11-17,0.0,3.05,0.51,7.0899997,1033.5,86.885,4.29,63.0,0.6238988,10.97
2018-11-18,0.0,2.6599998,-2.56,6.0699997,1031.6,77.15,3.83,50.0,0.48870984,10.97
2018-11-19,0.0,5.0499997,2.6599998,6.8999996,1022.9,81.12,6.56,26.0,0.27753097,10.97
2018-11-20,1.7,2.75,0.9,4.12,1014.0,78.97,7.16,13.0,0.12872155,10.96
2018-11-21,0.0,2.1299999,0.57,3.46,1018.7,82.395004,4.72,29.0,0.2799802,10.96
2018-11-22,0.0,2.1,1.16,2.59,1021.10004,88.705,3.4399998,13.0,0.12520054,10.95
2018-11-23,0.0,2.87,-0.26,5.5499997,1018.2,91.28333,3.01,31.0,0.30757058,10.95
2018-11-24,0.0,1.87,0.45999998,3.3999999,1013.2,92.700005,3.74,13.0,0.12468866,10.95
2018-11-25,0.0,3.6299999,1.5999999,5.04,1012.60004,90.26875,3.83,12.0,0.12268925,10.95
2018-11-26,0.0,3.98,1.9699999,4.72,1014.8,85.235,4.23,20.0,0.2067419,10.94
2018-11-27,0.0,1.1899999,-1.67,3.3799999,1020.60004,87.17,3.23,22.0,0.20479864,10.93
2018-11-28,9.8,3.09,-1.12,7.48,1017.10004,86.375,5.33,20.0,0.20012575,10.93
2018-11-29,2.5,8.97,6.91,9.98,1009.5,88.96842,6.12,13.0,0.15767781,11.04
2018-11-30,0.0,8.59,5.44,10.69,1008.5,86.025,4.91,26.0,0.3120714,11.06
2018-12-01,3.4,6.77,4.24,8.69,1007.7,91.38334,5.2,21.0,0.2387507,11.05
2018-12-02,4.3,11.0,8.54,13.0,996.8,92.950005,5.65,12.0,0.15473549,11.08
2018-12-03,5.6,10.41,6.44,12.4,997.7,89.87,5.6299996,17.0,0.21572395,11.1
2018-12-04,0.0,4.13,0.26,8.51,1019.4,88.05,2.81,39.0,0.4042492,11.12
2018-12-05,3.9,3.3,-0.65,6.8599997,1020.2,90.78182,3.32,19.0,0.19122405,11.11
2018-12-06,7.2000003,10.05,6.5899997,11.679999,1011.9,94.200005,5.23,15.0,0.18731481,11.15
2018-12-07,12.2,9.61,5.44,11.53,1001.10004,92.38889,6.75,7.0,0.08677861,11.21
2018-12-08,30.4,7.98,5.68,10.0,994.9,84.805,8.12,10.0,0.11866615,11.27
2018-12-09,4.1,6.95,4.46,9.24,999.5,82.54,6.47,20.0,0.22957547,11.3
2018-12-10,3.3,5.0499997,2.87,6.85,1018.10004,82.165,5.5299997,25.0,0.26751813,11.29
2018-12-11,0.0,3.54,-0.11,7.6299996,1022.9,84.975,3.12,30.0,0.30406374,11.27
2018-12-12,0.0,2.12,-0.42999998,4.35,1026.7001,89.44737,2.01,18.0,0.17294095,11.26
2018-12-13,0.0,1.4599999,-0.65,3.53,1024.3,87.255005,3.9299998,26.0,0.2440208,11.25
2018-12-14,0.0,0.88,-1.0,2.62,1025.8,86.91,3.25,19.0,0.17425133,11.25
2018-12-15,1.4,-0.32999998,-1.74,0.96999997,1022.8,75.925,4.3199997,12.0,0.1050999,11.24
2018-12-16,0.0,-0.03,-2.24,1.81,1011.10004,92.276474,3.84,9.0,0.08033514,11.24
2018-12-17,1.5,4.18,1.53,6.8599997,1017.0,93.50001,3.62,11.0,0.11436065,11.25
2018-12-18,0.0,6.04,3.9099998,6.5299997,1018.2,91.05,4.2799997,16.0,0.17683426,11.25
2018-12-19,0.0,6.6499996,4.99,8.48,1009.4,86.05,4.54,12.0,0.1358059,11.24
2018-12-20,10.5,6.64,5.35,7.69,1008.60004,90.285,4.6,11.0,0.124499135,11.23
2018-12-21,13.0,8.32,6.3199997,11.29,999.9,92.3,6.2599998,10.0,0.11957035,11.25
2018-12-22,2.6000001,7.4199996,6.21,8.88,1010.7,92.025,4.06,13.0,0.15055698,11.25
2018-12-23,7.3,6.54,4.93,7.6699996,1016.60004,92.8125,3.1999998,9.0,0.10114306,11.23
2018-12-24,0.0,4.13,0.02,6.8799996,1029.8,88.29,2.6799998,29.0,0.29894802,11.24
2018-12-25,0.0,5.46,3.8999999,7.37,1032.8,82.79,3.83,17.0,0.18302085,11.23
2018-12-26,0.0,5.85,4.3399997,6.92,1029.8,92.8125,4.27,14.0,0.15289158,11.22
2018-12-27,0.0,4.4,3.53,4.7999997,1025.8,91.48235,3.02,13.0,0.13554673,11.22
2018-12-28,0.0,5.33,4.33,6.0099998,1027.9,90.707146,2.57,10.0,0.107464865,11.21
2018-12-29,2.8,8.04,5.89,10.12,1026.0,91.020004,6.43,8.0,0.09371039,11.2
2018-12-30,0.7,7.79,6.21,8.37,1030.6,91.15883,3.6499999,17.0,0.19721684,11.21
2018-12-31,1.1,8.74,8.059999,9.86,1031.2001,93.590004,3.8799999,13.0,0.15508115,11.2
2019-01-01,1.0,6.95,4.0099998,8.69,1026.7001,79.29,7.27,20.0,0.22654127,11.21
2019-01-02,0.0,4.46,0.83,6.93,1035.6,71.745,4.99,32.0,0.3326329,11.19
2019-01-03,0.0,2.46,-1.04,6.39,1038.3,88.82,2.73,29.0,0.28034693,11.19
2019-01-04,1.5,4.83,1.18,6.89,1034.6,92.28421,4.27,14.0,0.14744808,11.19
2019-01-05,3.2,7.48,6.45,8.07,1029.7001,93.02778,6.64,11.0,0.12646857,11.19
2019-01-06,0.90000004,6.27,4.04,7.2999997,1032.1,93.276924,3.77,13.0,0.14374258,11.21
2019-01-07,7.7000003,6.45,3.76,9.29,1025.3,92.287506,5.5,11.0,0.12273967,11.21
2019-01-08,4.9,6.7,4.5,8.22,1012.7,79.225,9.559999,17.0,0.19237866,11.23
2019-01-09,0.0,3.9599998,1.09,5.93,1020.10004,76.575005,5.6,33.0,0.3399266,11.23
2019-01-10,2.2,2.1599998,-1.14,4.5499997,1025.8,91.925,2.49,14.0,0.13477702,11.22
2019-01-11,1.4,6.66,3.58,7.89,1022.3,93.51667,4.94,14.0,0.15748535,11.22
2019-01-12,9.3,6.8399997,5.6099997,8.22,1013.7,89.48,5.6,13.0,0.14768332,11.24
2019-01-13,7.3,8.0199995,5.98,9.4,1002.0,89.810005,7.43,11.0,0.13024516,11.26
2019-01-14,1.2,3.6,1.51,5.85,1013.0,80.56,5.22,35.0,0.35739094,11.25
2019-01-15,0.8,6.2999997,2.6699998,8.04,1013.60004,88.385,6.3399997,16.0,0.17871776,11.24
2019-01-16,3.6000001,5.96,4.74,7.8399997,1003.8,90.165,7.12,9.0,0.09993727,11.23
2019-01-17,3.4,3.23,-1.3399999,4.58,1002.4,87.665,4.92,21.0,0.21288629,11.26
2019-01-18,0.0,-0.11,-3.61,4.9,1018.2,85.69,2.99,44.0,0.3898491,11.23
2019-01-19,0.0,-1.91,-4.61,1.6999999,1017.3,82.840004,2.58,52.0,0.42807412,11.23
2019-01-20,0.0,-3.9299998,-7.49,0.29999998,1019.5,89.28,1.5699999,43.0,0.32357436,11.21
2019-01-21,0.0,-2.34,-7.81,2.03,1020.0,92.52778,2.27,45.0,0.36309928,11.2
2019-01-22,3.2,-1.5799999,-2.98,-0.14999999,1004.8,84.195,4.69,34.0,0.28602007,11.2
2019-01-23,0.0,-2.53,-6.56,-1.2099999,1002.60004,89.240005,2.56,22.0,0.17801845,11.2
2019-01-24,0.0,-4.89,-6.29,-4.06,1012.3,79.83,1.8399999,22.0,0.15918097,11.19
2019-01-25,14.5,-2.98,-6.6299996,3.58,1011.3,88.765,3.58,17.0,0.1341533,11.19
2019-01-26,8.3,5.99,3.1999998,6.98,999.7,94.200005,5.5499997,15.0,0.16706836,11.27
2019-01-27,4.7000003,5.12,3.07,6.5,983.4,92.316666,5.66,17.0,0.18565613,11.27
2019-01-28,4.3,3.01,-0.03,4.66,993.4,90.925,5.13,23.0,0.23250398,11.27
2019-01-29,0.0,1.02,-1.14,3.54,1001.60004,84.630005,3.86,45.0,0.4207939,11.26
2019-01-30,0.0,-0.17,-2.49,1.7099999,993.9,85.590004,2.56,27.0,0.24215645,11.25
2019-01-31,0.0,-0.41,-1.67,0.91999996,995.5,92.97273,3.1499999,31.0,0.27512017,11.25
2019-02-01,1.4,-0.32,-1.62,1.18,991.7,90.98948,3.79,20.0,0.1785471,11.24
2019-02-02,0.0,0.74,-0.32,1.79,1001.7,92.11429,2.76,17.0,0.1572588,11.23
2019-02-03,0.0,1.3399999,-2.79,6.14,1019.7,87.46316,3.1699998,64.0,0.59950554,11.23
2019-02-04,3.2,1.36,-1.28,3.61,1021.7,88.385,6.3999996,24.0,0.2247286,11.22
2019-02-05,0.0,4.4,2.87,5.5499997,1025.3,92.03572,4.16,17.0,0.17729987,11.23
2019-02-06,12.5,4.77,2.72,6.3399997,1018.8,91.200005,4.5499997,13.0,0.1377618,11.24
2019-02-07,1.1,7.23,4.97,9.179999,1005.8,82.33,7.89,44.0,0.5078452,11.26
2019-02-08,5.1,7.3199997,4.46,9.099999,1003.8,87.925,7.5899997,13.0,0.15060304,11.25
2019-02-09,5.4,7.95,6.46,9.08,998.9,75.68,9.42,40.0,0.47333917,11.25
2019-02-10,8.400001,5.99,3.79,8.12,993.10004,91.5,4.7799997,15.0,0.16762921,11.27
2019-02-11,0.0,5.2,2.32,7.64,1018.2,79.585,5.37,63.0,0.6774766,11.26
2019-02-12,0.0,5.15,0.59999996,8.559999,1031.2001,87.615,4.2799997,58.0,0.618536,11.25
2019-02-13,0.0,5.95,2.87,8.22,1033.6,88.845,4.75,29.0,0.31713042,11.24
2019-02-14,0.0,4.8399997,-0.68,11.21,1034.3,80.74,2.55,87.0,0.916736,11.23
2019-02-15,0.0,6.06,-1.38,14.24,1029.8,66.96,2.4099998,98.0,1.0775404,11.23
2019-02-16,0.0,7.29,2.33,13.299999,1024.0,79.54,3.4299998,95.0,1.0888629,11.22
2019-02-17,0.0,7.3599997,0.66999996,14.28,1020.2,73.4,2.73,90.0,1.0356612,11.22
2019-02-18,1.3000001,7.64,1.7099999,14.0199995,1016.2,75.05,2.74,97.0,1.1279062,11.21
2019-02-19,0.0,6.5499997,4.04,8.07,1016.4,90.380005,5.0099998,47.0,0.5284099,11.22
2019-02-20,0.0,7.5899997,4.43,10.75,1020.8,81.155,4.45,54.0,0.625581,11.21
2019-02-21,2.0,7.33,3.53,9.5,1025.6,93.412506,3.8799999,38.0,0.43574452,11.21
2019-02-22,0.0,8.429999,4.5099998,11.099999,1036.7001,92.647064,2.36,49.0,0.5777771,11.21
2019-02-23,0.0,4.65,0.17999999,11.179999,1038.6,82.705,2.77,105.0,1.0968565,11.21
2019-02-24,0.0,4.45,-2.33,14.48,1038.0,73.92,1.48,115.0,1.1934981,11.2
2019-02-25,0.0,6.02,-1.76,17.289999,1037.8,72.245,1.05,118.0,1.2906222,11.19
2019-02-26,0.0,6.3999996,-2.31,18.31,1034.2001,68.65,0.95,121.0,1.3420905,11.19
2019-02-27,0.0,7.64,-1.52,17.74,1024.1,73.855,2.07,124.0,1.4364334,11.19
2019-02-28,0.0,6.56,0.9,11.87,1014.10004,92.0,2.57,59.0,0.6642868,11.19
2019-03-01,0.0,6.12,4.02,8.34,1015.0,83.18,3.56,39.0,0.43283278,11.19
2019-03-02,3.4,7.0,0.21,11.8,1011.7,83.53,4.2,60.0,0.6856717,11.19
2019-03-03,18.1,9.96,8.599999,12.03,1000.0,90.91,7.62,24.0,0.3005562,11.24
2019-03-04,1.5,8.15,5.89,11.61,989.5,78.93,9.19,58.0,0.6934888,11.25
2019-03-05,2.1000001,6.2999997,3.32,9.71,1002.9,75.745,6.08,84.0,0.94330233,11.23
2019-03-06,7.1,8.809999,4.21,11.41,997.2,85.095,5.5299997,34.0,0.41285002,11.23
2019-03-07,13.3,8.639999,5.5099998,10.99,989.8,82.200005,8.36,78.0,0.9457964,11.26
2019-03-08,4.4,6.91,5.2599998,9.37,1006.60004,77.23,6.31,97.0,1.108193,11.26
2019-03-09,2.1000001,7.29,4.87,9.9,1006.3,79.615,8.24,71.0,0.82077736,11.26
2019-03-10,19.1,3.9499998,0.35999998,6.8399997,1004.5,87.555,4.3399997,42.0,0.43610618,11.26
2019-03-11,7.3,4.3199997,1.54,6.89,1014.10004,85.58,6.62,69.0,0.7219076,11.28
2019-03-12,6.0,5.5899997,0.84999996,8.87,1007.10004,78.28,7.5699997,44.0,0.4819825,11.28
2019-03-13,13.0,6.37,4.2799997,8.54,998.4,83.88,9.179999,40.0,0.45119935,11.28
2019-03-14,14.0,6.75,5.72,8.559999,997.8,86.925,7.44,39.0,0.44529393,11.29
2019-03-15,2.5,7.8599997,5.5099998,12.139999,1001.10004,78.995,7.5099998,53.0,0.6248469,11.28
2019-03-16,8.3,8.78,5.74,10.78,1001.4,77.715004,8.22,40.0,0.48434278,11.28
2019-03-17,3.2,6.64,4.0,10.49,999.8,78.555,7.64,102.0,1.1594958,11.28
2019-03-18,1.4,6.04,3.1499999,8.679999,1013.4,77.6,5.8199997,115.0,1.2740631,11.27
2019-03-19,0.0,5.29,-1.0,11.2699995,1027.7001,81.065,2.57,142.0,1.5241365,11.26
2019-03-20,0.0,8.07,3.3999999,11.309999,1031.8,91.115005,3.74,47.0,0.5495447,11.26
2019-03-21,0.0,8.46,6.14,11.25,1033.7001,90.495,3.33,67.0,0.7918192,11.25
2019-03-22,0.0,10.639999,5.5299997,17.68,1029.0,83.055,2.73,133.0,1.6751432,11.25
2019-03-23,0.0,6.3399997,2.31,11.46,1030.2001,89.58,2.8799999,74.0,0.8208305,11.24
2019-03-24,3.0,5.49,0.71999997,10.3,1026.5,81.0,3.1799998,153.0,1.6540914,11.24
2019-03-25,1.3000001,6.2599998,2.9299998,9.48,1022.4,80.055,7.1099997,125.0,1.3883605,11.24
2019-03-26,0.0,6.6499996,3.09,9.75,1030.1,84.130005,4.14,75.0,0.8401863,11.23
2019-03-27,0.0,7.8399997,1.67,12.059999,1032.6,85.11,3.02,88.0,1.0214648,11.23
2019-03-28,0.0,9.4,6.99,12.2699995,1035.0,85.47,1.35,72.0,0.8738815,11.22
2019-03-29,0.0,9.79,3.72,15.349999,1029.9,80.495,1.9699999,186.0,2.287694,11.22
2019-03-30,0.0,9.44,2.07,17.9,1021.5,80.36,2.53,186.0,2.2738483,11.21
2019-03-31,0.0,6.6499996,0.65999997,10.79,1026.4,72.1,4.41,166.0,1.8629866,11.21
2019-04-01,0.0,5.7799997,-1.35,12.13,1022.2,62.05,3.75,215.0,2.3516164,11.2
2019-04-02,3.0,9.08,1.65,16.91,1005.10004,75.51,3.9499998,144.0,1.7556108,11.2
2019-04-03,0.0,7.3399997,5.21,9.88,1001.5,80.625,2.9199998,80.0,0.92838734,11.21
2019-04-04,2.7,5.6099997,2.6699998,7.69,1001.8,89.46,1.53,66.0,0.725407,11.21
2019-04-05,0.0,6.7799997,4.22,8.98,1007.3,89.695,2.06,110.0,1.251234,11.21
2019-04-06,0.0,10.07,6.93,14.799999,1006.60004,87.76,3.03,161.0,2.016355,11.21
2019-04-07,0.0,13.0,5.75,20.51,1007.60004,69.815,3.6699998,217.0,2.9296174,11.2
2019-04-08,0.0,10.969999,3.47,18.71,1011.7,74.31,3.9199998,204.0,2.611567,11.19
2019-04-09,0.0,7.35,2.79,12.309999,1015.7,65.670006,6.58,214.0,2.4671657,11.19
2019-04-10,0.0,4.2599998,-0.14,9.66,1020.4,63.065002,5.5299997,233.0,2.4246657,11.18
2019-04-11,0.0,5.5899997,0.32999998,10.48,1025.5,65.995,4.39,166.0,1.8014464,11.17
2019-04-12,0.0,4.0699997,0.29,7.5099998,1027.3,69.855,4.0299997,127.0,1.3081938,11.17
2019-04-13,2.1000001,2.1299999,-1.18,6.83,1026.7001,82.505005,4.0099998,157.0,1.5089895,11.17
2019-04-14,0.0,5.3399997,-0.57,10.36,1027.3,72.235,4.35,170.0,1.828066,11.18
2019-04-15,0.0,9.639999,5.08,15.42,1025.3,62.04,5.12,237.0,2.9087038,11.17
2019-04-16,0.0,10.08,3.36,16.02,1019.5,59.57,5.17,249.0,3.1015294,11.16
2019-04-17,0.0,12.849999,5.54,19.189999,1023.3,51.550003,4.23,190.0,2.539595,11.15
2019-04-18,0.0,14.37,6.7599998,21.15,1027.9,52.645,4.91,251.0,3.472915,11.14
2019-04-19,0.0,15.049999,8.67,23.019999,1030.3,54.21,4.25,258.0,3.6225348,11.13
2019-04-20,0.0,14.44,6.7799997,22.81,1029.9,53.985,3.82,263.0,3.6420877,11.12
2019-04-21,0.0,13.179999,2.45,21.74,1021.10004,57.95,2.85,270.0,3.6413574,11.11
2019-04-22,0.0,16.21,6.0699997,23.8,1010.7,43.605,5.45,263.0,3.8152232,11.11
2019-04-23,0.0,15.69,9.59,21.32,1001.60004,49.49,6.92,257.0,3.6990318,11.1
2019-04-24,15.6,17.789999,10.969999,25.859999,999.60004,60.75,4.91,212.0,3.1891637,11.09
2019-04-25,5.0,13.41,7.8799996,19.779999,1006.9,75.875,4.44,200.0,2.7276514,11.19
2019-04-26,1.3000001,11.599999,7.71,15.929999,1012.0,83.46,2.81,141.0,1.8347325,11.2
2019-04-27,4.7000003,8.98,5.5299997,12.5,1010.60004,83.86,3.99,148.0,1.7947062,11.19
2019-04-28,2.0,7.68,3.24,11.84,1018.60004,86.61,2.32,120.0,1.3954325,11.2
2019-04-29,0.0,8.179999,0.88,12.2699995,1025.1,89.68421,3.37,157.0,1.8475271,11.19
2019-04-30,0.0,9.389999,8.139999,13.139999,1023.2,86.89,3.35,202.0,2.4640727,11.19
2019-05-01,0.0,9.0,7.0099998,11.5199995,1017.0,81.85,2.8999999,114.0,1.3791438,11.18
2019-05-02,0.7,10.219999,5.52,13.969999,1009.60004,82.305,4.35,97.0,1.2181771,11.18
2019-05-03,0.0,6.52,2.83,11.3,1011.4,73.020004,4.02,174.0,1.9592416,11.17
2019-05-04,3.0,5.72,1.24,10.889999,1011.5,71.33,4.74,233.0,2.5573564,11.16
2019-05-05,0.0,6.56,2.32,11.0199995,1019.9,73.3,4.22,199.0,2.23415,11.17
2019-05-06,1.0,6.8799996,1.67,11.74,1019.10004,78.66,3.82,149.0,1.6903089,11.16
2019-05-07,2.3,6.58,0.099999994,12.32,1016.2,79.96,2.23,190.0,2.1383522,11.15
2019-05-08,0.0,9.13,3.47,13.94,1000.4,80.495,3.9299998,122.0,1.49272,11.16
2019-05-09,7.4,11.67,7.0899997,17.67,997.7,82.045,3.6,222.0,2.911455,11.15
2019-05-10,0.0,9.46,3.9299998,13.549999,1008.9,77.985,3.02,159.0,1.9559717,11.18
2019-05-11,0.0,8.28,2.5,13.74,1018.4,71.415,4.0899997,269.0,3.1848614,11.15
2019-05-12,0.0,8.09,1.39,13.71,1034.5,72.795,3.72,262.0,3.0613823,11.13
2019-05-13,0.0,8.19,0.17,14.65,1039.7001,69.68,3.07,307.0,3.589223,11.12
2019-05-14,0.0,9.21,1.67,15.53,1034.4,70.645004,3.3799999,299.0,3.6103752,11.11
2019-05-15,0.0,10.599999,2.78,16.72,1027.7001,59.52,3.6399999,300.0,3.7765589,11.1
2019-05-16,0.0,11.24,5.47,16.3,1018.9,67.37,4.85,148.0,1.9023087,11.09
2019-05-17,0.0,12.2,9.469999,14.799999,1009.2,81.835,3.32,107.0,1.415379,11.1
2019-05-18,0.0,16.06,9.599999,22.99,1006.3,70.87,2.4299998,266.0,3.852535,11.09
2019-05-19,1.6,15.589999,8.45,23.14,1006.0,82.455,3.23,225.0,3.2261953,11.08
2019-05-20,0.0,14.17,11.32,18.33,1007.3,91.125,3.29,148.0,2.0545087,11.1
2019-05-21,0.0,12.61,11.15,16.359999,1012.8,90.895004,5.43,71.0,0.9474208,11.09
2019-05-22,0.0,12.389999,6.5099998,17.67,1018.8,71.955,3.7099998,227.0,3.0051577,11.07
2019-05-23,0.0,14.25,5.08,22.21,1017.0,63.855,3.22,295.0,4.087398,11.05
2019-05-24,0.0,14.12,6.85,21.689999,1014.7,70.595,3.8,296.0,4.092515,11.04
2019-05-25,0.0,12.08,8.19,17.14,1017.10004,77.04,2.6399999,163.0,2.1426022,11.03
2019-05-26,9.1,15.44,8.33,20.789999,1010.3,79.195,5.49,116.0,1.6552007,11.02
2019-05-27,0.0,13.73,9.2699995,17.66,1007.7,75.845,4.56,223.0,3.0635285,11.13
2019-05-28,0.0,10.62,3.62,15.0,1011.4,74.89,3.33,198.0,2.5115921,11.09
2019-05-29,0.0,12.67,2.4099998,18.44,1020.7,62.23,2.7,264.0,3.5167298,11.07
2019-05-30,0.0,16.22,12.83,20.34,1020.0,78.740005,5.25,119.0,1.7208874,11.06
2019-05-31,0.0,17.4,12.19,22.31,1022.7,75.115005,4.45,215.0,3.183762,11.04
2019-06-01,0.0,17.3,10.83,23.81,1020.5,75.06,3.1399999,284.0,4.2001266,11.02
2019-06-02,1.3000001,22.5,13.4,29.869999,1012.60004,59.345,3.87,286.0,4.6637473,11.0
2019-06-03,0.0,16.529999,10.719999,20.39,1012.8,75.29,2.9099998,179.0,2.6123521,11.0
2019-06-04,5.9,19.119999,11.58,24.439999,1008.7,66.06,3.23,229.0,3.5237153,10.98
2019-06-05,6.4,19.18,15.63,23.06,1006.5,77.99,3.9399998,212.0,3.2681322,11.06
2019-06-06,0.0,14.53,7.6099997,18.789999,1010.9,81.51,3.6799998,185.0,2.5858927,11.11
2019-06-07,5.8,15.83,7.1099997,23.22,1010.10004,72.41,4.42,244.0,3.5116181,11.06
2019-06-08,2.5,14.09,11.74,17.08,1013.3,71.565,7.85,146.0,2.018289,11.09
2019-06-09,0.0,14.83,9.12,20.43,1021.5,70.090004,3.58,269.0,3.7706125,11.07
2019-06-10,3.7,17.41,12.78,22.5,1012.9,77.06,4.77,182.0,2.704745,11.04
2019-06-11,0.0,15.179999,9.679999,19.18,1011.2,86.91,3.02,195.0,2.7655766,11.07
2019-06-12,2.3,14.639999,9.44,18.24,1009.10004,85.94,3.55,125.0,1.7528098,11.04
2019-06-13,3.1000001,14.929999,10.929999,20.01,1010.9,74.91,5.15,250.0,3.5262527,11.03
2019-06-14,6.5,17.81,10.8,24.019999,1014.0,72.64,2.8,258.0,3.8637028,11.03
2019-06-15,1.2,15.889999,10.25,19.46,1013.10004,88.045,3.04,134.0,1.9289052,11.11
2019-06-16,0.0,16.35,9.719999,21.64,1019.0,79.340004,3.07,238.0,3.4525697,11.06
2019-06-17,0.0,19.01,10.84,25.84,1019.10004,69.89,2.27,244.0,3.7341073,11.03
2019-06-18,0.0,20.16,12.469999,26.89,1014.0,70.775,2.23,280.0,4.3844004,10.99
2019-06-19,12.0,19.68,13.809999,25.689999,1007.3,76.57,2.8899999,232.0,3.6088107,10.97
2019-06-20,3.8,16.779999,11.86,20.939999,1011.4,84.72,3.1799998,183.0,2.686061,11.09
2019-06-21,0.0,15.13,8.34,20.46,1019.0,78.135,2.96,253.0,3.5737436,11.08
2019-06-22,0.0,15.65,6.5,21.199999,1022.8,73.065,3.11,235.0,3.353261,11.04
2019-06-23,0.0,20.99,12.62,28.119999,1019.9,62.24,3.81,238.0,3.7752395,11.01
2019-06-24,0.0,24.769999,17.43,30.8,1019.10004,55.165,4.11,246.0,4.1482983,10.96
2019-06-25,0.0,26.349998,18.89,33.989998,1017.4,60.095,3.01,263.0,4.538526,10.93
2019-06-26,0.0,18.46,14.15,22.439999,1025.4,80.525,4.27,222.0,3.3546758,10.91
2019-06-27,0.0,15.23,12.69,19.109999,1029.1,73.865,4.23,193.0,2.7220967,10.89
2019-06-28,0.0,16.35,11.389999,22.02,1026.0,73.255,2.8899999,282.0,4.080658,10.87
2019-06-29,0.0,21.5,9.74,31.13,1018.4,63.105,2.1,253.0,4.0505104,10.85
2019-06-30,0.0,20.26,12.2,26.43,1013.2,67.26,4.06,237.0,3.718692,10.83
2019-07-01,0.0,17.789999,12.7699995,22.15,1016.7,71.07,4.8599997,256.0,3.82871,10.81
2019-07-02,0.0,15.71,8.84,21.05,1022.9,67.245,3.8899999,252.0,3.6004393,10.8
2019-07-03,0.0,14.08,7.46,19.46,1025.8,68.045,3.62,256.0,3.521037,10.79
2019-07-04,0.0,15.61,5.3199997,21.97,1023.0,70.525,2.84,234.0,3.3358145,10.77
2019-07-05,0.0,16.81,10.99,21.38,1016.4,71.515,3.53,192.0,2.8149612,10.76
2019-07-06,1.7,15.139999,10.82,20.26,1011.0,79.43,3.87,145.0,2.054778,10.75
2019-07-07,0.0,13.54,10.11,17.17,1015.10004,68.125,3.9399998,167.0,2.2772553,10.75
2019-07-08,0.0,12.889999,8.9,17.05,1018.60004,77.0,3.85,148.0,1.9839094,10.74
2019-07-09,0.0,14.17,7.0,19.939999,1020.9,69.675,3.47,198.0,2.7341995,10.73
2019-07-10,1.4,13.49,6.7,18.59,1018.9,80.86,2.28,162.0,2.2031302,10.72
2019-07-11,3.0,16.6,12.78,20.8,1012.10004,90.42,2.25,109.0,1.593498,10.72
2019-07-12,5.5,17.23,13.32,22.949999,1011.5,85.475006,2.19,147.0,2.177673,10.74
2019-07-13,0.0,16.21,13.67,19.98,1017.9,78.665,3.8999999,136.0,1.9677902,10.78
2019-07-14,0.0,14.5199995,12.82,16.94,1020.2,79.075,3.22,107.0,1.4899887,10.77
2019-07-15,0.0,14.79,12.67,18.8,1019.60004,76.15,3.3999999,125.0,1.7518066,10.75
2019-07-16,0.0,14.7,12.98,16.92,1018.2,84.090004,2.8799999,117.0,1.6372045,10.73
2019-07-17,0.0,17.199999,11.84,23.56,1015.10004,77.575,1.38,224.0,3.3121848,10.72
2019-07-18,1.0,18.85,11.33,25.73,1010.8,75.165,3.26,218.0,3.3350794,10.7
2019-07-19,0.0,19.35,13.2,25.17,1012.9,68.81,1.8199999,232.0,3.580434,10.69
2019-07-20,6.8,19.3,15.23,23.949999,1010.4,77.585,3.6299999,178.0,2.746701,10.69
2019-07-21,0.0,17.48,11.19,22.32,1019.8,72.335,3.82,250.0,3.7117727,10.68
2019-07-22,0.0,19.31,12.059999,26.25,1021.8,75.965004,3.47,211.0,3.2446234,10.67
2019-07-23,0.0,23.21,12.78,31.59,1020.10004,67.53,2.3799999,260.0,4.279441,10.65
2019-07-24,0.0,27.39,18.0,36.64,1014.60004,55.48,2.86,304.0,5.323949,10.64
2019-07-25,0.0,28.619999,15.679999,37.8,1014.2,58.435,2.24,284.0,5.053455,10.63
2019-07-26,0.0,28.33,20.9,35.46,1009.7,42.05,4.68,285.0,5.057953,10.62
2019-07-27,0.0,24.619999,18.9,31.99,1003.5,48.9,5.7799997,261.0,4.4095244,10.6
2019-07-28,0.0,22.8,17.15,30.22,1003.4,68.285,3.98,209.0,3.4336414,10.58
2019-07-29,0.0,20.16,14.94,25.359999,1011.0,70.44,2.7,189.0,2.9622393,10.57
2019-07-30,0.0,21.48,13.36,30.48,1011.10004,64.125,2.59,244.0,3.91355,10.56
2019-07-31,4.1,17.539999,14.11,23.83,1014.0,79.295,3.83,174.0,2.591681,10.56
2019-08-01,1.8000001,17.38,12.849999,22.75,1015.4,84.185005,3.1299999,182.0,2.7007706,10.56
2019-08-02,3.5,17.949999,14.09,23.1,1014.9,84.275,2.76,167.0,2.5071328,10.55
2019-08-03,0.0,17.369999,12.04,20.97,1017.7,80.42,2.52,152.0,2.2533426,10.55
2019-08-04,0.0,17.73,9.84,23.74,1015.7,75.54,1.61,190.0,2.839176,10.54
2019-08-05,0.0,19.8,15.719999,25.47,1009.8,75.475,3.1499999,169.0,2.6325254,10.54
2019-08-06,0.0,18.49,13.24,24.109999,1008.3,74.575005,3.23,212.0,3.223634,10.53
2019-08-07,1.3000001,18.119999,13.82,23.47,1005.9,77.165,3.9499998,210.0,3.1728766,10.53
2019-08-08,0.0,17.82,10.65,23.83,1010.0,72.895004,4.16,217.0,3.2547708,10.52
2019-08-09,5.8,17.49,9.469999,21.369999,1007.3,91.105,3.02,91.0,1.3571748,10.53
2019-08-10,0.0,20.16,16.98,23.25,1007.10004,69.155,7.5499997,194.0,3.0443075,10.53
2019-08-11,0.0,18.14,14.61,22.96,1012.3,67.89,5.13,198.0,2.9863107,10.52
2019-08-12,2.8,16.67,13.23,21.779999,1013.3,79.705,3.79,193.0,2.8244524,10.52
2019-08-13,6.5,13.809999,9.4,19.39,1015.60004,84.55,2.82,153.0,2.09934,10.52
2019-08-14,11.8,15.549999,7.62,21.77,1014.9,77.215004,3.33,200.0,2.8558452,10.53
2019-08-15,2.3,16.94,13.87,20.96,1009.10004,87.895004,4.71,120.0,1.7686282,10.53
2019-08-16,4.1,17.77,12.54,21.89,1013.2,75.270004,3.85,178.0,2.6642528,10.58
2019-08-17,2.1000001,17.59,15.089999,21.8,1005.8,89.58,4.45,93.0,1.3905073,10.62
2019-08-18,0.0,16.32,12.99,19.779999,1005.8,86.8,3.59,85.0,1.2381171,10.63
2019-08-19,0.0,16.55,12.86,21.68,1013.9,76.095,4.91,200.0,2.9189157,10.63
2019-08-20,0.0,15.339999,9.53,21.27,1021.7,76.535,3.3899999,211.0,2.9914656,10.62
2019-08-21,0.0,15.11,7.69,22.38,1027.3,76.005005,2.0,219.0,3.0825467,10.62
2019-08-22,0.0,16.859999,8.0,24.83,1025.1,69.485,2.55,256.0,3.745749,10.59
2019-08-23,0.0,17.81,8.26,25.75,1025.6,75.095,2.03,240.0,3.5800414,10.57
2019-08-24,0.0,20.949999,12.78,29.83,1021.7,65.45,2.83,248.0,3.928976,10.56
2019-08-25,0.0,21.689999,11.71,30.83,1019.60004,66.28,1.9399999,242.0,3.885573,10.54
2019-08-26,0.0,22.97,13.19,31.17,1018.7,67.91,2.4199998,230.0,3.7726583,10.53
2019-08-27,0.0,24.73,15.87,33.51,1014.9,65.175,2.28,220.0,3.7117417,10.52
2019-08-28,1.6,22.96,15.94,30.66,1013.0,73.495,2.3799999,193.0,3.170308,10.52
2019-08-29,0.0,19.199999,11.55,24.66,1018.5,80.635,3.1799998,163.0,2.5039804,10.52
2019-08-30,0.0,17.23,9.53,24.4,1021.5,76.265,2.61,218.0,3.2183065,10.52
2019-08-31,10.0,20.13,9.83,29.4,1012.10004,70.37,2.6399999,223.0,3.4920404,10.54
2019-09-01,1.8000001,15.29,9.54,20.189999,1014.4,77.125,3.23,129.0,1.8318254,10.54
2019-09-02,0.0,14.639999,8.69,20.369999,1021.5,72.5,3.4099998,190.0,2.6517527,10.54
2019-09-03,0.0,16.35,12.9,20.039999,1021.0,78.405,4.04,91.0,1.3191581,10.54
2019-09-04,4.5,14.94,11.0,19.6,1013.2,86.675,4.75,93.0,1.3109256,10.54
2019-09-05,1.1,13.099999,7.2599998,17.01,1018.2,80.93,4.71,143.0,1.9270545,10.54
2019-09-06,5.5,13.54,7.8399997,17.5,1019.9,80.135,4.7799997,107.0,1.4563218,10.54
2019-09-07,11.400001,13.219999,8.05,18.359999,1017.8,87.17,2.79,151.0,2.0411205,10.54
2019-09-08,0.0,13.2699995,8.7699995,18.46,1018.60004,85.055,1.74,146.0,1.9752924,10.54
2019-09-09,0.0,11.8,5.91,18.48,1015.10004,81.445,1.77,150.0,1.95934,10.54
2019-09-10,0.0,11.94,4.42,18.619999,1017.60004,84.33,2.28,162.0,2.121454,10.54
2019-09-11,7.7000003,13.86,8.8,16.119999,1019.2,93.17778,4.39,86.0,1.1797557,10.62
2019-09-12,0.0,17.72,13.04,22.119999,1025.4,82.57,3.85,140.0,2.0847206,10.63
2019-09-13,0.0,15.299999,7.29,19.92,1032.2001,78.085,3.24,147.0,2.0741842,10.63
2019-09-14,0.0,12.13,5.47,19.42,1032.0,79.22,1.23,182.0,2.3807147,10.64
2019-09-15,3.4,14.219999,7.99,20.619999,1021.8,82.485,3.55,112.0,1.5478845,10.64
2019-09-16,0.0,12.599999,8.809999,16.68,1020.3,86.89,2.4099998,80.0,1.0639983,10.64
2019-09-17,0.0,11.71,7.9199996,16.609999,1020.8,75.29,4.5499997,123.0,1.5991292,10.64
2019-09-18,0.0,10.92,5.5,16.47,1027.1,79.635,2.9399998,134.0,1.7018664,10.63
2019-09-19,0.0,9.92,3.6399999,16.8,1030.6,77.29,1.76,156.0,1.9250813,10.62
2019-09-20,0.0,10.21,3.23,17.119999,1028.4,85.240005,1.37,116.0,1.44439,10.61
2019-09-21,0.0,13.929999,6.04,22.09,1019.10004,68.36,2.9399998,174.0,2.3909793,10.6
2019-09-22,3.7,17.71,9.21,25.38,1009.0,64.94,3.08,161.0,2.4103642,10.59
2019-09-23,0.0,15.839999,11.559999,20.029999,1013.3,89.51,2.44,90.0,1.2940385,10.58
2019-09-24,7.6,14.74,10.53,19.34,1008.4,87.58,3.28,92.0,1.2933388,10.57
2019-09-25,1.1,14.99,13.309999,17.93,1004.4,89.86,2.9199998,58.0,0.8211986,10.57
2019-09-26,10.2,15.65,13.13,17.42,1005.9,93.27334,4.39,38.0,0.5456005,10.58
2019-09-27,9.5,15.03,12.45,18.84,1005.7,85.725006,4.95,100.0,1.4164307,10.62
2019-09-28,34.4,14.66,12.38,17.9,1006.5,89.090004,5.66,90.0,1.2638462,10.66
2019-09-29,20.4,14.429999,12.84,16.24,996.7,93.66429,5.49,24.0,0.3365316,10.96
2019-09-30,16.2,13.79,11.23,16.92,1005.8,84.385,5.02,97.0,1.3354443,11.09
2019-10-01,3.6000001,13.25,10.11,17.99,999.4,91.768425,4.0699997,44.0,0.59958667,11.18
2019-10-02,5.8,10.429999,7.41,14.099999,1009.8,83.17,4.19,124.0,1.5660002,11.13
2019-10-03,1.6,10.9,7.0499997,15.78,1014.8,87.835,2.9099998,92.0,1.1740153,11.15
2019-10-04,5.4,8.809999,6.6299996,10.12,1005.8,92.56471,3.6799998,30.0,0.36282834,11.14
2019-10-05,0.0,8.66,2.6299999,13.969999,1016.8,86.195,2.28,106.0,1.2699711,11.14
2019-10-06,0.0,8.49,5.83,10.32,1015.5,83.195,4.98,49.0,0.5845175,11.12
2019-10-07,6.3,8.809999,2.21,12.58,1016.3,84.06,3.6399999,89.0,1.071181,11.1
2019-10-08,6.7000003,13.009999,10.889999,16.1,1004.10004,89.165,4.8199997,57.0,0.7708046,11.15
2019-10-09,10.2,10.4,8.47,12.62,1003.60004,91.96875,4.65,46.0,0.58205056,11.16
2019-10-10,6.5,11.15,8.72,14.5199995,1008.7,85.48,5.44,89.0,1.146244,11.2
2019-10-11,14.2,13.91,12.13,15.65,1006.9,90.65,7.9199996,27.0,0.37260753,11.22
2019-10-12,5.8,11.53,10.8,14.7,1008.5,93.86667,2.96,27.0,0.3512176,11.23
2019-10-13,2.4,15.58,10.79,20.51,1007.2,89.79474,4.2,49.0,0.7021298,11.23
2019-10-14,0.6,13.53,10.679999,15.37,1010.3,90.505005,3.02,62.0,0.8468509,11.22
2019-10-15,4.5,14.559999,12.0199995,17.8,1005.5,90.038895,2.85,74.0,1.0372022,11.21
2019-10-16,12.0,13.09,11.099999,15.719999,1006.8,91.52632,4.25,49.0,0.66318405,11.22
2019-10-17,1.1,13.299999,11.23,15.86,1008.2,90.895004,3.25,54.0,0.7341499,11.24
2019-10-18,3.3,12.07,9.469999,15.429999,1003.5,85.045,5.58,56.0,0.7400927,11.23
2019-10-19,0.0,11.15,9.45,13.67,1003.9,87.125,4.17,50.0,0.6452853,11.22
2019-10-20,2.7,10.46,7.22,12.32,1009.7,93.59091,2.1499999,30.0,0.37919405,11.21
2019-10-21,1.6,12.0199995,10.0,16.07,1016.2,90.97895,3.47,32.0,0.4201507,11.22
2019-10-22,0.0,11.34,7.1499996,14.259999,1022.3,92.64,2.58,45.0,0.5790859,11.2
2019-10-23,0.0,10.04,3.34,14.5199995,1015.60004,92.55,2.25,61.0,0.7602891,11.2
2019-10-24,1.3000001,13.65,10.53,17.56,1006.9,88.563156,3.6,45.0,0.6172293,11.19
2019-10-25,0.0,13.469999,11.219999,15.42,1014.4,85.96,5.7599998,54.0,0.7353316,11.2
2019-10-26,3.5,15.66,11.88,18.07,1009.0,77.665,7.69,58.0,0.83199114,11.19
2019-10-27,0.0,9.34,6.6099997,13.009999,1018.4,79.835,4.39,61.0,0.7446633,11.2
2019-10-28,0.0,6.99,3.03,12.7,1022.8,87.37369,2.71,75.0,0.8522006,11.18
2019-10-29,0.0,4.7599998,0.01,10.9,1027.0,86.685,2.06,88.0,0.92826533,11.17
2019-10-30,0.0,3.25,-0.79999995,9.309999,1029.2001,84.165,2.48,89.0,0.8897949,11.17
2019-10-31,0.0,2.3799999,-2.03,8.559999,1023.5,83.845,2.8899999,87.0,0.8454508,11.17
2019-11-01,10.5,4.64,-0.7,11.16,1004.2,91.6579,3.55,24.0,0.2551628,11.17
2019-11-02,2.8,12.12,9.99,14.389999,986.5,85.03,5.73,37.0,0.4930919,11.23
2019-11-03,10.8,10.34,8.95,12.58,984.8,89.725,3.26,38.0,0.48406386,11.22
2019-11-04,5.0,9.98,7.7799997,12.349999,988.0,93.37143,2.6399999,32.0,0.40312427,11.24
2019-11-05,2.8,9.28,8.099999,11.389999,995.7,94.28334,2.08,23.0,0.28321484,11.23
2019-11-06,1.0,6.23,1.02,9.84,1001.5,91.689476,2.05,31.0,0.347599,11.23
2019-11-07,4.3,6.31,2.03,8.83,998.3,92.305885,3.7099998,23.0,0.25896376,11.23
2019-11-08,0.0,4.24,0.099999994,10.09,1005.8,92.100006,2.45,70.0,0.7335954,11.23
2019-11-09,4.2000003,4.73,-0.08,7.68,1005.60004,92.3375,4.0899997,36.0,0.38361916,11.23
2019-11-10,0.0,4.27,0.45999998,9.03,1011.9,89.94,3.24,62.0,0.6483183,11.23
2019-11-11,5.0,4.5299997,0.77,7.6099997,1002.8,88.91,5.3199997,29.0,0.3074097,11.23
2019-11-12,1.0,4.5,3.26,6.22,997.9,89.655,5.89,28.0,0.29727975,11.23
2019-11-13,1.2,5.6,2.7,10.28,997.7,89.395004,5.16,26.0,0.28627524,11.22
2019-11-14,0.0,4.27,1.6999999,7.0499997,1003.60004,88.61,3.4199998,35.0,0.3676029,11.22
2019-11-15,0.0,3.6799998,0.91999996,5.2799997,1004.0,92.0875,4.25,14.0,0.14405514,11.21
2019-11-16,0.0,3.9399998,1.09,5.95,1007.3,90.35263,3.11,18.0,0.18655771,11.21
2019-11-17,9.400001,3.84,-0.77,5.8399997,1011.9,90.975006,2.58,38.0,0.39151636,11.2
2019-11-18,12.6,6.93,4.81,8.13,1006.10004,93.653336,4.83,14.0,0.1600835,11.25
2019-11-19,0.0,4.87,-1.8499999,9.08,1014.4,91.16,3.21,33.0,0.35168254,11.25
2019-11-20,0.0,-0.68,-3.06,1.23,1018.10004,93.18001,1.76,31.0,0.26844186,11.24
2019-11-21,0.0,2.2,-0.45,4.08,1010.10004,95.200005,3.29,19.0,0.18479933,11.24
2019-11-22,0.0,4.74,1.0799999,9.139999,1005.0,92.49167,3.34,32.0,0.34121636,11.23
2019-11-23,0.0,5.74,3.09,8.62,1002.10004,89.865005,5.54,27.0,0.29795992,11.23
2019-11-24,0.0,5.47,2.8,7.37,1007.3,93.13334,2.96,26.0,0.28366873,11.22
2019-11-25,0.0,5.8599997,3.11,7.8999996,1009.10004,94.450005,2.3799999,22.0,0.24285612,11.22
2019-11-26,2.2,8.07,2.6299999,10.25,1001.3,93.03334,3.6299999,11.0,0.1304808,11.22
2019-11-27,13.0,9.78,8.5199995,11.639999,988.10004,92.30625,4.65,16.0,0.2004578,11.23
2019-11-28,7.5,8.76,5.7,10.38,988.7,92.10556,5.8799996,13.0,0.15825552,11.26
2019-11-29,0.0,4.73,1.11,8.17,1010.10004,82.925,3.99,35.0,0.37208465,11.25
2019-11-30,0.0,2.07,-3.09,7.39,1022.9,92.56111,1.79,40.0,0.38441628,11.24
2019-12-01,1.0,0.31,-3.72,3.9199998,1022.4,94.075005,1.3199999,22.0,0.19770996,11.23
2019-12-02,1.4,4.52,-0.42,8.72,1024.8,92.256256,3.06,34.0,0.356148,11.23
2019-12-03,0.0,5.25,1.75,7.8199997,1025.9,90.37647,3.74,27.0,0.28968272,11.23
2019-12-04,0.0,2.99,-2.1699998,7.0899997,1021.7,92.08,2.9399998,31.0,0.30830956,11.23
2019-12-05,1.9,1.1999999,-2.72,5.0699997,1016.7,94.060005,4.87,27.0,0.252004,11.23
2019-12-06,9.7,6.41,5.5,8.49,1003.7,93.62858,8.03,12.0,0.13517097,11.24
2019-12-07,2.8,8.67,7.22,9.55,1008.3,88.795,5.77,15.0,0.18047515,11.25
2019-12-08,4.9,8.309999,5.8599997,10.9,996.7,85.93,8.5,16.0,0.19154605,11.26
2019-12-09,2.1000001,5.97,3.86,7.87,1001.9,80.295,5.49,19.0,0.21124926,11.24
2019-12-10,2.5,4.35,0.25,6.5899997,1017.3,77.955,6.1,32.0,0.33457518,11.24
2019-12-11,0.0,5.25,4.0299997,6.83,1005.0,92.78334,4.58,17.0,0.18436308,11.24
2019-12-12,1.4,4.0299997,2.6399999,5.3399997,994.9,85.335,5.23,20.0,0.2093183,11.24
2019-12-13,4.0,3.24,2.1699998,5.49,978.3,89.735,4.3399997,18.0,0.18498348,11.24
2019-12-14,2.4,4.8599997,2.86,6.93,986.7,84.805,6.72,20.0,0.21618503,11.24
2019-12-15,0.0,6.2599998,2.79,8.44,996.10004,80.435,7.54,31.0,0.34887508,11.24
2019-12-16,2.3,6.2599998,4.12,8.309999,1003.4,91.16667,4.04,13.0,0.1457664,11.23
2019-12-17,2.7,9.2699995,5.66,12.969999,1000.10004,84.94118,4.13,18.0,0.2211381,11.23
2019-12-18,0.0,5.42,3.1399999,7.75,1014.2,92.09091,3.6499999,25.0,0.2713518,11.23
2019-12-19,0.0,9.12,4.58,13.65,1006.4,80.990005,4.31,36.0,0.43913892,11.23
2019-12-20,0.0,9.639999,7.79,11.809999,987.3,77.53,5.93,16.0,0.19976217,11.23
2019-12-21,1.3000001,7.1499996,4.5899997,8.49,987.3,84.020004,5.1099997,22.0,0.25561002,11.22
2019-12-22,3.2,7.06,5.33,8.179999,983.8,91.69231,3.73,14.0,0.16249782,11.22
2019-12-23,1.2,7.16,6.06,8.82,1003.60004,89.915,4.99,15.0,0.17294492,11.22
2019-12-24,8.6,6.58,4.98,8.17,1006.7,92.818184,4.0099998,12.0,0.1356905,11.27
2019-12-25,0.0,5.49,2.1699998,8.48,1018.8,92.23,2.7,16.0,0.17365561,11.24
2019-12-26,0.0,4.87,2.85,6.66,1023.10004,92.15714,2.04,14.0,0.1485266,11.23
2019-12-27,0.0,1.74,-0.34,5.0299997,1031.4,89.200005,3.1899998,30.0,0.28341958,11.22
2019-12-28,0.0,-0.08,-2.28,1.04,1040.1,92.33889,2.36,22.0,0.19265154,11.22
2019-12-29,0.0,1.3399999,-1.99,3.34,1035.3,82.555,3.57,16.0,0.1485506,11.21
2019-12-30,0.0,4.48,1.8299999,7.2799997,1027.2001,66.895004,5.06,35.0,0.36566448,11.21
2019-12-31,0.0,3.4399998,-1.39,7.62,1033.1,94.012505,2.12,31.0,0.31137872,11.21
2020-01-01,0.0,0.0,-0.35,1.68,1032.0,93.71875,3.06,28.0,0.24715385,11.21
2020-01-02,2.1000001,2.51,-0.48,6.43,1023.3,93.425,4.95,21.0,0.20507185,11.21
2020-01-03,13.3,6.69,2.73,8.7699995,1016.8,93.15,5.37,18.0,0.20322055,11.27
2020-01-04,0.0,5.14,0.97999996,8.33,1027.2001,90.61875,4.42,14.0,0.14955801,11.24
2020-01-05,0.0,5.38,0.55,7.1299996,1031.7001,92.99375,3.7099998,23.0,0.2471004,11.23
2020-01-06,0.0,4.91,2.37,6.72,1023.10004,87.18,4.29,20.0,0.21246593,11.23
2020-01-07,2.2,6.43,2.9099998,7.99,1022.2,90.415794,5.24,19.0,0.21219534,11.22
2020-01-08,0.0,9.0199995,7.29,11.469999,1020.3,93.23,4.5099998,19.0,0.229642,11.23
2020-01-09,3.3,10.79,7.6299996,12.07,1009.8,93.5,5.68,17.0,0.21677294,11.23
2020-01-10,1.6,6.33,0.56,11.599999,1018.4,89.885,4.64,15.0,0.16730712,11.23
2020-01-11,0.0,4.71,0.02,6.93,1026.0,84.62,6.0099998,22.0,0.23179461,11.23
2020-01-12,4.4,6.24,2.74,9.25,1017.3,87.840004,6.5899997,28.0,0.31158492,11.25
2020-01-13,10.3,6.5099998,2.4199998,9.08,1013.2,89.4,5.17,22.0,0.24742141,11.23
2020-01-14,3.2,9.76,8.15,12.429999,1001.5,87.035,8.34,24.0,0.29870945,11.26
2020-01-15,3.1000001,9.05,4.7599998,11.67,1009.0,83.4,7.47,24.0,0.29182935,11.25
2020-01-16,0.0,6.6299996,3.6899998,9.21,1021.7,87.71,4.46,40.0,0.44966674,11.25
2020-01-17,1.4,7.6,4.63,9.05,1013.7,84.68,5.46,30.0,0.3488334,11.24
2020-01-18,5.1,4.1,1.38,6.91,1022.5,88.225,4.21,32.0,0.3308049,11.24
2020-01-19,0.0,3.78,0.38,7.8799996,1039.0,89.78,2.81,39.0,0.39522716,11.25
2020-01-20,0.0,3.3,-0.41,7.29,1045.8,92.9375,2.78,31.0,0.30772552,11.23
2020-01-21,0.0,3.4099998,0.55,6.25,1040.2001,93.06667,3.6599998,27.0,0.26988307,11.23
2020-01-22,0.0,4.93,0.95,8.34,1035.7001,93.16667,2.37,22.0,0.2323561,11.23
2020-01-23,0.0,2.24,0.25,4.98,1031.4,93.46516,1.65,27.0,0.25988778,11.23
2020-01-24,0.0,2.57,1.3,3.53,1022.8,93.76364,3.6299999,21.0,0.2055786,11.22
2020-01-25,0.0,2.0,1.1999999,3.1,1020.5,90.35834,3.73,21.0,0.20156544,11.22
2020-01-26,3.5,4.11,-0.11,7.1099997,1013.9,92.661545,3.77,30.0,0.31165552,11.22
2020-01-27,5.5,7.7799997,6.31,9.28,1002.0,91.325005,4.99,27.0,0.3174247,11.23
2020-01-28,7.1,4.69,2.3799999,7.17,990.7,88.18,6.31,23.0,0.24669221,11.25
2020-01-29,6.8,5.17,2.73,7.0299997,1003.2,85.630005,6.17,28.0,0.30314133,11.28
2020-01-30,0.8,8.07,5.71,10.38,1002.9,88.03,7.39,29.0,0.34373346,11.25
2020-01-31,6.8,9.82,7.6,11.87,1004.10004,90.045,7.37,26.0,0.3237588,11.25
2020-02-01,1.3000001,10.34,8.0199995,11.389999,1000.9,84.65,7.7599998,28.0,0.35414132,11.26
2020-02-02,5.4,6.87,6.42,8.8,1005.8,93.2375,4.35,20.0,0.22830097,11.26
2020-02-03,1.6,8.0,5.97,9.95,1007.4,81.32,6.39,32.0,0.37770027,11.25
2020-02-04,1.4,5.08,3.31,7.23,1013.8,82.46,4.5099998,40.0,0.42940918,11.24
2020-02-05,0.0,2.98,-2.22,7.3599997,1033.7001,87.865005,2.62,68.0,0.67164326,11.23
2020-02-06,0.0,4.74,0.91999996,7.29,1030.8,86.32,2.28,50.0,0.5260303,11.24
2020-02-07,0.0,4.8199997,2.1599998,7.74,1025.7001,78.04,3.4099998,53.0,0.5605791,11.23
2020-02-08,0.0,6.0499997,1.79,9.13,1017.7,83.46,4.49,37.0,0.40916306,11.23
2020-02-09,20.800001,9.32,7.17,11.179999,995.5,80.87,11.36,30.0,0.36985832,11.23
2020-02-10,10.900001,6.3799996,1.01,9.7699995,989.7,78.525,9.63,37.0,0.41931933,11.27
2020-02-11,6.7000003,4.73,2.56,5.5899997,998.60004,73.51,10.48,42.0,0.44920534,11.28
2020-02-12,0.0,4.63,2.1,6.43,1009.10004,74.185,7.9199996,47.0,0.49824053,11.27
2020-02-13,11.0,4.17,1.5899999,6.1099997,1002.0,92.4,4.36,31.0,0.32476014,11.28
2020-02-14,0.0,5.96,4.2799997,7.1,1016.7,85.87,3.61,37.0,0.40818694,11.27
2020-02-15,3.2,9.79,6.3999996,12.69,1011.7,80.44,7.68,44.0,0.54558414,11.26
2020-02-16,14.8,10.99,8.0,14.719999,997.4,85.57,9.96,30.0,0.3866369,11.26
2020-02-17,1.9,7.43,5.89,10.12,1008.10004,77.71,8.82,50.0,0.57996863,11.27
2020-02-18,6.0,6.74,4.22,8.79,1014.60004,75.6,8.01,66.0,0.74711543,11.26
2020-02-19,2.8,5.16,3.07,7.21,1014.9,82.33,5.7999997,61.0,0.6562152,11.26
2020-02-20,7.3,7.3399997,4.19,10.11,1009.9,87.775,7.6099997,46.0,0.53165203,11.26
2020-02-21,3.8,6.6099997,4.33,8.57,1019.3,78.130005,7.91,46.0,0.5174027,11.26
2020-02-22,13.0,8.75,7.0299997,10.429999,1013.60004,79.3,9.53,38.0,0.4571365,11.26
2020-02-23,15.1,6.8999996,4.96,10.53,1011.60004,87.805,6.49,23.0,0.2620424,11.29
2020-02-24,24.0,6.2,2.9099998,10.389999,1009.10004,90.0,6.5,23.0,0.25666967,11.28
2020-02-25,2.0,5.43,1.9799999,8.809999,995.5,79.49,7.0299997,63.0,0.69063914,11.3
2020-02-26,1.8000001,3.12,0.77,6.49,997.4,90.48,3.6399999,69.0,0.69868773,11.28
2020-02-27,2.8,2.03,0.59999996,3.9099998,1001.3,91.895004,3.5,46.0,0.4468331,11.28
2020-02-28,17.9,3.6699998,0.0,6.6099997,1008.5,85.62,5.69,68.0,0.6977533,11.27
2020-02-29,2.3,8.33,4.7799997,13.23,988.60004,79.445,8.36,81.0,0.9739926,11.29
2020-03-01,0.0,5.71,2.84,8.929999,989.8,78.64,7.58,81.0,0.8986599,11.28
2020-03-02,7.2000003,5.02,3.02,7.12,990.4,92.15295,3.62,65.0,0.70494473,11.27
2020-03-03,3.3,4.13,0.90999997,8.96,1001.2,86.47,3.53,103.0,1.0780294,11.27
2020-03-04,0.0,4.0499997,-0.13,9.07,1008.10004,89.78,2.98,95.0,0.9879244,11.27
2020-03-05,2.4,4.83,0.17,8.11,996.9,85.86,4.23,65.0,0.69814265,11.26
2020-03-06,1.8000001,5.25,4.02,6.2599998,998.7,87.985,5.2,62.0,0.67457944,11.26
2020-03-07,0.0,6.8999996,1.4599999,10.349999,1014.60004,76.585,4.39,88.0,1.0011247,11.25
2020-03-08,4.7000003,7.98,6.45,9.48,1008.3,86.725,6.2999997,69.0,0.8135858,11.25
2020-03-09,10.5,7.17,5.62,10.5,1009.4,85.04,4.85,82.0,0.9430513,11.26
2020-03-10,7.6,9.82,5.69,11.78,1000.7,92.65,7.8999996,51.0,0.63603574,11.27
2020-03-11,4.6,10.13,7.06,13.219999,1007.2,79.345,5.7799997,78.0,0.97820705,11.27
2020-03-12,4.3,7.5,4.92,11.38,1005.5,71.845,9.139999,135.0,1.5712051,11.27
2020-03-13,1.1,5.45,-0.85999995,9.65,1014.2,81.245,5.7799997,106.0,1.1516632,11.26
2020-03-14,0.0,5.67,-1.91,11.429999,1019.2,77.66,3.84,125.0,1.364406,11.26
2020-03-15,0.0,9.37,7.3599997,12.38,1012.10004,77.075,5.97,105.0,1.2865512,11.25
2020-03-16,0.0,7.45,2.4199998,12.44,1019.5,84.745,2.3,113.0,1.3043437,11.25
2020-03-17,0.0,7.8599997,1.25,12.67,1026.7001,74.87,4.83,129.0,1.5024554,11.24
2020-03-18,1.3000001,9.2699995,5.3399997,12.05,1024.1,78.895004,5.12,92.0,1.1179825,11.24
2020-03-19,0.0,7.5099998,6.21,10.349999,1026.5,85.335,3.1699998,68.0,0.7837186,11.24
2020-03-20,0.0,6.14,2.4299998,8.59,1028.8,80.445,4.48,75.0,0.8271859,11.23
2020-03-21,0.0,4.0499997,-0.19999999,8.47,1031.6,67.41,5.9,150.0,1.5405365,11.23
2020-03-22,0.0,3.04,-1.09,7.6,1033.8,56.95,5.65,198.0,1.959799,11.22
2020-03-23,0.0,3.48,-1.4,9.0,1034.2001,48.365,4.6,206.0,2.0708816,11.22
2020-03-24,0.0,4.37,-1.52,10.849999,1031.5,46.835,4.02,208.0,2.1600633,11.21
2020-03-25,0.0,5.18,-1.5799999,12.09,1028.5,43.605,3.54,216.0,2.309005,11.21
2020-03-26,0.0,4.85,-1.5699999,10.8,1025.2001,50.210003,4.47,212.0,2.245163,11.2
2020-03-27,0.0,7.5,0.61,14.08,1023.5,61.73,5.48,205.0,2.365352,11.2
2020-03-28,0.0,6.5,3.1599998,10.69,1025.6,69.395004,5.71,205.0,2.2907085,11.19
2020-03-29,0.0,3.57,-2.9199998,6.27,1032.3,56.835003,6.83,181.0,1.8272278,11.19
2020-03-30,1.7,3.4099998,-3.79,9.22,1029.8,83.64,3.9299998,140.0,1.4072206,11.19
2020-03-31,0.0,2.55,-3.4499998,8.559999,1030.7001,62.255,2.6599998,184.0,1.7921193,11.18
2020-04-01,0.0,4.65,-2.98,8.48,1021.0,77.770004,3.22,155.0,1.634034,11.18
2020-04-02,0.0,7.2799997,2.3799999,11.349999,1011.4,76.525,5.42,109.0,1.2565695,11.18
2020-04-03,0.0,5.33,-0.7,9.54,1015.8,73.520004,3.05,122.0,1.319206,11.17
2020-04-04,0.0,8.12,-0.76,14.49,1023.9,59.765,3.4499998,199.0,2.338915,11.16
2020-04-05,0.0,11.44,2.6599998,19.359999,1021.2,50.115,4.69,232.0,2.9947095,11.16
2020-04-06,0.0,13.84,6.0699997,23.22,1019.5,58.235,4.11,221.0,3.0299125,11.15
2020-04-07,0.0,11.33,6.43,18.17,1030.9,71.785,2.55,228.0,2.9226155,11.14
2020-04-08,0.0,13.25,5.0499997,22.31,1024.9,65.915,2.05,227.0,3.0620131,11.14
2020-04-09,0.0,10.19,2.97,18.44,1026.6,71.585,2.8,225.0,2.8022926,11.14
2020-04-10,0.0,7.93,1.81,14.46,1028.1,68.33,2.8999999,233.0,2.7176552,11.13
2020-04-11,0.0,10.42,2.19,19.09,1023.9,61.265,1.9399999,255.0,3.19973,11.12
2020-04-12,0.0,12.83,2.9399998,21.5,1014.9,64.955,2.85,222.0,2.9759245,11.12
2020-04-13,0.0,6.8399997,4.49,9.29,1023.0,57.46,6.45,220.0,2.4879043,11.11
2020-04-14,0.0,5.52,0.35999998,9.83,1026.6,70.245,3.59,174.0,1.8828838,11.11
2020-04-15,0.0,8.01,0.08,15.799999,1023.2,71.99,2.48,223.0,2.6132798,11.1
2020-04-16,0.0,9.2,0.57,17.32,1018.3,70.265,3.28,244.0,2.9669857,11.1
2020-04-17,0.0,7.3199997,1.29,13.639999,1019.4,72.795,3.61,257.0,2.9549127,11.09
2020-04-18,0.0,10.8,1.4,19.32,1017.2,64.625,4.46,220.0,2.7970688,11.09
2020-04-19,0.0,10.36,4.0499997,16.4,1021.5,44.905003,6.16,263.0,3.2981906,11.08
2020-04-20,0.0,11.15,2.6699998,17.47,1023.10004,43.805,6.6099997,271.0,3.4688318,11.07
2020-04-21,0.0,12.63,6.14,18.55,1022.2,47.46,7.21,273.0,3.6307998,11.06
2020-04-22,0.0,13.61,7.0099998,20.52,1023.2,48.27,5.91,280.0,3.812369,11.05
2020-04-23,0.0,14.0,4.97,22.369999,1019.7,54.355,3.01,270.0,3.7153814,11.04
2020-04-24,0.0,10.73,6.18,17.32,1013.9,68.195,4.12,277.0,3.5202167,11.04
2020-04-25,0.0,8.7699995,1.53,14.69,1014.3,69.685005,2.99,240.0,2.8879106,11.03
2020-04-26,0.0,7.79,-0.71,15.009999,1012.0,73.39,1.51,252.0,2.9493814,11.02
2020-04-27,0.0,12.17,2.33,20.43,1007.3,64.545,3.1799998,259.0,3.426127,11.02
2020-04-28,3.6000001,8.78,6.24,11.2699995,1005.2,84.61,3.78,166.0,2.0064802,11.02
2020-04-29,2.4,10.36,7.17,14.009999,1002.8,87.19,3.1399999,122.0,1.5425816,11.04
2020-04-30,2.2,11.33,7.98,15.719999,998.3,71.325,5.15,161.0,2.092579,11.05
2020-05-01,9.2,9.28,6.49,12.11,998.3,83.695,4.94,162.0,1.9924425,11.04
2020-05-02,0.0,9.4,5.02,13.33,1007.60004,82.39,4.0699997,161.0,1.9784129,11.08
2020-05-03,0.0,10.4,5.56,15.25,1016.9,78.165,2.9399998,178.0,2.2391658,11.06
2020-05-04,0.0,8.91,2.35,13.78,1020.7,71.075005,3.56,242.0,2.9151523,11.05
2020-05-05,0.0,7.46,-0.19,13.21,1023.3,68.85,3.34,290.0,3.3423529,11.04
2020-05-06,0.0,7.99,-0.01,15.299999,1026.3,69.64,2.26,297.0,3.4733129,11.02
2020-05-07,0.0,9.889999,-0.22,18.34,1023.5,69.57,1.48,290.0,3.5869584,11.01
2020-05-08,0.0,13.639999,2.24,21.82,1018.4,64.98,1.4,280.0,3.8222914,11.0
2020-05-09,0.0,15.9,6.3399997,23.67,1013.4,63.245,2.61,301.0,4.3333015,10.99
2020-05-10,0.0,11.74,6.87,20.58,1008.8,69.555,5.41,238.0,3.1122634,10.99
2020-05-11,0.0,7.3799996,2.8899999,11.469999,1015.8,59.64,6.66,251.0,2.8962395,10.97
2020-05-12,1.3000001,6.94,0.62,12.05,1017.0,72.865,3.62,206.0,2.3436985,10.96
2020-05-13,0.0,6.87,1.28,11.38,1014.7,70.255005,4.25,186.0,2.113941,10.97
2020-05-14,0.0,6.06,-1.99,12.469999,1021.10004,65.42,3.1599998,227.0,2.506803,10.96
2020-05-15,0.0,8.01,-2.25,14.099999,1022.2,72.16,3.07,229.0,2.6848571,10.95
2020-05-16,0.0,10.32,3.07,16.97,1021.5,72.045,4.02,203.0,2.5429802,10.94
2020-05-17,0.0,11.69,1.9399999,18.76,1022.5,70.240005,3.85,246.0,3.1943345,10.94
2020-05-18,0.0,13.929999,7.14,20.619999,1021.5,70.485,4.43,265.0,3.6380405,10.93
2020-05-19,0.0,15.339999,10.849999,20.189999,1021.60004,75.29,2.75,223.0,3.161713,10.92
2020-05-20,0.0,15.5199995,10.679999,20.71,1023.3,76.525,2.28,230.0,3.2719364,10.91
2020-05-21,0.0,18.13,8.99,25.88,1021.0,64.73,2.05,266.0,3.9994395,10.9
2020-05-22,1.3000001,17.369999,12.559999,23.96,1016.3,67.495,4.3399997,205.0,3.0405147,10.9
2020-05-23,3.7,14.679999,10.98,18.58,1020.2,64.425,6.16,211.0,2.9489856,10.89
2020-05-24,4.2000003,13.42,9.969999,15.49,1026.0,82.235,5.04,168.0,2.2745078,10.95
2020-05-25,0.0,13.259999,6.5,17.64,1033.5,76.795,4.08,221.0,2.971662,10.97
2020-05-26,0.0,14.33,5.22,22.0,1035.2001,71.795,1.7199999,264.0,3.6392436,10.94
2020-05-27,0.0,13.91,7.35,19.539999,1034.7001,71.805,3.82,288.0,3.9317653,10.92
2020-05-28,0.0,12.12,4.91,18.19,1034.4,69.025,3.77,313.0,4.0892277,10.9
2020-05-29,0.0,13.13,2.79,21.189999,1029.0,68.295,3.3799999,246.0,3.303235,10.88
2020-05-30,0.0,16.109999,7.3999996,22.25,1025.3,59.165,3.6699998,314.0,4.5214987,10.87
2020-05-31,0.0,15.42,8.88,21.33,1024.7001,58.795002,4.56,318.0,4.511483,10.86
2020-06-01,0.0,17.06,8.99,24.51,1023.2,57.855,4.1,329.0,4.8371425,10.84
2020-06-02,0.0,20.26,11.78,27.75,1015.8,53.04,2.3899999,357.0,5.597056,10.83
2020-06-03,0.0,17.56,12.57,24.119999,1003.3,76.43,3.33,297.0,4.4417996,10.83
2020-06-04,6.7000003,12.2699995,8.66,14.71,996.2,88.81,4.2599998,133.0,1.7719045,10.83
2020-06-05,16.0,9.559999,6.5,13.059999,992.60004,86.125,4.46,137.0,1.702584,10.87
2020-06-06,3.8,11.2,6.67,15.599999,997.60004,69.15,6.0,223.0,2.8895378,10.96
2020-06-07,3.8,12.2699995,9.62,17.16,1005.3,80.645004,5.1099997,206.0,2.7341244,10.94
2020-06-08,0.0,13.2,9.0,18.4,1014.60004,83.255005,2.84,215.0,2.908536,10.94
2020-06-09,0.0,12.2,7.0099998,16.15,1019.3,72.32,2.34,221.0,2.911183,10.92
2020-06-10,3.1000001,12.889999,5.6099997,16.66,1016.8,82.765,2.77,188.0,2.5219293,10.9
2020-06-11,1.5,15.059999,12.9,17.43,1012.2,92.49474,3.23,119.0,1.6825715,10.91
2020-06-12,0.0,20.05,14.94,25.32,1008.9,77.435,4.19,205.0,3.2087476,10.91
2020-06-13,0.0,20.49,15.87,27.279999,1011.0,82.48,2.71,247.0,3.8941956,10.88
2020-06-14,16.800001,18.89,15.61,24.67,1013.60004,90.505264,2.24,179.0,2.7380157,10.86
2020-06-15,0.0,18.279999,15.5,22.31,1016.10004,86.520004,2.09,179.0,2.7037272,10.89
2020-06-16,0.0,18.4,14.559999,22.66,1015.2,82.58,1.8199999,164.0,2.4837105,10.88
2020-06-17,2.1000001,18.23,14.059999,23.66,1012.4,83.18,2.57,258.0,3.897996,10.86
2020-06-18,1.0,17.029999,14.66,20.64,1011.3,88.840004,1.91,211.0,3.1132095,10.85
2020-06-19,1.9,17.46,12.08,22.88,1015.5,81.66,1.9599999,231.0,3.4333518,10.84
2020-06-20,0.0,16.869999,11.0199995,21.88,1020.4,76.17,3.0,256.0,3.7527022,10.82
2020-06-21,0.0,17.82,10.59,24.5,1019.10004,75.715004,2.82,265.0,3.9624639,10.8
2020-06-22,0.0,17.09,10.69,23.0,1024.3,71.745,2.59,317.0,4.6618233,10.79
2020-06-23,0.0,18.859999,9.03,25.68,1025.6,66.825005,2.06,342.0,5.2078753,10.77
2020-06-24,0.0,20.71,12.16,27.23,1023.9,63.895,3.05,309.0,4.8714576,10.76
2020-06-25,0.0,22.8,14.15,29.26,1019.3,65.53,3.34,319.0,5.2173324,10.75
2020-06-26,0.0,23.619999,16.5,29.599998,1012.0,60.04,3.22,314.0,5.2132573,10.74
2020-06-27,11.3,20.689999,16.64,26.529999,1008.3,81.72,3.06,251.0,3.974557,10.73
2020-06-28,0.0,17.47,12.29,21.38,1010.5,69.355,5.17,244.0,3.6335468,10.77
2020-06-29,3.6000001,15.71,11.969999,19.77,1009.2,66.395004,6.0299997,196.0,2.8144078,10.77
2020-06-30,10.0,14.5199995,12.59,17.75,1006.4,88.915,4.66,140.0,1.9598137,10.76
2020-07-01,6.0,17.39,13.23,22.1,1005.10004,82.555,4.0699997,169.0,2.5173018,10.84
2020-07-02,6.2000003,16.41,11.55,21.4,1010.0,82.215004,3.57,195.0,2.8415084,11.06
2020-07-03,0.0,16.8,10.57,20.96,1014.3,76.37,4.7999997,190.0,2.7871175,11.01
2020-07-04,8.2,16.26,14.12,17.449999,1010.9,92.25556,6.39,97.0,1.4085314,10.99
2020-07-05,4.5,17.64,14.88,21.83,1007.4,82.195,6.7599998,135.0,2.0193915,11.05
2020-07-06,2.0,14.059999,9.7,17.72,1014.10004,78.535,5.6299996,211.0,2.9139,11.09
2020-07-07,4.4,13.429999,7.91,17.71,1018.2,81.095,3.59,211.0,2.8661776,11.05
2020-07-08,12.1,13.46,10.79,16.529999,1015.4,91.64,1.79,142.0,1.932423,11.07
2020-07-09,25.1,14.36,12.7699995,15.849999,1011.2,93.950005,3.48,89.0,1.2390435,11.2
2020-07-10,1.0,13.0199995,7.85,17.35,1013.4,85.05,3.72,135.0,1.8192072,11.23
2020-07-11,2.9,13.63,7.1299996,18.9,1024.1,82.12,2.56,217.0,2.9549546,11.19
2020-07-12,0.0,14.21,6.73,19.98,1027.9,76.26,1.8299999,280.0,3.8597567,11.16
2020-07-13,0.0,16.31,6.91,22.47,1022.4,71.915,1.4,333.0,4.8207226,11.14
2020-07-14,6.6,14.82,9.44,18.25,1014.4,89.71,1.9699999,165.0,2.3185027,11.14
2020-07-15,0.0,14.12,8.55,19.869999,1014.4,85.700005,1.7199999,193.0,2.6687396,11.17
2020-07-16,0.0,15.639999,10.74,19.72,1017.10004,87.58,1.5799999,162.0,2.31593,11.15
2020-07-17,0.0,17.56,13.42,21.779999,1020.3,84.29,1.4599999,202.0,3.0034633,11.13
2020-07-18,0.0,19.609999,12.25,25.08,1018.2,81.28,2.0,280.0,4.33481,11.11
2020-07-19,1.7,18.34,14.63,24.6,1015.8,82.805,2.85,251.0,3.7960877,11.09
2020-07-20,0.0,15.15,8.66,20.0,1020.4,74.92,2.85,273.0,3.8559678,11.08
2020-07-21,0.0,14.179999,7.37,20.539999,1023.7,74.495,2.97,267.0,3.6839147,11.06
2020-07-22,0.0,14.349999,7.5699997,19.52,1023.10004,72.99,1.92,247.0,3.422254,11.04
2020-07-23,0.0,17.279999,11.45,23.15,1015.5,72.085,2.99,237.0,3.50966,11.02
2020-07-24,0.0,17.72,12.719999,23.029999,1010.9,79.685,3.1399999,193.0,2.8881466,11.01
2020-07-25,20.6,17.68,12.42,21.05,1009.2,89.945,3.4099998,152.0,2.274104,11.0
2020-07-26,0.0,17.68,12.08,21.789999,1009.9,79.78,4.2599998,241.0,3.6047893,11.18
2020-07-27,3.2,16.89,12.78,20.609999,1010.60004,82.39,3.3899999,152.0,2.2367709,11.13
2020-07-28,0.0,16.84,13.549999,20.16,1010.7,74.145004,4.79,188.0,2.7635717,11.12
2020-07-29,0.0,14.79,8.059999,18.56,1018.60004,73.745,4.0699997,207.0,2.9020865,11.1
2020-07-30,0.0,16.14,6.5299997,23.51,1020.60004,75.925,1.6899999,254.0,3.6660697,11.07
2020-07-31,0.0,21.35,11.44,28.279999,1016.8,67.855,2.6399999,297.0,4.745001,11.04
2020-08-01,0.0,20.029999,13.08,26.369999,1013.5,81.035,2.98,227.0,3.5467007,11.03
2020-08-02,0.0,16.06,10.04,22.22,1014.4,81.35,3.1,247.0,3.5668807,11.02
2020-08-03,0.0,14.589999,7.6499996,20.5,1014.3,85.93,1.73,194.0,2.7118921,10.99
2020-08-04,0.0,15.7699995,8.28,20.689999,1016.0,67.965004,2.3,247.0,3.5425344,10.98
2020-08-05,0.0,20.279999,12.96,26.67,1015.10004,61.23,3.61,298.0,4.6747456,10.95
2020-08-06,0.0,22.0,12.28,30.07,1019.0,66.12,2.11,283.0,4.568456,10.93
2020-08-07,0.0,23.769999,14.4,32.52,1019.9,62.5,1.8299999,289.0,4.799016,10.9
2020-08-08,0.0,24.81,14.08,33.37,1019.8,62.58,1.74,263.0,4.4367895,10.88
2020-08-09,0.0,23.91,18.25,30.599998,1018.3,69.89,3.52,253.0,4.2121377,10.86
2020-08-10,0.0,24.72,16.52,32.399998,1016.3,66.935,2.8899999,260.0,4.384344,10.84
2020-08-11,0.0,26.25,18.1,33.28,1016.3,60.68,3.6999998,265.0,4.567943,10.82
2020-08-12,0.0,25.92,19.619999,32.92,1014.60004,55.030003,3.06,269.0,4.6174984,10.8
2020-08-13,6.0,25.24,18.96,32.39,1011.9,64.270004,2.74,247.0,4.201791,10.78
2020-08-14,0.0,22.18,18.43,27.72,1012.7,86.035,1.8499999,217.0,3.5199401,10.77
2020-08-15,0.0,21.189999,17.31,25.46,1014.5,85.57,1.43,189.0,3.013308,10.77
2020-08-16,8.5,22.42,15.86,29.65,1011.10004,79.270004,2.24,210.0,3.4214299,10.76
2020-08-17,12.8,18.81,13.99,22.9,1009.4,89.795,1.67,168.0,2.5693731,10.83
2020-08-18,0.0,17.779999,12.0199995,23.73,1010.10004,84.355,2.4099998,186.0,2.7874887,10.87
2020-08-19,0.0,20.27,11.5,26.099998,1008.0,72.79,2.5,221.0,3.473871,10.85
2020-08-20,0.0,22.85,19.13,27.01,1006.60004,78.12,3.51,181.0,2.9733195,10.82
2020-08-21,0.0,23.22,16.31,29.64,1007.4,68.28,4.5499997,186.0,3.0727572,10.8
2020-08-22,8.3,18.6,14.929999,22.91,1012.2,77.520004,5.1,160.0,2.4349515,10.78
2020-08-23,6.8,16.47,12.41,20.439999,1013.3,84.79,4.35,163.0,2.3754187,10.78
2020-08-24,7.4,15.75,10.07,19.83,1013.3,84.490005,3.51,149.0,2.138173,10.86
2020-08-25,19.4,15.549999,9.03,18.41,1006.10004,88.975,4.2799997,100.0,1.4325612,10.96
2020-08-26,5.9,16.279999,13.42,19.16,1004.5,90.840004,7.2999997,100.0,1.4560573,11.06
2020-08-27,1.5,15.549999,11.12,19.039999,1013.2,80.115005,2.3999999,120.0,1.7145797,11.04
2020-08-28,11.2,14.849999,11.38,20.779999,999.7,86.725,3.9599998,150.0,2.1209178,11.02
2020-08-29,2.2,14.87,11.01,19.22,1002.2,87.76,4.69,156.0,2.2046533,11.1
2020-08-30,3.8,15.63,12.929999,19.83,1010.2,88.715004,3.6899998,134.0,1.9200838,11.1
2020-08-31,0.0,14.7,8.76,19.01,1019.10004,75.865,2.56,168.0,2.350057,11.07
2020-09-01,0.0,13.82,6.2799997,20.5,1019.8,77.88,1.67,173.0,2.3704343,11.04
2020-09-02,2.1000001,13.69,5.27,21.3,1019.2,76.505,1.13,212.0,2.8965535,11.02
2020-09-03,20.800001,14.23,8.9,18.119999,1016.10004,93.31667,3.9299998,93.0,1.2884182,11.03
2020-09-04,1.0,16.89,13.46,21.16,1018.4,83.665,3.12,120.0,1.7610452,11.17
2020-09-05,1.3000001,14.099999,10.04,18.44,1017.0,81.125,3.6699998,155.0,2.1401365,11.14
2020-09-06,3.4,13.09,8.86,18.07,1018.9,87.755005,2.96,144.0,1.9395155,11.12
2020-09-07,0.0,13.9,7.33,19.83,1022.4,86.285,2.75,153.0,2.0982351,11.12
2020-09-08,0.0,17.07,14.21,20.279999,1023.10004,91.61053,3.83,94.0,1.3823748,11.11
2020-09-09,2.6000001,16.16,9.639999,19.21,1020.3,93.34445,3.9299998,55.0,0.7942605,11.11
2020-09-10,0.0,13.82,8.44,18.6,1021.60004,77.215004,1.76,122.0,1.6704631,11.1
2020-09-11,0.0,13.49,8.33,18.98,1016.7,81.3,1.93,165.0,2.2458785,11.09
2020-09-12,0.0,13.549999,8.059999,18.93,1018.60004,87.035,3.3999999,130.0,1.7706923,11.07
2020-09-13,0.0,15.99,10.08,22.75,1023.9,85.880005,3.6999998,161.0,2.3135102,11.06
2020-09-14,0.0,18.119999,9.23,27.42,1023.9,81.51,1.64,189.0,2.8383887,11.04
2020-09-15,0.0,20.34,11.309999,29.98,1019.0,79.39,1.13,192.0,3.0115268,11.03
2020-09-16,0.0,16.859999,10.96,22.82,1022.3,82.630005,3.6,165.0,2.4166205,11.02
2020-09-17,0.0,12.87,6.5499997,18.21,1029.8,73.75,3.4099998,181.0,2.4141777,11.0
2020-09-18,0.0,12.28,5.0899997,19.81,1026.6,67.37,3.9199998,198.0,2.6056547,10.99
2020-09-19,0.0,13.48,6.49,21.779999,1020.5,67.8,3.8,182.0,2.4729667,10.98
2020-09-20,0.0,13.4,5.93,21.84,1019.5,73.295,3.29,188.0,2.5505989,10.96
2020-09-21,0.0,13.94,6.08,24.22,1016.3,77.775,1.5799999,176.0,2.4216654,10.95
2020-09-22,0.0,12.759999,4.99,22.41,1009.3,80.135,1.0,167.0,2.2398794,10.94
2020-09-23,12.0,15.719999,7.77,22.14,1001.9,83.56,3.6299999,142.0,2.0449243,10.93
2020-09-24,3.5,13.99,11.11,17.93,998.9,76.755005,5.0499997,143.0,1.9833119,11.03
2020-09-25,0.0,11.23,7.7799997,14.34,994.0,81.28,4.52,128.0,1.6624322,11.06
2020-09-26,6.3,11.08,5.27,15.009999,997.8,87.825005,3.59,104.0,1.3432668,11.03
2020-09-27,1.8000001,13.65,12.099999,16.199999,1003.4,88.06842,3.4299998,68.0,0.9339912,11.1
2020-09-28,6.0,12.49,11.509999,13.259999,1009.0,93.950005,2.71,28.0,0.37310067,11.09
2020-09-29,1.9,13.12,10.83,17.13,1014.5,94.422226,2.05,62.0,0.8371509,11.17
2020-09-30,0.0,15.25,12.49,18.4,1012.2,90.745,2.98,86.0,1.2211324,11.13
2020-10-01,3.0,13.33,9.7699995,16.609999,1000.8,89.33,3.58,76.0,1.0370493,11.12
2020-10-02,0.0,12.96,6.81,17.57,996.2,87.05,4.58,102.0,1.3820769,11.12
2020-10-03,7.4,13.12,8.84,15.7,989.9,90.4,4.48,45.0,0.61365277,11.11
2020-10-04,0.0,11.36,9.309999,14.549999,991.10004,79.435005,5.35,66.0,0.86114424,11.16
2020-10-05,10.0,11.24,9.16,12.53,997.5,86.315,4.9,61.0,0.7912667,11.13
2020-10-06,1.7,12.24,9.53,14.61,996.5,92.450005,4.71,60.0,0.79865974,11.22
2020-10-07,9.6,11.759999,8.98,15.67,1008.2,88.83,4.0,70.0,0.91607076,11.17
2020-10-08,14.6,12.07,9.59,15.549999,1010.4,92.81177,5.2999997,39.0,0.51394403,11.25
2020-10-09,5.5,10.55,6.2799997,14.599999,1016.0,89.355,3.1,59.0,0.74550194,11.23
2020-10-10,4.3,7.77,4.6,12.509999,1016.5,89.065,3.49,86.0,1.0037766,11.24
2020-10-11,11.5,8.7,4.5099998,12.34,1017.7,91.193756,3.33,84.0,1.007141,11.25
2020-10-12,0.0,9.49,5.87,14.25,1017.7,88.43,2.55,76.0,0.9320034,11.25
2020-10-13,0.0,8.5199995,5.8799996,13.679999,1014.8,86.675,2.99,97.0,1.1584964,11.23
2020-10-14,0.0,9.46,6.46,12.05,1019.60004,81.895004,4.29,85.0,1.0406011,11.22
2020-10-15,0.0,8.79,5.0499997,11.38,1022.2,79.47,3.4099998,68.0,0.81573856,11.21
2020-10-16,0.0,7.7999997,3.6899998,11.719999,1023.4,84.1,1.73,82.0,0.9548172,11.2
2020-10-17,0.0,8.33,3.1499999,13.09,1020.7,88.565,1.16,76.0,0.9001696,11.2
2020-10-18,0.0,8.73,4.15,12.7699995,1020.60004,90.915,2.54,69.0,0.8269062,11.19
2020-10-19,0.0,8.78,5.91,11.9,1019.2,89.55,2.6699998,51.0,0.6124722,11.19
2020-10-20,4.8,10.82,6.64,13.679999,1007.8,85.72,4.14,41.0,0.52367586,11.19
2020-10-21,5.0,14.719999,12.24,18.44,1001.4,87.05,6.04,30.0,0.42267367,11.24
2020-10-22,0.0,13.28,10.059999,16.65,1008.8,84.06,5.22,56.0,0.76079315,11.21
2020-10-23,0.0,11.58,6.87,16.3,1009.4,92.494446,3.4199998,71.0,0.9244108,11.2
2020-10-24,3.0,12.889999,9.969999,15.059999,1007.3,88.39,5.6,48.0,0.64637214,11.2
2020-10-25,0.0,11.889999,9.4,15.45,1000.10004,88.015,5.21,26.0,0.3425445,11.21
2020-10-26,2.2,9.78,8.5,12.03,999.4,85.700005,5.0099998,40.0,0.4985945,11.2
2020-10-27,3.5,9.58,7.8399997,11.259999,1001.0,87.75,5.85,42.0,0.520262,11.21
2020-10-28,2.3,10.219999,8.34,12.73,1003.60004,87.65,5.46,56.0,0.705147,11.21
2020-10-29,9.0,10.12,6.39,13.37,1010.8,89.375,5.1,55.0,0.6884735,11.21
2020-10-30,7.7000003,13.91,13.38,14.639999,1015.8,92.64616,5.7,32.0,0.44007835,11.24
2020-10-31,2.4,13.23,10.04,14.429999,1015.9,91.433334,4.41,27.0,0.36533338,11.25
2020-11-01,1.4,13.23,9.05,17.25,1007.2,88.17368,5.92,39.0,0.5295401,11.24
2020-11-02,0.0,15.73,10.24,19.279999,1005.4,82.545,8.059999,35.0,0.5034922,11.23
2020-11-03,2.4,9.08,6.2999997,12.349999,1018.60004,80.445,5.5,62.0,0.7512292,11.22
2020-11-04,0.0,6.79,2.19,12.0199995,1030.8,89.21,3.32,75.0,0.84360677,11.22
2020-11-05,0.0,7.16,1.64,11.29,1037.1,91.19444,2.6299999,60.0,0.68064666,11.21
2020-11-06,0.0,8.7699995,5.3199997,12.309999,1032.6,89.55,2.1,56.0,0.66819704,11.21
2020-11-07,0.0,6.41,2.1399999,12.16,1024.1,89.67368,1.8199999,59.0,0.65788615,11.2
2020-11-08,0.0,7.33,2.6399999,13.04,1022.60004,90.537506,1.92,65.0,0.7464286,11.2
2020-11-09,1.8000001,8.2,5.24,11.91,1023.8,91.97693,2.01,48.0,0.5655284,11.2
2020-11-10,0.0,6.0699997,4.81,7.08,1025.8,94.200005,2.36,33.0,0.36368695,11.2
2020-11-11,1.6,9.66,7.31,11.2699995,1022.8,93.200005,2.4199998,20.0,0.24587257,11.2
2020-11-12,1.5,9.51,6.04,12.42,1015.3,90.642105,4.48,29.0,0.35621795,11.22
2020-11-13,0.0,8.62,5.2999997,11.69,1014.8,92.26,3.6299999,34.0,0.40725398,11.2
2020-11-14,0.0,11.15,7.24,13.96,1013.0,91.4,3.54,34.0,0.4370852,11.2
2020-11-15,10.900001,11.92,8.29,15.559999,1002.3,81.42,6.18,30.0,0.39517894,11.2
2020-11-16,5.9,9.53,7.58,12.33,1010.4,90.1,5.8799996,28.0,0.34488913,11.23
2020-11-17,0.0,11.66,8.4,13.049999,1020.0,89.805885,6.21,22.0,0.2857503,11.24
2020-11-18,1.4,12.42,10.36,14.179999,1017.60004,81.095,6.0299997,35.0,0.46392617,11.22
2020-11-19,1.8000001,7.0699997,1.8199999,11.28,1020.10004,80.525,5.3599997,29.0,0.33076862,11.21
2020-11-20,0.0,5.1,2.3,9.07,1032.0,86.055,3.46,36.0,0.38312143,11.21
2020-11-21,5.3,7.8399997,3.87,9.99,1024.8,91.98948,6.3799996,41.0,0.47766656,11.21
2020-11-22,0.0,7.6,2.97,10.75,1023.0,89.69474,3.9399998,26.0,0.30098057,11.23
2020-11-23,0.0,5.5899997,2.11,10.09,1026.1,86.765,3.4199998,49.0,0.53159076,11.22
2020-11-24,0.0,7.21,4.22,9.58,1020.7,91.71177,4.13,31.0,0.3550059,11.21
2020-11-25,0.0,5.5499997,3.27,8.0,1015.9,89.80527,3.6299999,36.0,0.39207155,11.21
2020-11-26,1.4,7.3799996,5.21,10.0199995,1020.0,91.82223,1.8,26.0,0.29940268,11.2
2020-11-27,0.0,6.35,4.19,7.73,1020.5,92.95556,2.12,28.0,0.31217924,11.21
