forecast_date,head_t,head_lag_1w,head_lag_2w,head_lag_4w,head_mean_4w,head_change_1w,rainfall_mm_t,temperature_mean_c_t,temperature_min_c_t,temperature_max_c_t,sea_level_pressure_hpa_t,relative_humidity_pct_t,wind_speed_ms_t,global_radiation_wm2_t,potential_evaporation_mm_t,rainfall_sum_4w,evaporation_sum_4w,rainfall_sum_8w,evaporation_sum_8w,season_sin,season_cos,target_date,target_head_m,baseline_persistence,baseline_seasonal_52w,forecast_week_valid,target_available,features_complete,sample_valid
2000-01-02,,,,,,,,,,,,,,,,,,,,0.01716632975470737,0.9998526477050269,2000-01-09,11.23857142857143,,,False,True,False,False
2000-01-09,11.23857142857143,,,,,,23.3000011,5.159999914285714,2.552857085714286,7.527142785714285,1017.54288,93.02567,5.037142728571429,19.571428571428573,1.439658015,,,,,0.13690605792347524,0.990584035457797,2000-01-16,11.212857142857144,11.23857142857143,,True,True,False,False
2000-01-16,11.212857142857144,11.23857142857143,,,,-0.025714285714284912,0.0,2.071428571428572,0.0514285885714285,3.7314285,1028.9571485714284,90.56763342857144,3.9714285142857135,22.0,1.45780651,,,,,0.2546711202412287,0.9670277247913204,2000-01-23,11.221428571428572,11.212857142857144,,True,True,False,False
2000-01-23,11.221428571428572,11.212857142857144,11.23857142857143,,,0.00857142857142712,10.2000001,4.262857142857143,1.9657142685714284,5.8485713285714285,1022.7428571428572,88.60571714285713,5.6942856285714285,25.714285714285715,1.82863577,,,,,0.3687629311922601,0.9295234803804003,2000-01-30,11.224285714285717,11.221428571428572,,True,True,False,False
2000-01-30,11.224285714285717,11.221428571428572,11.212857142857144,,11.224285714285715,0.002857142857145334,27.3,3.3257142,0.8828572,5.448571214285714,1016.3857485714286,88.37624357142856,5.925714185714286,28.857142857142858,1.95722531,60.8000012,6.683325605,,,0.47753588643748823,0.8786122450571483,2000-02-06,11.244285714285716,11.224285714285717,,True,True,False,False
2000-02-06,11.244285714285716,11.224285714285717,11.221428571428572,11.23857142857143,11.225714285714288,0.019999999999999574,15.6000003,7.467142799999999,6.111428457142857,9.242856857142856,1020.4000057142856,87.75214357142856,6.721428528571429,33.714285714285715,2.72012202,53.1000004,7.96378961,,,0.5794210982045637,0.8150283375168114,2000-02-13,11.248571428571427,11.244285714285716,,True,True,False,False
2000-02-13,11.248571428571427,11.244285714285716,11.224285714285717,11.212857142857144,11.234642857142859,0.004285714285710895,26.9,5.697142814285714,3.3771428,8.307142328571429,1013.38572,84.62785842857143,7.1328571,44.57142857142857,3.37626237,80.0000004,9.88224547,,,0.6729490241558329,0.7396888608649668,2000-02-20,11.252857142857142,11.248571428571427,,True,True,False,False
2000-02-20,11.252857142857142,11.248571428571427,11.244285714285716,11.221428571428572,11.2425,0.004285714285714448,23.1000004,3.525714185714285,0.5485714414285714,6.6042856285714295,1008.9857257142856,88.51246214285713,4.712857085714285,50.85714285714285,3.60258648,92.90000069999999,11.65619618,,,0.7567706633464626,0.653680474772006,2000-02-27,11.227142857142857,11.252857142857142,,True,True,False,False
2000-02-27,11.227142857142857,11.252857142857142,11.248571428571427,11.224285714285717,11.243214285714286,-0.025714285714284912,10.40000034,4.315714271428571,0.3571428257142858,8.251428571428571,1023.6428828571428,86.01706785714285,4.0928571,73.42857142857143,5.35073573,76.00000104,15.0497066,136.80000224,21.733032205,0.8296770135526188,0.5582437220268648,2000-03-05,11.25,11.227142857142857,,True,True,True,True
2000-03-05,11.25,11.227142857142857,11.252857142857142,11.244285714285716,11.244642857142857,0.02285714285714313,54.6000001,4.732857024285714,1.3271428571428572,7.884285671428572,1010.1571542857145,85.82643014285713,6.927142757142858,67.28571428571429,4.92967391,115.00000084,17.25925849,168.10000123999998,25.2230481,0.8906165093267404,0.4547551355561058,2000-03-12,11.258571428571427,11.25,,True,True,True,True
2000-03-12,11.258571428571427,11.25,11.227142857142857,11.248571428571427,11.247142857142856,0.00857142857142712,24.0,8.069999957142857,5.204285614285714,10.572857,1019.1000114285716,86.97500128571428,6.871428557142857,54.42857142857143,4.431387979999999,112.10000084,18.3143841,192.10000123999998,28.19662957,0.9387101892619443,0.3447073839879338,2000-03-19,11.262857142857143,11.258571428571427,,True,True,True,True
2000-03-19,11.262857142857143,11.258571428571427,11.25,11.252857142857142,11.249642857142858,0.0042857142857162245,14.90000014,6.567142714285715,3.935714214285714,8.737142571428572,1026.0429057142858,87.32537071428571,5.394285628571429,70.85714285714286,5.48247712,103.90000058000001,20.19427474,196.80000127999998,31.850470920000003,0.9732643737003824,0.22968774213179574,2000-03-26,11.248571428571427,11.262857142857143,,True,True,True,True
2000-03-26,11.248571428571427,11.262857142857143,11.258571428571427,11.227142857142857,11.254999999999999,-0.014285714285716011,17.2000003,6.782857142857144,2.8242857100000003,10.851428357142856,1016.028582857143,89.30006,2.6057142428571427,98.71428571428572,7.817203300000001,110.70000054,22.66074231,186.70000158,37.710448910000004,0.9937806700284985,0.11135519690480875,2000-04-02,11.248571428571427,11.248571428571427,,True,True,True,True
2000-04-02,11.248571428571427,11.248571428571427,11.262857142857143,11.25,11.254642857142857,0.0,1.7,5.595714214285715,2.59428568,8.545714185714285,1010.0857142857144,87.04368557142857,4.008571342857143,70.57142857142857,5.45250468,57.80000044,23.18357308,172.80000128,40.44283157,0.9999631612477099,-0.008583481082086933,2000-04-09,11.221428571428572,11.248571428571427,,True,True,True,True
2000-04-09,11.221428571428572,11.248571428571427,11.248571428571427,11.258571428571427,11.245357142857141,-0.027142857142855803,1.4,6.729999828571429,0.9885713928571428,12.119999857142856,1014.3714285714286,75.08857214285715,4.089999928571428,161.14285714285714,12.749575000000002,35.20000044,31.501760100000006,147.30000128,49.816144200000004,0.9917226741361015,-0.12839835514655107,2000-04-16,11.215714285714286,11.221428571428572,,True,True,True,True
2000-04-16,11.215714285714286,11.221428571428572,11.248571428571427,11.262857142857143,11.233571428571427,-0.005714285714285339,12.7000001,6.252857142857143,1.337142785714286,11.107142642857143,997.6857142857144,78.47643071428571,4.159999957142857,140.42857142857142,10.9630661,33.0000004,36.982349080000006,136.90000098,57.17662382,0.9691780654392537,-0.2463612742933147,2000-04-23,11.212857142857144,11.215714285714286,,True,True,True,True
2000-04-23,11.212857142857144,11.215714285714286,11.221428571428572,11.248571428571427,11.224642857142857,-0.002857142857141781,27.700000000000003,12.164285571428572,7.135714057142857,16.96285657142857,1009.1,78.44428914285713,3.555714242857143,141.14285714285714,13.096702,43.5000001,42.261847780000004,154.20000064,64.92259009,0.9326545075388225,-0.3607707992167831,2000-04-30,11.241428571428573,11.212857142857144,,True,True,True,True
2000-04-30,11.241428571428573,11.212857142857144,11.215714285714286,11.248571428571427,11.222857142857144,0.02857142857142847,9.1000001,13.942857071428572,9.178571428571429,18.93142857142857,1012.5,81.51796,3.3671428142857143,163.85714285714286,16.0335674,50.9000002,52.8429105,108.70000064,76.02648358,0.8826787983255476,-0.4699767430273197,2000-05-07,11.245714285714286,11.241428571428573,,True,True,True,True
2000-05-07,11.245714285714286,11.241428571428573,11.212857142857144,11.221428571428572,11.228928571428572,0.004285714285712672,19.0,13.774285428571428,9.102857142857143,18.867142857142856,1019.5,80.86820585714285,4.027142742857143,192.57142857142856,18.9737892,68.5000002,59.067124699999994,103.70000064000001,90.5688848,0.8199717629247771,-0.5724039727378148,2000-05-14,11.212857142857144,11.245714285714286,,True,True,True,True
2000-05-14,11.212857142857144,11.245714285714286,11.241428571428573,11.215714285714286,11.228214285714287,-0.03285714285714114,0.0,17.261428285714285,9.95285692857143,24.06999957142857,1020.48572,67.47500099999999,3.4485714,279.7142857142857,28.9020511,55.800000100000005,77.0061097,88.80000050000001,113.98845878,0.7454378568683001,-0.6665751282095632,2000-05-21,11.221428571428572,11.212857142857144,,True,True,True,True
2000-05-21,11.221428571428572,11.212857142857144,11.245714285714286,11.212857142857144,11.230357142857144,0.00857142857142712,35.800000999999995,13.695714142857144,8.142857042857143,18.63428557142857,1010.0142857142856,77.85000042857143,3.529999871428571,202.7142857142857,19.8961205,63.9000011,83.8055282,107.40000119999999,126.06737598000001,0.660152120671232,-0.7511319308705197,2000-05-28,11.265714285714283,11.221428571428572,,True,True,True,True
2000-05-28,11.265714285714283,11.221428571428572,11.212857142857144,11.241428571428573,11.236428571428572,0.04428571428571182,39.3,12.314285428571427,8.091428385714286,16.219999642857143,1009.78572,80.92500114285714,5.2528571,179.0,16.6499357,94.10000099999999,84.4218965,145.00000119999999,137.264807,0.5653446739747428,-0.8248547748594245,2000-06-04,11.267142857142858,11.265714285714283,,True,True,True,True
2000-06-04,11.267142857142858,11.265714285714283,11.221428571428572,11.245714285714286,11.241785714285715,0.0014285714285744433,11.0,13.349999714285714,7.742857,18.36142842857143,1016.35716,81.95214357142858,3.4599999285714285,210.7142857142857,19.9699014,86.10000099999999,85.4180087,154.60000119999998,144.4851334,0.4623829729035151,-0.8866803180227399,2000-06-11,11.235714285714286,11.267142857142858,,True,True,True,True
2000-06-11,11.235714285714286,11.267142857142858,11.265714285714283,11.212857142857144,11.2475,-0.03142857142857203,9.1,14.918571285714284,8.407142714285714,20.064285714285717,1016.9142914285716,80.56142857142858,3.249999971428572,227.0,22.646418200000003,95.20000099999999,79.1623758,151.0000011,156.1684855,0.352752086549095,-0.9357168190404935,2000-06-18,11.195714285714288,11.235714285714286,,True,True,True,True
2000-06-18,11.195714285714288,11.235714285714286,11.267142857142858,11.221428571428572,11.241071428571429,-0.03999999999999737,10.0,15.13428542857143,9.271428557142857,20.21714257142857,1025.0285857142858,78.18063571428571,3.5057142142857143,234.0,23.0959964,69.39999999999999,82.3622517,133.30000109999997,166.16777990000003,0.2380332770614858,-0.9712569994658313,2000-06-25,11.127142857142855,11.195714285714288,,True,True,True,True
2000-06-25,11.127142857142855,11.195714285714288,11.235714285714286,11.265714285714283,11.206428571428571,-0.06857142857143295,13.2000001,17.897142714285714,13.404285571428572,23.012856714285714,1013.9857371428571,77.965,4.141428485714286,212.7142857142857,22.981749000000004,43.3000001,88.69406500000001,137.4000011,173.1159615,0.11988119229922782,-0.9927882451625399,2000-07-02,11.095714285714283,11.127142857142855,,True,True,True,True
2000-07-02,11.095714285714283,11.127142857142855,11.195714285714288,11.267142857142858,11.163571428571428,-0.03142857142857203,7.5000001,12.861428285714286,8.099999914285714,16.762857,1017.05716,74.87142857142858,3.425714242857143,177.0,16.6720328,39.8000002,85.39619640000001,125.9000012,170.8142051,1.2246467991473532e-16,-1.0,2000-07-09,11.087142857142856,11.095714285714283,,True,True,True,True
2000-07-09,11.087142857142856,11.095714285714283,11.127142857142855,11.235714285714286,11.126428571428571,-0.00857142857142712,33.2,14.89,10.84,18.83714242857143,1010.7000057142858,86.31434714285714,2.9714285714285715,154.28571428571428,15.332982499999998,63.9000002,78.08276070000001,159.10000119999998,157.2451365,-0.11988119229922714,-0.99278824516254,2000-07-16,11.224285714285712,11.087142857142856,,True,True,True,True
2000-07-16,11.224285714285712,11.087142857142856,11.095714285714283,11.195714285714288,11.133571428571425,0.13714285714285523,28.1000003,13.365714,10.224285471428573,16.971428285714286,1004.4428685714286,86.50928642857143,4.185714185714286,160.85714285714286,15.3543041,82.0000005,70.3410684,151.4000005,152.7033201,-0.23803327706148514,-0.9712569994658315,2000-07-23,11.177142857142858,11.224285714285712,,True,True,True,True
2000-07-23,11.177142857142858,11.224285714285712,11.087142857142856,11.127142857142855,11.146071428571426,-0.0471428571428536,1.0,14.767142714285717,11.73714242857143,18.999999714285718,1018.8428628571428,83.74857214285714,3.859999928571429,165.14285714285714,16.2804723,69.8000004,63.639791699999996,113.1000005,152.3338567,-0.35275208654909473,-0.9357168190404936,2000-07-30,11.125714285714285,11.177142857142858,,True,True,True,True
2000-07-30,11.125714285714285,11.177142857142858,11.224285714285712,11.095714285714283,11.153571428571428,-0.05142857142857338,15.2000001,16.335714,11.775714,20.83428571428572,1011.9285714285714,87.44669371428571,2.6485713714285715,140.57142857142858,14.3222661,77.5000004,61.29002499999999,117.3000006,146.68622140000002,-0.4623829729035149,-0.88668031802274,2000-08-06,11.098571428571429,11.125714285714285,,True,True,True,True
2000-08-06,11.098571428571429,11.125714285714285,11.177142857142858,11.087142857142856,11.15642857142857,-0.027142857142855803,14.7,17.132857,11.497142857142858,22.652857,1019.2142914285714,82.61428642857143,2.5357142285714285,196.28571428571428,20.2881545,59.000000400000005,66.245197,122.9000006,144.3279577,-0.5653446739747425,-0.8248547748594246,2000-08-13,11.022857142857143,11.098571428571429,,True,True,True,True
2000-08-13,11.022857142857143,11.098571428571429,11.125714285714285,11.224285714285712,11.106071428571427,-0.07571428571428562,14.800001,17.001428285714287,11.437142714285716,22.131428571428568,1017.5571428571428,83.74500142857143,2.3985713428571427,176.28571428571428,18.1858834,45.7000011,69.0767763,127.70000160000001,139.41784470000002,-0.6601521206712315,-0.7511319308705201,2000-08-20,10.967142857142855,11.022857142857143,,True,True,True,True
2000-08-20,10.967142857142855,11.022857142857143,11.098571428571429,11.177142857142858,11.053571428571427,-0.055714285714287826,13.900001,18.155714142857143,13.327142642857142,23.04142828571429,1014.0285714285714,80.27214285714285,3.1728571285714287,172.28571428571428,18.1590703,58.6000021,70.9553743,128.4000025,134.595166,-0.7454378568683003,-0.6665751282095631,2000-08-27,11.05714285714286,10.967142857142855,,True,True,True,True
2000-08-27,11.05714285714286,10.967142857142855,11.022857142857143,11.125714285714285,11.036428571428573,0.09000000000000519,24.200001,15.497142285714286,9.838571285714284,20.88142842857143,1019.2571542857144,81.29727,2.465714257142857,180.8571428571429,17.9719153,67.600003,74.6050235,145.1000034,135.8950485,-0.8199717629247767,-0.5724039727378154,2000-09-03,11.131428571428572,11.05714285714286,,True,True,True,True
2000-09-03,11.131428571428572,11.05714285714286,10.967142857142855,11.098571428571429,11.044642857142858,0.07428571428571118,25.7,14.349999357142858,9.668571285714288,19.40571428571429,1012.0285885714286,86.90142914285714,2.807142814285714,151.85714285714286,14.7763285,78.600003,69.0931975,137.60000340000002,135.3383945,-0.8826787983255475,-0.4699767430273199,2000-09-10,11.207142857142856,11.131428571428572,,True,True,True,True
2000-09-10,11.207142857142856,11.131428571428572,11.05714285714286,11.022857142857143,11.090714285714286,0.07571428571428385,23.800001,14.779999714285712,11.598571428571429,18.74571428571429,1017.6000171428572,88.92261857142857,3.0528571,92.28571428571428,9.0314766,87.600003,59.9387907,133.3000041,129.015567,-0.9326545075388225,-0.3607707992167831,2000-09-17,11.2,11.207142857142856,,True,True,True,True
2000-09-17,11.2,11.207142857142856,11.131428571428572,10.967142857142855,11.148928571428574,-0.007142857142856229,18.7000001,15.865713928571427,11.921428285714285,19.981428285714287,1011.2285828571428,90.48551071428572,2.7885714285714287,94.57142857142856,9.55857197,92.4000021,51.33829237,151.0000042,122.29366667,-0.9691780654392534,-0.24636127429331536,2000-09-24,11.227142857142857,11.2,,True,True,True,True
2000-09-24,11.227142857142857,11.2,11.207142857142856,11.05714285714286,11.19142857142857,0.02714285714285758,31.8000001,13.097142714285711,8.96857122857143,17.527142571428573,1015.00002,86.54134585714284,3.924285657142857,126.85714285714286,12.0740148,100.00000120000001,45.44039187,167.6000042,120.04541537,-0.9917226741361014,-0.12839835514655154,2000-10-01,11.265714285714283,11.227142857142857,,True,True,True,True
2000-10-01,11.265714285714283,11.227142857142857,11.2,11.131428571428572,11.224999999999998,0.03857142857142648,28.200000000000003,15.1157135,11.597142571428572,18.93571414285714,1009.9714457142856,90.64563771428573,2.83,84.42857142857143,8.394876,102.50000120000001,39.058939370000004,181.1000042,108.15213686999999,-0.9999631612477099,-0.008583481082086734,2000-10-08,11.242857142857144,11.265714285714283,,True,True,True,True
2000-10-08,11.242857142857144,11.265714285714283,11.227142857142857,11.207142857142856,11.23392857142857,-0.02285714285713958,9.9000003,10.737142857142857,6.807142857142857,14.909999999999998,1016.8285885714286,90.707527,3.339999914285714,76.42857142857143,6.77532504,88.6000005,36.80278781,176.2000035,96.74157851,-0.9937806700284985,0.11135519690480827,2000-10-15,11.264285714285714,11.242857142857144,,True,True,True,True
2000-10-15,11.264285714285714,11.242857142857144,11.265714285714283,11.2,11.249999999999998,0.021428571428570464,18.7000001,9.999999285714283,6.5842857142857145,13.417142714285715,1001.1285828571428,87.77000214285714,4.717142771428572,71.85714285714286,6.324083170000001,88.6000005,33.568299010000004,181.0000026,84.90659138,-0.9732643737003827,0.22968774213179508,2000-10-22,11.245714285714286,11.264285714285714,,True,True,True,True
2000-10-22,11.245714285714286,11.264285714285714,11.242857142857144,11.227142857142857,11.254642857142857,-0.018571428571428683,10.1,11.367142714285714,6.4371426000000005,15.501428428571428,1018.6000142857145,91.02318157142858,3.714285614285714,55.85714285714285,5.0305272,66.9000004,26.52481141,166.9000016,71.96520328,-0.938710189261944,0.3447073839879342,2000-10-29,11.278571428571428,11.245714285714286,,True,True,True,True
2000-10-29,11.278571428571428,11.245714285714286,11.264285714285714,11.265714285714283,11.257857142857143,0.03285714285714292,45.3000001,11.622857,9.605713957142855,13.945714,1009.7142914285714,88.50489928571429,6.0614285,40.285714285714285,3.67464888,84.0000005,21.80458429,186.50000169999998,60.86352366,-0.8906165093267406,0.4547551355561054,2000-11-05,11.281428571428572,11.278571428571428,,True,True,True,True
2000-11-05,11.281428571428572,11.278571428571428,11.245714285714286,11.242857142857144,11.2675,0.0028571428571435575,18.5,7.931428342857143,5.638571285714286,10.727142714285716,996.57144,87.86571485714286,6.772857071428571,42.42857142857143,3.47966059,92.6000002,18.50891984,181.2000007,55.311707649999995,-0.8296770135526191,0.5582437220268645,2000-11-12,11.278571428571428,11.281428571428572,,True,True,True,True
2000-11-12,11.278571428571428,11.281428571428572,11.278571428571428,11.264285714285714,11.271071428571428,-0.0028571428571435575,30.9,7.704285557142858,5.998571328571429,9.119999857142858,996.9142857142856,88.51067014285715,6.085714142857142,22.857142857142858,1.88139782,104.8000001,14.06623449,193.4000006,47.6345335,-0.7567706633464628,0.6536804747720056,2000-11-19,11.285714285714286,11.278571428571428,,True,True,True,True
2000-11-19,11.285714285714286,11.278571428571428,11.281428571428572,11.245714285714286,11.28107142857143,0.007142857142858006,15.4,6.391428442857143,3.9485714,8.622857,1004.3571542857144,92.45243928571428,4.659999928571429,30.0,2.35411381,110.1000001,11.3898211,177.0000005,37.914632510000004,-0.6729490241558331,0.7396888608649665,2000-11-26,,11.285714285714286,,True,False,True,False
2000-11-26,,11.285714285714286,11.278571428571428,11.278571428571428,,,17.3000004,6.461428514285714,3.704285642857143,8.664285528571428,1001.3285771428572,89.78679657142857,5.155714214285714,25.0,1.97447096,82.1000004,9.68964318,166.1000009,31.494227470000002,-0.5794210982045647,0.8150283375168107,2000-12-03,,,,False,False,False,False
2000-12-03,,,11.285714285714286,11.281428571428572,,,14.000000000000002,9.55,6.198571314285714,12.032856999999998,1011.5285714285714,91.15123514285712,4.374285657142857,23.571428571428573,2.0258736,77.6000004,8.23585619,170.20000059999998,26.744776029999997,-0.47753588643748845,0.8786122450571482,2000-12-10,11.28285714285714,,,False,True,False,False
2000-12-10,11.28285714285714,,,11.278571428571428,,,20.100000100000003,9.361428428571427,7.2385712571428575,11.142856857142858,1007.4714285714286,86.68072785714286,5.809999928571429,22.285714285714285,1.90973324,66.80000050000001,8.26419161,171.60000060000002,22.3304261,-0.3687629311922604,0.9295234803804002,2000-12-17,11.292857142857144,11.28285714285714,,True,True,False,False
2000-12-17,11.292857142857144,11.28285714285714,,11.285714285714286,,0.010000000000005116,31.8000002,7.617142571428571,5.275714257142857,9.734285357142856,1006.3000057142856,87.52011785714285,6.841428514285714,16.857142857142858,1.3475260799999995,83.2000007,7.25760388,193.30000080000002,18.64742498,-0.25467112024122895,0.9670277247913203,2000-12-24,11.257142857142856,11.292857142857144,,True,True,False,False
2000-12-24,11.257142857142856,11.292857142857144,11.28285714285714,,,-0.03571428571428825,11.5,-1.367142826142857,-4.388571385714286,1.5214285785714283,1017.8571714285716,89.044275,3.435714271428572,26.142857142857142,1.502747186,77.4000003,6.7858801060000005,159.50000070000002,16.475523285999998,-0.1369060579234754,0.9905840354577969,2000-12-31,11.237142857142857,11.257142857142856,,True,True,False,False
2000-12-31,11.237142857142857,11.257142857142856,11.292857142857144,,11.267499999999998,-0.019999999999999574,21.2,-0.8799999628571429,-3.9757141857142857,0.6457142371428571,998.1428571428572,90.70291514285714,4.391428457142857,19.285714285714285,1.17088926,84.6000003,5.930895765999999,162.2000007,14.166751955999999,-0.017166329754707492,0.9998526477050269,2001-01-07,11.295714285714286,11.237142857142857,11.23857142857143,True,True,False,False
2001-01-07,11.295714285714286,11.237142857142857,11.257142857142856,11.28285714285714,11.270714285714286,0.05857142857142961,32.0000015,5.574285628571429,3.507142854285714,7.594285671428572,996.5142971428572,91.25745157142858,5.804285571428571,16.571428571428573,1.2833641260000002,96.5000017,5.304526652,163.3000022,13.568718261999999,0.10310169744743485,0.9946708199115211,2001-01-14,11.28,11.295714285714286,11.212857142857144,True,True,True,True
2001-01-14,11.28,11.295714285714286,11.237142857142857,11.292857142857144,11.2675,-0.015714285714286902,2.3,0.6957142571428571,-1.7985714000000002,2.9571428428571425,1023.9857542857144,92.76520442857144,3.1814285,24.857142857142858,1.55836307,67.0000015,5.5153636420000005,150.2000022,12.772967522,0.2219215130041655,0.9750645322571948,2001-01-21,11.234285714285717,11.28,11.221428571428572,True,True,True,True
2001-01-21,11.234285714285717,11.28,11.295714285714286,11.257142857142856,11.261785714285715,-0.04571428571428271,4.2,-2.1785714285714284,-4.182856971428572,-0.2085714328571429,1023.7285771428571,92.02282414285716,2.7314285,29.714285714285715,1.64332214,59.7000015,5.6559385959999995,137.10000180000003,12.441818702,0.3375228995941133,0.9413173175128471,2001-01-28,11.267142857142858,11.234285714285717,11.224285714285717,True,True,True,True
2001-01-28,11.267142857142858,11.234285714285717,11.28,11.237142857142857,11.269285714285715,0.03285714285714114,18.0000004,4.168571271428571,1.5842857,6.707142742857143,999.2571542857144,92.90230642857144,4.655714228571428,21.571428571428573,1.60043756,56.5000019,6.085486896,141.1000022,12.016382662,0.4482293417404106,0.893918596519257,2001-02-04,11.26142857142857,11.267142857142858,11.244285714285716,True,True,True,True
2001-02-04,11.26142857142857,11.267142857142858,11.234285714285717,11.295714285714286,11.260714285714286,-0.005714285714287115,28.2,-0.0485714142857142,-1.88714282,2.427142886571428,1016.9285828571428,92.56094271428572,3.2514284714285715,25.714285714285715,1.61824896,52.7000004,6.42037173,149.2000021,11.724898382,0.5524353131676196,0.8335557718385699,2001-02-11,11.294285714285715,11.26142857142857,11.248571428571427,True,True,True,True
2001-02-11,11.294285714285715,11.26142857142857,11.267142857142858,11.28,11.264285714285714,0.032857142857144694,22.90000004,6.5442854285714285,2.3957143142857142,9.739999714285714,1008.4428628571428,89.69764371428572,5.332857142857143,37.57142857142857,2.855306,73.30000044,7.7173146599999995,140.30000194000002,13.232678302,0.6486295610349814,0.7611042586607747,2001-02-18,11.27142857142857,11.294285714285715,11.252857142857142,True,True,True,True
2001-02-18,11.27142857142857,11.294285714285715,11.26142857142857,11.234285714285717,11.27357142857143,-0.022857142857144908,7.0,4.031428514285714,0.0942856957142856,8.057142471428572,1033.1857428571427,91.844415,3.0257142,48.0,3.38585247,76.10000044,9.45984499,135.80000194000002,15.115783586,0.7354170229639855,0.6776147890466889,2001-02-25,11.26,11.27142857142857,11.227142857142857,True,True,True,True
2001-02-25,11.26,11.27142857142857,11.294285714285715,11.267142857142858,11.271785714285715,-0.011428571428570677,13.6000002,2.914285711428572,0.0071427999999999,5.844285671428572,1017.1285771428572,86.89695342857144,4.8042857,60.57142857142857,4.07329271,71.70000024,11.93270014,128.20000214,18.018187036,0.8115390590073611,0.5842981736283684,2001-03-04,11.252857142857142,11.26,11.25,True,True,True,True
2001-03-04,11.252857142857142,11.26,11.27142857142857,11.26142857142857,11.269642857142857,-0.007142857142858006,1.2,0.4271428357142857,-2.074285657142857,3.271428571428572,998.7428742857144,85.61876714285714,3.5,59.42857142857143,3.82509274,44.70000024,14.13954392,97.40000064,20.559915649999997,0.8758917051442429,0.48250774176121847,2001-03-11,11.254285714285714,11.252857142857142,11.258571428571427,True,True,True,True
2001-03-11,11.254285714285714,11.252857142857142,11.26,11.294285714285715,11.259642857142858,0.001428571428572667,15.6000003,6.342857142857143,2.7657143,9.992857,1007.9285771428572,88.72211857142858,3.9985714,65.28571428571429,4.84248573,37.4000005,16.126723650000002,110.70000094,23.844038310000002,0.9275416835791966,0.37371971479046906,2001-03-18,11.264285714285714,11.254285714285714,11.262857142857143,True,True,True,True
2001-03-18,11.264285714285714,11.254285714285714,11.252857142857142,11.27142857142857,11.257857142857143,0.009999999999999787,24.2,4.5799999285714295,1.9128571157142853,7.434285699999999,1003.5142971428572,88.65338428571428,4.767142814285714,73.42857142857143,5.58781272,54.6000005,18.3286839,130.70000094,27.788528890000002,0.9657399376548549,0.2595117970697999,2001-03-25,11.272857142857143,11.264285714285714,11.248571428571427,True,True,True,True
2001-03-25,11.272857142857143,11.264285714285714,11.254285714285714,11.26,11.261071428571428,0.008571428571428896,7.3,1.9714285342857143,0.0185714185714285,4.161428471428572,1005.3000171428572,87.89102614285714,4.622857057142857,63.42857142857143,4.272755450000001,48.300000299999994,18.528146640000003,120.00000053999999,30.460846780000004,0.989932495087353,0.141540295217043,2001-04-01,11.265714285714283,11.272857142857143,11.248571428571427,True,True,True,True
2001-04-01,11.265714285714283,11.272857142857143,11.264285714285714,11.252857142857142,11.264285714285712,-0.007142857142859782,10.1,5.542856938571428,1.7371428051428572,9.2171424,1011.3285771428572,86.01033914285713,4.624285671428572,107.28571428571428,8.095653239999999,57.2000003,22.798707139999998,101.90000053999998,36.93825106,0.9997685019798909,0.021516097436222254,2001-04-08,11.27142857142857,11.265714285714283,11.221428571428572,True,True,True,True
2001-04-08,11.27142857142857,11.265714285714283,11.272857142857143,11.254285714285714,11.268571428571427,0.005714285714287115,18.2,9.3271428,4.687142757142857,13.911428285714283,1007.5142857142856,82.56000057142857,5.328571342857143,131.71428571428572,11.3419817,59.8,29.29820311,97.20000049999999,45.42492676,0.9951053111006976,-0.09882013873287143,2001-04-15,11.258571428571427,11.27142857142857,11.215714285714286,True,True,True,True
2001-04-15,11.258571428571427,11.27142857142857,11.265714285714283,11.264285714285714,11.267142857142856,-0.012857142857143344,16.1000001,5.348571414285715,1.1271428,9.15142842857143,1018.157142857143,81.51563042857143,4.488571428571428,125.42857142857144,9.3405468,51.7000001,33.05093719,106.30000059999999,51.37962109,0.9760105506323683,-0.21772323039653177,2001-04-22,11.268571428571429,11.258571428571427,11.212857142857144,True,True,True,True
2001-04-22,11.268571428571429,11.258571428571427,11.27142857142857,11.272857142857143,11.266071428571427,0.010000000000001563,18.100000100000003,4.8314285,0.9671428471428573,9.009999671428572,1008.7571485714286,83.46357285714285,4.021428514285715,150.14285714285714,11.23048725,62.5000002,40.00866899,110.8000005,58.53681563,0.9427611433904207,-0.3334687789181868,2001-04-29,11.278571428571428,11.268571428571429,11.241428571428573,True,True,True,True
2001-04-29,11.278571428571428,11.268571428571429,11.258571428571427,11.265714285714283,11.269285714285713,0.009999999999999787,27.3000013,9.354285571428573,4.782857002857143,13.889999857142856,1008.1285885714286,83.50571571428573,3.688571342857143,152.71428571428572,13.1015348,79.7000015,45.01455055,136.90000179999998,67.81325769,0.895839290734909,-0.4443781781046132,2001-05-06,11.275714285714283,11.278571428571428,11.245714285714286,True,True,True,True
2001-05-06,11.275714285714283,11.278571428571428,11.268571428571429,11.27142857142857,11.270357142857142,-0.002857142857145334,6.8,10.034285714285716,5.644285642857143,14.985714142857145,1015.5142914285716,80.683572,4.789999985714286,200.7142857142857,17.5393702,68.3000015,51.211939050000005,128.1000015,80.51014216,0.8359254794186372,-0.548842958284719,2001-05-13,11.23857142857143,11.275714285714283,11.212857142857144,True,True,True,True
2001-05-13,11.23857142857143,11.275714285714283,11.278571428571428,11.258571428571427,11.265357142857143,-0.03714285714285381,0.0,14.638571,7.5799998,21.049999714285715,1021.8714285714286,67.88571471428571,3.938571385714286,282.42857142857144,27.6870729,52.200001400000005,69.55846515,103.9000015,102.60940234,0.7638886127905428,-0.6453481132295501,2001-05-20,11.262857142857143,11.23857142857143,11.221428571428572,True,True,True,True
2001-05-20,11.262857142857143,11.23857142857143,11.275714285714283,11.268571428571429,11.263928571428572,0.024285714285714022,34.000001,12.469999714285716,8.561428385714285,17.527142714285713,1011.3142971428572,81.603572,4.348571428571429,202.0,18.8061059,68.1000023,77.1340838,130.60000250000002,117.14275279,0.6807734094770161,-0.7324940716135789,2001-05-27,11.244285714285716,11.262857142857143,11.265714285714283,True,True,True,True
2001-05-27,11.244285714285716,11.262857142857143,11.23857142857143,11.278571428571428,11.255357142857143,-0.018571428571426907,1.6,13.504285,6.055714228571428,19.59571414285714,1022.8000142857144,75.52428642857141,3.414285685714286,274.0,25.9145755,42.400000999999996,89.9471245,122.1000025,134.96167505,0.5877852522924732,-0.8090169943749473,2001-06-03,11.25,11.244285714285716,11.267142857142858,True,True,True,True
2001-06-03,11.25,11.244285714285716,11.262857142857143,11.275714285714283,11.248928571428573,0.005714285714283562,26.4,13.184285285714283,9.022856928571429,17.09857142857143,1014.7000114285714,82.85006571428572,5.17,177.28571428571428,16.9529931,62.000001,89.36074740000001,130.3000025,140.57268645,0.48627270710868997,-0.8738071036110808,2001-06-10,11.254285714285714,11.25,11.235714285714286,True,True,True,True
2001-06-10,11.254285714285714,11.25,11.244285714285716,11.23857142857143,11.252857142857144,0.004285714285714448,6.6,12.174285571428571,6.4285713,17.302857,1013.9000114285716,76.06357200000001,3.3957142285714284,209.28571428571428,19.293621100000003,68.60000099999999,80.9672956,120.8000024,150.52576075,0.3777079652039649,-0.9259247771938498,2001-06-17,11.232857142857142,11.254285714285714,11.195714285714288,True,True,True,True
2001-06-17,11.232857142857142,11.254285714285714,11.25,11.262857142857143,11.245357142857143,-0.02142857142857224,21.500001,13.811428142857142,8.057142757142858,18.932857,1013.4000114285716,80.80883628571428,3.1228571285714284,215.14285714285717,20.6018464,56.100001,82.76303610000001,124.20000329999999,159.8971199,0.26366549272800704,-0.9646141756912435,2001-06-24,11.218571428571428,11.232857142857142,11.127142857142855,True,True,True,True
2001-06-24,11.218571428571428,11.232857142857142,11.254285714285714,11.244285714285716,11.23892857142857,-0.014285714285714235,1.5,13.9342855,9.161428428571428,19.06142828571429,1019.5857257142858,79.01285785714286,3.568571385714286,208.42857142857144,20.1056282,56.000001,76.95408880000001,98.400002,166.9012133,0.1457991969198751,-0.9893142039703663,2001-07-01,11.171428571428573,11.218571428571428,11.095714285714283,True,True,True,True
2001-07-01,11.171428571428573,11.218571428571428,11.232857142857142,11.25,11.219285714285714,-0.04714285714285538,14.3,17.839999714285714,12.139999714285713,23.46999942857143,1019.657157142857,78.315715,3.4314285,241.8571428571429,25.2413712,43.900001,85.24246690000001,105.900002,174.60321430000002,0.02581844022713308,-0.9996666485105112,2001-07-08,11.127142857142855,11.171428571428573,11.087142857142856,True,True,True,True
2001-07-08,11.127142857142855,11.171428571428573,11.218571428571428,11.254285714285714,11.1875,-0.04428571428571715,2.3,20.44,14.482856857142858,25.831428285714285,1013.9000057142856,74.74714357142857,3.4242856285714285,243.57142857142856,26.9535128,39.600001,92.90235860000001,108.200002,173.8696542,-0.09453674981719933,-0.9955213724144752,2001-07-15,11.204285714285716,11.127142857142855,11.224285714285712,True,True,True,True
2001-07-15,11.204285714285716,11.127142857142855,11.171428571428573,11.232857142857142,11.180357142857142,0.07714285714286007,43.200002,15.468571285714289,11.11142814285714,19.98428557142857,1008.7428742857144,82.38891,4.342857114285715,189.28571428571428,18.9117054,61.300002,91.2122176,117.400003,173.9752537,-0.2135209154397959,-0.9769384927771817,2001-07-22,11.26,11.204285714285716,11.177142857142858,True,True,True,True
2001-07-22,11.26,11.204285714285716,11.127142857142855,11.218571428571428,11.190714285714286,0.05571428571428427,26.5000001,15.652856857142856,10.295714,20.46857142857143,1010.3142971428572,84.62127071428571,3.247142757142857,189.42857142857144,19.0329512,86.3000021,90.13954059999999,142.3000031,167.0936294,-0.3294084822245302,-0.9441875088341994,2001-07-29,11.217142857142855,11.26,11.125714285714285,True,True,True,True
2001-07-29,11.217142857142855,11.26,11.204285714285716,11.171428571428573,11.202142857142857,-0.04285714285714448,40.300002000000006,18.90714285714285,12.415714142857142,24.849999714285712,1019.2571428571428,83.75150871428572,2.1557142571428574,253.28571428571428,27.1046981,112.30000410000001,92.00286750000001,156.2000051,177.2453344,-0.4405187843504952,-0.8977433935342336,2001-08-05,11.235714285714286,11.217142857142855,11.098571428571429,True,True,True,True
2001-08-05,11.235714285714286,11.217142857142855,11.26,11.127142857142855,11.229285714285712,0.01857142857143046,20.000000300000004,17.64714257142857,12.762857071428572,22.55571414285714,1016.6714485714284,81.99214357142857,3.6228570428571434,198.8571428571429,20.7920845,130.00000440000002,85.84143920000001,169.60000540000001,178.7437978,-0.5452404385406507,-0.8382797052177745,2001-08-12,11.264285714285714,11.235714285714286,11.022857142857143,True,True,True,True
2001-08-12,11.264285714285714,11.235714285714286,11.217142857142855,11.204285714285716,11.244285714285715,0.02857142857142847,48.6000021,15.594285142857144,11.852857,19.242856857142858,1012.7428571428572,87.08000185714286,4.094285628571429,145.85714285714286,14.58267877,135.4000045,81.51241257000001,196.70000650000003,172.72463017,-0.6420547132365636,-0.7666588193001592,2001-08-19,11.268571428571429,11.264285714285714,10.967142857142855,True,True,True,True
2001-08-19,11.268571428571429,11.264285714285714,11.235714285714286,11.26,11.246428571428572,0.004285714285714448,15.4,19.68999985714285,14.307142428571428,24.52999957142857,1013.4428685714286,82.63935114285714,3.522857071428571,184.8571428571429,20.186316200000004,124.3000044,82.66577757000002,210.6000065,172.80531817,-0.7295575540864876,-0.6839194216246105,2001-08-26,11.20857142857143,11.268571428571429,11.05714285714286,True,True,True,True
2001-08-26,11.20857142857143,11.268571428571429,11.264285714285714,11.217142857142855,11.244285714285715,-0.05999999999999872,18.1,20.807142714285717,14.561427857142856,27.28714242857143,1018.2285714285716,80.66142928571428,2.209999957142857,196.42857142857144,21.7596313,102.1000024,77.32071077,214.40000650000002,169.32357826999998,-0.8064799463209447,-0.5912614448635782,2001-09-02,11.207142857142856,11.20857142857143,11.131428571428572,True,True,True,True
2001-09-02,11.207142857142856,11.20857142857143,11.268571428571429,11.235714285714286,11.237142857142857,-0.0014285714285744433,12.8000001,15.134285714285712,9.388571357142856,19.74999957142857,1014.2428685714286,85.14714414285716,3.2242857,152.14285714285714,15.05391026,94.90000219999999,71.58253653,224.9000066,157.42397573,-0.8717063187093217,-0.4900286664290594,2001-09-09,11.288571428571428,11.207142857142856,11.207142857142856,True,True,True,True
2001-09-09,11.288571428571428,11.207142857142856,11.20857142857143,11.264285714285714,11.243214285714284,0.08142857142857274,64.2000003,13.649999857142856,10.54857142857143,16.98428542857143,1008.8142914285714,87.90151,4.762857071428571,106.42857142857144,10.15957224,110.5000004,67.15943,245.9000049,148.67184257,-0.9242907221930934,-0.3816892202666586,2001-09-16,11.292857142857144,11.288571428571428,11.2,True,True,True,True
2001-09-16,11.292857142857144,11.288571428571428,11.207142857142856,11.268571428571429,11.249285714285715,0.0042857142857162245,47.4000002,12.359999714285715,9.377142814285715,15.875714285714285,1007.4428685714286,88.035715,4.4357142000000005,102.71428571428572,9.5528172,142.5000006,56.525931,266.800005,139.19170857,-0.9634705485641486,-0.26781430516217486,2001-09-23,11.304285714285712,11.292857142857144,11.227142857142857,True,True,True,True
2001-09-23,11.304285714285712,11.292857142857144,11.288571428571428,11.20857142857143,11.273214285714285,0.011428571428567125,45.20000000000001,11.732857,9.379999628571428,14.65857142857143,1009.5428685714286,91.34418485714286,3.6971427857142856,72.28571428571429,6.61453683,169.60000060000002,41.38083653,271.70000300000004,118.7015473,-0.9886775902323404,-0.15005539834465262,2001-09-30,11.31,11.304285714285712,11.265714285714283,True,True,True,True
2001-09-30,11.31,11.304285714285712,11.292857142857144,11.207142857142856,11.29892857142857,0.005714285714288891,28.4,13.32714257142857,9.515714228571428,17.862856857142855,1013.8857142857142,91.51398271428572,2.704285614285714,92.14285714285714,8.7494248,185.20000050000002,35.07635107,280.1000027,106.6588876,-0.9995462806873573,-0.03012030484690836,2001-10-07,11.321428571428571,11.31,11.242857142857144,True,True,True,True
2001-10-07,11.321428571428571,11.31,11.304285714285712,11.288571428571428,11.307142857142857,0.011428571428570677,23.2000011,14.615714142857144,12.064285428571427,18.379999714285717,1006.75716,88.55071571428572,4.979999985714286,75.14285714285714,7.3243902,144.2000013,32.241169029999995,254.70000170000003,99.40059903,-0.9959189961471792,0.0902516100310407,2001-10-14,11.304285714285712,11.321428571428571,11.264285714285714,True,True,True,True
2001-10-14,11.304285714285712,11.321428571428571,11.31,11.292857142857144,11.309999999999999,-0.01714285714285957,9.7000001,14.778571214285714,11.851428142857143,18.205713714285714,1016.9571485714284,87.18957714285715,4.854285628571428,76.28571428571429,7.48481486,106.50000120000001,30.17316669,249.00000180000004,86.69909769,-0.9778483415056567,0.20931464596304888,2001-10-21,11.29142857142857,11.304285714285712,11.245714285714286,True,True,True,True
2001-10-21,11.29142857142857,11.304285714285712,11.321428571428571,11.304285714285712,11.306785714285715,-0.012857142857141568,10.200001,13.545714,9.947142685714285,17.744285428571427,1014.1857257142856,89.9979197142857,3.144285671428572,70.71428571428571,6.764239419999999,71.5000022,30.32286928,241.10000280000003,71.70370581,-0.9455963874271428,0.3253420847119795,2001-10-28,11.288571428571428,11.29142857142857,11.278571428571428,True,True,True,True
2001-10-28,11.288571428571428,11.29142857142857,11.304285714285712,11.31,11.30142857142857,-0.002857142857141781,16.1,11.841428142857142,9.21428542857143,14.545713857142855,1017.1285771428572,92.13471514285712,3.752857142857143,43.0,3.92849362,59.2000022,25.5019381,244.40000270000002,60.57828917,-0.8996308696522434,0.4366512319560638,2001-11-04,11.277142857142858,11.288571428571428,11.281428571428572,True,True,True,True
2001-11-04,11.277142857142858,11.288571428571428,11.29142857142857,11.321428571428571,11.290357142857143,-0.011428571428570677,9.7,11.275713857142858,8.264285557142857,13.968571,1023.7000057142858,85.16921128571428,5.357142771428571,43.57142857142857,3.94547479,45.7000011,22.12302269,189.90000240000003,54.364191719999994,-0.8406184056344783,0.5416278206559811,2001-11-11,11.287142857142856,11.277142857142858,11.278571428571428,True,True,True,True
2001-11-11,11.287142857142856,11.277142857142858,11.288571428571428,11.304285714285712,11.286071428571429,0.00999999999999801,38.4000002,5.671428471428571,2.5414285,8.788571314285715,1012.6714542857144,89.39729057142857,4.107142785714286,36.42857142857143,2.74710082,74.40000119999999,17.38530865,180.9000024,47.55847534,-0.7694148268839381,0.6387494220515268,2001-11-18,11.29857142857143,11.287142857142856,11.285714285714286,True,True,True,True
2001-11-18,11.29857142857143,11.287142857142856,11.277142857142858,11.29142857142857,11.287857142857142,0.01142857142857423,16.0,6.305714285714286,3.0428571,9.264285328571429,1028.0142857142855,91.82724571428572,2.5971427714285715,32.857142857142854,2.4628046,80.2000002,13.08387383,151.70000240000002,43.40674311,-0.6870527672236675,0.7266075247685652,2001-11-25,11.29142857142857,11.29857142857143,,True,True,True,True
2001-11-25,11.29142857142857,11.29857142857143,11.287142857142856,11.288571428571428,11.288571428571426,-0.007142857142859782,21.3000012,7.278571242857142,4.924285542857143,9.5728568,1019.8428628571428,89.69142785714287,4.2471428,19.428571428571427,1.53520677,85.40000140000001,10.69058698,144.6000036,36.192525079999996,-0.594726686960764,0.8039279618328208,2001-12-02,11.303333333333336,11.29142857142857,,True,True,True,True
2001-12-02,11.303333333333336,11.29142857142857,11.29857142857143,11.277142857142858,11.295119047619048,0.011904761904766303,29.000001,7.248571285714285,3.804285628142857,9.671428428571428,1013.5000057142856,92.974348,3.458571342857143,21.142857142857142,1.6472160699999998,104.7000024,8.39232826,150.4000035,30.51535095,-0.49377555015997737,0.8695893893466109,2001-12-09,11.320000000000002,11.303333333333336,11.28285714285714,True,True,True,True
2001-12-09,11.320000000000002,11.303333333333336,11.29142857142857,11.287142857142856,11.303333333333335,0.01666666666666572,25.3,4.359999904285714,1.6499999571428572,7.041428285714285,1028.2000057142857,93.164971,3.4157142142857144,22.714285714285715,1.59464877,91.60000219999999,7.23987621,166.0000034,24.625184859999997,-0.38566340624360745,0.9226395488404875,2001-12-16,11.284285714285714,11.320000000000002,11.292857142857144,True,True,True,True
2001-12-16,11.284285714285714,11.320000000000002,11.303333333333336,11.29857142857143,11.299761904761906,-0.03571428571428825,1.6,0.8271428485714286,-2.418571371428571,3.4328571,1038.6143285714286,89.07607499999999,2.5385714142857148,22.0,1.36928577,77.20000220000001,6.1463573799999995,157.4000024,19.23023121,-0.27195815753410524,0.9623090774541487,2001-12-23,11.285714285714286,11.284285714285714,11.257142857142856,True,True,True,True
2001-12-23,11.285714285714286,11.284285714285714,11.320000000000002,11.29142857142857,11.298333333333334,0.001428571428572667,31.8,1.4871428228571428,-2.141428585714286,4.164285628571429,1020.0142971428572,91.16107771428572,4.144285642857143,19.285714285714285,1.21179119,87.700001,5.8229418,173.10000240000002,16.51352878,-0.154308820664281,0.9880226656636976,2001-12-30,11.30714285714286,11.285714285714286,11.237142857142857,True,True,True,True
2001-12-30,11.30714285714286,11.285714285714286,11.284285714285714,11.303333333333336,11.299285714285716,0.021428571428574017,34.900001,2.245714257142857,-1.348571357142857,5.164285628571428,997.7285771428571,91.97856485714286,5.758571185714286,16.571428571428573,1.1339322,93.600001,5.30965793,198.3000034,13.70198619,-0.034421611622745804,0.9994074007397048,2002-01-06,11.292857142857144,11.30714285714286,11.295714285714286,True,True,True,True
2002-01-06,11.292857142857144,11.30714285714286,11.285714285714286,11.320000000000002,11.2925,-0.014285714285716011,0.90000004,-0.9542856714285712,-4.365714117142857,1.4999999714285717,1033.6428714285714,85.95509271428571,3.7614285,32.0,1.83724625,69.20000104,5.55225541,160.80000324,12.79213162,0.08596479873744647,0.9962981749346078,2002-01-13,11.28285714285714,11.292857142857144,11.28,True,True,True,True
2002-01-13,11.28285714285714,11.292857142857144,11.30714285714286,11.284285714285714,11.292142857142856,-0.010000000000005116,4.2000003,1.0614285785714286,-0.9499999457142856,2.9385714157142857,1032.2857142857142,92.66964771428572,2.4299999714285714,19.857142857142858,1.2717892059999998,71.80000134,5.454758845999999,149.00000354,11.601116226,0.2051044998686192,0.9787400799669153,2002-01-20,11.292857142857144,11.28285714285714,11.234285714285717,True,True,True,True
2002-01-20,11.292857142857144,11.28285714285714,11.292857142857144,11.285714285714286,11.293928571428573,0.010000000000005116,24.7000011,4.001428514285714,2.1014285171428573,5.9085712571428575,1016.3143085714286,92.61271928571428,5.128571285714286,18.714285714285715,1.34570313,64.70000244,5.588670786,152.40000344,11.411612586,0.3212696616923644,0.9469877530760753,2002-01-27,11.317142857142857,11.292857142857144,11.267142857142858,True,True,True,True
2002-01-27,11.317142857142857,11.292857142857144,11.28285714285714,11.30714285714286,11.29642857142857,0.024285714285712245,43.8000004,7.645714142857143,5.768571367142857,9.7214285,1002.1000171428572,89.10586571428573,7.662857142857143,20.428571428571427,1.64718297,73.60000184,6.101921556,167.20000284000002,11.411579486,0.4327755925504312,0.901501684131884,2002-02-03,11.332857142857142,11.317142857142857,11.26142857142857,True,True,True,True
2002-02-03,11.332857142857142,11.317142857142857,11.292857142857144,11.292857142857144,11.306428571428569,0.015714285714285126,11.1,10.168571428571427,7.692857000000001,12.299999714285716,1013.3857142857142,80.23730342857142,8.007142714285715,39.42857142857143,3.47659757,83.8000018,7.741272876,153.00000284,13.293528286,0.5380051715382996,0.8429415373547828,2002-02-10,11.327142857142858,11.332857142857142,11.294285714285715,True,True,True,True
2002-02-10,11.327142857142858,11.332857142857142,11.317142857142857,11.28285714285714,11.317499999999999,-0.005714285714283562,44.10000014,8.42428537142857,6.174285571428571,10.292857,1005.9714342857144,87.73785714285714,7.459999757142858,30.142857142857142,2.50706305,123.70000164000001,8.976546720000002,195.50000298,14.431305566,0.6354323008901774,0.7721565844991642,2002-02-17,11.34142857142857,11.327142857142858,11.27142857142857,True,True,True,True
2002-02-17,11.34142857142857,11.327142857142858,11.332857142857142,11.292857142857144,11.329642857142856,0.014285714285712459,15.5,3.9599998142857142,0.3557142714285713,7.731428485714285,1019.6000142857145,83.57365214285714,5.112857142857143,73.14285714285714,4.92735757,114.50000054,12.55820116,179.20000298,18.146871945999997,0.7236440382959124,0.6901733882429719,2002-02-24,11.342857142857143,11.34142857142857,11.26,True,True,True,True
2002-02-24,11.342857142857143,11.34142857142857,11.327142857142858,11.317142857142857,11.336071428571428,0.001428571428572667,64.70000110000001,4.159999971428571,1.2228571142857143,7.291428485714285,1003.0285942857143,83.71785714285714,7.307142857142857,62.85714285714285,4.5653467700000006,135.40000124,15.476364960000002,209.00000308,21.578286516,0.8013610881746766,0.5981809144059165,2002-03-03,11.374285714285715,11.342857142857143,11.252857142857142,True,True,True,True
2002-03-03,11.374285714285715,11.342857142857143,11.34142857142857,11.332857142857142,11.346428571428572,0.03142857142857203,43.5000001,4.9471428571428575,1.2428571428571429,8.377142828571428,1002.3571428571428,85.2496442857143,6.4199999,73.71428571428571,5.43839863,167.80000134000002,17.43816602,251.60000314,25.179438896,0.8674563547295969,0.49751328890718066,2002-03-10,11.347142857142856,11.374285714285715,11.254285714285714,True,True,True,True
2002-03-10,11.347142857142856,11.374285714285715,11.342857142857143,11.327142857142858,11.351428571428572,-0.027142857142859356,5.1,7.628571285714286,4.178571385714286,10.371428142857145,1011.7285714285716,80.92714357142857,6.5285712,79.57142857142857,6.490258489999999,128.8000012,21.42136146,252.50000284,30.39790818,0.9209712877166346,0.38963044953078796,2002-03-17,11.314285714285717,11.347142857142856,11.264285714285714,True,True,True,True
2002-03-17,11.314285714285717,11.347142857142856,11.374285714285715,11.34142857142857,11.344642857142858,-0.032857142857139365,7.5,6.488571342857143,2.6714285,11.32714257142857,1014.9285714285714,82.51157928571429,4.604285671428571,79.28571428571429,6.29013844,120.80000120000001,22.784142329999998,235.30000174,35.34234349,0.9611297838723007,0.27609697309746883,2002-03-24,11.308571428571428,11.314285714285717,11.272857142857143,True,True,True,True
2002-03-24,11.308571428571428,11.314285714285717,11.347142857142856,11.342857142857143,11.33607142857143,-0.005714285714288891,16.200000199999998,6.668571285714286,3.6642856185714288,10.231428571428571,1016.2428628571428,85.92466357142858,4.572857071428572,98.42857142857144,7.62506106,72.3000003,25.843856619999997,207.70000154,41.320221579999995,0.9873494423939864,0.15855938510313475,2002-03-31,11.29142857142857,11.308571428571428,11.265714285714283,True,True,True,True
2002-03-31,11.29142857142857,11.308571428571428,11.314285714285717,11.374285714285715,11.315357142857142,-0.017142857142857792,0.0,6.029999757142856,-0.1485714157142856,12.697142799999998,1026.9000142857144,71.15071485714286,2.717142785714286,169.42857142857142,12.9855905,28.8000002,33.39104849,196.60000154,50.82921451,0.9992500112396835,0.03872228089217446,2002-04-07,11.267142857142858,11.29142857142857,11.27142857142857,True,True,True,True
2002-04-07,11.267142857142858,11.29142857142857,11.308571428571428,11.347142857142856,11.295357142857142,-0.024285714285712245,0.0,8.988571071428572,3.075714242857143,15.311428285714284,1016.9285885714288,62.550715,4.97,203.28571428571428,17.0755624,23.700000199999998,43.976352399999996,152.5000014,65.39771386000001,0.9966589017541702,-0.08167639533042241,2002-04-14,11.231428571428571,11.267142857142858,11.258571428571427,True,True,True,True
2002-04-14,11.231428571428571,11.267142857142858,11.29142857142857,11.314285714285717,11.274642857142856,-0.035714285714286476,3.6000001,6.7414283571428575,0.4814285428571428,11.631428357142855,1014.1428771428572,77.36142985714285,3.807142814285714,150.0,11.8667222,19.800000299999997,49.55293616,140.60000150000002,72.33707849,0.9796136916454901,-0.20089055513063506,2002-04-21,11.258571428571427,11.231428571428571,11.268571428571429,True,True,True,True
2002-04-21,11.258571428571427,11.231428571428571,11.267142857142858,11.308571428571428,11.262142857142857,0.027142857142855803,15.900001,8.5357139,4.378571342857143,12.575714,1020.8571628571428,88.87093,2.295714185714285,117.85714285714286,9.91075394,19.5000011,51.83862904,91.8000014,77.68248566,0.9483615800121715,-0.3171912885891061,2002-04-28,11.27,11.258571428571427,11.278571428571428,True,True,True,True
2002-04-28,11.27,11.258571428571427,11.231428571428571,11.29142857142857,11.256785714285714,0.011428571428572454,46.200001,10.805714,6.292856885714286,15.275714285714288,1015.6285771428572,84.04301771428571,4.4,144.42857142857142,12.970981599999998,65.7000021,51.824020139999995,94.5000023,85.21506862999999,0.9033558023246845,-0.4288919379124835,2002-05-05,11.311428571428571,11.27,11.275714285714283,True,True,True,True
2002-05-05,11.311428571428571,11.27,11.258571428571427,11.267142857142858,11.267857142857142,0.041428571428571814,34.9,9.168571071428572,5.919999857142857,12.214285357142858,1008.54288,86.32724571428571,5.445714228571428,114.14285714285714,9.76332763,100.6000021,44.51178536999999,124.3000023,88.48813777,0.8452490573530633,-0.5343725582809786,2002-05-12,11.308571428571428,11.311428571428571,11.23857142857143,True,True,True,True
2002-05-12,11.308571428571428,11.311428571428571,11.27,11.231428571428571,11.287142857142857,-0.0028571428571435575,0.0,13.101428285714286,8.575714,17.638571285714285,1014.6428685714284,87.10214414285714,3.3242856142857145,161.14285714285714,15.3822599,97.000002,48.027323069999994,116.8000023,97.58025923,0.7748840413670407,-0.6321034111873487,2002-05-19,11.272857142857143,11.308571428571428,11.262857142857143,True,True,True,True
2002-05-19,11.272857142857143,11.308571428571428,11.311428571428571,11.258571428571427,11.290714285714285,-0.0357142857142847,1.5,13.931428214285717,8.224285257142856,19.302857,1017.0714342857144,80.18642857142856,4.1514285285714285,220.57142857142856,21.2574892,82.60000099999999,59.37405833,102.1000021,111.21268737,0.6932812268869777,-0.7206671495538609,2002-05-26,11.255714285714284,11.272857142857143,11.244285714285716,True,True,True,True
2002-05-26,11.255714285714284,11.272857142857143,11.308571428571428,11.27,11.287142857142857,-0.01714285714285957,8.9000001,15.238571285714286,9.837142600000002,20.731428285714287,1007.8285828571428,76.22785757142857,4.3171428,204.7142857142857,20.458715700000003,45.3000001,66.86179243000001,111.0000022,118.68581257,0.6016240632249226,-0.7987793728863649,2002-06-02,11.248571428571427,11.255714285714284,11.25,True,True,True,True
2002-06-02,11.248571428571427,11.255714285714284,11.272857142857143,11.311428571428571,11.27142857142857,-0.007142857142856229,5.5000001,13.584285500000002,7.352857071428572,19.07428528571429,1017.8571428571428,76.19500071428571,3.5671427857142857,250.8571428571429,23.947742,15.900000200000001,81.04620680000001,116.50000229999999,125.55799217,0.5012418134457758,-0.865307254363206,2002-06-09,11.26,11.248571428571427,11.254285714285714,True,True,True,True
2002-06-09,11.26,11.248571428571427,11.255714285714284,11.308571428571428,11.259285714285713,0.011428571428572454,19.1000004,17.554285285714286,12.577142714285714,22.66428528571428,1005.8428628571428,79.2473032857143,3.1614285428571427,186.8571428571429,19.5913928,35.0000006,85.25533970000001,132.0000026,133.28266277,0.39359027665646673,-0.9192859697186104,2002-06-16,11.275714285714283,11.26,11.232857142857142,True,True,True,True
2002-06-16,11.275714285714283,11.26,11.248571428571427,11.272857142857143,11.259999999999998,0.01571428571428335,21.4000003,14.972857142857142,11.621428357142856,18.99857114285714,1013.4571542857144,86.63,3.829999942857143,165.42857142857142,16.375260599999997,54.900000899999995,80.3731111,137.5000019,139.74716942999999,0.28023067519921585,-0.9599326896597447,2002-06-23,11.254285714285714,11.275714285714283,11.218571428571428,True,True,True,True
2002-06-23,11.254285714285714,11.275714285714283,11.26,11.255714285714284,11.259642857142856,-0.021428571428568688,23.2,18.024285,12.008571285714286,23.52142842857143,1018.8142914285714,81.15840842857143,3.378571357142857,216.42857142857144,23.0291643,69.2000008,82.94355970000001,114.5000009,149.80535213000002,0.16280701293851715,-0.986657932891657,2002-06-30,11.244285714285716,11.254285714285714,11.171428571428573,True,True,True,True
2002-06-30,11.244285714285716,11.254285714285714,11.275714285714283,11.248571428571427,11.258571428571429,-0.00999999999999801,16.0000001,14.595713928571428,9.962856714285715,19.255714,1018.3714485714288,79.60928685714285,4.44,226.28571428571428,22.1394365,79.7000008,81.13525419999999,95.60000099999999,162.181461,0.04302223300453059,-0.99907411510223,2002-07-07,11.26,11.244285714285716,11.127142857142855,True,True,True,True
2002-07-07,11.26,11.244285714285716,11.254285714285714,11.26,11.258571428571427,0.01571428571428335,16.20000004,14.47,11.038571285714283,17.701428571428572,1007.7428571428572,87.61730842857142,4.5342857,130.71428571428572,12.8212247,76.80000043999999,74.3650861,111.80000104,159.6204258,-0.07738647923346322,-0.9970011699250151,2002-07-14,11.254285714285714,11.26,11.204285714285716,True,True,True,True
2002-07-14,11.254285714285714,11.26,11.244285714285716,11.275714285714283,11.253214285714286,-0.005714285714285339,20.8000001,17.078571285714286,12.195714285714288,21.641428571428573,1015.4285828571428,84.36047857142856,2.975714228571429,196.42857142857144,20.3307107,76.20000024,78.32053619999999,131.10000114,158.6936473,-0.19667288979357622,-0.9804691603616321,2002-07-21,11.215714285714286,11.254285714285714,11.26,True,True,True,True
2002-07-21,11.215714285714286,11.254285714285714,11.26,11.254285714285714,11.243571428571428,-0.03857142857142826,17.200000000000003,16.6171425,12.434285357142857,20.68142857142857,1016.9428685714286,80.46785714285714,4.082857114285714,179.0,18.4423876,70.20000024000001,73.7337595,139.40000104,156.6773192,-0.3131070409358267,-0.9497178427914317,2002-07-28,11.20142857142857,11.215714285714286,11.217142857142855,True,True,True,True
2002-07-28,11.20142857142857,11.215714285714286,11.254285714285714,11.244285714285716,11.232857142857142,-0.014285714285716011,7.6,17.84428542857143,13.012857,22.50714285714286,1014.9857314285716,81.49428685714285,3.7128571142857134,189.8571428571429,20.1373327,61.80000014,71.7316557,141.50000094,152.8669099,-0.42500033996955394,-0.9051931898913975,2002-08-04,11.191428571428572,11.20142857142857,11.235714285714286,True,True,True,True
2002-08-04,11.191428571428572,11.20142857142857,11.215714285714286,11.26,11.215714285714286,-0.00999999999999801,29.6,20.28999971428572,15.501428357142858,26.345714,1012.4428628571428,82.48762071428573,2.562857071428571,213.42857142857144,23.63214,75.20000010000001,82.54257100000001,152.00000054,156.9076571,-0.5307300481619331,-0.8475409228928312,2002-08-11,11.241428571428573,11.191428571428572,11.264285714285714,True,True,True,True
2002-08-11,11.241428571428573,11.191428571428572,11.20142857142857,11.254285714285714,11.2125,0.05000000000000071,36.1,18.252856857142856,14.097142142857145,23.098571142857143,1009.5000057142856,89.48111714285714,2.014285685714285,143.71428571428572,15.231243999999998,90.5,77.4431043,166.70000024,155.7636405,-0.6287628145958345,-0.7775971469736268,2002-08-18,11.222857142857142,11.241428571428573,11.268571428571429,True,True,True,True
2002-08-18,11.222857142857142,11.241428571428573,11.191428571428572,11.215714285714286,11.214285714285714,-0.01857142857143046,0.0,20.115714,13.948571,26.148571428571422,1016.7285771428571,80.90142914285714,2.7871427714285715,225.0,24.6779541,73.30000000000001,83.67867079999999,143.50000024000002,157.41243029999998,-0.7176769136759615,-0.6963762255968726,2002-08-25,11.251428571428573,11.222857142857142,11.20857142857143,True,True,True,True
2002-08-25,11.251428571428573,11.222857142857142,11.241428571428573,11.20142857142857,11.226785714285715,0.028571428571430246,53.800000100000005,18.69571385714286,14.532856714285714,22.722857,1016.9142857142856,89.17857485714285,2.2928571285714283,137.0,14.676245000000002,119.50000010000002,78.2175831,181.30000024000003,149.9492388,-0.7961828637826154,-0.6050560696488494,2002-09-01,11.267142857142858,11.251428571428573,11.207142857142856,True,True,True,True
2002-09-01,11.267142857142858,11.251428571428573,11.222857142857142,11.191428571428572,11.245714285714286,0.015714285714285126,0.0,17.947142714285715,13.162857,22.70857128571429,1019.7714342857143,85.79041357142857,3.0628571,166.28571428571428,17.447765,89.9000001,72.03320810000001,165.1000002,154.5757791,-0.8631421280499115,-0.5049610547215202,2002-09-08,11.22,11.267142857142858,11.288571428571428,True,True,True,True
2002-09-08,11.22,11.267142857142858,11.251428571428573,11.241428571428573,11.240357142857144,-0.04714285714285715,3.0,16.42428542857143,10.844285428571428,22.55428528571429,1015.8285771428572,81.12000214285715,3.265714271428571,168.0,17.082809,56.800000100000005,73.8847731,147.30000010000003,151.32787739999998,-0.9175836260593934,-0.3975428142825566,2002-09-15,11.262857142857143,11.22,11.292857142857144,True,True,True,True
2002-09-15,11.262857142857143,11.22,11.267142857142858,11.222857142857142,11.250357142857144,0.042857142857142705,28.0,15.968570857142856,11.711428428571429,20.691428285714288,1022.2428914285714,86.69095342857143,3.0928571428571425,138.14285714285714,13.9489913,84.8000001,63.1558103,158.1000001,146.8344811,-0.9587178169872964,-0.2843591872810036,2002-09-22,11.242857142857144,11.262857142857143,11.304285714285712,True,True,True,True
2002-09-22,11.242857142857144,11.262857142857143,11.22,11.251428571428573,11.248214285714285,-0.019999999999999574,12.9,13.568570857142856,10.508571285714286,17.197142857142858,1016.44288,87.42428714285714,2.517142814285714,76.71428571428571,7.3021677,43.9,55.781733,163.4000001,133.9993161,-0.9859481499638303,-0.1670516255021195,2002-09-29,11.245714285714286,11.242857142857144,11.31,True,True,True,True
2002-09-29,11.245714285714286,11.242857142857144,11.262857142857143,11.267142857142858,11.242857142857144,0.002857142857141781,9.6,12.251428142857142,7.909999957142857,16.518571428571427,1022.0000057142856,85.26428628571429,2.825714242857143,106.57142857142856,9.744814300000002,53.5,48.0787823,143.4000001,120.11199040000001,-0.9988797155850335,-0.04732138832243232,2002-10-06,11.224285714285717,11.245714285714286,11.321428571428571,True,True,True,True
2002-10-06,11.224285714285717,11.245714285714286,11.242857142857144,11.22,11.243928571428572,-0.021428571428568688,12.6000001,11.912856714285711,6.345714285714286,17.43285714285714,1021.0571485714288,88.83739414285715,3.002857014285714,93.14285714285714,8.45464404,63.1000001,39.45061734,119.90000020000001,113.33539044,-0.9973249731081555,0.07309512989807776,2002-10-13,11.228571428571428,11.224285714285717,11.304285714285712,True,True,True,True
2002-10-13,11.228571428571428,11.224285714285717,11.245714285714286,11.262857142857143,11.235357142857143,0.004285714285710895,2.2,6.282857057142857,2.1742857,10.294285571428572,1015.9857142857144,81.30760757142856,5.009999971428571,97.14285714285714,7.59655009,37.3000001,33.09817613,122.10000020000001,96.25398643000001,-0.9813064702716093,0.19245158197082995,2002-10-20,11.258571428571427,11.228571428571428,11.29142857142857,True,True,True,True
2002-10-20,11.258571428571427,11.228571428571428,11.224285714285717,11.242857142857144,11.239285714285714,0.02999999999999936,18.6000003,7.059999871428571,3.431428514285714,10.5399998,1006.1428628571427,90.280585,4.228571328571428,54.85714285714285,4.39592456,43.000000400000005,30.191932990000005,86.90000040000001,85.97366599,-0.9510565162951536,0.30901699437494723,2002-10-27,11.285714285714286,11.258571428571427,11.288571428571428,True,True,True,True
2002-10-27,11.285714285714286,11.258571428571427,11.228571428571428,11.245714285714286,11.249285714285715,0.027142857142859356,40.300001,9.694285714285714,6.5628571,13.264285428571428,997.9142857142856,88.67476414285714,6.375714214285714,43.285714285714285,3.72255778,73.7000014,24.169676470000002,127.2000014,72.24845877,-0.9070138128026362,0.42110087079608916,2002-11-03,11.29857142857143,11.285714285714286,11.277142857142858,True,True,True,True
2002-11-03,11.29857142857143,11.285714285714286,11.258571428571427,11.224285714285717,11.267857142857142,0.012857142857143344,24.0,7.0728569285714284,3.075714182857143,11.267142714285717,1015.5285771428572,90.7672512857143,3.2514285571428574,44.57142857142857,3.54236494,85.1000013,19.25739737,148.20000140000002,58.70801471,-0.8498170915275277,0.5270777086423724,2002-11-10,11.308571428571428,11.29857142857143,11.287142857142856,True,True,True,True
2002-11-10,11.308571428571428,11.29857142857143,11.285714285714286,11.228571428571428,11.287857142857142,0.00999999999999801,37.0,5.622857114285714,1.9028571285714284,8.562857,1010.8714342857144,92.06174514285716,3.744285657142857,36.285714285714285,2.77521972,119.9000013,14.436067,157.20000140000002,47.53424313,-0.780295851070776,0.6254105729852457,2002-11-17,11.311428571428571,11.308571428571428,11.29857142857143,True,True,True,True
2002-11-17,11.311428571428571,11.308571428571428,11.29857142857143,11.258571428571427,11.301071428571428,0.0028571428571435575,8.399999999999999,7.877142571428571,4.955714265714286,10.668571214285716,998.4714342857144,91.50188628571428,3.6885713142857135,24.571428571428573,2.0368979200000004,109.70000100000001,12.07704036,152.7000014,42.26897335,-0.6994583270516471,0.7146733860429608,2002-11-24,11.294285714285715,11.311428571428571,11.29142857142857,True,True,True,True
2002-11-24,11.294285714285715,11.311428571428571,11.308571428571428,11.285714285714286,11.303214285714287,-0.017142857142856016,2.40000004,5.054285571428571,1.3857142685714283,7.861428442857142,1007.5000057142856,92.86943514285714,3.2771428285714284,28.285714285714285,2.10805566,71.80000004,10.46253824,145.50000144,34.63221471,-0.6084768701151264,0.7935716089521472,2002-12-01,11.297142857142855,11.294285714285715,11.303333333333336,True,True,True,True
2002-12-01,11.297142857142855,11.294285714285715,11.311428571428571,11.29857142857143,11.302857142857142,0.002857142857140005,20.3,6.137142814285714,3.17714281,8.642857000000001,1011.9428571428572,93.21085071428573,3.054285671428571,20.714285714285715,1.61283156,68.10000004,8.533004860000002,153.20000134000003,27.79040223,-0.5086709438521042,0.8609610158889945,2002-12-08,11.29142857142857,11.297142857142855,11.320000000000002,True,True,True,True
2002-12-08,11.29142857142857,11.297142857142855,11.294285714285715,11.308571428571428,11.298571428571428,-0.005714285714285339,0.0,2.6057142771428574,-0.1242856762857143,4.791428514285714,1020.5143,86.79406585714285,4.984285585714285,17.142857142857142,1.1383866660000002,31.100000039999998,6.896171806,151.00000133999998,21.332238806,-0.4014879892059737,0.9158642882672868,2002-12-15,,11.29142857142857,11.284285714285714,True,False,True,False
2002-12-15,,11.29142857142857,11.297142857142855,11.311428571428571,,,1.4,-5.127142728571429,-7.084285428571428,-2.644285621428572,1025.3285857142855,77.91142985714285,5.379999957142857,29.285714285714285,1.4074503259999998,24.100000039999998,6.266724212000001,133.80000103999998,18.343764572,-0.2884824328806098,0.9574851883550389,2002-12-22,,,11.285714285714286,False,False,False,False
2002-12-22,,,11.29142857142857,11.294285714285715,,,18.1,-0.7814285471428571,-3.009999971428571,0.6414285428571429,1020.7143057142856,94.32143285714288,2.6885714142857142,12.285714285714286,0.7369846819999999,39.8,4.895653234,111.60000004,15.358191474,-0.1712931441814778,0.9852201067560606,2002-12-29,,,11.30714285714286,False,False,False,False
2002-12-29,,,,11.297142857142855,,,51.0000013,6.179999928571428,4.4571426842857145,7.348571057142857,1004.9000057142856,93.398097,4.175714171428572,11.714285714285714,0.908881636,70.50000130000001,4.191703309999999,138.60000134,12.724708170000001,-0.05161966722325418,0.9986668162884759,2003-01-05,11.34,,11.292857142857144,False,True,False,False
2003-01-05,11.34,,,11.29142857142857,,,37.6000013,0.4014285714285713,-2.959999952857143,3.4857140857142856,1002.78572,89.81991428571429,4.284285614285714,15.0,0.916000144,108.10000260000001,3.9693167879999995,139.20000264,10.865488594,0.06880242680231986,0.9976303053065857,2003-01-12,11.29,11.34,11.28285714285714,True,True,False,False
2003-01-12,11.29,11.34,,,,-0.05000000000000071,11.3,-4.844285571428571,-9.352857,-2.258571414285714,1024.6142914285715,83.39357214285714,3.101428542857142,31.0,1.53180862,118.0000026,4.093675082,142.10000263999999,10.360399294,0.1882267098432442,0.9821256058680006,2003-01-19,11.312857142857142,11.29,11.292857142857144,True,True,False,False
2003-01-19,11.312857142857142,11.29,11.34,,,0.02285714285714313,5.5000001,5.064285642857143,3.1528571285714286,7.0157142285714285,1017.2428628571428,89.55143142857142,6.585714214285715,18.142857142857142,1.34649021,105.4000027,4.7031806099999995,145.20000270000003,9.598833844,0.30492122465628907,0.9523775757303974,2003-01-26,11.304285714285712,11.312857142857142,11.317142857142857,True,True,False,False
2003-01-26,11.304285714285712,11.312857142857142,11.29,,11.311785714285714,-0.008571428571430673,17.7000004,5.5157142142857145,3.397142857142857,7.678571385714286,1011.9714285714286,90.50256785714284,5.194285671428572,22.857142857142858,1.72460285,72.1000018,5.518901824,142.6000031,9.710605134,0.4171936026123168,0.9088176373395029,2003-02-02,11.301428571428572,11.304285714285712,11.332857142857142,True,True,False,False
2003-02-02,11.301428571428572,11.304285714285712,11.312857142857142,11.34,11.302142857142858,-0.002857142857140005,24.0,1.5299998,-1.1742856914285713,3.8271426714285712,1008.3143028571428,86.3412057142857,5.482857,29.714285714285715,1.87434681,58.5000005,6.47724849,166.6000031,10.446565278,0.5234156073655503,0.8520775211013093,2003-02-09,11.31,11.301428571428572,11.327142857142858,True,True,True,True
2003-02-09,11.31,11.301428571428572,11.304285714285712,11.29,11.307142857142855,0.008571428571428896,13.8,2.634285623285714,0.134285687142857,4.701428571428571,1008.7571657142856,91.55654428571428,3.979999857142857,35.42857142857143,2.39363269,61.000000500000006,7.33907256,179.00000310000001,11.432747641999999,0.6220467484408675,0.7829801036770629,2003-02-16,11.28,11.31,11.34142857142857,True,True,True,True
2003-02-16,11.28,11.31,11.301428571428572,11.312857142857142,11.29892857142857,-0.030000000000001137,0.0,-1.79571421,-4.352857085714286,1.658571382857143,1032.1143,81.98173057142857,3.2899999857142856,64.0,3.64916749,55.500000400000005,9.64174984,160.9000031,14.34493045,0.7116566222817746,0.7025274741691571,2003-02-23,11.252857142857142,11.28,11.342857142857143,True,True,True,True
2003-02-23,11.252857142857142,11.28,11.31,11.304285714285712,11.286071428571429,-0.02714285714285758,0.0,-1.5585714285714285,-5.124285514285715,3.3485714285714283,1027.6428857142855,84.62857271428571,3.8299998571428575,85.71428571428571,5.02105825,37.8,12.93820524,109.9000018,18.457107064,0.7909456567567772,0.6118864012687243,2003-03-02,11.255714285714284,11.252857142857142,11.374285714285715,True,True,True,True
2003-03-02,11.255714285714284,11.252857142857142,11.28,11.301428571428572,11.274642857142855,0.002857142857141781,4.7000003,4.531428414285714,-0.2099999714285713,10.945713785714286,1018.4571485714284,80.14285985714285,2.8185714285714285,89.14285714285714,6.46469593,18.5000003,17.52855436,77.00000080000001,24.00580285,0.8587639582758029,0.5123714121284237,2003-03-09,11.285714285714286,11.255714285714284,11.347142857142856,True,True,True,True
2003-03-09,11.285714285714286,11.255714285714284,11.252857142857142,11.31,11.268571428571429,0.030000000000002913,24.0,6.668571242857142,3.1114285685714287,9.638571285714288,1016.7142914285714,87.68668785714286,4.8528571000000005,56.57142857142857,4.445324729999999,28.7000003,19.5802464,89.7000008,26.91931896,0.9141279881853337,0.40542572835999735,2003-03-16,11.3,11.285714285714286,11.314285714285717,True,True,True,True
2003-03-16,11.3,11.285714285714286,11.255714285714284,11.28,11.273571428571428,0.014285714285714235,2.6000001,5.632857085714286,1.1871427485714283,10.445714071428572,1030.82862,81.66928642857144,4.2685713142857145,115.0,8.412726,31.3000004,24.34380491,86.8000008,33.98555475,0.9562348265919056,0.29260033563334836,2003-03-23,11.275714285714283,11.3,11.308571428571428,True,True,True,True
2003-03-23,11.275714285714283,11.3,11.285714285714286,11.252857142857142,11.279285714285713,-0.024285714285717575,0.0,4.488571357142857,-1.0342856885714284,10.21999962857143,1030.1571857142858,73.42642857142857,3.017142814285714,138.42857142857142,10.226995039999998,31.3000004,29.5497417,69.1000004,42.48794693999999,0.9844738167520922,0.1755314904214282,2003-03-30,11.27,11.275714285714283,11.29142857142857,True,True,True,True
2003-03-30,11.27,11.275714285714283,11.3,11.255714285714284,11.282857142857143,-0.005714285714283562,0.0,8.54285672857143,1.5899999857142857,16.594285714285714,1018.8571542857144,75.18071428571429,2.995714228571429,155.85714285714286,13.0044021,26.6000001,36.08944787,45.1000004,53.618002229999995,0.9984354211555643,0.055916990100603484,2003-04-06,11.272857142857143,11.27,11.267142857142858,True,True,True,True
2003-04-06,11.272857142857143,11.27,11.275714285714283,11.285714285714286,11.279642857142857,0.0028571428571435575,14.9000001,5.224285628571429,0.088571427142857,9.792856857142857,1019.9285971428573,79.03917485714285,5.585714242857143,138.42857142857142,10.361034,17.5000002,42.005157139999994,46.2000005,61.58540354,0.9979171608653922,-0.06450844944931623,2003-04-13,11.265714285714283,11.272857142857143,11.231428571428571,True,True,True,True
2003-04-13,11.265714285714283,11.272857142857143,11.27,11.3,11.271071428571428,-0.007142857142859782,4.7000003,3.984285642857143,-2.4314285,9.915714042857145,1018.0000057142856,66.83142914285715,3.071428514285714,184.8571428571429,13.4697402,19.6000004,47.06217134,50.9000008,71.40597625,0.9829265519799822,-0.18399835165768005,2003-04-20,11.232857142857142,11.265714285714283,11.258571428571427,True,True,True,True
2003-04-20,11.232857142857142,11.265714285714283,11.272857142857143,11.275714285714283,11.260357142857142,-0.03285714285714114,0.0,12.167142857142858,5.411428457142857,19.10142814285714,1024.071442857143,54.95714357142857,5.392857042857143,219.57142857142856,20.3627074,19.6000004,57.197883700000006,50.9000008,86.7476254,0.9536809966304457,-0.30081980763566735,2003-04-27,11.207142857142856,11.232857142857142,11.27,True,True,True,True
2003-04-27,11.207142857142856,11.232857142857142,11.265714285714283,11.27,11.244642857142857,-0.02571428571428669,24.0,13.157142285714286,6.344285571428571,19.74428514285714,1012.3285828571428,71.9904132857143,3.7757142,189.28571428571428,17.8510212,43.6000004,62.044502800000004,70.2000005,98.13395066999999,0.9106046300942162,-0.4132786077829042,2003-05-04,11.262857142857143,11.207142857142856,11.311428571428571,True,True,True,True
2003-05-04,11.262857142857143,11.207142857142856,11.232857142857142,11.272857142857143,11.242142857142856,0.055714285714287826,17.0000002,12.728571,7.971428571428571,17.615714142857144,1009.6428685714284,79.98056557142857,5.297142814285714,169.42857142857142,15.969404,45.7000005,67.6528728,63.2000007,109.65802994,0.854322169749827,-0.5197438121555155,2003-05-11,11.26142857142857,11.262857142857143,11.308571428571428,True,True,True,True
2003-05-11,11.26142857142857,11.262857142857143,11.207142857142856,11.265714285714283,11.241071428571427,-0.001428571428572667,8.2000004,12.038571142857142,6.0314284,17.377142428571428,1018.9714285714286,79.510715,2.7128571,205.28571428571428,18.8637157,49.200000599999996,73.04684830000001,68.800001,120.10901964000001,0.7856498550787147,-0.6186714032625031,2003-05-18,11.281428571428572,11.26142857142857,11.272857142857143,True,True,True,True
2003-05-18,11.281428571428572,11.26142857142857,11.262857142857143,11.232857142857142,11.253214285714286,0.02000000000000135,29.5,10.8542855,6.4828570857142855,15.33714257142857,1014.4,80.287144,3.9014285,196.8571428571429,17.4377197,78.7000006,70.12186059999999,98.300001,127.3197443,0.705583610107178,-0.7086266782644596,2003-05-25,11.31,11.281428571428572,11.255714285714284,True,True,True,True
2003-05-25,11.31,11.281428571428572,11.26142857142857,11.207142857142856,11.27892857142857,0.02857142857142847,49.3000013,12.48857142857143,9.948571214285716,15.849999857142857,1012.5285771428572,90.08515857142856,4.247142728571428,124.57142857142856,11.537724430000004,104.0000019,63.808563830000004,147.6000023,125.85306663000001,0.6152845999633276,-0.7883050558305255,2003-06-01,11.29,11.31,11.248571428571427,True,True,True,True
2003-06-01,11.29,11.31,11.281428571428572,11.262857142857143,11.285714285714285,-0.02000000000000135,0.0,16.89714228571429,9.738571171428571,23.238571285714283,1019.3714428571428,75.41785857142858,2.9914284714285717,287.85714285714283,29.5969246,87.0000017,77.43608443,132.7000022,145.08895723,0.5160623910158528,-0.8565509959010036,2003-06-08,11.267142857142858,11.29,11.26,True,True,True,True
2003-06-08,11.267142857142858,11.29,11.31,11.26142857142857,11.287142857142857,-0.022857142857141355,24.1000003,19.179999714285717,13.109999428571427,25.71571414285714,1014.4285714285714,80.114287,3.0499999428571427,231.57142857142856,24.911214,102.90000160000001,83.48358273,152.1000022,156.53043103000002,0.4093559588156213,-0.9123747579707273,2003-06-15,11.252857142857142,11.267142857142858,11.275714285714283,True,True,True,True
2003-06-15,11.252857142857142,11.267142857142858,11.29,11.281428571428572,11.28,-0.014285714285716011,2.9,15.901428571428571,8.922856999999999,21.709999714285715,1019.5142914285716,78.16714428571429,3.121428557142857,254.8571428571429,25.5624843,76.3000016,91.60834733,155.00000219999998,161.73020793,0.29671281927349075,-0.9549667548552551,2003-06-22,11.182857142857143,11.252857142857142,11.254285714285714,True,True,True,True
2003-06-22,11.182857142857143,11.252857142857142,11.267142857142858,11.31,11.248214285714287,-0.06999999999999851,5.9000001,16.28571385714286,10.421428428571428,21.197142857142858,1016.1571542857145,79.30357142857143,3.5742856,220.0,22.2543065,32.9000004,102.3249294,136.90000229999998,166.13349323,0.1797665857255624,-0.9837092937736097,2003-06-29,11.081428571428573,11.182857142857143,11.244285714285716,True,True,True,True
2003-06-29,11.081428571428573,11.182857142857143,11.252857142857142,11.29,11.196071428571429,-0.10142857142857054,3.9,16.732856714285713,10.618571142857144,22.571428,1015.2428628571428,76.96714342857142,3.2599999,237.28571428571428,24.3717024,36.8000004,97.09970720000001,123.8000021,174.53579163,0.06021327736579302,-0.9981855344718586,2003-07-06,11.204285714285714,11.081428571428573,11.26,True,True,True,True
2003-07-06,11.204285714285714,11.081428571428573,11.182857142857143,11.267142857142858,11.180357142857144,0.122857142857141,49.000001000000005,15.161428,12.172856814285714,18.698570714285715,1007.7143028571428,89.06137371428572,3.789999942857143,130.28571428571428,12.9723362,61.70000110000001,85.16082940000001,164.6000027,168.64441213,-0.060213277365792774,-0.9981855344718586,2003-07-13,11.15857142857143,11.204285714285714,11.254285714285714,True,True,True,True
2003-07-13,11.15857142857143,11.204285714285714,11.081428571428573,11.252857142857142,11.156785714285714,-0.045714285714284486,0.0,16.772856714285716,9.478571157142856,22.59857128571429,1020.5571657142856,79.19357142857143,2.7785713285714286,244.0,24.9791419,58.8000011,84.57748699999999,135.1000027,176.18583433,-0.17976658572556214,-0.9837092937736098,2003-07-20,11.034285714285714,11.15857142857143,11.215714285714286,True,True,True,True
2003-07-20,11.034285714285714,11.15857142857143,11.204285714285714,11.182857142857143,11.119642857142857,-0.12428571428571544,15.9,21.405714,14.361427714285714,28.238571285714283,1015.3,71.68642885714286,3.958571385714286,264.1428571428572,29.7129112,68.80000100000001,92.0360917,101.70000140000002,194.36102110000002,-0.2967128192734901,-0.9549667548552553,2003-07-27,10.941428571428572,11.034285714285714,11.20142857142857,True,True,True,True
2003-07-27,10.941428571428572,11.034285714285714,11.15857142857143,11.081428571428573,11.084642857142857,-0.09285714285714164,7.20000004,18.982856714285717,13.278570928571428,24.314285428571427,1013.08572,79.80285785714285,3.1028571428571428,215.7142857142857,23.1765598,72.10000104,90.84094909999999,108.90000144000001,187.9406563,-0.4093559588156211,-0.9123747579707274,2003-08-03,10.86285714285714,10.941428571428572,11.191428571428572,True,True,True,True
2003-08-03,10.86285714285714,10.941428571428572,11.034285714285714,11.204285714285714,10.999285714285714,-0.07857142857143273,5.0,19.222856857142855,12.749999571428573,25.147142285714285,1019.8285714285714,79.42,2.255714257142857,231.42857142857144,24.9048484,28.10000004,102.7734613,89.80000114,187.93429070000002,-0.5160623910158526,-0.8565509959010037,2003-08-10,10.768571428571429,10.86285714285714,11.241428571428573,True,True,True,True
2003-08-10,10.768571428571429,10.86285714285714,10.941428571428572,11.15857142857143,10.901785714285714,-0.09428571428571075,0.0,22.38285671428571,15.174285571428571,30.299999857142858,1021.18574,71.625,2.788571385714285,262.42857142857144,29.7679392,28.10000004,107.5622586,86.90000114,192.13974560000003,-0.6152845999633277,-0.7883050558305253,2003-08-17,10.705714285714285,10.768571428571429,11.222857142857142,True,True,True,True
2003-08-17,10.705714285714285,10.768571428571429,10.86285714285714,11.034285714285714,10.819642857142856,-0.06285714285714405,0.0,19.478571214285715,12.115714,26.472857142857144,1017.78572,72.28785714285713,3.121428557142857,221.0,23.9156395,12.200000039999999,101.7649869,81.00000104,193.8010786,-0.7055836101071774,-0.70862667826446,2003-08-24,10.65857142857143,10.705714285714285,11.251428571428573,True,True,True,True
2003-08-24,10.65857142857143,10.705714285714285,10.768571428571429,10.941428571428572,10.74892857142857,-0.04714285714285538,6.5,17.804285714285715,12.075714142857144,22.96142857142857,1016.9857257142858,78.76571571428572,3.382857128571428,137.28571428571428,14.3335782,11.5,92.9220053,83.60000104000001,183.76295439999998,-0.7856498550787144,-0.6186714032625032,2003-08-31,10.627142857142855,10.65857142857143,11.267142857142858,True,True,True,True
2003-08-31,10.627142857142855,10.65857142857143,10.705714285714285,10.86285714285714,10.69,-0.031428571428573804,7.9,14.855714142857142,9.902856714285717,19.692857,1012.0000057142856,81.14951142857142,2.9871428285714288,134.71428571428572,13.32548795,14.4,81.34264485,42.50000004,184.11610615,-0.8543221697498269,-0.5197438121555157,2003-09-07,10.604285714285712,10.627142857142855,11.22,True,True,True,True
2003-09-07,10.604285714285712,10.627142857142855,10.65857142857143,10.768571428571429,10.64892857142857,-0.02285714285714313,6.3,14.215713928571429,8.379999999999999,20.071428285714287,1022.2428771428572,82.52071428571428,2.2971428,153.42857142857142,14.8151523,20.7,66.38985794999999,48.80000004,173.95211655,-0.9106046300942162,-0.41327860778290443,2003-09-14,10.721428571428572,10.604285714285712,11.262857142857143,True,True,True,True
2003-09-14,10.721428571428572,10.604285714285712,10.627142857142855,10.705714285714285,10.652857142857142,0.11714285714285921,23.800001,13.122856857142857,8.008571428571429,18.121428428571427,1019.7285714285716,87.12714357142856,2.517142814285714,125.57142857142856,11.8227834,44.500001,54.29700185,56.700001040000004,156.06198875,-0.9536809966304455,-0.300819807635668,2003-09-21,10.737142857142857,10.721428571428572,11.242857142857144,True,True,True,True
2003-09-21,10.737142857142857,10.721428571428572,10.604285714285712,10.65857142857143,10.6725,0.015714285714285126,0.0,16.497142571428572,10.39428557142857,23.92714257142857,1020.3571685714286,81.45285842857142,2.325714214285714,161.28571428571428,16.4258825,38.000001,56.389306149999996,49.500001000000005,149.31131145,-0.9829265519799822,-0.18399835165767986,2003-09-28,10.725714285714286,10.737142857142857,11.245714285714286,True,True,True,True
2003-09-28,10.725714285714286,10.737142857142857,10.721428571428572,10.627142857142855,10.697142857142856,-0.011428571428570677,36.9,11.89428557142857,6.048571214285714,17.86142835714286,1018.0428628571428,80.77571428571427,3.104285657142857,127.42857142857144,11.728040040000002,67.000001,54.79185824,81.400001,136.13450309,-0.9979171608653922,-0.06450844944931625,2003-10-05,10.868571428571428,10.725714285714286,11.224285714285717,True,True,True,True
2003-10-05,10.868571428571428,10.725714285714286,10.737142857142857,10.604285714285712,10.763214285714286,0.14285714285714235,6.3000001,10.514285571428571,5.3299999,15.961428571428572,1010.2142971428572,87.32579999999999,2.572857142857143,97.85714285714286,8.588232170000001,67.0000011,48.56493811,87.70000110000001,114.95479606,-0.9984354211555643,0.05591699010060302,2003-10-12,11.092857142857143,10.868571428571428,11.228571428571428,True,True,True,True
2003-10-12,11.092857142857143,10.868571428571428,10.725714285714286,10.721428571428572,10.856071428571429,0.2242857142857151,45.600001000000006,10.202857,6.475713928571429,13.778570928571428,1011.1571628571428,85.36582842857142,4.881428428571428,64.71428571428571,5.6439777200000005,88.8000011,42.38613243,133.3000021,96.68313428,-0.9844738167520923,0.17553149042142777,2003-10-19,11.037142857142856,11.092857142857143,11.258571428571427,True,True,True,True
2003-10-19,11.037142857142856,11.092857142857143,10.868571428571428,10.737142857142857,10.931071428571428,-0.055714285714287826,0.0,5.405714171428572,0.0871428428571428,11.422857,1027.0714485714286,84.313574,3.2371428,108.85714285714286,8.2160827,88.8000011,34.176332630000005,126.8000021,90.56563878,-0.9562348265919058,0.2926003356333479,2003-10-26,11.0,11.037142857142856,11.285714285714286,True,True,True,True
2003-10-26,11.0,11.037142857142856,11.092857142857143,10.725714285714286,10.999642857142858,-0.03714285714285559,7.40000004,3.129999885714286,-2.324285614285714,7.867142657142857,1013.4285714285714,88.27224857142858,3.5228570285714285,57.85714285714285,4.01033194,59.300001140000006,26.45862453,126.30000214,81.25048277,-0.9141279881853337,0.4054257283599973,2003-11-02,11.044285714285715,11.0,11.29857142857143,True,True,True,True
2003-11-02,11.044285714285715,11.0,11.037142857142856,10.868571428571428,11.043571428571429,0.04428571428571537,16.5,5.242857010000001,1.5828570857142858,9.285714242857145,999.0857257142858,89.32857357142858,3.684285671428571,51.142857142857146,3.68469707,69.50000104,21.555089430000002,136.50000214,70.12002754,-0.858763958275803,0.5123714121284235,2003-11-09,11.1,11.044285714285715,11.308571428571428,True,True,True,True
2003-11-09,11.1,11.044285714285715,11.0,11.092857142857143,11.045357142857144,0.05571428571428427,3.9,7.4714285,4.358571357142857,11.102856714285716,1025.4428771428572,86.27790128571428,4.714285657142858,58.57142857142857,4.70371538,27.80000004,20.61482709,116.60000114,63.00095952,-0.7909456567567774,0.6118864012687242,2003-11-16,11.064285714285717,11.1,11.311428571428571,True,True,True,True
2003-11-16,11.064285714285717,11.1,11.044285714285715,11.037142857142856,11.052142857142858,-0.03571428571428292,8.000000100000001,5.398571357142857,2.921428514285714,7.829999714285714,1019.2428685714284,91.70914214285712,3.812857042857143,29.571428571428573,2.20731503,35.80000014,14.606059420000001,124.60000124000001,48.782392050000006,-0.711656622281775,0.7025274741691566,2003-11-23,11.124285714285715,11.064285714285717,11.294285714285715,True,True,True,True
2003-11-23,11.124285714285715,11.064285714285717,11.1,11.0,11.083214285714286,0.05999999999999872,28.3000002,10.214285571428572,8.107142857142858,11.751428357142856,1011.8285942857144,91.89470128571428,4.802857142857143,15.142857142857142,1.32243795,56.7000003,11.91816543,116.00000144,38.37678996,-0.622046748440868,0.7829801036770624,2003-11-30,11.21,11.124285714285715,11.297142857142855,True,True,True,True
2003-11-30,11.21,11.124285714285715,11.064285714285717,11.044285714285715,11.124642857142858,0.08571428571428541,13.2000003,5.538571371428572,3.492857101428572,8.035714042857142,1005.9714285714286,91.78678871428572,3.521428485714285,23.142857142857142,1.75765125,53.4000006,9.99111961,122.90000164,31.546209040000004,-0.5234156073655503,0.8520775211013093,2003-12-07,11.195714285714288,11.21,11.29142857142857,True,True,True,True
2003-12-07,11.195714285714288,11.21,11.124285714285715,11.1,11.14857142857143,-0.014285714285712459,0.7,4.768571428571429,2.687142814285714,7.159999857142857,1023.7143,87.85254657142858,3.842857071428572,21.571428571428573,1.51392269,50.2000006,6.80132692,78.00000064000001,27.41615401,-0.41719360261231697,0.9088176373395028,2003-12-14,11.184285714285716,11.195714285714288,,True,True,True,True
2003-12-14,11.184285714285716,11.195714285714288,11.21,11.064285714285717,11.17857142857143,-0.011428571428572454,50.600002100000005,2.0328572,-1.9828570857142855,5.884285557142857,1014.0285714285714,87.83643228571428,4.381428514285714,27.0,1.6854754400000005,92.8000026,6.27948733,128.60000274,20.88554675,-0.3049212246562894,0.9523775757303973,2003-12-21,11.272857142857143,11.184285714285716,,True,True,True,True
2003-12-21,11.272857142857143,11.184285714285716,11.195714285714288,11.124285714285715,11.215714285714288,0.08857142857142719,18.5,3.9899999142857134,1.4214285785714285,6.638571242857142,1015.0,87.82141142857144,5.297142857142857,20.428571428571427,1.4492579,83.0000024,6.40630728,139.7000027,18.324472710000002,-0.1882267098432439,0.9821256058680006,2003-12-28,11.274285714285714,11.272857142857143,,True,True,True,True
2003-12-28,11.274285714285714,11.272857142857143,11.184285714285716,11.21,11.231785714285715,0.0014285714285708906,27.6000001,4.621428471428572,2.5271428428571427,6.5842855,1010.87144,85.87481,5.918571385714286,14.714285714285714,1.077523958,97.4000022,5.726179988,150.80000280000002,15.717299598,-0.06880242680232064,0.9976303053065857,2004-01-04,11.264285714285714,11.274285714285714,11.34,True,True,True,True
2004-01-04,11.264285714285714,11.274285714285714,11.272857142857143,11.195714285714288,11.248928571428571,-0.009999999999999787,2.4,-0.0114285685714285,-2.8228571,2.009999941428571,1017.9428571428572,89.52658699999999,3.4571427857142853,20.571428571428573,1.2660028099999998,99.1000022,5.478260108000001,149.3000028,12.279587028000002,0.05147875477034653,0.9986740898848305,2004-01-11,11.277142857142858,11.264285714285714,11.29,True,True,True,True
2004-01-11,11.277142857142858,11.264285714285714,11.274285714285714,11.184285714285716,11.272142857142857,0.012857142857143344,36.0,5.245714257142857,2.9899998571428568,7.214285585714285,1008.7857257142856,93.25313728571427,4.487142814285714,14.857142857142858,1.12401962,84.5000001,4.916804288,177.3000027,11.196291618,0.17082974322534417,0.985300562686109,2004-01-18,11.304285714285712,11.277142857142858,11.312857142857142,True,True,True,True
2004-01-18,11.304285714285712,11.277142857142858,11.264285714285714,11.272857142857143,11.28,0.027142857142854027,39.1,4.2914285,2.3071428000000003,6.022857028571429,996.2428685714286,88.06225685714286,6.201428571428572,20.285714285714285,1.46482548,105.1000001,4.932371868,188.10000250000002,11.338679148,0.287716767226167,0.9577155432887803,2004-01-25,11.292857142857144,11.304285714285712,11.304285714285712,True,True,True,True
2004-01-25,11.292857142857144,11.304285714285712,11.277142857142858,11.274285714285714,11.284642857142858,-0.011428571428567125,13.6,2.207142827142857,-0.1457142805714286,4.479999928571429,1014.257165714286,86.42956000000001,3.3728571142857144,22.857142857142858,1.53459594,91.1,5.38944385,188.5000022,11.115623838000001,0.40045390565126643,0.9163169044870048,2004-02-01,11.285714285714286,11.292857142857144,11.301428571428572,True,True,True,True
2004-02-01,11.285714285714286,11.292857142857144,11.304285714285712,11.264285714285714,11.290000000000001,-0.007142857142858006,63.5,2.5571428285714286,-0.4899999857142857,5.001428528571429,1001.6428685714284,89.48836357142856,5.402857114285714,25.571428571428573,1.75622463,152.20000000000002,5.87966567,251.30000220000002,11.357925778,0.5074150932938455,0.8617017599480682,2004-02-08,11.321428571428571,11.285714285714286,11.31,True,True,True,True
2004-02-08,11.321428571428571,11.285714285714286,11.292857142857144,11.277142857142858,11.301071428571428,0.0357142857142847,40.3000013,9.417142857142858,7.079999671428571,11.607142528571428,1013.7285942857144,85.65495642857142,7.552857028571429,22.857142857142858,1.90241824,156.5000013,6.6580642899999996,241.0000014,11.574868578,0.6070575744291002,0.7946578517376252,2004-02-15,11.311428571428571,11.321428571428571,11.28,True,True,True,True
2004-02-15,11.311428571428571,11.321428571428571,11.285714285714286,11.304285714285712,11.302857142857142,-0.009999999999999787,15.2,4.6285713714285714,1.6071428514285715,7.412857085714286,1027.5143142857144,91.06053928571428,3.654285671428571,30.0,2.18697006,132.6000013,7.38020887,237.70000140000002,12.312580738,0.6979441547663435,0.7161521883143933,2004-02-22,11.28285714285714,11.311428571428571,11.252857142857142,True,True,True,True
2004-02-22,11.28285714285714,11.311428571428571,11.321428571428571,11.292857142857144,11.300357142857141,-0.028571428571432023,3.1000001,2.1271427885714287,-0.52,4.927142828571428,1023.1428714285714,81.64833771428572,4.2071428285714285,65.0,4.29134731,122.10000140000001,10.13696024,213.2000014,15.52640409,0.7787639308347607,0.6273170968742937,2004-02-29,11.274285714285714,11.28285714285714,11.255714285714284,True,True,True,True
2004-02-29,11.274285714285714,11.28285714285714,11.311428571428571,11.285714285714286,11.2975,-0.008571428571425344,9.6,-0.0657142799999999,-3.0914285142857145,3.747142742857143,1007.2428628571428,83.98928571428571,3.5471427571428573,79.28571428571429,4.93152394,68.20000139999999,13.31225955,220.4000014,19.19192522,0.8483511978123038,0.5294338912181853,2004-03-07,11.255714285714284,11.274285714285714,11.285714285714286,True,True,True,True
2004-03-07,11.255714285714284,11.274285714285714,11.28285714285714,11.321428571428571,11.281071428571428,-0.01857142857143046,0.0,2.169999957142857,-1.3414285428571429,6.3585714285714285,1025.1857285714286,80.78642928571428,3.5828570714285712,80.28571428571429,5.40975664,27.9000001,16.819597950000002,184.4000014,23.47766224,0.9057022630804714,0.42391439070986076,2004-03-14,11.244285714285716,11.255714285714284,11.3,True,True,True,True
2004-03-14,11.244285714285716,11.255714285714284,11.274285714285714,11.311428571428571,11.264285714285714,-0.011428571428567125,5.4000002,3.689999985714286,0.4057142928571428,7.198571314285714,1022.9857342857142,81.9328577142857,4.969999757142857,79.71428571428571,5.70599654,18.1000003,20.33862443,150.70000159999998,27.7188333,0.949989922994501,0.3122805568857947,2004-03-21,11.26,11.244285714285716,11.275714285714283,True,True,True,True
2004-03-21,11.26,11.244285714285716,11.255714285714284,11.28285714285714,11.258571428571429,0.01571428571428335,34.1,9.829999857142855,6.771428528571429,13.405714,1015.1714342857142,83.86635128571427,6.962857085714285,73.57142857142857,6.38726366,49.100000200000004,22.434540780000003,171.2000016,32.57150102,0.9805753940631429,0.19614254142819698,2004-03-28,11.281428571428572,11.26,11.27,True,True,True,True
2004-03-28,11.281428571428572,11.26,11.244285714285716,11.274285714285714,11.260357142857142,0.02142857142857224,6.3,4.3114285,-0.5857142857142856,8.905713842857143,1016.4285885714286,80.91499999999999,3.308571371428571,125.14285714285714,9.099501,45.8000002,26.60251784,114.0000016,39.91477739,0.9970175264485267,0.07717546212664653,2004-04-04,11.267142857142858,11.281428571428572,11.272857142857143,True,True,True,True
2004-04-04,11.267142857142858,11.281428571428572,11.26,11.255714285714284,11.263214285714286,-0.014285714285714235,9.5000003,10.00285657142857,4.9271428,15.284285428571428,1015.37144,72.31642942857142,4.99,158.42857142857142,13.774678799999998,55.3000005,34.967439999999996,83.2000006,51.78703795,0.9990791668951153,-0.04290475819955447,2004-04-11,11.295714285714284,11.267142857142858,11.265714285714283,True,True,True,True
2004-04-11,11.295714285714284,11.267142857142858,11.281428571428572,11.244285714285716,11.276071428571427,0.028571428571426694,33.100001,6.032856971428572,3.071428457142857,9.485714,1011.27144,83.1842857142857,4.3728571,122.42857142857144,9.506904,83.00000130000001,38.76834746,101.10000160000001,59.106971890000004,0.9867305793119814,-0.16236614133076366,2004-04-18,11.285714285714286,11.295714285714284,11.232857142857142,True,True,True,True
2004-04-18,11.285714285714286,11.295714285714284,11.267142857142858,11.26,11.2825,-0.00999999999999801,1.2,9.9471428,3.351428547142857,15.644285285714286,1013.8714342857144,73.19428657142858,3.045714257142857,180.8571428571429,15.8751314,50.1000013,48.2562152,99.2000015,70.69075598,0.9601498736716018,-0.2794856348516094,2004-04-25,11.255714285714284,11.285714285714286,11.207142857142856,True,True,True,True
2004-04-25,11.255714285714284,11.285714285714286,11.295714285714284,11.281428571428572,11.276071428571429,-0.030000000000002913,0.0,10.432856857142855,3.8399999857142855,16.581428428571428,1015.6571485714286,74.23428571428572,3.0542856285714284,191.57142857142856,16.8635995,43.800001300000005,56.020313699999996,89.60000149999999,82.62283154,0.9197204370389467,-0.39257396461417177,2004-05-02,11.232857142857142,11.255714285714284,11.262857142857143,True,True,True,True
2004-05-02,11.232857142857142,11.255714285714284,11.285714285714286,11.267142857142858,11.2675,-0.022857142857141355,5.1,14.18714264285714,8.782857085714285,19.68999971428571,1008.9571485714284,73.25642971428572,4.187142757142857,184.7142857142857,18.0594482,39.400000999999996,60.3050831,94.7000015,95.2725231,0.8660254037844387,-0.4999999999999998,2004-05-09,11.221428571428572,11.232857142857142,11.26142857142857,True,True,True,True
2004-05-09,11.221428571428572,11.232857142857142,11.255714285714284,11.295714285714284,11.24892857142857,-0.011428571428570677,19.0000003,11.064285571428572,6.314285514285714,15.757142571428572,995.85716,80.90381000000001,3.7342856,142.71428571428572,12.9439381,25.3000003,63.742117199999996,108.3000016,102.51046466,0.7998392447397195,-0.600214280548368,2004-05-16,11.20142857142857,11.221428571428572,11.281428571428572,True,True,True,True
2004-05-16,11.20142857142857,11.221428571428572,11.232857142857142,11.285714285714286,11.227857142857141,-0.02000000000000135,0.0,11.871428285714286,8.424285514285714,16.159999857142857,1020.8142914285714,80.73071485714286,3.7971428571428567,173.14285714285714,15.9571915,24.1000003,63.8241773,74.20000160000001,112.0803925,0.722116596610116,-0.6917713646142222,2004-05-23,11.137142857142855,11.20142857142857,11.31,True,True,True,True
2004-05-23,11.137142857142855,11.20142857142857,11.221428571428572,11.255714285714284,11.198214285714284,-0.06428571428571495,2.1000001,12.022856857142855,5.652856971428571,17.612856999999998,1022.8857142857142,70.30071485714286,4.012857028571429,254.0,23.3122993,26.2000004,70.2728771,70.0000017,126.2931908,0.6339784927628868,-0.7733506777097298,2004-05-30,11.071428571428571,11.137142857142855,11.29,True,True,True,True
2004-05-30,11.071428571428571,11.137142857142855,11.20142857142857,11.232857142857142,11.157857142857141,-0.06571428571428406,8.1,12.481428428571428,5.721428457142857,18.682857,1022.9428628571428,69.13142957142857,3.2428570714285714,227.14285714285717,21.1641722,29.2000004,73.37760109999999,68.6000014,133.68268419999998,0.5366961939916005,-0.8437755598231856,2004-06-06,11.142857142857142,11.071428571428571,11.267142857142858,True,True,True,True
2004-06-06,11.142857142857142,11.071428571428571,11.137142857142855,11.221428571428572,11.138214285714286,0.07142857142857117,14.3,14.292856857142857,9.875714142857143,19.198571285714284,1019.4714285714286,83.25842142857142,2.887142814285714,187.14285714285717,18.1967166,24.5000001,78.6303796,49.8000004,142.3724968,0.43167285247378384,-0.9020302369860707,2004-06-13,11.061428571428571,11.142857142857142,11.252857142857142,True,True,True,True
2004-06-13,11.061428571428571,11.142857142857142,11.071428571428571,11.20142857142857,11.103214285714285,-0.08142857142857096,3.3,17.388571142857142,11.347142714285711,22.455714,1019.68572,77.13071428571428,3.5942857,221.28571428571428,23.0391182,27.800000100000002,85.7123063,51.900000399999996,149.5364836,0.3204232733919116,-0.9472744722987168,2004-06-20,11.008571428571427,11.061428571428571,11.182857142857143,True,True,True,True
2004-06-20,11.008571428571427,11.061428571428571,11.142857142857142,11.137142857142855,11.071071428571429,-0.05285714285714427,18.6000011,13.699999714285712,9.367142514285714,18.181428285714286,1012.1143114285716,78.53285714285714,4.181428542857143,196.57142857142856,18.7775763,44.3000011,81.17758330000001,70.5000015,151.4504604,0.2045520661262008,-0.9788556850953578,2004-06-27,11.164285714285716,11.008571428571427,11.081428571428573,True,True,True,True
2004-06-27,11.164285714285716,11.008571428571427,11.061428571428571,11.071428571428571,11.094285714285714,0.15571428571428925,65.10000140000001,14.211428142857145,9.6114282,18.49,1010.4,83.06500000000001,4.718571414285714,179.0,17.4017005,101.3000025,77.4151116,130.50000290000003,150.7927127,0.0857305001556943,-0.9963183634476755,2004-07-04,11.212857142857144,11.164285714285716,11.204285714285714,True,True,True,True
2004-07-04,11.212857142857144,11.164285714285716,11.008571428571427,11.142857142857142,11.111785714285714,0.048571428571428044,44.4000003,15.021428285714284,10.662856857142858,19.297142428571423,1014.3571485714284,80.5614292857143,4.4285713,206.28571428571428,20.340185,131.40000280000004,79.55858,155.9000029,158.1889596,-0.03432760051324313,-0.9994106342455054,2004-07-11,11.228571428571428,11.212857142857144,11.15857142857143,True,True,True,True
2004-07-11,11.228571428571428,11.212857142857144,11.164285714285716,11.061428571428571,11.153571428571428,0.01571428571428335,20.8000003,14.62285685714286,9.464285514285717,19.57142842857143,1012.9857314285716,79.79285714285713,3.6899999,209.8571428571429,20.529191999999995,148.90000310000002,77.0486538,176.7000032,162.76096009999998,-0.15389057670406148,-0.9880878960910772,2004-07-18,11.271428571428572,11.228571428571428,11.034285714285714,True,True,True,True
2004-07-18,11.271428571428572,11.228571428571428,11.212857142857144,11.008571428571427,11.219285714285714,0.04285714285714448,59.0000001,15.94428542857143,12.431428071428572,19.99714271428571,1013.2714342857142,85.76785771428571,3.472857071428572,147.42857142857142,14.9885703,189.30000210000003,73.2596478,233.6000032,154.43723110000002,-0.2712339106729102,-0.9625134626077081,2004-07-25,11.304285714285712,11.271428571428572,10.941428571428572,True,True,True,True
2004-07-25,11.304285714285712,11.271428571428572,11.228571428571428,11.164285714285716,11.254285714285714,0.032857142857139365,19.3000003,16.989999714285712,11.495714142857144,22.108571285714284,1018.1714342857142,84.92778357142856,2.442857142857143,187.57142857142856,19.4790236,143.500001,75.3369709,244.80000350000003,152.7520825,-0.38466509970700097,-0.9230562068841761,2004-08-01,11.265714285714283,11.304285714285712,10.86285714285714,True,True,True,True
2004-08-01,11.265714285714283,11.304285714285712,11.271428571428572,11.212857142857144,11.267499999999998,-0.03857142857142826,0.0,17.605713714285717,11.244285571428572,23.54285657142857,1019.3,77.34071428571428,2.5028571285714287,245.28571428571428,25.6182283,99.10000070000001,80.61501419999999,230.50000350000002,160.1735942,-0.4925480679538642,-0.8702852410301554,2004-08-08,11.171428571428573,11.265714285714283,10.768571428571429,True,True,True,True
2004-08-08,11.171428571428573,11.265714285714283,11.304285714285712,11.228571428571428,11.253214285714286,-0.09428571428571075,0.0,22.019999857142857,14.694285571428573,29.162856714285716,1013.2000171428572,70.49928642857142,2.6985714,258.85714285714283,29.269669,78.30000040000002,89.3554912,227.2000035,166.404145,-0.5933267643772321,-0.8049617075821958,2004-08-15,11.23,11.171428571428573,10.705714285714285,True,True,True,True
2004-08-15,11.23,11.171428571428573,11.265714285714283,11.271428571428572,11.242857142857142,0.05857142857142783,100.0,20.277142857142856,15.98999985714286,25.942856857142857,1010.9714342857144,77.92174642857142,3.4242857,174.71428571428572,19.4202912,119.30000030000001,93.78721209999999,308.6000024,167.0468599,-0.6855476064742154,-0.7280278011569848,2004-08-22,11.322857142857144,11.23,10.65857142857143,True,True,True,True
2004-08-22,11.322857142857144,11.23,11.171428571428573,11.304285714285712,11.2475,0.09285714285714342,16.8,17.15857107142857,13.055713871428573,21.30428542857143,1008.2285771428571,84.10507642857144,3.857142785714285,156.57142857142858,16.2446771,116.8,90.5528656,260.300001,165.8898365,-0.7678804460366,-0.6405931786981752,2004-08-29,11.314285714285717,11.322857142857144,10.627142857142855,True,True,True,True
2004-08-29,11.314285714285717,11.322857142857144,11.23,11.265714285714283,11.25964285714286,-0.00857142857142712,33.9000001,15.08428542857143,10.881428571428572,19.43999985714286,1009.7857257142856,86.22163428571427,3.881428542857143,127.42857142857144,12.61476724,150.7000001,77.54940454000001,249.80000080000002,158.16441874,-0.8391377545563938,-0.5439189543287248,2004-09-05,11.29857142857143,11.314285714285717,10.604285714285712,True,True,True,True
2004-09-05,11.29857142857143,11.314285714285717,11.322857142857144,11.171428571428573,11.291428571428574,-0.015714285714286902,19.0,16.03714257142857,10.507142642857143,22.32285642857143,1019.4142857142856,83.218272,2.8485714142857144,174.0,17.6191412,169.7000001,65.89887673999999,248.0000005,155.25436794,-0.8982917515547529,-0.43939950965914165,2004-09-12,11.245714285714286,11.29857142857143,10.721428571428572,True,True,True,True
2004-09-12,11.245714285714286,11.29857142857143,11.314285714285717,11.23,11.295357142857144,-0.05285714285714427,2.4,16.597142714285717,11.127142714285714,22.28714257142857,1023.31432,77.54357357142858,4.309999971428572,176.85714285714286,17.985428900000002,72.10000010000002,64.46401444,191.40000039999998,158.25122654,-0.9444892287836613,-0.32854238191083474,2004-09-19,11.204285714285716,11.245714285714286,10.737142857142857,True,True,True,True
2004-09-19,11.204285714285716,11.245714285714286,11.29857142857143,11.322857142857144,11.265714285714287,-0.04142857142857004,6.2,14.11999957142857,9.608571257142858,18.745714142857143,1013.8571428571428,78.98642985714287,4.958571342857143,133.57142857142858,12.890078,61.500000100000015,61.109415340000005,178.3000001,151.66228094000002,-0.9770638564833508,-0.21294651993841573,2004-09-26,11.268,11.204285714285716,10.725714285714286,True,True,True,True
2004-09-26,11.268,11.204285714285716,11.245714285714286,11.314285714285717,11.254142857142858,0.06371428571428517,42.6000001,12.149999571428571,9.621428428571429,15.105713714285711,1010.2428571428572,85.51000142857143,5.519999814285714,75.85714285714286,7.000584269999999,70.20000010000001,55.495232370000004,220.9000002,133.04463691,-0.9955457941960382,-0.09427922177542443,2004-10-03,11.29142857142857,11.268,10.868571428571428,True,True,True,True
2004-10-03,11.29142857142857,11.268,11.204285714285716,11.29857142857143,11.252357142857143,0.023428571428569356,20.1000003,13.272856714285714,10.038570971428571,16.75428557142857,1017.0714342857144,87.72589428571429,3.6514285714285712,81.28571428571429,7.684412439999999,71.30000040000002,45.56050361,241.0000005,111.45938035,-0.999668467514313,0.025747913654988634,2004-10-10,11.28285714285714,11.29142857142857,11.092857142857143,True,True,True,True
2004-10-10,11.28285714285714,11.29142857142857,11.268,11.245714285714286,11.261642857142856,-0.008571428571430673,4.8,10.725714085714284,7.025714085714285,15.611428285714286,1015.0285771428572,84.13071599999999,4.164285671428572,90.71428571428572,7.89996856,73.70000040000001,35.47504327,145.8000005,99.93905771,-0.9893724130196829,0.14540367380368996,2004-10-17,11.247142857142858,11.28285714285714,11.037142857142856,True,True,True,True
2004-10-17,11.247142857142858,11.28285714285714,11.29142857142857,11.204285714285716,11.272357142857143,-0.035714285714281147,2.3,8.3657141,4.668571371428572,12.421428285714285,1007.87144,82.56452542857143,4.255714271428571,76.14285714285714,6.2982966000000005,69.80000040000003,28.88326187,131.30000049999998,89.99267721,-0.9648061359537647,0.262962202656514,2004-10-24,11.275714285714283,11.247142857142858,11.0,True,True,True,True
2004-10-24,11.275714285714283,11.247142857142858,11.28285714285714,11.268,11.274285714285712,0.028571428571424917,40.9000011,11.988571285714286,8.549999857142856,15.345714,1005.7428685714286,87.41922885714287,5.422857,56.285714285714285,5.0994975,68.10000140000001,26.9821751,138.3000015,82.47740747,-0.9263239682514949,0.3767278936351853,2004-10-31,11.302857142857144,11.275714285714283,11.044285714285715,True,True,True,True
2004-10-31,11.302857142857144,11.275714285714283,11.247142857142858,11.29142857142857,11.277142857142856,0.027142857142861132,15.2000011,10.321428142857142,6.654285671428572,13.625713928571429,1007.1285885714286,89.97349357142856,3.5528571285714285,44.85714285714285,3.94340858,63.20000220000001,23.24117124,134.5000026,68.80167485,-0.8744809578310401,0.4850598461951956,2004-11-07,11.281428571428572,11.302857142857144,11.1,True,True,True,True
2004-11-07,11.281428571428572,11.302857142857144,11.275714285714283,11.28285714285714,11.276785714285715,-0.02142857142857224,6.2000001,8.5057141,5.842857057142857,11.288571214285714,1021.1714342857142,88.724287,3.2057142428571423,38.285714285714285,3.1753928,64.60000230000001,18.51659548,138.3000027,53.99163875,-0.8100248628547756,0.5863955333706952,2004-11-14,11.29,11.281428571428572,11.064285714285717,True,True,True,True
2004-11-14,11.29,11.281428571428572,11.302857142857144,11.247142857142858,11.287499999999998,0.00857142857142712,23.5000015,4.7085713857142855,1.321428528571429,8.0857141,1019.57146,90.09621642857142,3.1414285142857143,37.71428571428572,2.7685118499999994,85.80000380000001,14.986810729999998,155.6000042,43.87007259999999,-0.7338853664321989,0.6792733388972934,2004-11-21,11.311428571428571,11.29,11.124285714285715,True,True,True,True
2004-11-21,11.311428571428571,11.29,11.281428571428572,11.275714285714283,11.29642857142857,0.02142857142857224,35.1000013,6.107142857142857,3.7028569414285712,8.589999857142857,1016.5000114285714,90.18676442857144,4.855714271428572,23.857142857142858,1.78690977,80.00000400000002,11.674223,148.1000054,38.6563981,-0.6471606673266065,0.7623536388483899,2004-11-28,11.301428571428572,11.311428571428571,11.21,True,True,True,True
2004-11-28,11.301428571428572,11.311428571428571,11.29,11.302857142857144,11.296071428571429,-0.009999999999999787,12.4000004,4.712857049999999,0.6614286142857144,7.8228570714285715,1020.9428628571428,90.99210771428572,3.592857085714286,27.285714285714285,1.93631308,77.20000330000002,9.6671275,140.4000055,32.90829874,-0.5511016400745998,0.8344381237138475,2004-12-05,11.29,11.301428571428572,11.195714285714288,True,True,True,True
2004-12-05,11.29,11.301428571428572,11.311428571428571,11.281428571428572,11.298214285714286,-0.011428571428572454,3.7,3.979999928571429,1.8300000028571428,6.189999971428571,1018.5143057142858,93.86202357142858,2.7442856428571427,17.0,1.219251345,74.70000320000001,7.710986044999999,139.3000055,26.227581525,-0.44709379298511437,0.8944870822287954,2004-12-12,11.27142857142857,11.29,11.184285714285716,True,True,True,True
2004-12-12,11.27142857142857,11.29,11.301428571428572,11.29,11.293571428571429,-0.018571428571428683,0.0,2.74571422,-0.1671428814285714,4.845714214285715,1029.2857285714283,93.68571942857145,2.6385713571428573,15.857142857142858,1.066668809,51.200001700000016,6.009143004,137.0000055,20.995953733999997,-0.3366372842469107,0.9416343976591258,2004-12-19,11.275714285714283,11.27142857142857,11.272857142857143,True,True,True,True
2004-12-19,11.275714285714283,11.27142857142857,11.29,11.311428571428571,11.284642857142856,0.004285714285712672,19.4000003,2.46857142,0.1185714028571428,4.978571285714286,1012.2428685714284,91.46450442857144,4.5571427571428575,18.714285714285715,1.2878928,35.500000700000015,5.510126034,115.50000469999999,17.184349034,-0.22132528438243296,0.9752000402445824,2004-12-26,11.29142857142857,11.275714285714283,11.274285714285714,True,True,True,True
2004-12-26,11.29142857142857,11.275714285714283,11.27142857142857,11.301428571428572,11.282142857142857,0.015714285714286902,9.1000001,2.5642857,-0.4357142857142859,5.4099999,1007.5857371428572,88.48836128571429,5.164285585714286,24.285714285714285,1.61910825,32.200000400000015,5.192921204,109.4000037,14.860048704,-0.1028209971373608,0.9946998756145891,2005-01-02,11.294285714285715,11.29142857142857,11.264285714285714,True,True,True,True
2005-01-02,11.294285714285715,11.29142857142857,11.275714285714283,11.29,11.283214285714285,0.002857142857145334,18.2000005,3.452857171428572,0.6657142714285714,5.818571400000001,1016.8857314285716,91.31350714285712,5.337142742857144,19.142857142857142,1.33440192,46.70000090000002,5.3080717790000005,121.40000409999999,13.019057823999999,0.017213356155834685,0.9998518392091162,2005-01-09,11.295714285714286,11.294285714285715,11.277142857142858,True,True,True,True
2005-01-09,11.295714285714286,11.294285714285715,11.29142857142857,11.27142857142857,11.289285714285715,0.0014285714285708906,11.7,7.484285585714285,5.344285471428571,9.632857,1019.38572,84.75682714285713,8.311428342857143,19.857142857142858,1.60415173,58.400000900000016,5.8455547,109.6000026,11.854697704000001,0.13727877211326478,0.9905324521322229,2005-01-16,11.28285714285714,11.295714285714286,11.304285714285712,True,True,True,True
2005-01-16,11.28285714285714,11.295714285714286,11.294285714285715,11.275714285714283,11.291071428571428,-0.012857142857146897,8.600000099999999,5.028571409428571,2.374285571428572,8.017142785714286,1022.3142971428572,87.29334842857143,5.117142657142857,35.857142857142854,2.6198397,47.600000700000024,7.1775016,83.1000014,12.687627634,0.255353295116187,0.9668478136052775,2005-01-23,11.295714285714284,11.28285714285714,11.292857142857144,True,True,True,True
2005-01-23,11.295714285714284,11.28285714285714,11.295714285714286,11.29142857142857,11.292142857142856,0.01285714285714512,32.8000005,4.414285685714286,1.087142865714286,6.747142785714286,1006.3142857142856,87.53798485714286,6.459999942857143,28.142857142857142,2.03811628,71.30000110000002,7.59650963,103.5000015,12.789430834000001,0.3697245428906731,0.9291414114031743,2005-01-30,11.284285714285714,11.295714285714284,11.285714285714286,True,True,True,True
2005-01-30,11.284285714285714,11.295714285714284,11.28285714285714,11.294285714285715,11.289642857142855,-0.011428571428570677,3.80000004,0.6628571157142857,-1.8500000285714289,2.9057142142857137,1023.4143114285716,88.95566642857143,3.087142857142857,29.285714285714285,1.82736543,56.900000640000016,8.08947314,103.60000154,13.397544919000001,0.47873384011578846,0.8779600847008882,2005-02-06,11.294285714285715,11.284285714285714,11.321428571428571,True,True,True,True
2005-02-06,11.294285714285715,11.284285714285714,11.295714285714284,11.295714285714286,11.289285714285715,0.010000000000001563,8.9,4.434285571428572,2.0099999857142854,6.759999971428571,1026.8285857142855,86.21262042857143,4.332857085714286,40.42857142857143,2.84782732,54.10000064000001,9.33314873,112.50000154,15.17870343,0.5808002734538009,0.8140460935082178,2005-02-13,11.291428571428572,11.294285714285715,11.311428571428571,True,True,True,True
2005-02-13,11.291428571428572,11.294285714285715,11.284285714285714,11.28285714285714,11.291428571428572,-0.0028571428571435575,44.3,2.957142871428572,-0.4642856857142857,6.765714257142856,1015.1142857142858,89.958755,4.6285713571428575,44.71428571428572,2.95246075,89.80000054000001,9.66576978,137.40000124,16.84327138,0.6744436188329455,0.7383263540031065,2005-02-20,11.305714285714286,11.291428571428572,11.28285714285714,True,True,True,True
2005-02-20,11.305714285714286,11.291428571428572,11.294285714285715,11.295714285714284,11.293928571428571,0.014285714285714235,13.3,1.0414285571428572,-0.8828571142857143,3.182857114285714,1015.1571485714286,87.87452571428571,4.215714185714286,40.0,2.61416665,70.30000004000001,10.241820149999999,141.60000114000002,17.838329780000002,0.7583058084785624,0.6518989958787126,2005-02-27,11.292857142857144,11.305714285714286,11.274285714285714,True,True,True,True
2005-02-27,11.292857142857144,11.305714285714286,11.291428571428572,11.284285714285714,11.29607142857143,-0.012857142857141568,4.7,-0.2028571637142857,-2.662857058571429,1.6442857142857146,1016.3000057142856,86.64006585714286,4.3928571,50.0,3.03370651,71.20000000000002,11.44816123,128.10000064,19.53763437,0.8311706263658079,0.5560174366570446,2005-03-06,11.267142857142858,11.292857142857144,11.255714285714284,True,True,True,True
2005-03-06,11.267142857142858,11.292857142857144,11.305714285714286,11.294285714285715,11.289285714285715,-0.02571428571428669,26.400001,-3.7571427857142856,-9.069999828571428,-0.1757142828571428,1012.4428628571428,84.7253977142857,3.975714271428572,76.57142857142857,3.98102417,88.70000100000001,12.581358080000001,142.80000164,21.914506810000002,0.8919813464595485,0.45207220393230435,2005-03-13,11.301428571428572,11.267142857142858,11.244285714285716,True,True,True,True
2005-03-13,11.301428571428572,11.267142857142858,11.292857142857144,11.291428571428572,11.291785714285716,0.03428571428571381,15.8,2.658571397142857,-1.175714247142857,5.449999942857143,1015.1571485714286,90.25644942857144,4.841428528571428,74.42857142857143,5.090110729999999,60.200001000000015,14.71900806,150.00000154000003,24.384777839999998,0.9398560579418954,0.3415707691678556,2005-03-20,11.29857142857143,11.301428571428572,11.26,True,True,True,True
2005-03-20,11.29857142857143,11.301428571428572,11.267142857142858,11.305714285714286,11.290000000000001,-0.002857142857141781,1.3000001,7.792856814285714,4.124285700857143,10.992856857142856,1020.1857342857144,83.88775,5.601428499999999,84.85714285714286,6.797108410000001,48.200001100000016,18.90194982,118.50000114000001,29.14376997,0.9741004551724205,0.22611568550828828,2005-03-27,11.29,11.29857142857143,11.281428571428572,True,True,True,True
2005-03-27,11.29,11.29857142857143,11.301428571428572,11.292857142857144,11.289285714285715,-0.008571428571430673,5.7,10.065713957142858,5.51,15.472856857142856,1013.5571542857144,81.51014228571428,3.8171427857142857,115.0,9.97640214,49.200001100000016,25.84464545,120.4000011,37.29280668,0.994217906893952,0.10738134666416309,2005-04-03,11.287142857142856,11.29,11.267142857142858,True,True,True,True
2005-04-03,11.287142857142856,11.29,11.29857142857143,11.267142857142858,11.294285714285714,-0.0028571428571435575,6.1,9.594285571428571,4.358571342857142,15.252856714285713,1020.4857142857144,67.59424857142857,4.107142828571429,159.57142857142858,13.7369387,28.900000100000014,35.60055998,117.6000011,48.18191806,0.9999166586547379,-0.01291029607500882,2005-04-10,11.28285714285714,11.287142857142856,11.295714285714284,True,True,True,True
2005-04-10,11.28285714285714,11.287142857142856,11.29,11.301428571428572,11.289642857142855,-0.0042857142857162245,25.3000004,7.898571328571429,3.7914285142857143,12.244285528571428,1013.7571542857144,77.39642857142857,5.095714242857143,146.71428571428572,12.0836773,38.40000050000001,42.59412655,98.60000149999999,57.31313461,0.9911140639934547,-0.1330147065341959,2005-04-17,11.29,11.28285714285714,11.285714285714286,True,True,True,True
2005-04-17,11.29,11.28285714285714,11.287142857142856,11.29857142857143,11.287499999999998,0.007142857142859782,12.600001,10.768571142857144,5.935714228571428,15.948571142857142,1010.7571542857144,82.07071499999999,3.454285714285714,143.14285714285714,12.74903066,49.70000140000001,48.5460488,97.9000025,67.44799861999999,0.9679377830240642,-0.25119006388481935,2005-04-24,11.285714285714286,11.29,11.255714285714284,True,True,True,True
2005-04-24,11.285714285714286,11.29,11.28285714285714,11.29,11.28642857142857,-0.004285714285712672,8.400001,8.602856871428571,2.3557142357142857,14.484285,1011.8571428571428,72.56419928571428,3.4057142,194.8571428571429,16.2970529,52.40000240000001,54.86669956,101.6000035,80.71134501,0.9307239310379795,-0.36572252349726897,2005-05-01,11.291428571428572,11.285714285714286,11.232857142857142,True,True,True,True
2005-05-01,11.291428571428572,11.285714285714286,11.29,11.287142857142856,11.2875,0.005714285714285339,22.7000001,12.569999714285714,6.419999957142857,17.84999985714286,1014.6428685714284,77.96857242857143,3.279999985714286,167.71428571428572,15.6810566,69.00000250000001,56.81081746,97.9000026,92.41137744,0.8800122039735357,-0.47495107206704995,2005-05-08,11.29857142857143,11.291428571428572,11.221428571428572,True,True,True,True
2005-05-08,11.29857142857143,11.291428571428572,11.285714285714286,11.28285714285714,11.291428571428572,0.007142857142858006,31.500001,10.134285371428572,5.034285714285715,14.260000000000002,1011.3142971428572,85.66500071428571,3.805714228571429,154.42857142857142,13.4301784,75.20000310000002,58.15731856000001,113.6000036,100.75144511,0.8165380514459161,-0.5772916165517272,2005-05-15,11.314285714285717,11.29857142857143,11.20142857142857,True,True,True,True
2005-05-15,11.314285714285717,11.29857142857143,11.291428571428572,11.29,11.297500000000001,0.015714285714286902,17.300000400000002,8.871428428571429,3.5714285285714285,13.904285571428572,1018.1428628571427,80.27285714285713,4.227142857142857,215.28571428571428,18.1781554,79.90000250000001,63.5864433,129.6000039,112.13249210000001,0.7412220108485958,-0.6712599575675313,2005-05-22,11.305714285714286,11.314285714285717,11.137142857142855,True,True,True,True
2005-05-22,11.305714285714286,11.314285714285717,11.29857142857143,11.285714285714286,11.302500000000002,-0.008571428571430673,12.3,11.4399999,5.737142857142857,16.55142857142857,1015.6285885714286,75.97142857142856,3.389999971428572,206.0,18.653794,83.80000150000001,65.9431844,136.2000039,120.80988396000001,0.6551563572090853,-0.7554933140726803,2005-05-29,11.268571428571429,11.305714285714286,11.071428571428571,True,True,True,True
2005-05-29,11.268571428571429,11.305714285714286,11.314285714285717,11.291428571428572,11.296785714285715,-0.037142857142857366,2.7,17.091428571428573,10.0828571,23.05,1018.0428742857142,68.90928642857143,3.9599998857142857,259.2857142857143,26.9455862,63.80000140000002,77.20771400000001,132.8000039,134.01853146000002,0.5595892624101765,-0.8287700871745038,2005-06-05,11.281428571428572,11.268571428571429,11.142857142857142,True,True,True,True
2005-06-05,11.281428571428572,11.268571428571429,11.305714285714286,11.29857142857143,11.2925,0.012857142857143344,27.900001,12.918571142857145,9.387142714285714,17.604285142857144,1016.1714342857142,81.69071485714286,4.058571342857143,160.0,15.019674300000002,60.20000140000001,78.7972099,135.4000045,136.95452846,0.4559066935084588,-0.8900275764346767,2005-06-12,11.27142857142857,11.281428571428572,11.061428571428571,True,True,True,True
2005-06-12,11.27142857142857,11.281428571428572,11.268571428571429,11.314285714285717,11.281785714285714,-0.010000000000001563,7.20000004,10.789999428571427,5.857142828571428,15.208571142857142,1023.4571485714284,74.1985727142857,3.727142842857144,209.0,18.5891025,50.100001040000016,79.208157,130.00000354,142.7946003,0.3456123126707335,-0.9383773917408641,2005-06-19,11.241428571428573,11.27142857142857,11.008571428571427,True,True,True,True
2005-06-19,11.241428571428573,11.27142857142857,11.281428571428572,11.305714285714286,11.265714285714285,-0.029999999999997584,0.7,16.341428214285713,9.564285514285714,22.01285685714285,1018.3000342857142,72.06642857142857,3.4328571,252.8571428571429,25.7078834,38.500001040000015,86.26224640000001,122.30000254,152.2054308,0.23030567023061221,-0.9731183372332619,2005-06-26,11.141428571428571,11.241428571428573,11.164285714285716,True,True,True,True
2005-06-26,11.141428571428571,11.241428571428573,11.27142857142857,11.268571428571429,11.233928571428573,-0.10000000000000142,7.0,19.995714142857143,12.469999571428572,25.93285671428572,1018.7428628571428,71.02928742857144,2.8199998857142856,274.2857142857143,30.0187437,42.80000104000001,89.3354039,106.60000244,166.5431179,0.11165900712169512,-0.993746580436178,2005-07-03,11.125714285714285,11.141428571428571,11.212857142857144,True,True,True,True
2005-07-03,11.125714285714285,11.141428571428571,11.241428571428573,11.281428571428572,11.195,-0.015714285714286902,18.900001000000003,16.601428428571428,11.079999728571428,21.789999857142856,1015.3000057142856,81.61714357142857,2.4357142571428576,214.57142857142856,21.7873635,33.80000104000002,96.1030931,94.00000244,174.900303,-0.008606996888688009,-0.9999629591162655,2005-07-10,11.225714285714286,11.125714285714285,11.228571428571428,True,True,True,True
2005-07-10,11.225714285714286,11.125714285714285,11.141428571428571,11.27142857142857,11.18357142857143,0.10000000000000142,26.9000011,16.641428285714287,11.784285428571428,22.164285714285715,1014.0571571428572,83.83500000000001,3.0228571428571427,198.14285714285717,20.440680800000003,53.50000210000002,97.95467140000001,103.60000314000001,177.1628284,-0.12874817745258066,-0.99167731989929,2005-07-17,11.15,11.225714285714286,11.271428571428572,True,True,True,True
2005-07-17,11.15,11.225714285714286,11.125714285714285,11.241428571428573,11.160714285714286,-0.07571428571428562,0.0,18.337142857142855,12.681428428571428,23.669999571428573,1020.8428771428572,78.625715,3.022857028571429,254.8571428571429,27.0145186,52.800002100000015,99.26130660000001,91.30000314,185.523553,-0.24702218048093527,-0.9690098257244063,2005-07-24,11.111428571428572,11.15,11.304285714285712,True,True,True,True
2005-07-24,11.111428571428572,11.15,11.225714285714286,11.141428571428571,11.153214285714284,-0.03857142857142826,27.00000004,15.819999571428571,12.302856857142856,19.525714142857144,1010.5571485714288,82.09285785714285,4.011428514285714,150.71428571428572,15.315201299999998,72.80000214000002,84.55776420000001,115.60000318000002,173.89316810000003,-0.3617137307297674,-0.9322892131745134,2005-07-31,11.224285714285712,11.111428571428572,11.265714285714283,True,True,True,True
2005-07-31,11.224285714285712,11.111428571428572,11.15,11.125714285714285,11.177857142857142,0.11285714285713944,65.2,17.229999714285714,13.647142571428573,21.015714,1009.6714342857142,87.16214428571428,3.038571385714285,146.0,15.330775799999998,119.10000114000002,78.10117650000001,152.90000218,174.2042696,-0.47115950767386394,-0.8820480249558535,2005-08-07,11.272857142857143,11.224285714285712,11.171428571428573,True,True,True,True
2005-08-07,11.272857142857143,11.224285714285712,11.111428571428572,11.225714285714286,11.189642857142857,0.048571428571431596,45.8000003,13.951428285714286,9.9771425,18.05142857142857,1017.95716,84.62500128571428,3.3442856428571424,175.71428571428572,16.9243222,138.00000034,74.58481789999999,191.50000244,172.5394893,-0.5737722679043243,-0.8190148866680802,2005-08-14,11.3,11.272857142857143,11.23,True,True,True,True
2005-08-14,11.3,11.272857142857143,11.224285714285712,11.15,11.227142857142857,0.02714285714285758,22.0000003,14.717142714285714,11.218571285714289,18.588571,1012.8571485714284,84.06428571428572,3.7714285,121.71428571428572,11.953298299999998,160.00000064000002,59.523597599999995,212.80000274,158.78490419999997,-0.6680638642135333,-0.7441039398713608,2005-08-21,11.295714285714284,11.3,11.322857142857144,True,True,True,True
2005-08-21,11.295714285714284,11.3,11.272857142857143,11.111428571428572,11.273214285714285,-0.0042857142857162245,13.9000006,17.119999571428572,11.681428285714286,22.402857,1018.7428685714284,84.46357228571428,2.5128571142857146,166.14285714285714,17.2521024,146.90000120000002,61.460498699999995,219.70000334,146.0182629,-0.7526668275320083,-0.6584015846980489,2005-08-28,11.324285714285711,11.295714285714284,11.314285714285717,True,True,True,True
2005-08-28,11.324285714285711,11.295714285714284,11.3,11.224285714285712,11.298214285714286,0.028571428571426694,20.2000003,14.858571,9.742856814285714,19.574285714285715,1013.6857314285714,83.95500071428572,3.468571428571429,150.42857142857142,14.822134900000002,101.90000150000002,60.9518578,221.00000264,139.0530343,-0.8263541987239094,-0.5631507242749187,2005-09-04,11.278571428571428,11.324285714285711,11.29857142857143,True,True,True,True
2005-09-04,11.278571428571428,11.324285714285711,11.295714285714284,11.272857142857143,11.299642857142857,-0.04571428571428271,0.0,18.157142714285715,11.737142571428572,24.698570857142855,1023.2000142857142,79.71214285714287,3.1342857,201.28571428571428,21.1759104,56.100001200000015,65.203446,194.10000154,139.7882639,-0.888057322629493,-0.4597327394521046,2005-09-11,11.245714285714286,11.278571428571428,11.245714285714286,True,True,True,True
2005-09-11,11.245714285714286,11.278571428571428,11.324285714285711,11.3,11.286071428571427,-0.03285714285714292,14.0,18.762857142857143,13.87,24.381428,1012.3714342857144,81.74857214285714,2.8942857,154.28571428571428,16.5748751,48.10000090000001,69.8250228,208.10000154,129.3486204,-0.9368813462954315,-0.34964745525122826,2005-09-18,11.242857142857144,11.245714285714286,11.204285714285716,True,True,True,True
2005-09-18,11.242857142857144,11.245714285714286,11.278571428571428,11.295714285714284,11.272857142857143,-0.002857142857141781,23.8,12.891428285714284,7.8428571428571425,18.052856857142856,1019.5428571428572,84.72507699999998,3.088571357142857,126.42857142857144,11.76876156,58.00000030000001,64.34168196,204.9000015,125.80218066,-0.9721181966290612,-0.23449138957041052,2005-09-25,11.237142857142857,11.242857142857144,11.268,True,True,True,True
2005-09-25,11.237142857142857,11.242857142857144,11.245714285714286,11.324285714285711,11.251071428571429,-0.005714285714287115,5.3,13.417142428571427,7.0771426,20.27285714285714,1020.0714342857144,83.57428642857143,1.8999999514285717,150.14285714285714,14.1888131,43.100000000000016,63.70836016,145.0000015,124.66021796000001,-0.9932568492674143,-0.11593459959550066,2005-10-02,11.277142857142858,11.237142857142857,11.29142857142857,True,True,True,True
2005-10-02,11.277142857142858,11.237142857142857,11.242857142857144,11.278571428571428,11.250714285714286,0.040000000000000924,20.8000001,12.362856857142855,8.808571357142856,16.147142642857144,1015.9285771428572,87.15657914285714,3.7942857,87.42857142857143,8.0602866,63.900000100000014,50.59273636,120.00000130000001,115.79618236,-0.9999907397361901,0.004303538296243821,2005-10-09,11.268571428571429,11.277142857142858,11.28285714285714,True,True,True,True
2005-10-09,11.268571428571429,11.277142857142858,11.237142857142857,11.245714285714286,11.256428571428572,-0.008571428571428896,0.0,12.447142642857145,7.5714284,17.905714,1024.60004,89.98571685714286,2.815714242857143,104.14285714285714,9.62104253,49.900000100000014,43.63890379,98.000001,113.46392659,-0.9922222094179324,0.12447926388678869,2005-10-16,11.23857142857143,11.268571428571429,11.247142857142858,True,True,True,True
2005-10-16,11.23857142857143,11.268571428571429,11.277142857142858,11.242857142857144,11.255357142857143,-0.02999999999999936,0.0,12.928571142857145,8.37142832857143,19.07142842857143,1022.7857485714284,84.502144,3.0357142,110.71428571428572,10.3741865,26.100000100000013,42.24432873,84.1000004,106.58601069,-0.970063921851507,0.2428497220959358,2005-10-23,11.231428571428571,11.23857142857143,11.275714285714283,True,True,True,True
2005-10-23,11.231428571428571,11.23857142857143,11.268571428571429,11.237142857142857,11.25392857142857,-0.007142857142858006,14.4000007,10.011428228571427,6.5685714285714285,13.659999785714287,1012.1714485714284,87.44891214285714,4.491428571428572,65.0,5.58666216,35.20000080000001,33.642177790000005,78.30000079999999,97.35053794999999,-0.9338372288229252,0.35769823883312546,2005-10-30,11.29,11.231428571428571,11.302857142857144,True,True,True,True
2005-10-30,11.29,11.231428571428571,11.23857142857143,11.277142857142858,11.257142857142856,0.05857142857142783,27.3,14.6842855,11.28428557142857,18.528571142857142,1012.57144,85.35276285714285,4.614285557142858,60.285714285714285,5.972749960000001,41.70000070000002,31.554641150000002,105.6000008,82.14737751,-0.8840675099433637,0.46735921715800205,2005-11-06,11.28285714285714,11.29,11.281428571428572,True,True,True,True
2005-11-06,11.28285714285714,11.29,11.231428571428571,11.268571428571429,11.260714285714286,-0.007142857142859782,8.8,12.467142571428573,8.594285657142857,15.525714,1013.28572,86.021532,5.0571427,48.71428571428572,4.55003332,50.500000700000015,26.483631940000002,100.4000008,70.12253573,-0.8214765533024145,0.5702422926917867,2005-11-13,11.277142857142858,11.28285714285714,11.29,True,True,True,True
2005-11-13,11.277142857142858,11.28285714285714,11.29,11.23857142857143,11.270357142857142,-0.005714285714281786,8.7000001,9.439999642857144,6.204285714285715,12.521428357142858,1020.9857285714286,90.80356571428572,4.424285614285714,35.57142857142857,3.0261968100000005,59.20000080000001,19.13564225,85.3000009,61.37997098,-0.7469720876965551,0.6648553979642866,2005-11-20,11.288571428571428,11.277142857142858,11.311428571428571,True,True,True,True
2005-11-20,11.288571428571428,11.277142857142858,11.28285714285714,11.231428571428571,11.284642857142856,0.011428571428570677,25.1,4.7542857,0.8499999857142857,8.255714285714285,1016.2857342857144,91.16760871428572,3.329999928571429,35.0,2.56803764,69.90000010000001,16.11701773,105.10000090000001,49.759195520000006,-0.661634618242279,0.749826401204568,2005-11-27,11.304285714285712,11.288571428571428,11.301428571428572,True,True,True,True
2005-11-27,11.304285714285712,11.288571428571428,11.277142857142858,11.29,11.288214285714286,0.01571428571428335,21.2000003,2.997142785714286,1.1514285414285712,4.551428514285714,1009.4714428571428,93.59143242857142,2.954285637142857,18.571428571428573,1.320028015,63.800000400000016,11.464295785000001,105.5000011,43.018936935000006,-0.5667017562911184,0.8239230057575536,2005-12-04,11.29142857142857,11.304285714285712,11.29,True,True,True,True
2005-12-04,11.29142857142857,11.304285714285712,11.288571428571428,11.28285714285714,11.290357142857143,-0.012857142857141568,7.800000000000001,3.01,0.5157142885714286,5.335714257142857,999.9857371428571,89.15990842857143,4.217142828571428,23.714285714285715,1.6476142,62.800000400000016,8.561876665,113.3000011,35.045508605,-0.4635502709028512,0.8860706215341378,2005-12-11,11.297142857142855,11.29142857142857,11.27142857142857,True,True,True,True
2005-12-11,11.297142857142855,11.29142857142857,11.304285714285712,11.277142857142858,11.29535714285714,0.005714285714285339,7.5,4.132857142857143,2.1957142857142857,5.927142757142858,1020.0285971428572,93.84781314285716,3.157142857142857,15.857142857142858,1.132032006,61.60000030000002,6.667711861000001,120.8000011,25.803354111,-0.3536761221763721,0.935367949313148,2005-12-18,11.29,11.297142857142855,11.275714285714283,True,True,True,True
2005-12-18,11.29,11.297142857142855,11.29142857142857,11.288571428571428,11.295714285714284,-0.007142857142856229,20.5000001,5.042857092857142,2.8057142785714286,7.304285542857143,1018.58574,89.46325514285715,5.042857128571429,22.142857142857142,1.6450246300000002,57.00000040000001,5.744698851000001,126.9000005,21.861716581000003,-0.23867276600594997,0.9711000518829505,2005-12-25,11.297142857142855,11.29,11.29142857142857,True,True,True,True
2005-12-25,11.297142857142855,11.29,11.297142857142855,11.304285714285712,11.29392857142857,0.007142857142856229,7.1,5.748571428571429,3.32,7.634285557142857,1023.38574,92.573863,4.042857071428572,18.857142857142858,1.425214555,42.90000010000002,5.849885391000001,106.7000005,17.314181176,-0.12020804489935275,0.9927487224577402,2006-01-01,11.285714285714286,11.297142857142855,11.294285714285715,True,True,True,True
2006-01-01,11.285714285714286,11.297142857142855,11.29,11.29142857142857,11.292499999999999,-0.011428571428568901,12.4000001,-0.4085713571428572,-3.5028570857142856,1.7285713885714284,1008.6142971428573,90.72036,4.179999928571428,19.714285714285715,1.1891939850000002,47.50000020000002,5.3914651760000005,110.3000006,13.953341841,0.0,1.0,2006-01-08,11.288571428571428,11.285714285714286,11.295714285714286,True,True,True,True
2006-01-08,11.288571428571428,11.285714285714286,11.297142857142855,11.297142857142855,11.290357142857143,0.002857142857141781,0.0,0.87285713,-0.8514285628571429,2.43142855,1027.4428571428573,92.941567,3.5699999285714283,15.0,0.967030206,40.00000020000002,5.226463376,101.60000050000001,11.894175237,0.1202080448993527,0.9927487224577402,2006-01-15,11.278571428571428,11.288571428571428,11.28285714285714,True,True,True,True
2006-01-15,11.278571428571428,11.288571428571428,11.285714285714286,11.29,11.2875,-0.009999999999999787,3.9,0.5185714,-2.0157142285714285,3.1971428142857143,1026.6714628571428,90.69105185714284,3.6099999857142855,30.0,1.84707349,23.400000100000014,5.428512236,80.40000049999999,11.173211087,0.2386727660059501,0.9711000518829505,2006-01-22,11.284285714285714,11.278571428571428,11.295714285714284,True,True,True,True
2006-01-22,11.284285714285714,11.278571428571428,11.288571428571428,11.297142857142855,11.284285714285714,0.005714285714285339,16.8,2.5157142857142856,-0.7685714571428571,5.514285514285715,1017.2143028571428,88.4793,4.664285671428572,24.857142857142858,1.6411398499999998,33.10000010000002,5.6444375309999995,76.0000002,11.494322922,0.3536761221763716,0.9353679493131483,2006-01-29,11.272857142857143,11.284285714285714,11.284285714285714,True,True,True,True
2006-01-29,11.272857142857143,11.284285714285714,11.278571428571428,11.285714285714286,11.281071428571428,-0.011428571428570677,0.0,-2.1142856914285715,-5.872857138571429,1.5185714157142856,1029.7428857142856,80.77748214285714,3.901428557142857,42.0,2.30852759,20.700000000000014,6.763771136,68.2000002,12.155236312,0.4635502709028509,0.886070621534138,2006-02-05,11.251428571428573,11.272857142857143,11.294285714285715,True,True,True,True
2006-02-05,11.251428571428573,11.272857142857143,11.284285714285714,11.288571428571428,11.271785714285715,-0.021428571428570464,0.8,0.5685714285714286,-2.011428542857143,2.9385714000000003,1026.3000057142856,92.58490228571428,2.2442856714285715,22.0,1.41548535,21.500000000000018,7.21222628,61.5000002,12.438689656000001,0.5667017562911176,0.8239230057575542,2006-02-12,11.277142857142858,11.251428571428573,11.291428571428572,True,True,True,True
2006-02-12,11.277142857142858,11.251428571428573,11.272857142857143,11.278571428571428,11.271428571428572,0.025714285714284912,15.0000001,2.838571414285714,0.7057143,4.7257142142857145,1015.8285971428572,91.58540142857144,4.711428514285714,25.857142857142858,1.79143295,32.60000010000002,7.15658574,56.0000002,12.585097976,0.6616346182422783,0.7498264012045686,2006-02-19,11.295714285714286,11.277142857142858,11.305714285714286,True,True,True,True
2006-02-19,11.295714285714286,11.277142857142858,11.251428571428573,11.284285714285714,11.274285714285714,0.018571428571428683,15.4,4.009999985714286,1.331428557142857,6.929999799999999,1000.9142857142856,92.13193628571427,3.882857114285714,38.0,2.72336223,31.200000100000015,8.238808120000002,64.3000002,13.883245651000001,0.7469720876965552,0.6648553979642865,2006-02-26,11.277142857142858,11.295714285714286,11.292857142857144,True,True,True,True
2006-02-26,11.277142857142858,11.295714285714286,11.277142857142858,11.272857142857143,11.275357142857144,-0.018571428571428683,0.0,0.9785714242857144,-0.6485714142857143,3.1257142714285715,1021.5428857142856,81.88157857142858,5.229999928571429,56.142857142857146,3.56175959,31.200000100000015,9.49204012,51.9000001,16.255811256,0.8214765533024142,0.5702422926917871,2006-03-05,11.284285714285714,11.277142857142858,11.267142857142858,True,True,True,True
2006-03-05,11.284285714285714,11.277142857142858,11.295714285714286,11.251428571428573,11.283571428571427,0.007142857142856229,19.9000003,0.0371428571428571,-3.235714257142857,3.534285671428571,1000.6428685714284,92.51578714285714,3.927142757142857,73.57142857142857,4.6126216300000005,50.300000400000016,12.689176400000001,71.8000004,19.90140268,0.8840675099433636,0.4673592171580022,2006-03-12,11.302857142857144,11.284285714285714,11.301428571428572,True,True,True,True
2006-03-12,11.302857142857144,11.284285714285714,11.277142857142858,11.277142857142858,11.290000000000001,0.01857142857143046,17.70000004,0.6414285857142856,-2.657142808571429,3.464285585714286,1010.6857314285714,88.39476642857143,3.8099999857142857,74.28571428571429,4.58896735,53.000000340000014,15.4867108,85.60000044,22.64329654,0.9338372288229252,0.35769823883312546,2006-03-19,11.272857142857143,11.302857142857144,11.29857142857143,True,True,True,True
2006-03-19,11.272857142857143,11.302857142857144,11.284285714285714,11.295714285714286,11.284285714285714,-0.030000000000001137,0.0,-0.2799999942857142,-3.0442857142857145,2.4599998828571428,1026.3571485714283,83.27665428571429,4.149999914285714,91.85714285714286,5.500217590000001,37.60000034000001,18.263566160000003,68.80000043999999,26.502374280000005,0.9700639218515071,0.2428497220959356,2006-03-26,11.28285714285714,11.272857142857143,11.29,True,True,True,True
2006-03-26,11.28285714285714,11.272857142857143,11.302857142857144,11.277142857142858,11.285714285714285,0.009999999999996234,24.4000013,4.779999985714285,0.2257142857142857,9.574285657142855,1008.8714342857144,78.56087557142858,3.779999971428571,125.0,9.03101736,62.00000164000001,23.732823930000002,93.20000173999999,33.22486405,0.9922222094179323,0.12447926388678915,2006-04-02,11.315714285714288,11.28285714285714,11.287142857142856,True,True,True,True
2006-04-02,11.315714285714288,11.28285714285714,11.272857142857143,11.284285714285714,11.293571428571427,0.03285714285714825,29.4000001,9.838571142857145,6.587142728571428,13.011428357142858,1002.7285771428571,84.250715,6.744285685714286,96.28571428571428,8.3999758,71.50000144,27.520178100000003,121.80000184,40.2093545,0.9999907397361901,0.004303538296244289,2006-04-09,11.312857142857142,11.315714285714288,11.28285714285714,True,True,True,True
2006-04-09,11.312857142857142,11.315714285714288,11.28285714285714,11.302857142857144,11.296071428571427,-0.002857142857145334,9.3,5.7514284,2.0342857185714287,9.234285214285714,1011.5428628571428,79.04428642857144,5.275714157142858,149.28571428571428,11.4407698,63.10000140000002,34.37198055,116.10000174000001,49.85869135,0.9932568492674143,-0.11593459959550041,2006-04-16,11.308571428571428,11.312857142857142,11.29,True,True,True,True
2006-04-16,11.308571428571428,11.312857142857142,11.315714285714288,11.272857142857143,11.305,-0.004285714285714448,11.1,7.339999942857142,2.3185714285714285,11.862857071428571,1010.9000057142856,80.36571571428571,4.674285585714286,135.28571428571428,10.9106727,74.2000014,39.782435660000004,111.80000174,58.04600182,0.9721181966290613,-0.23449138957040985,2006-04-23,11.297142857142855,11.308571428571428,11.285714285714286,True,True,True,True
2006-04-23,11.297142857142855,11.308571428571428,11.312857142857142,11.28285714285714,11.308571428571428,-0.011428571428572454,3.6000001,10.028571,6.114285614285714,14.264285428571428,1014.5285771428572,81.61571428571428,3.5557142285714285,126.28571428571428,11.0198939,53.40000020000001,41.7713122,115.40000184,65.50413613,0.9368813462954315,-0.3496474552512284,2006-04-30,11.28,11.297142857142855,11.291428571428572,True,True,True,True
2006-04-30,11.28,11.297142857142855,11.308571428571428,11.315714285714288,11.299642857142857,-0.017142857142856016,0.0,9.45714267142857,3.752857057142857,14.738571357142858,1017.68572,79.10928571428572,3.3671428285714287,168.57142857142858,14.4511646,24.000000100000015,47.822501,95.50000154,75.3426791,0.8880573226294932,-0.45973273945210397,2006-05-07,11.252857142857142,11.28,11.29857142857143,True,True,True,True
2006-05-07,11.252857142857142,11.28,11.297142857142855,11.312857142857142,11.284642857142856,-0.02714285714285758,4.2000003,15.989999857142855,8.84571392857143,22.444285142857144,1017.1142857142858,58.60642885714286,4.824285657142857,247.0,25.0689732,18.900000400000014,61.4507044,82.0000018,95.82268495,0.8263541987239096,-0.5631507242749186,2006-05-14,11.18,11.252857142857142,11.314285714285717,True,True,True,True
2006-05-14,11.18,11.252857142857142,11.28,11.308571428571428,11.252499999999998,-0.07285714285714207,0.0,15.299999642857143,7.718571285714286,22.87428542857143,1017.4571542857142,58.64571528571428,3.5971427714285715,262.7142857142857,26.1641076,7.800000400000014,76.70413930000001,82.0000018,116.48657496000001,0.7526668275320085,-0.6584015846980488,2006-05-21,11.218571428571428,11.18,11.305714285714286,True,True,True,True
2006-05-21,11.218571428571428,11.18,11.252857142857142,11.297142857142855,11.232857142857142,0.03857142857142826,44.3,13.579999785714287,9.3142855,17.462857142857143,1007.0857314285714,79.17428642857143,4.8942856571428575,159.42857142857142,15.386749600000002,48.50000030000001,81.07099500000001,101.9000005,122.8423072,0.6680638642135335,-0.7441039398713607,2006-05-28,11.294285714285715,11.218571428571428,11.268571428571429,True,True,True,True
2006-05-28,11.294285714285715,11.218571428571428,11.18,11.28,11.236428571428572,0.0757142857142874,34.2,11.324285571428572,7.894285571428571,14.557142642857142,1012.2285771428571,84.83460485714285,5.154285614285714,149.85714285714286,13.5186827,82.70000030000001,80.13851310000001,106.70000040000001,127.9610141,0.5737722679043246,-0.8190148866680801,2006-06-04,11.312857142857142,11.294285714285715,11.281428571428572,True,True,True,True
2006-06-04,11.312857142857142,11.294285714285715,11.218571428571428,11.252857142857142,11.251428571428573,0.018571428571426907,21.8000001,10.581428428571428,6.317142614285714,14.691428428571427,1020.5142971428572,77.084287,4.4128571,196.8571428571429,17.4250234,100.3000001,72.49456330000001,119.20000050000002,133.94526770000002,0.4711595076738638,-0.8820480249558537,2006-06-11,11.264285714285714,11.312857142857142,11.27142857142857,True,True,True,True
2006-06-11,11.264285714285714,11.312857142857142,11.294285714285715,11.18,11.272499999999999,-0.048571428571428044,0.0,15.301428571428572,7.378571185714286,21.794285142857145,1026.0428714285715,70.895716,2.8757142714285715,291.42857142857144,29.1023308,100.3000001,75.4327865,108.1000005,152.1369258,0.36171373072976765,-0.9322892131745133,2006-06-18,11.177142857142856,11.264285714285714,11.241428571428573,True,True,True,True
2006-06-18,11.177142857142856,11.264285714285714,11.312857142857142,11.218571428571428,11.262142857142857,-0.08714285714285808,0.0,17.6699995,11.36428542857143,23.112856571428573,1018.9000171428572,73.01428742857142,3.1671428285714285,225.28571428571428,24.0660304,56.000000100000015,84.1120673,104.5000004,165.18306230000002,0.24702218048093552,-0.9690098257244062,2006-06-25,11.102857142857143,11.177142857142856,11.141428571428571,True,True,True,True
2006-06-25,11.102857142857143,11.177142857142856,11.264285714285714,11.294285714285715,11.214285714285715,-0.07428571428571296,19.6,17.092857071428572,11.407142714285714,22.15571428571429,1013.1285714285714,74.78500128571429,3.838571357142857,198.42857142857144,20.5814904,41.400000100000014,91.174875,124.1000004,171.3133881,0.12874817745258132,-0.99167731989929,2006-07-02,11.138571428571428,11.102857142857143,11.125714285714285,True,True,True,True
2006-07-02,11.138571428571428,11.102857142857143,11.177142857142856,11.312857142857142,11.170714285714284,0.0357142857142847,1.3000001,17.267142571428572,10.389999671428573,23.047142428571423,1021.2714542857144,74.32071499999999,3.192857071428571,243.28571428571428,25.4863375,20.900000100000014,99.2361891,121.2000002,171.7307524,0.008606996888688698,-0.9999629591162655,2006-07-09,10.957142857142856,11.138571428571428,11.225714285714286,True,True,True,True
2006-07-09,10.957142857142856,11.138571428571428,11.102857142857143,11.264285714285714,11.09392857142857,-0.18142857142857238,1.5,21.87428557142857,15.377142642857144,28.12857142857143,1016.0571542857144,67.63785814285714,3.0714285142857145,246.57142857142856,27.9638378,22.400000100000014,98.0976961,122.7000002,173.5304826,-0.11165900712169444,-0.9937465804361781,2006-07-16,10.877142857142855,10.957142857142856,11.15,True,True,True,True
2006-07-16,10.877142857142855,10.957142857142856,11.138571428571428,11.177142857142856,11.018928571428571,-0.08000000000000007,6.1,18.45428557142857,10.281428014285714,24.78285657142857,1026.6285857142857,71.31285714285714,3.1428571,283.2857142857143,29.9063444,28.500000100000015,103.93801009999999,84.5000002,188.0500774,-0.23030567023061196,-0.973118337233262,2006-07-23,10.79,10.877142857142855,11.111428571428572,True,True,True,True
2006-07-23,10.79,10.877142857142855,10.957142857142856,11.102857142857143,10.940714285714284,-0.0871428571428563,16.5,22.74714242857143,14.66714257142857,30.97285657142857,1019.7571542857144,68.504287,2.584285714285714,276.1428571428572,31.5831265,25.400000100000014,114.9396462,66.8000002,206.11452119999998,-0.3456123126707333,-0.9383773917408642,2006-07-30,10.774285714285714,10.79,11.224285714285712,True,True,True,True
2006-07-30,10.774285714285714,10.79,10.877142857142855,11.138571428571428,10.849642857142857,-0.015714285714285126,20.9,22.072857,16.087142500000002,28.96142814285714,1015.0428628571428,75.94214414285715,2.301428514285714,222.42857142857144,25.2590743,45.000000000000014,114.71238299999999,65.9000001,213.9485721,-0.455906693508459,-0.8900275764346766,2006-08-06,10.962857142857144,10.774285714285714,11.272857142857143,True,True,True,True
2006-08-06,10.962857142857144,10.774285714285714,10.79,10.957142857142856,10.851071428571428,0.1885714285714304,31.9,17.634285428571427,13.619999714285711,22.15999957142857,1009.98572,85.293572,3.705714271428572,194.28571428571428,20.4505287,75.4,107.1990739,97.8000001,205.29677,-0.5595892624101763,-0.828770087174504,2006-08-13,11.004285714285714,10.962857142857144,11.3,True,True,True,True
2006-08-13,11.004285714285714,10.962857142857144,10.774285714285714,10.877142857142855,10.882857142857143,0.04142857142857004,34.50000060000001,15.037142428571428,10.358571214285714,19.955714,1011.5571542857144,86.3621442857143,2.8185713,155.71428571428572,15.4518777,103.80000060000003,92.7446072,132.3000007,196.68261729999998,-0.655156357209085,-0.7554933140726804,2006-08-20,11.151428571428571,11.004285714285714,11.295714285714284,True,True,True,True
2006-08-20,11.151428571428571,11.004285714285714,10.962857142857144,10.79,10.973214285714286,0.1471428571428568,41.4,17.29142842857143,13.898571214285711,21.754285285714285,1006.8857257142856,85.05714357142857,3.415714285714286,141.0,14.72554845,128.7000006,75.88702915,154.1000007,190.82667535000002,-0.7412220108485957,-0.6712599575675315,2006-08-27,11.217142857142855,11.151428571428571,11.324285714285711,True,True,True,True
2006-08-27,11.217142857142855,11.151428571428571,11.004285714285714,10.774285714285714,11.08392857142857,0.06571428571428406,38.4,15.871428,11.908571285714286,20.587142857142855,1010.5857142857144,87.85902414285715,2.7642856142857144,132.57142857142858,13.3609006,146.2000006,63.98885545,191.2000006,178.70123844999998,-0.8165380514459157,-0.5772916165517278,2006-09-03,11.268571428571429,11.217142857142855,11.278571428571428,True,True,True,True
2006-09-03,11.268571428571429,11.217142857142855,11.151428571428571,10.962857142857144,11.160357142857142,0.05142857142857338,26.9,15.462856428571428,12.088571,18.994285571428573,1010.37144,87.22033928571429,4.367142800000001,115.0,11.3883977,141.2000006,54.92672445,216.6000006,162.12579835,-0.8800122039735356,-0.4749510720670502,2006-09-10,11.234285714285717,11.268571428571429,11.245714285714286,True,True,True,True
2006-09-10,11.234285714285717,11.268571428571429,11.217142857142855,11.004285714285714,11.217857142857143,-0.03428571428571203,6.0,15.949999571428572,10.582857085714286,20.635714142857143,1022.4571628571427,83.1050027142857,3.5271428285714284,150.85714285714286,15.1413555,112.70000000000002,54.61620225,216.50000060000002,147.36080945,-0.9307239310379793,-0.3657225234972692,2006-09-17,11.16,11.234285714285717,11.242857142857144,True,True,True,True
2006-09-17,11.16,11.234285714285717,11.268571428571429,11.151428571428571,11.219999999999999,-0.07428571428571651,0.0,19.47999985714286,13.559999785714286,26.20142842857143,1012.2000171428572,77.38357142857141,2.8299999714285717,172.14285714285714,18.6501456,71.30000000000001,58.5407994,200.00000060000002,134.42782855000002,-0.9679377830240642,-0.25119006388481957,2006-09-24,11.087142857142856,11.16,11.237142857142857,True,True,True,True
2006-09-24,11.087142857142856,11.16,11.234285714285717,11.217142857142855,11.1875,-0.07285714285714384,0.0,17.005714,12.067142285714285,22.735714142857145,1011.9000057142856,79.295,2.9714285,124.71428571428572,12.8716364,32.90000000000001,58.0515352,179.1000006,122.04039065,-0.9911140639934546,-0.13301470653419636,2006-10-01,11.05,11.087142857142856,11.277142857142858,True,True,True,True
2006-10-01,11.05,11.087142857142856,11.16,11.268571428571429,11.132857142857144,-0.03714285714285559,10.8,16.06428514285714,11.50428542857143,20.94,1010.1428628571427,85.82097971428571,2.9871428285714288,91.28571428571428,9.2472185,16.800000000000015,55.910356,158.0000006,110.83708044999999,-0.9999166586547379,-0.012910296075008843,2006-10-08,11.152857142857142,11.05,11.268571428571429,True,True,True,True
2006-10-08,11.152857142857142,11.05,11.087142857142856,11.234285714285717,11.1125,0.10285714285714143,30.0,13.431428071428572,10.361428428571427,16.831428428571428,1007.7428571428572,87.06567714285714,5.201428485714287,70.71428571428571,6.7187812,40.80000000000001,47.4877817,153.5,102.10398395,-0.994217906893952,0.10738134666416306,2006-10-15,11.155714285714286,11.152857142857142,11.23857142857143,True,True,True,True
2006-10-15,11.155714285714286,11.152857142857142,11.05,11.16,11.111428571428572,0.0028571428571435575,3.7,13.661428285714283,9.647142714285716,17.221428,1023.8,88.06810857142857,3.225714257142857,66.0,6.29490179,44.500000000000014,35.13253789,115.8,93.67333729,-0.9741004551724206,0.22611568550828803,2006-10-22,11.122857142857145,11.155714285714286,11.231428571428571,True,True,True,True
2006-10-22,11.122857142857145,11.155714285714286,11.152857142857142,11.087142857142856,11.120357142857143,-0.03285714285714114,9.2000001,12.732857,9.4085711,16.501428142857144,1005.1428628571427,86.190715,3.817142814285714,69.71428571428571,6.44732566,53.70000010000001,28.70822715,86.6000001,86.75976235,-0.9398560579418953,0.341570769167856,2006-10-29,11.23857142857143,11.122857142857145,11.29,True,True,True,True
2006-10-29,11.23857142857143,11.122857142857145,11.155714285714286,11.05,11.1675,0.11571428571428477,25.4000003,13.209999714285717,9.418571228571428,16.015713928571426,1007.8857142857142,86.914472,4.8485713285714285,49.285714285714285,4.68496546,68.30000040000002,24.145974109999997,85.1000004,80.05633011,-0.8919813464595487,0.45207220393230374,2006-11-05,11.247142857142858,11.23857142857143,11.28285714285714,True,True,True,True
2006-11-05,11.247142857142858,11.23857142857143,11.122857142857145,11.152857142857142,11.191071428571428,0.008571428571428896,17.500000099999998,8.5999999,4.451428542857143,11.44,1020.6286,84.57088071428572,4.679999842857143,38.142857142857146,3.11527184,55.80000050000001,20.54246475,96.6000005,68.03024644999999,-0.8311706263658079,0.5560174366570446,2006-11-12,11.23857142857143,11.247142857142858,11.277142857142858,True,True,True,True
2006-11-12,11.23857142857143,11.247142857142858,11.23857142857143,11.155714285714286,11.211785714285716,-0.008571428571428896,19.3000003,8.395714114285713,4.941428528571429,11.145714142857145,1019.7000257142856,85.41230485714286,4.6999998000000005,34.0,2.79571589,71.40000080000002,17.04327885,115.9000008,52.17581674,-0.7583058084785625,0.6518989958787125,2006-11-19,11.272857142857143,11.23857142857143,11.288571428571428,True,True,True,True
2006-11-19,11.272857142857143,11.23857142857143,11.247142857142858,11.122857142857145,11.249285714285715,0.03428571428571381,13.10000004,10.0271425,7.618571414285715,12.618570857142856,1007.6428628571427,87.70053157142857,4.681428500000001,25.714285714285715,2.277008,75.30000074000002,12.872961189999998,129.00000083999998,41.58118834,-0.6744436188329457,0.7383263540031063,2006-11-26,11.29,11.272857142857143,11.304285714285712,True,True,True,True
2006-11-26,11.29,11.272857142857143,11.23857142857143,11.23857142857143,11.262142857142857,0.017142857142856016,26.5,8.985714142857143,5.967142842857143,11.541428428571429,999.4571485714284,88.97762228571428,5.7271427571428575,21.571428571428573,1.82611213,76.40000044000001,10.01410786,144.70000084,34.16008197,-0.5808002734538013,0.8140460935082175,2006-12-03,11.275714285714283,11.29,11.29142857142857,True,True,True,True
2006-12-03,11.275714285714283,11.29,11.272857142857143,11.247142857142858,11.269285714285715,-0.014285714285716011,8.7,8.848571357142857,6.035714185714285,11.182857,1018.4143114285714,89.302958,4.837142785714286,25.714285714285715,2.17897593,67.60000034000002,9.077811950000001,123.40000084,29.620276699999998,-0.4787338401157883,0.8779600847008883,2006-12-10,11.304285714285712,11.275714285714283,11.297142857142855,True,True,True,True
2006-12-10,11.304285714285712,11.275714285714283,11.29,11.23857142857143,11.285714285714285,0.02857142857142847,39.90000004,8.031428342857144,5.541428442857144,10.622857142857145,1000.4571428571428,88.37229614285715,6.959999728571428,20.142857142857142,1.60545076,88.20000008000001,7.88754682,159.60000087999998,24.93082567,-0.3697245428906732,0.9291414114031743,2006-12-17,11.295714285714284,11.304285714285712,11.29,True,True,True,True
2006-12-17,11.295714285714284,11.304285714285712,11.275714285714283,11.272857142857143,11.29142857142857,-0.00857142857142712,18.0,7.231428528571429,4.815714128571429,9.379999671428571,1018.58572,90.39166371428573,6.355714242857142,18.0,1.4344297300000002,93.10000004000001,7.04496855,168.40000077999997,19.91792974,-0.2553532951161881,0.9668478136052773,2006-12-24,11.287142857142856,11.295714285714284,11.297142857142855,True,True,True,True
2006-12-24,11.287142857142856,11.295714285714284,11.304285714285712,11.29,11.290714285714284,-0.008571428571428896,0.0,4.488571428571428,2.427142785714285,6.788571371428572,1038.428571428571,92.20054785714288,1.9385713857142857,13.714285714285714,0.966729576,66.60000004000001,6.185585996,143.00000047999998,16.199693856,-0.13727877211326517,0.9905324521322227,2006-12-31,11.277142857142858,11.287142857142856,11.285714285714286,True,True,True,True
2006-12-31,11.277142857142858,11.287142857142856,11.295714285714284,11.275714285714283,11.291071428571426,-0.00999999999999801,14.300000140000002,5.42571428,3.3985712928571425,7.359999951428571,1024.7285857142856,89.63785857142857,4.865714271428572,12.0,0.923885492,72.20000018000002,4.9304955580000005,139.80000052,14.008307508,-0.01721335615583528,0.9998518392091162,2007-01-07,11.302857142857144,11.277142857142858,11.288571428571428,True,True,True,True
2007-01-07,11.302857142857144,11.277142857142858,11.287142857142856,11.304285714285712,11.290714285714287,0.02571428571428669,37.8000006,7.127142714285715,4.791428528571428,9.255714142857142,1012.3,91.1464822857143,6.197142657142857,14.0,1.12097368,70.10000074000001,4.446018478,158.30000081999998,12.333565298,0.10310169744743485,0.9946708199115211,2007-01-14,11.317142857142857,11.302857142857144,11.278571428571428,True,True,True,True
2007-01-14,11.317142857142857,11.302857142857144,11.277142857142858,11.295714285714284,11.296071428571429,0.014285714285712459,30.600000100000003,9.375713842857142,6.87571422857143,11.468571,1009.7571428571428,83.51928842857141,8.962856714285715,18.571428571428573,1.56706652,82.70000084000002,4.578655268,175.80000088,11.623623818000002,0.2219215130041655,0.9750645322571948,2007-01-21,11.32,11.317142857142857,11.284285714285714,True,True,True,True
2007-01-21,11.32,11.317142857142857,11.302857142857144,11.287142857142856,11.304285714285715,0.0028571428571435575,79.400003,7.5614282571428575,4.8985713,10.032856942857142,1007.4285942857142,87.39643071428573,7.744285671428571,20.428571428571427,1.63873053,162.10000384,5.250656222,228.70000388,11.436242218,0.3375228995941133,0.9413173175128471,2007-01-28,11.312857142857142,11.32,11.272857142857143,True,True,True,True
2007-01-28,11.312857142857142,11.32,11.317142857142857,11.277142857142858,11.313214285714286,-0.007142857142858006,8.6,1.3057142285714285,-1.8499999857142857,3.925714242857143,1018.4571485714284,87.19436771428572,4.099999942857143,32.142857142857146,2.050903265,156.4000037,6.377673995,228.60000388,11.308169553,0.4482293417404106,0.893918596519257,2007-02-04,11.294285714285715,11.312857142857142,11.251428571428573,True,True,True,True
2007-02-04,11.294285714285715,11.312857142857142,11.32,11.302857142857144,11.311071428571429,-0.018571428571426907,2.8,6.265714242857143,3.652857082857143,8.691428285714286,1026.2857142857142,91.18793857142856,4.338571314285714,29.714285714285715,2.30007819,121.40000310000002,7.5567785050000005,191.50000384,12.002796983,0.5524353131676196,0.8335557718385699,2007-02-11,11.285714285714286,11.294285714285715,11.277142857142858,True,True,True,True
2007-02-11,11.285714285714286,11.294285714285715,11.312857142857142,11.317142857142857,11.303214285714287,-0.008571428571428896,18.4,1.1885714285714286,-0.9257142857142856,3.8128571,1002.0428571428572,92.8734587142857,4.337142685714285,33.42857142857143,2.1875977,109.20000300000001,8.177309685,191.90000384,12.755964953,0.6486295610349814,0.7611042586607747,2007-02-18,11.30714285714286,11.285714285714286,11.295714285714286,True,True,True,True
2007-02-18,11.30714285714286,11.285714285714286,11.294285714285715,11.32,11.3,0.021428571428574017,20.600000100000003,5.638571357142857,2.475714285714286,8.704285328571428,1009.0000057142856,88.77512214285714,3.8985714,44.71428571428572,3.4182080600000004,50.400000100000014,9.956787215,212.50000394,15.207443437000002,0.7354170229639855,0.6776147890466889,2007-02-25,11.297142857142855,11.30714285714286,11.277142857142858,True,True,True,True
2007-02-25,11.297142857142855,11.30714285714286,11.285714285714286,11.312857142857142,11.29607142857143,-0.010000000000005116,30.5,6.882857057142857,4.2071428,9.605713957142855,1005.342857142857,90.74400885714286,3.5857142285714287,34.57142857142857,2.75918709,72.3000001,10.66507104,228.7000038,17.042745035000003,0.8115390590073611,0.5842981736283684,2007-03-04,11.325714285714286,11.297142857142855,11.284285714285714,True,True,True,True
2007-03-04,11.325714285714286,11.297142857142855,11.30714285714286,11.294285714285715,11.303928571428573,0.028571428571430246,48.300002000000006,6.222857071428572,3.345714271428572,9.214285571428572,1001.3428628571428,88.83975728571428,5.809999828571429,53.142857142857146,4.17494627,117.80000210000003,12.539939120000001,239.20000520000002,20.096717625,0.8758917051442429,0.48250774176121847,2007-03-11,11.325714285714286,11.325714285714286,11.302857142857144,True,True,True,True
2007-03-11,11.325714285714286,11.325714285714286,11.297142857142855,11.285714285714286,11.313928571428573,0.0,30.900001,7.785714142857143,4.927142857142856,10.809999714285713,1017.5857342857144,88.24595542857142,4.928571428571429,77.85714285714286,6.35956758,130.30000310000003,16.711909000000002,239.5000061,24.889218685,0.9275416835791966,0.37371971479046906,2007-03-18,11.308571428571428,11.325714285714286,11.272857142857143,True,True,True,True
2007-03-18,11.308571428571428,11.325714285714286,11.325714285714286,11.30714285714286,11.314285714285713,-0.017142857142857792,14.5,7.722857057142858,3.331428457142857,12.625714142857143,1021.157157142857,83.52714357142858,4.697142785714285,118.85714285714286,9.62269656,124.20000300000002,22.916397500000002,174.6000031,32.873184715,0.9657399376548549,0.2595117970697999,2007-03-25,11.292857142857144,11.308571428571428,11.28285714285714,True,True,True,True
2007-03-25,11.292857142857144,11.308571428571428,11.325714285714286,11.297142857142855,11.313214285714285,-0.01571428571428335,5.7000001000000005,6.087142857142857,2.8999998828571427,10.171428314285714,1009.5142914285716,77.18071571428571,5.898571428571429,109.14285714285714,8.586537700000001,99.40000310000002,28.74374811,171.70000320000003,39.40881915,0.989932495087353,0.141540295217043,2007-04-01,11.275714285714283,11.292857142857144,11.315714285714288,True,True,True,True
2007-04-01,11.275714285714283,11.292857142857144,11.308571428571428,11.325714285714286,11.300714285714285,-0.017142857142861345,1.2,10.067142571428572,4.178571428571429,16.069999714285714,1019.5857257142858,67.21928614285714,4.331428528571428,181.7142857142857,15.8705155,52.30000110000002,40.43931734,170.1000032,52.97925646,0.9997685019798909,0.021516097436222254,2007-04-08,11.242857142857144,11.275714285714283,11.312857142857142,True,True,True,True
2007-04-08,11.242857142857144,11.275714285714283,11.292857142857144,11.325714285714286,11.28,-0.032857142857139365,0.0,8.105714285714287,2.508571402857143,13.979999428571428,1023.3714342857144,76.70785857142857,3.951428542857143,168.42857142857142,13.8633837,21.400000100000014,47.94313346,151.70000320000003,64.65504246,0.9951053111006976,-0.09882013873287143,2007-04-15,11.20857142857143,11.242857142857144,11.308571428571428,True,True,True,True
2007-04-15,11.20857142857143,11.242857142857144,11.275714285714283,11.308571428571428,11.255,-0.03428571428571381,0.0,13.824285642857143,7.478571428571429,19.718571,1021.7285771428571,71.13857142857144,3.9157141857142856,177.57142857142858,17.2906124,6.900000100000015,55.611049300000005,131.1000031,78.5274468,0.9760105506323683,-0.21772323039653177,2007-04-22,11.165714285714284,11.20857142857143,11.297142857142855,True,True,True,True
2007-04-22,11.165714285714284,11.20857142857143,11.242857142857144,11.292857142857144,11.223214285714285,-0.04285714285714626,0.0,9.569999671428572,2.942857088571429,16.238571142857143,1021.98572,70.23142985714286,3.3357142142857144,207.28571428571428,17.9775019,1.2000000000000142,65.0020135,100.60000310000001,93.74576161,0.9427611433904207,-0.3334687789181868,2007-04-29,11.12,11.165714285714284,11.28,True,True,True,True
2007-04-29,11.12,11.165714285714284,11.20857142857143,11.275714285714283,11.184285714285714,-0.045714285714284486,0.0,16.419999785714285,9.335714285714284,24.105713714285717,1019.7285714285714,69.21857271428571,3.3957142714285715,229.57142857142856,23.3496617,0.0,72.4811597,52.3000011,112.92047704,0.895839290734909,-0.4443781781046132,2007-05-06,11.04,11.12,11.252857142857142,True,True,True,True
2007-05-06,11.04,11.12,11.165714285714284,11.242857142857144,11.133571428571429,-0.08000000000000007,8.8,12.664285285714286,5.602857028571429,19.69142842857143,1016.5142857142856,67.277858,4.2228571142857145,270.7142857142857,25.290314,8.800000000000015,83.90809,30.2000001,131.85122346,0.8359254794186372,-0.548842958284719,2007-05-13,11.202857142857145,11.04,11.18,True,True,True,True
2007-05-13,11.202857142857145,11.04,11.12,11.20857142857143,11.132142857142856,0.16285714285714548,40.3000001,12.371428285714286,8.674285514285716,15.652856714285717,1005.3571485714284,83.78529428571429,4.949999928571429,144.71428571428572,13.53697806,49.10000010000002,80.15445566,56.0000002,135.76550496,0.7638886127905428,-0.6453481132295501,2007-05-20,11.22,11.202857142857145,11.218571428571428,True,True,True,True
2007-05-20,11.22,11.202857142857145,11.04,11.165714285714284,11.145714285714284,0.017142857142856016,17.6000011,12.515714,6.099999942857143,17.355714,1011.4714342857144,76.855,3.997142857142857,215.57142857142856,20.1901457,66.7000012,82.36709945999999,67.90000119999999,147.36911296,0.6807734094770161,-0.7324940716135789,2007-05-27,11.20142857142857,11.22,11.294285714285715,True,True,True,True
2007-05-27,11.20142857142857,11.22,11.202857142857145,11.12,11.166071428571428,-0.01857142857143046,18.600001,15.079999428571428,9.492856957142855,20.04,1011.5428742857142,81.52928571428572,2.657142857142857,195.42857142857144,19.439480000000003,85.30000220000001,78.45691776,85.3000022,150.93807746,0.5877852522924732,-0.8090169943749473,2007-06-03,11.182857142857143,11.20142857142857,11.312857142857142,True,True,True,True
2007-06-03,11.182857142857143,11.20142857142857,11.22,11.04,11.201785714285714,-0.018571428571426907,12.0000001,14.722856714285712,9.844285428571428,19.04714257142857,1012.7571628571428,81.42928785714285,3.324285642857143,191.28571428571428,18.9842846,88.5000023,72.15088836000001,97.30000229999999,156.05897836,0.48627270710868997,-0.8738071036110808,2007-06-10,11.077142857142857,11.182857142857143,11.264285714285714,True,True,True,True
2007-06-10,11.077142857142857,11.182857142857143,11.20142857142857,11.202857142857145,11.170357142857142,-0.10571428571428676,1.5,19.775714142857144,14.612857,25.297142142857144,1018.17144,82.58357271428572,3.085714257142857,234.8571428571429,25.6285813,49.70000220000001,84.2424916,98.80000229999999,164.39694726,0.3777079652039649,-0.9259247771938498,2007-06-17,11.031428571428572,11.077142857142857,11.177142857142856,True,True,True,True
2007-06-17,11.031428571428572,11.077142857142857,11.182857142857143,11.22,11.123214285714287,-0.045714285714284486,22.400001,17.311428285714285,13.588571214285716,22.07999985714286,1006.6714457142858,86.53928571428571,3.212857071428572,166.71428571428572,17.4669563,54.5000021,81.5193022,121.20000329999999,163.88640166,0.26366549272800704,-0.9646141756912435,2007-06-24,11.064285714285717,11.031428571428572,11.102857142857143,True,True,True,True
2007-06-24,11.064285714285717,11.031428571428572,11.077142857142857,11.20142857142857,11.088928571428573,0.032857142857144694,15.1,16.692856714285714,12.461428214285714,21.089999714285717,1010.55716,85.69285928571428,2.7328571142857143,176.57142857142858,18.2025652,51.000001100000006,80.28238739999999,136.3000033,158.73930516,0.1457991969198751,-0.9893142039703663,2007-07-01,11.161428571428573,11.064285714285717,11.138571428571428,True,True,True,True
2007-07-01,11.161428571428573,11.064285714285717,11.031428571428572,11.182857142857143,11.08357142857143,0.09714285714285609,50.300002000000006,14.695714,10.84,18.381428571428568,1005.3000114285716,84.50000214285714,4.7485713857142855,167.85714285714286,16.5297281,89.300003,77.8278309,177.8000053,149.97871926,0.02581844022713308,-0.9996666485105112,2007-07-08,11.308571428571428,11.161428571428573,10.957142857142856,True,True,True,True
2007-07-08,11.308571428571428,11.161428571428573,11.064285714285717,11.077142857142857,11.141428571428573,0.14714285714285502,61.30000034,15.37428542857143,12.227142428571428,18.884285714285717,1006.7000228571428,87.7296242857143,4.334285671428572,187.0,18.7103707,149.10000334,70.9096203,198.80000554,155.1521119,-0.09453674981719933,-0.9955213724144752,2007-07-15,11.285714285714286,11.308571428571428,10.877142857142855,True,True,True,True
2007-07-15,11.285714285714286,11.308571428571428,11.161428571428573,11.031428571428572,11.205,-0.022857142857141355,9.10000004,16.865714142857144,12.052857142857144,21.384285142857145,1012.1285828571428,84.85357142857143,3.5257142285714287,185.42857142857144,19.1561713,135.80000238,72.59883529999999,190.30000447999998,154.1181375,-0.2135209154397959,-0.9769384927771817,2007-07-22,11.272857142857143,11.285714285714286,10.79,True,True,True,True
2007-07-22,11.272857142857143,11.285714285714286,11.308571428571428,11.064285714285717,11.257142857142856,-0.012857142857143344,37.2,17.891428285714284,12.787142571428571,22.849999714285712,1014.6142971428573,81.75928642857143,3.4285713857142857,238.14285714285717,25.0270972,157.90000238000002,79.4233673,208.90000347999998,159.7057547,-0.3294084822245302,-0.9441875088341994,2007-07-29,11.315714285714288,11.272857142857143,10.774285714285714,True,True,True,True
2007-07-29,11.315714285714288,11.272857142857143,11.285714285714286,11.161428571428573,11.295714285714286,0.04285714285714448,39.500002,16.025714,12.11999957142857,20.03857142857143,1007.8714514285714,84.59500071428572,4.3285714,170.0,17.252189500000004,147.10000238,80.14582870000001,236.40000537999998,157.97365960000002,-0.4405187843504952,-0.8977433935342336,2007-08-05,11.28,11.315714285714288,10.962857142857144,True,True,True,True
2007-08-05,11.28,11.315714285714288,11.272857142857143,11.308571428571428,11.28857142857143,-0.03571428571428825,2.5,16.44142842857143,10.398570857142856,21.577142714285717,1016.8142914285714,77.08214414285715,3.3099999714285717,233.14285714285717,23.8942828,88.30000204000001,85.32974080000001,237.40000537999998,156.2393611,-0.5452404385406507,-0.8382797052177745,2007-08-12,11.237142857142857,11.28,11.004285714285714,True,True,True,True
2007-08-12,11.237142857142857,11.28,11.315714285714288,11.285714285714286,11.276428571428571,-0.042857142857142705,11.900000000000002,17.111428142857143,12.751428142857142,21.559999714285716,1013.4285714285714,84.23357285714285,3.635714228571428,169.57142857142858,17.6424726,91.10000200000002,83.8160421,226.90000437999998,156.41487740000002,-0.6420547132365636,-0.7666588193001592,2007-08-19,11.255714285714284,11.237142857142857,11.151428571428571,True,True,True,True
2007-08-19,11.255714285714284,11.237142857142857,11.28,11.272857142857143,11.272142857142857,0.018571428571426907,24.0000006,16.744285357142857,12.227142857142857,21.35714257142857,1008.7142914285714,82.39571614285714,3.872857071428572,169.57142857142858,17.4203348,77.90000260000001,76.2092797,235.80000498,155.632647,-0.7295575540864876,-0.6839194216246105,2007-08-26,11.205714285714285,11.255714285714284,11.217142857142855,True,True,True,True
2007-08-26,11.205714285714285,11.255714285714284,11.237142857142857,11.315714285714288,11.244642857142855,-0.049999999999998934,6.6,17.54142842857143,12.475713857142855,22.574285142857143,1015.6285971428572,87.80704200000001,3.117142828571428,150.0,15.6325948,45.00000060000001,74.589685,192.10000298,154.7355137,-0.8064799463209447,-0.5912614448635782,2007-09-02,11.151428571428571,11.205714285714285,11.268571428571429,True,True,True,True
2007-09-02,11.151428571428571,11.205714285714285,11.255714285714284,11.28,11.2125,-0.05428571428571338,17.3000001,14.007142714285717,9.107142714285716,18.671428285714285,1018.1285828571428,84.12857142857142,3.141428571428572,126.85714285714286,12.1495857,59.800000700000005,62.84498790000001,148.10000273999998,148.1747287,-0.8717063187093217,-0.4900286664290594,2007-09-09,11.187142857142858,11.151428571428571,11.234285714285717,True,True,True,True
2007-09-09,11.187142857142858,11.151428571428571,11.205714285714285,11.237142857142857,11.2,0.035714285714286476,9.6000005,14.072856714285717,10.549999957142855,17.66999985714286,1023.2000114285714,84.67500057142857,4.029999985714285,132.28571428571428,12.695541,57.50000120000001,57.8980563,148.6000032,141.7140984,-0.9242907221930934,-0.3816892202666586,2007-09-16,11.177142857142856,11.187142857142858,11.16,True,True,True,True
2007-09-16,11.177142857142856,11.187142857142858,11.151428571428571,11.255714285714284,11.180357142857144,-0.010000000000001563,8.4000003,13.397142428571428,8.948571342857143,17.964285571428572,1019.5428571428572,85.06285771428573,3.5828571142857144,117.28571428571428,11.1457305,41.90000090000001,51.623452,119.80000349999999,127.83273170000001,-0.9634705485641486,-0.26781430516217486,2007-09-23,11.191428571428572,11.177142857142856,11.087142857142856,True,True,True,True
2007-09-23,11.191428571428572,11.177142857142856,11.187142857142858,11.205714285714285,11.176785714285714,0.014285714285716011,12.700000500000002,13.762856857142856,9.584285671428573,17.624285285714286,1016.7142857142856,87.32238199999999,3.9214285714285713,98.71428571428572,9.4100358,48.00000140000001,45.400892999999996,93.00000199999998,119.990578,-0.9886775902323404,-0.15005539834465262,2007-09-30,11.241428571428573,11.191428571428572,11.05,True,True,True,True
2007-09-30,11.241428571428573,11.191428571428572,11.177142857142856,11.151428571428571,11.199285714285715,0.05000000000000071,62.40000130000001,12.167142714285715,8.841428228571429,15.584285571428572,1012.2285771428571,91.183332,4.439999985714286,77.14285714285714,7.11956322,93.10000260000001,40.37087052,152.9000033,103.21585842,-0.9995462806873573,-0.03012030484690836,2007-10-07,11.292857142857144,11.241428571428573,11.152857142857142,True,True,True,True
2007-10-07,11.292857142857144,11.241428571428573,11.191428571428572,11.187142857142858,11.225714285714286,0.0514285714285716,8.1,10.9242855,6.105714185714286,15.039999714285711,1022.9000142857144,91.29475728571428,2.274285585714286,80.28571428571429,7.08837275,91.60000210000003,34.763702269999996,149.1000033,92.66175857,-0.9959189961471792,0.0902516100310407,2007-10-14,11.26142857142857,11.292857142857144,11.155714285714286,True,True,True,True
2007-10-14,11.26142857142857,11.292857142857144,11.241428571428573,11.177142857142856,11.246785714285714,-0.031428571428573804,0.0,10.261428214285717,5.169999914285714,15.205714142857143,1024.757142857143,88.83548857142857,2.291428557142857,81.57142857142857,7.086646540000001,83.20000180000002,30.70461831,125.10000269999999,82.32807031000002,-0.9778483415056567,0.20931464596304888,2007-10-21,11.275714285714288,11.26142857142857,11.122857142857145,True,True,True,True
2007-10-21,11.275714285714288,11.26142857142857,11.292857142857144,11.191428571428572,11.267857142857142,0.014285714285717788,19.0000001,9.181428285714286,4.280000014285714,13.257142857142856,1024.2571685714286,87.57571514285713,3.1414285428571427,70.0,5.93026971,89.50000140000003,27.224852220000002,137.5000028,72.62574522,-0.9455963874271428,0.3253420847119795,2007-10-28,11.251428571428573,11.275714285714288,11.23857142857143,True,True,True,True
2007-10-28,11.251428571428573,11.275714285714288,11.26142857142857,11.241428571428573,11.270357142857144,-0.024285714285715798,5.5,7.324285428571429,4.848571385714286,9.997142857142858,1026.0857285714285,85.96357285714285,3.715714214285714,49.285714285714285,3.80448016,32.60000010000001,23.909769160000003,125.7000027,64.28063968,-0.8996308696522434,0.4366512319560638,2007-11-04,11.254285714285714,11.251428571428573,11.247142857142858,True,True,True,True
2007-11-04,11.254285714285714,11.251428571428573,11.275714285714288,11.292857142857144,11.260714285714286,0.002857142857141781,2.9,10.088570885714288,7.295714285714285,12.494285285714286,1024.3000285714286,90.05401057142856,3.0571428285714286,33.285714285714285,2.83184734,27.400000100000007,19.65324375,119.00000220000001,54.41694602,-0.8406184056344783,0.5416278206559811,2007-11-11,11.288571428571428,11.254285714285714,11.23857142857143,True,True,True,True
2007-11-11,11.288571428571428,11.254285714285714,11.251428571428573,11.26142857142857,11.267500000000002,0.03428571428571381,49.4,7.815714114285714,5.338571371428571,10.168571428571427,1014.17144,87.88680571428571,5.4557142857142855,34.285714285714285,2.78115914,76.8000001,15.347756350000001,160.0000019,46.05237466,-0.7694148268839381,0.6387494220515268,2007-11-18,11.301428571428572,11.288571428571428,11.272857142857143,True,True,True,True
2007-11-18,11.301428571428572,11.288571428571428,11.254285714285714,11.275714285714288,11.273928571428574,0.012857142857143344,14.300001,3.805714228571429,0.6714285571428571,7.042857071428571,1018.6285771428572,89.61755500000001,3.3357142142857144,36.0,2.55788178,72.100001,11.975368419999999,161.60000240000002,39.20022064,-0.6870527672236675,0.7266075247685652,2007-11-25,11.28,11.301428571428572,11.29,True,True,True,True
2007-11-25,11.28,11.301428571428572,11.288571428571428,11.251428571428573,11.281071428571428,-0.02142857142857224,14.2,5.702857142857143,2.429999964285714,8.4557141,1011.5571542857144,88.98570200000002,4.164285657142857,27.428571428571427,2.11889292,80.80000100000001,10.28978118,113.4000011,34.19955034,-0.594726686960764,0.8039279618328208,2007-12-02,11.285714285714286,11.28,11.275714285714283,True,True,True,True
2007-12-02,11.285714285714286,11.28,11.301428571428572,11.254285714285714,11.28892857142857,0.005714285714287115,34.7000003,6.125714242857143,3.9028570857142855,8.252857014285714,1009.0428628571428,89.12666828571427,5.805714114285714,20.0,1.54498619,112.6000013,9.00292003,140.00000139999997,28.65616378,-0.49377555015997737,0.8695893893466109,2007-12-09,11.317142857142857,11.285714285714286,11.304285714285712,True,True,True,True
2007-12-09,11.317142857142857,11.285714285714286,11.28,11.288571428571428,11.296071428571429,0.03142857142857025,47.80000100000001,7.882857,5.549999999999999,10.002856857142858,998.57144,89.66601785714285,6.6828571,19.428571428571427,1.5846715799999995,111.0000023,7.80643247,187.80000239999998,23.15418882,-0.38566340624360745,0.9226395488404875,2007-12-16,11.294285714285715,11.317142857142857,11.295714285714284,True,True,True,True
2007-12-16,11.294285714285715,11.317142857142857,11.285714285714286,11.301428571428572,11.294285714285715,-0.022857142857141355,1.1,2.4828571,-0.6000000028571428,4.909999857142857,1032.6285857142857,91.06508714285714,2.6928571285714287,21.285714285714285,1.42557875,97.80000130000002,6.67412944,169.9000023,18.64949786,-0.27195815753410524,0.9623090774541487,2007-12-23,11.265714285714283,11.294285714285715,11.287142857142856,True,True,True,True
2007-12-23,11.265714285714283,11.294285714285715,11.317142857142857,11.28,11.290714285714285,-0.028571428571432023,0.8,-1.568571442857143,-3.524285614285714,0.4142857000000001,1034.4142857142856,92.33319642857144,3.1599999857142858,21.571428571428573,1.259274296,84.40000130000001,5.8145108159999985,165.2000023,16.104291996,-0.154308820664281,0.9880226656636976,2007-12-30,11.267142857142858,11.265714285714283,11.277142857142858,True,True,True,True
2007-12-30,11.267142857142858,11.265714285714283,11.294285714285715,11.285714285714286,11.286071428571429,0.0014285714285744433,4.9000003,4.331428514285714,2.3371428437142856,6.245714214285714,1020.7000342857144,88.33086328571429,5.681428471428572,15.714285714285714,1.1562712739999998,54.60000130000002,5.425795899999999,167.2000026,14.428715930000001,-0.034421611622745804,0.9994074007397048,2008-01-06,11.257142857142856,11.267142857142858,11.302857142857144,True,True,True,True
2008-01-06,11.257142857142856,11.267142857142858,11.265714285714283,11.317142857142857,11.271071428571428,-0.010000000000001563,7.000000099999999,1.025714287142857,-1.1085714285714283,3.427142786571429,1015.3142914285714,88.70211728571428,4.488571328571429,20.142857142857142,1.30590524,13.800000400000007,5.14702956,124.8000027,12.953462029999999,0.08573050015569435,0.9963183634476755,2008-01-13,11.281428571428572,11.257142857142856,11.317142857142857,True,True,True,True
2008-01-13,11.281428571428572,11.257142857142856,11.267142857142858,11.294285714285715,11.267857142857142,0.024285714285715798,15.80000008,6.2485713857142855,3.701428571428572,8.694285571428571,1006.9428685714286,87.37285771428571,6.412857028571429,19.571428571428573,1.52352186,28.500000480000008,5.24497267,126.30000178,11.919102109999999,0.2045520661262008,0.9788556850953578,2008-01-20,11.3,11.281428571428572,11.32,True,True,True,True
2008-01-20,11.3,11.281428571428572,11.257142857142856,11.265714285714283,11.276428571428571,0.018571428571428683,57.7000004,7.752857071428571,5.185714242857143,10.039999642857143,1003.9571428571428,88.91816485714286,6.888571342857143,17.142857142857142,1.39277008,85.40000088000001,5.378468454,169.80000217999998,11.19297927,0.3204232733919111,0.9472744722987169,2008-01-27,11.328571428571427,11.3,11.312857142857142,True,True,True,True
2008-01-27,11.328571428571427,11.3,11.281428571428572,11.267142857142858,11.291785714285714,0.028571428571426694,47.20000004,6.971428571428571,3.5628571,9.342857,1022.9000057142856,87.29425342857142,6.467142757142858,24.428571428571427,1.89995331,127.70000062,6.12215049,182.30000192,11.547946389999998,0.43167285247378384,0.9020302369860707,2008-02-03,11.3,11.328571428571427,11.294285714285715,True,True,True,True
2008-02-03,11.3,11.328571428571427,11.3,11.257142857142856,11.3025,-0.028571428571426694,16.50000104,4.7185713,2.635714267714285,6.401428314285715,1013.7428571428572,82.11714428571429,5.962857085714285,29.428571428571427,2.13499643,137.20000156,6.95124168,151.00000196,12.098271239999999,0.5366961939916004,0.8437755598231856,2008-02-10,11.295714285714284,11.3,11.285714285714286,True,True,True,True
2008-02-10,11.295714285714284,11.3,11.328571428571427,11.281428571428572,11.306071428571428,-0.0042857142857162245,8.6,5.598571285714286,1.6914285142857142,10.395714,1023.6428571428572,78.56500071428572,4.244285614285714,51.85714285714285,3.91387552,130.00000148,9.34159534,158.50000196,14.58656801,0.6339784927628866,0.7733506777097299,2008-02-17,11.277142857142858,11.295714285714284,11.30714285714286,True,True,True,True
2008-02-17,11.277142857142858,11.295714285714284,11.3,11.3,11.300357142857143,-0.018571428571426907,0.0,1.6685713857142856,-2.1242856714285714,5.941428414285714,1039.6286,83.97097128571428,2.3942857,66.85714285714286,4.29433521,72.30000108000002,12.24316047,157.70000195999998,17.621628924,0.7221165966101162,0.6917713646142218,2008-02-24,11.268571428571429,11.277142857142858,11.297142857142855,True,True,True,True
2008-02-24,11.268571428571429,11.277142857142858,11.295714285714284,11.328571428571427,11.285357142857144,-0.008571428571428896,11.2000003,5.694285642857143,2.751428571428572,8.431428285714286,1022.1571485714286,88.12787228571428,5.058571385714286,39.85714285714285,2.9945004400000004,36.30000134000001,13.337707600000002,164.00000196,19.45985809,0.7998392447397193,0.6002142805483682,2008-03-02,11.292857142857144,11.268571428571429,11.325714285714286,True,True,True,True
2008-03-02,11.292857142857144,11.268571428571429,11.277142857142858,11.3,11.283571428571427,0.024285714285715798,23.200000000000003,7.169999914285715,4.014285671428572,10.218571285714289,1008.5857257142858,83.06785842857143,6.742857142857143,64.28571428571429,5.144254359999999,43.00000030000001,16.34696553,180.20000186,23.29820721,0.8660254037844386,0.5000000000000001,2008-03-09,11.297142857142855,11.292857142857144,11.325714285714286,True,True,True,True
2008-03-09,11.297142857142855,11.292857142857144,11.268571428571429,11.295714285714284,11.283928571428572,0.004285714285710895,15.2000002,5.467142857142858,1.8957142571428571,8.3014283,1012.4714342857144,83.16500071428571,5.647142799999999,76.14285714285714,5.650572239999999,49.60000050000001,18.083662249999996,179.60000197999997,27.42525759,0.9197204370389467,0.3925739646141717,2008-03-16,11.304285714285712,11.297142857142855,11.308571428571428,True,True,True,True
2008-03-16,11.304285714285712,11.297142857142855,11.292857142857144,11.277142857142858,11.290714285714285,0.007142857142856229,20.700000000000003,6.751428471428571,4.132857071428572,9.265714285714283,998.1000114285716,81.93714285714286,6.6214285,71.85714285714286,5.735689359999999,70.30000050000001,19.5250164,142.60000158,31.768176869999998,0.9601498736716018,0.2794856348516095,2008-03-23,11.301428571428572,11.304285714285712,11.292857142857144,True,True,True,True
2008-03-23,11.301428571428572,11.304285714285712,11.297142857142855,11.268571428571429,11.298928571428572,-0.002857142857140005,36.6000004,2.697142771428571,-0.5328571428571429,6.524285671428571,1001.7142914285714,82.90642928571428,4.918571371428572,107.57142857142856,7.4564878,95.70000060000001,23.987003759999997,132.00000194,37.324711359999995,0.9867305793119814,0.162366141330764,2008-03-30,11.312857142857142,11.301428571428572,11.275714285714283,True,True,True,True
2008-03-30,11.312857142857142,11.301428571428572,11.304285714285712,11.292857142857144,11.303928571428571,0.011428571428570677,19.5,4.619999922857143,0.8185714285714286,8.481428257142857,1001.5571428571428,81.85071557142858,4.852857128571428,121.14285714285714,8.9805732,92.0000006,27.823322599999997,135.0000009,44.170288129999996,0.9990791668951153,0.042904758199554374,2008-04-06,11.30714285714286,11.312857142857142,11.242857142857144,True,True,True,True
2008-04-06,11.30714285714286,11.312857142857142,11.301428571428572,11.297142857142855,11.306428571428572,-0.005714285714281786,10.6000001,7.0171427,3.461428542857143,10.417142542857144,1016.1000142857145,83.66642914285714,4.175714257142857,102.14285714285714,8.0699466,87.4000005,30.242696960000004,137.000001,48.32635921,0.9970175264485267,-0.07717546212664618,2008-04-13,11.294285714285715,11.30714285714286,11.20857142857143,True,True,True,True
2008-04-13,11.294285714285715,11.30714285714286,11.312857142857142,11.304285714285712,11.303928571428573,-0.01285714285714512,2.0,5.8671426,0.1385714571428571,11.50428542857143,1003.4714285714286,74.89285842857143,2.7428571142857145,177.14285714285714,13.7045137,68.70000050000002,38.2115213,139.000001,57.7365377,0.980575394063143,-0.19614254142819687,2008-04-20,11.275714285714283,11.294285714285715,11.165714285714284,True,True,True,True
2008-04-20,11.275714285714283,11.294285714285715,11.30714285714286,11.301428571428572,11.2975,-0.018571428571432236,2.2,6.5228571,2.0342857228571427,11.354285714285714,1011.7571428571428,75.80571499999999,4.411428428571429,162.28571428571428,12.7806154,34.300000100000005,43.5356489,130.00000070000002,67.52265265999999,0.949989922994501,-0.31228055688579476,2008-04-27,11.254285714285714,11.275714285714283,11.12,True,True,True,True
2008-04-27,11.254285714285714,11.275714285714283,11.294285714285715,11.312857142857142,11.282857142857143,-0.021428571428568688,9.6000003,12.29857142857143,6.1985711285714284,18.371428142857145,1018.1143057142856,69.11428642857143,4.362857071428572,210.14285714285717,19.395961,24.400000400000007,53.9510367,116.40000099999999,81.7743593,0.9057022630804715,-0.42391439070986064,2008-05-04,11.288571428571428,11.254285714285714,11.04,True,True,True,True
2008-05-04,11.288571428571428,11.254285714285714,11.275714285714283,11.30714285714286,11.278214285714284,0.03428571428571381,15.9000001,11.454285428571428,5.472857142857143,17.29,1013.2857285714284,73.56428742857143,3.4014285714285712,199.8571428571429,18.1716124,29.700000400000008,64.0527025,117.1000009,94.29539946,0.848351197812304,-0.5294338912181852,2008-05-11,11.23857142857143,11.288571428571428,11.202857142857145,True,True,True,True
2008-05-11,11.23857142857143,11.288571428571428,11.254285714285714,11.294285714285715,11.264285714285712,-0.049999999999998934,0.0,16.904285428571427,8.695714114285714,24.022856571428573,1022.042877142857,57.82857142857143,3.5371428285714286,296.57142857142856,30.4304183,27.700000400000008,80.7786071,96.4000009,118.9901284,0.7787639308347607,-0.6273170968742938,2008-05-18,11.19285714285714,11.23857142857143,11.22,True,True,True,True
2008-05-18,11.19285714285714,11.23857142857143,11.288571428571428,11.275714285714283,11.243571428571428,-0.045714285714289815,5.5,14.017142714285711,7.975714099999999,19.902856928571428,1012.7714457142856,72.31071642857144,3.4485714,219.7142857142857,21.5341511,31.000000400000005,89.5321428,65.3000005,133.0677917,0.6979441547663435,-0.7161521883143933,2008-05-25,11.13714285714286,11.19285714285714,11.20142857142857,True,True,True,True
2008-05-25,11.13714285714286,11.19285714285714,11.23857142857143,11.254285714285714,11.214285714285715,-0.055714285714278944,7.8,12.789999785714285,6.0071425242857135,18.52142857142857,1016.7143028571428,64.83285771428571,4.0128571285714285,257.2857142857143,24.1314,29.200000100000004,94.26758179999999,53.60000049999999,148.2186185,0.6070575744291006,-0.7946578517376249,2008-06-01,11.134285714285712,11.13714285714286,11.182857142857143,True,True,True,True
2008-06-01,11.134285714285712,11.13714285714286,11.19285714285714,11.288571428571428,11.175714285714285,-0.0028571428571488866,3.3,16.772856785714286,12.439999857142856,21.489999571428573,1013.0571542857142,78.89214357142858,4.131428571428572,176.28571428571428,18.2153094,16.600000000000005,94.3112788,46.30000039999999,158.36398129999998,0.5074150932938458,-0.861701759948068,2008-06-08,11.088571428571427,11.134285714285712,11.077142857142857,True,True,True,True
2008-06-08,11.088571428571427,11.134285714285712,11.13714285714286,11.23857142857143,11.138214285714284,-0.045714285714284486,12.7,19.275714142857144,13.427142571428572,25.207142285714287,1014.8000114285716,74.585716,2.832857057142857,232.0,25.1049345,29.300000000000004,88.985795,57.00000039999999,169.7644021,0.4004539056512664,-0.9163169044870048,2008-06-15,10.968571428571428,11.088571428571427,11.031428571428572,True,True,True,True
2008-06-15,10.968571428571428,11.088571428571427,11.134285714285712,11.19285714285714,11.082142857142857,-0.11999999999999922,6.1,13.642857,7.859999771428571,19.11285685714285,1015.6000057142855,74.15285714285713,3.608571385714286,231.57142857142856,22.3583257,29.900000000000006,89.80996959999999,60.900000399999996,179.3421124,0.2877167672261668,-0.9577155432887804,2008-06-22,10.912857142857144,10.968571428571428,11.064285714285717,True,True,True,True
2008-06-22,10.912857142857144,10.968571428571428,11.088571428571427,11.13714285714286,11.026071428571427,-0.05571428571428427,2.1000001,15.405714142857144,9.005714271428571,21.012857,1013.3571485714284,72.87928828571428,3.51,237.8571428571429,23.598323,24.200000100000004,89.27689260000001,53.40000019999999,183.54447439999998,0.17082974322534442,-0.985300562686109,2008-06-29,10.85,10.912857142857144,11.161428571428573,True,True,True,True
2008-06-29,10.85,10.912857142857144,10.968571428571428,11.134285714285712,10.955,-0.06285714285714405,8.3000004,16.052857,10.152856971428571,21.177142714285715,1016.3000057142856,73.04428642857144,4.512857142857143,236.8571428571429,23.8579037,29.200000500000005,94.9194869,45.800000499999996,189.2307657,0.05147875477034673,-0.9986740898848305,2008-07-06,10.828571428571427,10.85,11.308571428571428,True,True,True,True
2008-07-06,10.828571428571427,10.85,10.912857142857144,11.088571428571427,10.89,-0.02142857142857224,23.0,18.781428142857145,11.882857142857144,24.99999957142857,1012.9142914285716,73.48071657142857,2.7699999285714285,236.8571428571429,25.4045791,39.500000500000006,95.2191315,68.8000005,184.2049265,-0.06861473800213432,-0.9976432316860063,2008-07-13,10.98857142857143,10.828571428571427,11.285714285714286,True,True,True,True
2008-07-13,10.98857142857143,10.828571428571427,10.85,10.968571428571428,10.895,0.16000000000000192,37.2,15.435713928571428,11.9314285,19.235714285714288,1007.6000114285716,83.92968414285714,4.585714214285715,176.42857142857142,17.5711535,70.60000050000001,90.4319593,100.5000005,180.2419289,-0.1877185654371986,-0.9822228566828407,2008-07-20,11.051428571428572,10.98857142857143,11.272857142857143,True,True,True,True
2008-07-20,11.051428571428572,10.98857142857143,10.828571428571427,10.912857142857144,10.929642857142857,0.06285714285714228,47.9000003,15.64714257142857,12.26285685714286,19.392856857142856,1014.2571428571428,84.59071485714286,4.148571328571428,150.0,15.0072307,116.4000007,81.840867,140.6000008,171.1177596,-0.3041148323275178,-0.9526353808033826,2008-07-27,11.194285714285714,11.051428571428572,11.315714285714288,True,True,True,True
2008-07-27,11.194285714285714,11.051428571428572,10.98857142857143,10.85,11.015714285714285,0.14285714285714235,56.700002100000006,18.87,13.824285571428574,24.11999957142857,1018.4714342857144,82.69000071428572,3.241428528571429,213.0,22.9708493,164.8000024,80.9538126,194.0000029,175.87329950000003,-0.4161246959914748,-0.9093075592922356,2008-08-03,11.224285714285717,11.194285714285714,11.28,True,True,True,True
2008-08-03,11.224285714285717,11.194285714285714,11.051428571428572,10.828571428571427,11.114642857142858,0.030000000000002913,40.2,20.56999971428572,14.908571142857143,25.927142142857143,1014.6857314285714,79.01785714285714,3.2057142571428576,218.8571428571429,24.2645122,182.00000240000003,79.8137457,221.50000290000003,175.0328772,-0.5221325810768248,-0.8528643314021597,2008-08-10,11.284285714285714,11.224285714285717,11.237142857142857,True,True,True,True
2008-08-10,11.284285714285714,11.224285714285717,11.194285714285714,10.98857142857143,11.188571428571429,0.059999999999996945,22.5,17.829999714285716,13.762857,22.285714,1008.6428685714284,83.568572,3.9199999,183.42857142857144,19.2560101,167.30000240000004,81.4986023,237.9000029,171.9305616,-0.6206094818274228,-0.7841198065767104,2008-08-17,11.262857142857143,11.284285714285714,11.255714285714284,True,True,True,True
2008-08-17,11.262857142857143,11.284285714285714,11.224285714285717,11.051428571428572,11.241428571428571,-0.021428571428570464,13.6000001,15.89428557142857,10.868570857142856,21.272857,1007.0428628571428,80.80785714285715,3.9457142,188.8571428571429,19.0089165,133.0000022,85.5002881,249.4000029,167.3411551,-0.7101350157125356,-0.7040655221348059,2008-08-24,11.267142857142858,11.262857142857143,11.205714285714285,True,True,True,True
2008-08-24,11.267142857142858,11.262857142857143,11.284285714285714,11.194285714285714,11.259642857142858,0.004285714285714448,33.6000001,15.467142857142855,12.2742855,19.372856857142857,1010.1857257142856,89.11883571428572,3.7771428571428567,113.71428571428572,11.3702058,109.90000020000001,73.8996446,274.7000026,154.8534572,-0.7894179103280194,-0.6138561418226122,2008-08-31,11.245714285714286,11.267142857142858,11.151428571428571,True,True,True,True
2008-08-31,11.245714285714286,11.267142857142858,11.262857142857143,11.224285714285717,11.265,-0.02142857142857224,8.400001,17.60714242857143,13.718571285714289,21.31714285714286,1017.6428571428572,86.62992642857144,3.5971427571428576,126.14285714285714,13.218087490000002,78.10000120000001,62.853219890000005,260.10000360000004,142.66696559000002,-0.8573146280763322,-0.514792801509831,2008-09-07,11.24,11.245714285714286,11.187142857142858,True,True,True,True
2008-09-07,11.24,11.245714285714286,11.267142857142858,11.284285714285714,11.253928571428572,-0.005714285714285339,17.200000000000003,15.371428428571429,12.027142642857145,18.99714271428571,1004.5428685714286,84.93161785714285,4.937142814285714,108.14285714285714,10.825752,72.80000120000001,54.42296179000001,240.1000036,135.92156409,-0.9128458599921354,-0.40830434224389367,2008-09-14,11.221428571428572,11.24,11.177142857142856,True,True,True,True
2008-09-14,11.221428571428572,11.24,11.245714285714286,11.262857142857143,11.243571428571428,-0.018571428571428683,8.2,15.8242855,10.689999785714289,20.671428285714285,1015.8571428571428,80.59,3.9685713857142857,148.14285714285714,14.8542708,67.4000011,50.26831609,200.4000033,135.76860419,-0.9552106508146316,-0.29592670134728966,2008-09-21,11.16,11.221428571428572,11.191428571428572,True,True,True,True
2008-09-21,11.16,11.221428571428572,11.24,11.267142857142858,11.216785714285715,-0.06142857142857139,0.0,11.182857,5.732857014285714,17.287142285714285,1026.7571714285714,83.31988842857143,2.1314285714285712,122.28571428571428,10.9155208,33.800001,49.81363109,143.7000012,123.71327569,-0.9837979515735163,-0.1792807588107359,2008-09-28,11.114285714285714,11.16,11.241428571428573,True,True,True,True
2008-09-28,11.114285714285714,11.16,11.221428571428572,11.245714285714286,11.183928571428572,-0.04571428571428626,6.199999999999999,11.604285214285714,6.762857142857143,17.109999428571427,1027.3857485714286,88.41708785714286,2.625714257142857,102.85714285714286,9.23119485,31.6,45.82673845,109.70000119999999,108.67995834,-0.998195433059714,-0.06004895851494849,2008-10-05,11.271428571428572,11.114285714285714,11.292857142857144,True,True,True,True
2008-10-05,11.271428571428572,11.114285714285714,11.16,11.24,11.191785714285714,0.15714285714285836,87.500001,10.102856857142855,7.214285571428571,12.852857142857143,1003.0571485714288,90.263546,5.242857057142857,64.14285714285714,5.58266465,101.900001,40.5836511,174.7000022,95.00661289000001,-0.998195433059714,0.06004895851494813,2008-10-12,11.311428571428571,11.271428571428572,11.26142857142857,True,True,True,True
2008-10-12,11.311428571428571,11.271428571428572,11.114285714285714,11.221428571428572,11.214285714285714,0.03999999999999915,4.2000003,11.929999857142857,7.867142814285714,16.137142857142855,1022.1714342857142,91.66116285714286,2.9385714285714286,83.28571428571429,7.59544395,97.9000013,33.32482425,165.30000239999998,83.59314034,-0.9837979515735163,0.17928075881073555,2008-10-19,11.281428571428572,11.311428571428571,11.275714285714288,True,True,True,True
2008-10-19,11.281428571428572,11.311428571428571,11.271428571428572,11.16,11.244642857142857,-0.02999999999999936,12.1,11.478571285714285,8.275714285714285,14.834285142857144,1015.4571485714284,89.89988142857143,4.067142814285714,58.42857142857143,5.28293448,110.00000130000001,27.692237929999997,143.8000023,77.50586902,-0.9552106508146317,0.2959267013472893,2008-10-26,11.281428571428572,11.281428571428572,11.251428571428573,True,True,True,True
2008-10-26,11.281428571428572,11.281428571428572,11.311428571428571,11.114285714285714,11.286428571428573,0.0,23.4,9.422857085714286,5.092857114285715,12.94428542857143,1018.0285771428572,88.76558857142857,4.7742856,57.71428571428572,4.94654583,127.20000130000001,23.407588909999998,158.8000013,69.23432736,-0.9128458599921356,0.40830434224389334,2008-11-02,11.29142857142857,11.281428571428572,11.254285714285714,True,True,True,True
2008-11-02,11.29142857142857,11.281428571428572,11.281428571428572,11.271428571428572,11.291428571428572,0.00999999999999801,8.2000002,4.655714185714286,1.2885713914285712,8.3385711,1008.0428571428572,93.01143114285716,2.8828571142857142,44.85714285714285,3.32264893,47.90000050000001,21.14757319,149.80000149999998,61.73122429,-0.8573146280763323,0.5147928015098306,2008-11-09,11.277142857142858,11.29142857142857,11.288571428571428,True,True,True,True
2008-11-09,11.277142857142858,11.29142857142857,11.281428571428572,11.311428571428571,11.282857142857143,-0.014285714285712459,12.1,8.834285571428572,6.927142742857143,10.568571214285711,1015.51432,90.38119214285716,3.821428514285714,30.428571428571427,2.57133258,55.800000200000014,16.12346182,153.70000149999998,49.44828607,-0.7894179103280197,0.613856141822612,2008-11-16,11.321428571428571,11.277142857142858,11.301428571428572,True,True,True,True
2008-11-16,11.321428571428571,11.277142857142858,11.29142857142857,11.281428571428572,11.292857142857143,0.044285714285713595,52.5000001,8.924285442857142,6.248571371428572,11.23714242857143,1016.5000114285714,92.13957785714284,5.528571328571429,26.857142857142858,2.23189124,96.20000030000001,13.07241858,206.20000159999998,40.76465651,-0.7101350157125358,0.7040655221348057,2008-11-23,11.30714285714286,11.321428571428571,11.28,True,True,True,True
2008-11-23,11.30714285714286,11.321428571428571,11.277142857142858,11.281428571428572,11.299285714285716,-0.014285714285710682,30.30000104,4.938571385714285,2.31285714,8.141428571428571,1008.8000057142856,90.19496571428571,5.2199999,25.571428571428573,1.88507395,103.10000134000002,10.0109467,230.30000264,33.41853561,-0.6206094818274227,0.7841198065767104,2008-11-30,11.29857142857143,11.30714285714286,11.285714285714286,True,True,True,True
2008-11-30,11.29857142857143,11.30714285714286,11.321428571428571,11.29142857142857,11.30107142857143,-0.008571428571430673,10.6000001,3.3528570714285717,0.7671428428571428,5.505714142857143,1005.2285714285716,93.000035,3.8742856285714287,18.571428571428573,1.29998677,105.50000124000002,7.98828454,153.40000174,29.135857729999998,-0.5221325810768248,0.8528643314021598,2008-12-07,11.29857142857143,11.29857142857143,11.317142857142857,True,True,True,True
2008-12-07,11.29857142857143,11.29857142857143,11.30714285714286,11.277142857142858,11.306428571428572,0.0,11.3000004,3.152857057142857,0.60714282,5.688571342857143,1000.5428628571428,93.99267842857144,3.2385714,22.285714285714285,1.57895627,104.70000164000002,6.99590823,160.50000183999998,23.11937005,-0.4161246959914751,0.9093075592922355,2008-12-14,11.294285714285715,11.29857142857143,11.294285714285715,True,True,True,True
2008-12-14,11.294285714285715,11.29857142857143,11.29857142857143,11.321428571428571,11.29964285714286,-0.004285714285714448,7.9,1.3299999714285715,-0.6999999685714285,3.5371428000000003,1011.8571428571428,92.62465428571429,4.074285642857142,20.428571428571427,1.342013855,60.100001540000015,6.106030845,156.30000184,19.178449424999997,-0.30411483232751857,0.9526353808033823,2008-12-21,11.28285714285714,11.294285714285715,11.265714285714283,True,True,True,True
2008-12-21,11.28285714285714,11.294285714285715,11.29857142857143,11.30714285714286,11.293571428571429,-0.011428571428576006,8.0,3.805714200857143,0.2171428628571428,6.247142671428571,1017.8000114285716,92.60231171428572,4.068571357142857,15.857142857142858,1.15173608,37.80000050000002,5.3726929750000005,140.90000184000002,15.383639675,-0.1877185654371994,0.9822228566828405,2008-12-28,11.268571428571429,11.28285714285714,11.267142857142858,True,True,True,True
2008-12-28,11.268571428571429,11.28285714285714,11.294285714285715,11.29857142857143,11.286071428571429,-0.014285714285710682,0.0,2.398571428571429,-0.5057142742857142,4.76999991,1035.557171428571,89.54378185714286,3.999999885714285,26.285714285714285,1.69818505,27.200000400000015,5.770891255,132.70000164,13.759175795,-0.06861473800213468,0.9976432316860063,2009-01-04,11.227142857142857,11.268571428571429,11.257142857142856,True,True,True,True
2009-01-04,11.227142857142857,11.268571428571429,11.28285714285714,11.29857142857143,11.268214285714286,-0.041428571428571814,8.8000003,-2.0971428137142856,-5.5599997,0.5828571285714287,1027.6571714285717,92.36236557142855,2.842857128571428,26.428571428571427,1.422764549,24.700000300000013,5.614699534,129.40000193999998,12.610607764000001,0.051619667223253764,0.998666816288476,2009-01-11,11.225714285714286,11.227142857142857,11.281428571428572,True,True,True,True
2009-01-11,11.225714285714286,11.227142857142857,11.268571428571429,11.294285714285715,11.251071428571427,-0.0014285714285708906,0.90000004,-2.834285694285714,-6.507142728571429,0.2071428462857143,1026.5286057142855,88.14190642857143,3.2585714142857145,34.714285714285715,1.8937958,17.700000340000017,6.166481479,77.80000188,12.272512324000001,0.1712931441814776,0.9852201067560606,2009-01-18,11.258571428571427,11.225714285714286,11.3,True,True,True,True
2009-01-18,11.258571428571427,11.225714285714286,11.227142857142857,11.28285714285714,11.245000000000001,0.03285714285714114,14.5,3.302857085714286,1.1871428214285713,4.707142642857143,1012.7428742857144,85.27404057142857,4.7557142571428574,17.428571428571427,1.22303308,24.200000340000017,6.237778478999999,62.000000839999984,11.610471454,0.288482432880609,0.9574851883550393,2009-01-25,11.295714285714284,11.258571428571427,11.328571428571427,True,True,True,True
2009-01-25,11.295714285714284,11.258571428571427,11.225714285714286,11.268571428571429,11.251785714285713,0.037142857142857366,31.9,3.154285642857143,1.084285711428571,5.615714242857143,991.08572,91.16225714285714,5.1000000000000005,28.0,1.97259281,56.100000340000015,6.512186239,83.30000073999999,12.283077494,0.401487989205973,0.9158642882672872,2009-02-01,11.28,11.295714285714284,11.3,True,True,True,True
2009-02-01,11.28,11.295714285714284,11.258571428571427,11.227142857142857,11.265,-0.015714285714285126,0.0,-0.7514285571428571,-2.465714257142857,1.5842856571428572,1018.0285771428572,88.5097227142857,4.259999957142857,41.85714285714285,2.52753444,47.300000040000015,7.61695613,72.00000033999999,13.231655664000002,0.5086709438521044,0.8609610158889943,2009-02-08,11.268571428571429,11.28,11.295714285714284,True,True,True,True
2009-02-08,11.268571428571429,11.28,11.295714285714284,11.225714285714286,11.275714285714285,-0.011428571428570677,3.7,1.997142857142857,-0.5285714357142857,4.685714271428572,996.8428628571428,89.93663928571428,3.459999942857143,32.42857142857143,2.23259798,50.100000000000016,7.95575831,67.80000033999998,14.122239789,0.6084768701151261,0.7935716089521474,2009-02-15,11.287142857142856,11.268571428571429,11.277142857142858,True,True,True,True
2009-02-15,11.287142857142856,11.268571428571429,11.28,11.258571428571427,11.282857142857141,0.018571428571426907,28.700001200000003,0.8114285428571428,-1.7842856714285715,3.6171428142857134,1012.9285714285714,92.55114785714284,3.914285671428572,40.85714285714285,2.59119779,64.30000120000001,9.323923019999999,88.50000153999999,15.561701499000002,0.699458327051647,0.7146733860429609,2009-02-22,11.29857142857143,11.287142857142856,11.268571428571429,True,True,True,True
2009-02-22,11.29857142857143,11.287142857142856,11.268571428571429,11.295714285714284,11.283571428571427,0.01142857142857423,13.900000099999998,3.3028570714285714,0.9071428857142856,5.5985713285714285,1024.1285857142857,89.45588142857143,3.418571414285714,34.0,2.36296728,46.30000130000001,9.71429749,102.40000163999999,16.226483728999998,0.7802958510707755,0.6254105729852463,2009-03-01,11.29,11.29857142857143,11.292857142857144,True,True,True,True
2009-03-01,11.29,11.29857142857143,11.287142857142856,11.28,11.286071428571429,-0.008571428571430673,11.3,5.8485713142857145,4.124285657142857,7.655714285714287,1017.8714285714286,91.51716871428572,4.014285671428572,36.285714285714285,2.78538331,57.60000130000002,9.97214636,104.90000133999997,17.58910249,0.8498170915275278,0.5270777086423722,2009-03-08,11.294285714285715,11.29,11.297142857142855,True,True,True,True
2009-03-08,11.294285714285715,11.29,11.29857142857143,11.268571428571429,11.2925,0.0042857142857162245,20.0000007,5.6228571,2.7085713714285715,7.871428457142857,1001.4142971428572,88.72024142857143,4.9828571,66.28571428571429,5.13345973,73.90000200000001,12.87300811,124.000002,20.82876642,0.9070138128026359,0.4211008707960896,2009-03-15,11.301428571428572,11.294285714285715,11.304285714285712,True,True,True,True
2009-03-15,11.301428571428572,11.294285714285715,11.29,11.287142857142856,11.29607142857143,0.007142857142856229,9.1000001,6.228571242857143,3.3928570857142857,9.097142857142858,1015.4714542857143,88.98111200000001,4.509999985714286,62.0,4.824749730000001,54.300000900000015,15.106560050000002,118.60000209999998,24.43048307,0.9510565162951535,0.30901699437494745,2009-03-22,11.287142857142856,11.301428571428572,11.301428571428572,True,True,True,True
2009-03-22,11.287142857142856,11.301428571428572,11.294285714285715,11.29857142857143,11.293214285714285,-0.014285714285716011,1.2,5.195714257142858,0.4900000028571428,10.074285571428572,1030.742871428571,84.10881057142856,3.0199999571428573,131.85714285714286,9.7643244,41.60000080000002,22.50791717,87.90000209999998,32.222214660000006,0.9813064702716093,0.19245158197082998,2009-03-29,11.29857142857143,11.287142857142856,11.312857142857142,True,True,True,True
2009-03-29,11.29857142857143,11.287142857142856,11.301428571428572,11.29,11.295357142857144,0.01142857142857423,29.9000003,4.969999942857143,1.8185714,7.947142757142856,1001.5285828571429,86.97357357142857,4.939999942857143,87.71428571428571,6.51449652,60.200001100000016,26.23703038,117.8000024,36.209176740000004,0.9973249731081555,0.07309512989807777,2009-04-05,11.292857142857144,11.29857142857143,11.30714285714286,True,True,True,True
2009-04-05,11.292857142857144,11.29857142857143,11.287142857142856,11.294285714285715,11.295,-0.005714285714285339,0.0,8.621428442857143,3.0085713857142857,14.569999285714283,1021.1285771428572,82.835002,3.207142785714286,158.0,13.287758,40.200000400000015,34.391328650000005,114.1000024,47.26433676,0.9988797155850336,-0.04732138832243185,2009-04-12,11.277142857142858,11.292857142857144,11.294285714285715,True,True,True,True
2009-04-12,11.277142857142858,11.292857142857144,11.29857142857143,11.301428571428572,11.288928571428572,-0.015714285714286902,4.5,12.888571285714288,6.964285599999999,19.192857142857143,1010.8000057142856,78.5464292857143,3.4414285,162.0,15.3818309,35.60000030000001,44.94840982,89.90000119999999,60.05496987,0.9859481499638304,-0.16705162550211924,2009-04-19,11.251428571428573,11.277142857142858,11.275714285714283,True,True,True,True
2009-04-19,11.251428571428573,11.277142857142858,11.292857142857144,11.287142857142856,11.280000000000001,-0.025714285714284912,0.0,12.544285428571428,6.357142857142857,19.309999857142856,1012.0857257142858,74.06071485714286,4.055714157142857,218.8571428571429,20.3740181,34.400000300000016,55.55810352,76.00000109999999,78.06602069,0.9587178169872964,-0.2843591872810034,2009-04-26,11.197142857142856,11.251428571428573,11.254285714285714,True,True,True,True
2009-04-26,11.197142857142856,11.251428571428573,11.277142857142858,11.29857142857143,11.254642857142859,-0.054285714285716935,3.6000001,12.172856857142856,5.182857142857143,18.774285428571428,1019.8142857142856,70.35214428571429,3.445714242857143,227.7142857142857,20.9890016,8.100000100000013,70.0326086,68.3000012,96.26963898,0.9175836260593937,-0.39754281428255595,2009-05-03,11.198571428571428,11.197142857142856,11.288571428571428,True,True,True,True
2009-05-03,11.198571428571428,11.197142857142856,11.251428571428573,11.292857142857144,11.231071428571429,0.001428571428572667,8.8,10.961428571428572,5.665714071428572,16.039999714285717,1015.58574,84.80142928571429,2.757142828571429,171.71428571428572,15.46771635,16.900000100000014,72.21256695000001,57.100000499999986,106.6038956,0.8631421280499114,-0.5049610547215204,2009-05-10,11.241428571428573,11.198571428571428,11.23857142857143,True,True,True,True
2009-05-10,11.241428571428573,11.198571428571428,11.197142857142856,11.277142857142858,11.222142857142858,0.04285714285714448,21.800001,11.571428142857142,7.271428428571428,15.755714142857142,1016.4000114285716,79.67714342857143,4.534285657142857,185.7142857142857,16.855796,34.200001100000016,73.68653205000001,69.80000139999999,118.63494187,0.7961828637826158,-0.6050560696488488,2009-05-17,11.231428571428571,11.241428571428573,11.19285714285714,True,True,True,True
2009-05-17,11.231428571428571,11.241428571428573,11.198571428571428,11.251428571428573,11.217142857142857,-0.010000000000001563,43.7,12.444285,7.261428371428572,17.305714,1015.0143028571428,72.65643014285715,4.927142657142857,199.28571428571428,18.4781786,77.90000110000003,71.79069255,112.30000139999999,127.34879607,0.717676913675962,-0.6963762255968722,2009-05-24,11.268571428571429,11.231428571428571,11.13714285714286,True,True,True,True
2009-05-24,11.268571428571429,11.231428571428571,11.241428571428573,11.197142857142856,11.235000000000001,0.037142857142857366,3.1000001,13.63428542857143,7.0799999,19.227142571428573,1017.8142914285714,76.27571485714286,3.0728571,256.85714285714283,24.5609191,77.40000110000001,75.36261005,85.5000012,145.39521865,0.6287628145958344,-0.7775971469736269,2009-05-31,11.277142857142858,11.268571428571429,11.134285714285712,True,True,True,True
2009-05-31,11.277142857142858,11.268571428571429,11.231428571428571,11.198571428571428,11.254642857142857,0.008571428571428896,23.8000003,14.608570857142857,7.035714285714286,20.485714285714288,1022.9142914285716,74.84357142857142,4.6571428571428575,260.57142857142856,25.454788900000004,92.40000140000002,85.3496826,109.30000149999998,157.56224955000002,0.5307300481619334,-0.8475409228928311,2009-06-07,11.21714285714286,11.277142857142858,11.088571428571427,True,True,True,True
2009-06-07,11.21714285714286,11.277142857142858,11.268571428571429,11.241428571428573,11.248571428571429,-0.059999999999996945,13.700001,12.43571392857143,6.971428571428571,17.471428142857143,1013.5000057142856,71.32928628571429,4.267142714285714,225.28571428571428,21.1697185,84.30000140000003,89.6636051,118.50000249999998,163.35013715,0.42500033996955416,-0.9051931898913974,2009-06-14,11.277142857142858,11.21714285714286,10.968571428571428,True,True,True,True
2009-06-14,11.277142857142858,11.21714285714286,11.277142857142858,11.231428571428571,11.260000000000002,0.059999999999996945,21.5000004,13.829999785714287,8.919999814285715,18.345714,1013.1142971428573,79.000715,3.8742856142857134,200.57142857142856,19.2440241,62.100001800000015,90.42945060000001,140.0000029,162.22014315,0.3131070409358269,-0.9497178427914316,2009-06-21,11.287142857142856,11.277142857142858,10.912857142857144,True,True,True,True
2009-06-21,11.287142857142856,11.277142857142858,11.21714285714286,11.268571428571429,11.264642857142858,0.00999999999999801,28.700000000000003,14.095713857142856,8.629999914285715,18.507142714285717,1018.8143028571428,76.22643000000001,3.488571314285714,227.28571428571428,21.9818232,87.70000170000002,87.8503547,165.10000279999997,163.21296475000003,0.19667288979357647,-0.980469160361632,2009-06-28,11.268571428571429,11.287142857142856,10.85,True,True,True,True
2009-06-28,11.268571428571429,11.287142857142856,11.277142857142858,11.277142857142858,11.262500000000001,-0.018571428571426907,0.0,17.66142842857143,12.258571285714286,22.557142285714285,1019.70002,79.70000057142856,4.0542856857142855,250.42857142857144,25.9029695,63.90000140000002,88.2985353,156.30000280000002,173.6482179,0.07738647923346301,-0.9970011699250151,2009-07-05,11.164285714285716,11.268571428571429,10.828571428571427,True,True,True,True
2009-07-05,11.164285714285716,11.268571428571429,11.287142857142856,11.21714285714286,11.249285714285715,-0.10428571428571232,14.7,20.09571414285714,13.181428,26.761428285714285,1016.6428742857142,79.50428699999999,2.848571342857143,274.42857142857144,30.0256311,64.90000040000002,97.1544479,149.2000018,186.818053,-0.04302223300453034,-0.99907411510223,2009-07-12,11.218571428571428,11.164285714285716,10.98857142857143,True,True,True,True
2009-07-12,11.218571428571428,11.164285714285716,11.268571428571429,11.277142857142858,11.234642857142855,0.054285714285711606,46.1000004,15.067142714285714,11.361428428571427,19.06857114285714,1008.0285885714286,85.23173557142857,4.191428571428571,183.57142857142856,18.2686742,89.50000040000002,96.179098,151.6000022,186.60854859999998,-0.16280701293851646,-0.9866579328916572,2009-07-19,11.217142857142855,11.218571428571428,11.051428571428572,True,True,True,True
2009-07-19,11.217142857142855,11.218571428571428,11.164285714285716,11.287142857142856,11.217142857142857,-0.001428571428572667,18.1000002,17.69142857142857,13.265714,22.245714,1011.5285714285714,80.94285985714285,3.4985714142857143,227.14285714285717,23.8787769,78.90000060000001,98.0760517,166.6000023,185.92640640000002,-0.2802306751992161,-0.9599326896597445,2009-07-26,11.241428571428573,11.217142857142855,11.194285714285714,True,True,True,True
2009-07-26,11.241428571428573,11.217142857142855,11.218571428571428,11.268571428571429,11.210357142857143,0.024285714285717575,25.6000001,17.027142714285713,12.271428571428572,21.342857142857145,1011.4428628571428,82.79500071428572,3.525714285714286,203.57142857142856,21.009252,104.50000070000002,93.1823342,168.4000021,181.48086949999998,-0.39359027665646645,-0.9192859697186105,2009-08-02,11.26,11.241428571428573,11.224285714285717,True,True,True,True
2009-08-02,11.26,11.241428571428573,11.217142857142855,11.164285714285716,11.234285714285713,0.018571428571426907,21.3000003,16.877142499999998,11.639999571428572,22.421428142857145,1014.9000114285716,80.22428642857143,3.018571357142857,198.42857142857144,20.3476567,111.10000100000002,83.5043598,176.0000014,180.6588077,-0.5012418134457756,-0.8653072543632061,2009-08-09,11.208571428571428,11.26,11.284285714285714,True,True,True,True
2009-08-09,11.208571428571428,11.26,11.241428571428573,11.218571428571428,11.231785714285714,-0.0514285714285716,0.0,19.054285714285715,13.358571142857144,23.985714,1019.08572,76.03785842857143,2.351428557142857,217.7142857142857,23.445248,65.00000060000002,88.6809336,154.500001,184.86003159999999,-0.6016240632249227,-0.7987793728863648,2009-08-16,11.112857142857145,11.208571428571428,11.262857142857143,True,True,True,True
2009-08-16,11.112857142857145,11.208571428571428,11.26,11.217142857142855,11.205714285714286,-0.09571428571428342,5.1,17.609999714285713,12.169999714285714,22.722856857142855,1015.5285771428572,80.96285771428572,3.041428542857143,194.42857142857144,20.3226935,52.00000040000002,85.1248502,130.90000099999997,183.20090190000002,-0.6932812268869771,-0.7206671495538615,2009-08-23,11.04,11.112857142857145,11.267142857142858,True,True,True,True
2009-08-23,11.04,11.112857142857145,11.208571428571428,11.241428571428573,11.155357142857143,-0.07285714285714562,11.2,18.11714257142857,11.734285428571429,25.26428542857143,1018.6,77.02571499999999,2.8999999142857145,211.28571428571428,22.2453349,37.60000030000001,86.3609331,142.100001,179.5432673,-0.7748840413670406,-0.6321034111873488,2009-08-30,11.085714285714284,11.04,11.245714285714286,True,True,True,True
2009-08-30,11.085714285714284,11.04,11.112857142857145,11.26,11.111785714285714,0.045714285714284486,23.3000016,16.521428214285713,11.51142857142857,21.64999957142857,1012.8428628571428,79.7989857142857,3.7171426857142857,161.14285714285714,16.518148,39.60000160000001,82.53142439999999,150.70000259999998,166.0357842,-0.8452490573530634,-0.5343725582809785,2009-09-06,11.185714285714283,11.085714285714284,11.24,True,True,True,True
2009-09-06,11.185714285714283,11.085714285714284,11.04,11.208571428571428,11.106071428571427,0.09999999999999964,26.2000004,15.33,11.9771425,19.942857,1009.7428628571428,81.60142857142857,4.8285714,134.0,13.377446499999998,65.800002,72.46362289999999,130.80000259999997,161.14455650000002,-0.9033558023246842,-0.4288919379124841,2009-09-13,11.135714285714286,11.185714285714283,11.221428571428572,True,True,True,True
2009-09-13,11.135714285714286,11.185714285714283,11.085714285714284,11.112857142857145,11.111785714285713,-0.04999999999999716,0.8,15.608571285714286,11.354285428571428,20.56428557142857,1026.0000142857143,81.83642985714286,3.4442857,144.57142857142858,14.465782700000002,61.50000200000001,66.6067121,113.50000239999999,151.73156229999998,-0.9483615800121716,-0.31719128858910595,2009-09-20,11.09,11.135714285714286,11.16,True,True,True,True
2009-09-20,11.09,11.135714285714286,11.185714285714283,11.04,11.124285714285712,-0.04571428571428626,0.0,14.299999428571429,8.638571285714287,19.931428428571422,1020.0000057142856,83.79928714285714,3.378571385714286,130.42857142857142,12.60776334,50.30000200000001,56.96914054,87.90000229999998,143.33007364000002,-0.9796136916454901,-0.20089055513063528,2009-09-27,11.004285714285714,11.09,11.114285714285714,True,True,True,True
2009-09-27,11.004285714285714,11.09,11.135714285714286,11.085714285714284,11.103928571428572,-0.08571428571428541,0.0,12.597142857142856,6.348571228571429,18.755714,1024.8285857142855,85.07214285714285,2.5042857,115.71428571428572,10.73854657,27.000000400000015,51.18953911,66.60000199999999,133.72096351,-0.99665890175417,-0.08167639533042288,2009-10-04,11.015714285714283,11.004285714285714,11.271428571428572,True,True,True,True
2009-10-04,11.015714285714283,11.004285714285714,11.09,11.185714285714283,11.061428571428571,0.011428571428568901,14.7,12.555714285714286,8.72571417142857,15.451428142857145,1013.5857314285714,87.21961142857143,4.291428528571428,64.0,5.897519249999999,15.500000000000014,43.70961186,81.30000199999999,116.17323476,-0.9992500112396835,0.03872228089217399,2009-10-11,11.135714285714286,11.015714285714283,11.311428571428571,True,True,True,True
2009-10-11,11.135714285714286,11.015714285714283,11.004285714285714,11.135714285714286,11.061428571428571,0.12000000000000277,35.4000003,10.504285571428571,5.488571271428571,14.872856571428573,1012.88572,90.114035,3.0671428285714284,61.57142857142857,5.332607190000001,50.10000030000002,34.57643635,111.60000229999999,101.18314845,-0.9873494423939864,0.15855938510313475,2009-10-18,11.191428571428572,11.135714285714286,11.281428571428572,True,True,True,True
2009-10-18,11.191428571428572,11.135714285714286,11.015714285714283,11.09,11.086785714285714,0.05571428571428605,8.9000001,6.8728571,1.4171428285714287,11.948571142857144,1025.2714485714284,83.45500128571429,3.457142857142857,94.85714285714286,7.42020976,59.00000040000002,29.388882770000002,109.30000239999998,86.35802331000001,-0.9611297838723007,0.27609697309746883,2009-10-25,11.165714285714284,11.191428571428572,11.281428571428572,True,True,True,True
2009-10-25,11.165714285714284,11.191428571428572,11.135714285714286,11.004285714285714,11.127142857142855,-0.025714285714288465,7.6000002,8.441428442857143,5.369999871428571,11.772856857142855,1009.6857257142856,84.99513857142857,4.134285657142857,53.0,4.40613426,66.60000060000002,23.05647046,93.60000099999998,74.24600957,-0.9209712877166347,0.38963044953078774,2009-11-01,11.187142857142858,11.165714285714284,11.29142857142857,True,True,True,True
2009-11-01,11.187142857142858,11.165714285714284,11.191428571428572,11.015714285714283,11.17,0.021428571428574017,17.7,10.898571385714288,8.502857,13.317142428571428,1019.3143114285714,91.641343,3.291428471428571,35.857142857142854,3.17119987,69.60000060000002,20.33015108,85.10000059999999,64.03976294,-0.8674563547295971,0.4975132889071803,2009-11-08,11.244285714285716,11.187142857142858,11.277142857142858,True,True,True,True
2009-11-08,11.244285714285716,11.187142857142858,11.165714285714284,11.135714285714286,11.197142857142858,0.057142857142858716,14.50000034,7.369999771428572,4.251428514285714,9.8514285,996.3857257142856,92.68125357142856,3.9399999142857145,33.857142857142854,2.7509355100000006,48.70000064000001,17.7484794,98.80000093999999,52.324915749999995,-0.801361088174677,0.5981809144059158,2009-11-15,11.274285714285714,11.244285714285716,11.321428571428571,True,True,True,True
2009-11-15,11.274285714285714,11.244285714285716,11.187142857142858,11.191428571428572,11.217857142857142,0.029999999999997584,27.9000011,8.745714285714286,6.421428342857142,10.544285614285714,1006.8000171428572,90.65287985714284,4.382857057142857,20.285714285714285,1.7208631900000002,67.70000164000001,12.049132830000001,126.70000203999999,41.4380156,-0.7236440382959124,0.690173388242972,2009-11-22,11.28285714285714,11.274285714285714,11.30714285714286,True,True,True,True
2009-11-22,11.28285714285714,11.274285714285714,11.244285714285716,11.165714285714284,11.247142857142856,0.008571428571425344,23.0000002,10.587142714285717,7.825714228571429,13.299999785714286,1011.1285771428572,87.428047,6.307142814285714,27.714285714285715,2.47511523,83.10000164000002,10.118113800000001,149.70000224,33.17458426,-0.6354323008901775,0.7721565844991641,2009-11-29,11.29857142857143,11.28285714285714,11.29857142857143,True,True,True,True
2009-11-29,11.29857142857143,11.28285714285714,11.274285714285714,11.187142857142858,11.274999999999999,0.015714285714290455,31.8,8.569999942857143,6.874285571428572,10.4714285,998.7142914285714,86.73142857142857,7.099999957142857,17.0,1.43274613,97.20000164000001,8.37966006,166.80000224,28.70981114,-0.5380051715382992,0.8429415373547832,2009-12-06,11.297142857142855,11.29857142857143,11.29857142857143,True,True,True,True
2009-12-06,11.297142857142855,11.29857142857143,11.28285714285714,11.244285714285716,11.288214285714284,-0.0014285714285744433,26.1000004,5.632857142857143,2.6828570142857138,8.381428528571428,1003.5714342857144,91.58550142857143,3.962857142857143,20.857142857142858,1.57399791,108.80000170000001,7.20272246,157.50000233999998,24.95120186,-0.4327755925504317,0.9015016841318838,2009-12-13,11.305714285714286,11.297142857142855,11.294285714285715,True,True,True,True
2009-12-13,11.305714285714286,11.297142857142855,11.29857142857143,11.274285714285714,11.296071428571429,0.008571428571430673,13.2000001,5.141428514285714,2.2971428,7.221428542857142,1020.4714285714284,91.33824857142858,3.472857114285714,19.428571428571427,1.42482383,94.10000070000001,6.9066830999999995,161.80000234,18.95581593,-0.32126966169236515,0.9469877530760751,2009-12-20,11.27,11.305714285714286,11.28285714285714,True,True,True,True
2009-12-20,11.27,11.305714285714286,11.297142857142855,11.28285714285714,11.292857142857143,-0.035714285714286476,18.1000004,-3.908571428571429,-7.134285585714286,-1.4828571428571429,1011.4428628571428,89.50877657142857,3.5657142714285714,23.0,1.20785159,89.20000090000002,5.63941946,172.30000253999998,15.75753326,-0.20510449986861926,0.9787400799669153,2009-12-27,11.278571428571428,11.27,11.268571428571429,True,True,True,True
2009-12-27,11.278571428571428,11.27,11.305714285714286,11.29857142857143,11.287857142857144,0.008571428571428896,33.6,0.2157142485714285,-2.105714258571429,2.235714257142857,994.0428628571428,91.483325,4.939999957142858,18.857142857142858,1.19335328,91.00000090000002,5.400026609999999,188.20000253999999,13.77968667,-0.0859647987374467,0.9962981749346077,2010-01-03,11.30714285714286,11.278571428571428,11.227142857142857,True,True,True,True
2010-01-03,11.30714285714286,11.278571428571428,11.27,11.297142857142855,11.290357142857143,0.028571428571432023,11.9,-1.8057143,-5.344285642857143,0.4428571575714286,1005.4857314285716,91.61598314285712,3.8671428142857134,19.714285714285715,1.145408575,76.80000050000002,4.971437275,185.60000219999998,12.174159735,0.03442161162274574,0.9994074007397048,2010-01-10,11.277142857142858,11.30714285714286,11.225714285714286,True,True,True,True
2010-01-10,11.277142857142858,11.30714285714286,11.278571428571428,11.305714285714286,11.283214285714287,-0.030000000000002913,8.0,-3.0,-6.515714142857142,-0.9414285428571428,1013.5142971428572,93.16744857142858,4.529999785714286,20.285714285714285,1.10095309,71.60000040000001,4.647566535,165.70000109999998,11.554249635,0.15430882066428117,0.9880226656636976,2010-01-17,11.26,11.277142857142858,11.258571428571427,True,True,True,True
2010-01-17,11.26,11.277142857142858,11.30714285714286,11.27,11.280714285714287,-0.017142857142857792,7.9,-0.8271428571428572,-2.4657142142857142,0.1957142842857143,1014.6857257142856,90.13690714285714,4.019999914285714,17.428571428571427,1.04740699,61.40000000000002,4.487121935,150.6000009,10.126541395,0.2719581575341055,0.9623090774541486,2010-01-24,11.288571428571428,11.26,11.295714285714284,True,True,True,True
2010-01-24,11.288571428571428,11.26,11.277142857142858,11.278571428571428,11.283214285714287,0.02857142857142847,1.1,-0.5871428571428572,-1.6557142714285715,0.6142856999999999,1022.98572,92.36595471428572,3.994285685714286,19.714285714285715,1.18633291,28.900000000000016,4.480101565,119.9000009,9.880128175,0.38566340624360707,0.9226395488404876,2010-01-31,11.277142857142858,11.288571428571428,11.28,True,True,True,True
2010-01-31,11.277142857142858,11.288571428571428,11.26,11.30714285714286,11.275714285714287,-0.011428571428570677,20.200000600000003,-2.245714092857143,-5.678571428571429,0.4771428857142857,1010.8714285714284,87.06691857142857,3.9299999571428574,37.42857142857143,2.06941822,37.20000060000002,5.40411121,114.00000109999999,10.375548485,0.49377555015997715,0.869589389346611,2010-02-07,11.308571428571428,11.277142857142858,11.268571428571429,True,True,True,True
2010-02-07,11.308571428571428,11.277142857142858,11.288571428571428,11.277142857142858,11.283571428571427,0.03142857142857025,24.5000003,0.7085714142857142,-2.187142813714285,3.0514284657142854,1009.88572,92.10592571428572,4.159999914285715,27.857142857142858,1.79245099,53.70000090000002,6.09560911,125.30000129999999,10.743175644999999,0.5947266869607634,0.8039279618328213,2010-02-14,11.28,11.308571428571428,11.287142857142856,True,True,True,True
2010-02-14,11.28,11.308571428571428,11.277142857142858,11.26,11.288571428571428,-0.02857142857142847,3.2,-3.551428514285714,-7.002857142857143,-1.8514285085714288,1015.6142914285714,85.72415628571427,4.0814285,36.285714285714285,1.95399565,49.00000090000002,7.00219777,110.40000089999998,11.489319705,0.6870527672236669,0.7266075247685656,2010-02-21,11.264285714285714,11.28,11.29857142857143,True,True,True,True
2010-02-21,11.264285714285714,11.28,11.308571428571428,11.288571428571428,11.2825,-0.015714285714285126,10.0,-0.7642857171428571,-3.4757142314285714,1.81571426,997.08572,88.06403771428572,3.859999942857143,52.57142857142857,3.15369225,57.900000900000016,8.96955711,86.80000089999999,13.449658675,0.7694148268839378,0.6387494220515272,2010-02-28,11.320000000000002,11.264285714285714,11.29,True,True,True,True
2010-02-28,11.320000000000002,11.264285714285714,11.28,11.277142857142858,11.293214285714285,0.055714285714287826,40.2,4.249999997142857,1.7828571328571428,6.851428271428572,991.27144,91.89175014285716,4.924285642857143,33.285714285714285,2.45877863,77.90000030000002,9.35891752,115.10000089999998,14.76302873,0.8406184056344782,0.5416278206559814,2010-03-07,11.320000000000002,11.320000000000002,11.294285714285715,True,True,True,True
2010-03-07,11.320000000000002,11.320000000000002,11.264285714285714,11.308571428571428,11.29607142857143,0.0,10.2,0.981428582857143,-3.1757142285714286,4.829999857142857,1021.9714285714286,80.59285842857142,4.092857042857143,110.57142857142856,7.07053625,63.60000000000002,14.63700278,117.30000089999999,20.73261189,0.8996308696522433,0.43665123195606403,2010-03-14,11.294285714285715,11.320000000000002,11.301428571428572,True,True,True,True
2010-03-14,11.294285714285715,11.320000000000002,11.320000000000002,11.28,11.299642857142858,-0.02571428571428669,3.6000000400000003,2.1828571285714284,-1.1042856857142858,5.4585713857142855,1024.1285971428572,87.18928714285714,4.008571342857143,72.42857142857143,4.77870574,64.00000004000002,17.46171287,113.00000093999999,24.46391064,0.9455963874271426,0.3253420847119801,2010-03-21,11.312857142857142,11.294285714285715,11.287142857142856,True,True,True,True
2010-03-21,11.312857142857142,11.294285714285715,11.320000000000002,11.264285714285714,11.311785714285715,0.018571428571426907,19.6000003,8.15,3.70571425,11.868571357142857,1016.7000057142858,83.38415371428572,4.428571428571429,85.14285714285714,7.0084668,73.60000034000002,21.31648742,131.50000124,30.286044529999998,0.9778483415056568,0.20931464596304847,2010-03-28,11.31,11.312857142857142,11.29857142857143,True,True,True,True
2010-03-28,11.31,11.312857142857142,11.294285714285715,11.320000000000002,11.309285714285716,-0.002857142857141781,4.9000002,9.649999857142856,4.972857014285714,14.121428357142856,1009.6857314285714,77.49928571428572,3.858571385714286,119.42857142857144,10.39504565,38.30000054000001,29.25275444,116.20000083999999,38.61167196,0.995918996147179,0.09025161003104117,2010-04-04,11.304285714285712,11.31,11.292857142857144,True,True,True,True
2010-04-04,11.304285714285712,11.31,11.312857142857142,11.320000000000002,11.305357142857144,-0.005714285714288891,26.1000002,7.711428385714286,4.425714242857143,11.694285371428572,1003.0714342857144,78.07214357142857,5.1599998142857135,120.28571428571428,9.876382400000002,54.20000074000002,32.058600590000005,117.80000074,46.69560337,0.9995462806873573,-0.030120304846908114,2010-04-11,11.301428571428572,11.304285714285712,11.277142857142858,True,True,True,True
2010-04-11,11.301428571428572,11.304285714285712,11.31,11.294285714285715,11.307142857142857,-0.002857142857140005,1.4,8.625714242857143,3.854285642857143,13.082856857142858,1025.9571485714284,75.18857214285715,3.832857057142857,152.85714285714286,12.8563828,52.00000070000002,40.136277650000004,116.00000073999999,57.59799052,0.9886775902323405,-0.1500553983446526,2010-04-18,11.274285714285714,11.301428571428572,11.251428571428573,True,True,True,True
2010-04-18,11.274285714285714,11.301428571428572,11.304285714285712,11.312857142857142,11.2975,-0.02714285714285758,0.0,8.152857142857142,1.1328571157142855,14.511428142857142,1021.25716,71.44928571428571,4.037142828571429,228.28571428571428,18.8450495,32.40000040000002,51.972860350000005,106.00000073999999,73.28934777,0.9634705485641488,-0.2678143051621742,2010-04-25,11.235714285714286,11.274285714285714,11.197142857142856,True,True,True,True
2010-04-25,11.235714285714286,11.274285714285714,11.301428571428572,11.31,11.27892857142857,-0.03857142857142826,1.5,8.221428428571429,1.5071428142857144,14.364285357142856,1018.15716,65.73857142857143,3.5542857,218.28571428571428,18.0953517,29.000000200000013,59.6731664,67.30000073999999,88.92592084,0.9242907221930933,-0.3816892202666588,2010-05-02,11.245714285714286,11.235714285714286,11.198571428571428,True,True,True,True
2010-05-02,11.245714285714286,11.235714285714286,11.274285714285714,11.304285714285712,11.264285714285714,0.009999999999999787,38.8,12.147142528571427,6.547142857142857,17.088570999999998,1015.6285714285714,76.51928571428572,3.768571371428571,169.57142857142858,15.8499502,41.70000000000001,65.6467342,95.90000073999998,97.70533479,0.8717063187093218,-0.4900286664290592,2010-05-09,11.308571428571428,11.245714285714286,11.241428571428573,True,True,True,True
2010-05-09,11.308571428571428,11.245714285714286,11.235714285714286,11.301428571428572,11.26607142857143,0.06285714285714228,9.7000001,7.7271427571428575,4.548571285714286,10.664285714285716,1013.4428628571428,82.07142971428571,4.027142785714285,126.42857142857144,10.33219834,50.00000010000001,63.12254974,102.00000079999998,103.25882739000001,0.8064799463209448,-0.5912614448635781,2010-05-16,11.30714285714286,11.308571428571428,11.231428571428571,True,True,True,True
2010-05-16,11.30714285714286,11.308571428571428,11.245714285714286,11.274285714285714,11.274285714285714,-0.0014285714285673379,22.6,7.9485711,4.592857085714286,11.109999857142856,1012.1000057142855,78.11928657142857,3.4728570285714286,142.0,11.87653925,72.60000010000002,56.15403949,105.00000049999998,108.12689984,0.7295575540864875,-0.6839194216246106,2010-05-23,11.285714285714286,11.30714285714286,11.268571428571429,True,True,True,True
2010-05-23,11.285714285714286,11.30714285714286,11.308571428571428,11.235714285714286,11.286785714285715,-0.021428571428574017,0.0,11.81428557142857,5.507142628571429,17.40714242857143,1026.44292,77.07142857142857,3.975714271428572,255.7142857142857,23.3598092,71.10000010000002,61.41849699000001,100.10000029999999,121.09166339,0.6420547132365637,-0.766658819300159,2010-05-30,11.248571428571427,11.285714285714286,11.277142857142858,True,True,True,True
2010-05-30,11.248571428571427,11.285714285714286,11.30714285714286,11.245714285714286,11.2875,-0.03714285714285914,7.0,11.685714285714283,5.469999814285714,16.964285714285715,1011.2143085714284,75.13,3.518571357142857,212.42857142857144,19.397730900000003,39.30000010000002,64.96627769000001,81.0000001,130.61301189,0.545240438540651,-0.8382797052177744,2010-06-06,11.21,11.248571428571427,11.21714285714286,True,True,True,True
2010-06-06,11.21,11.248571428571427,11.285714285714286,11.308571428571428,11.262857142857143,-0.03857142857142648,3.2,14.655714142857144,7.0571427571428575,21.31428557142857,1017.7000114285714,73.28571428571429,3.134285657142857,265.85714285714283,26.0329509,32.80000000000002,80.66703025000001,82.80000009999999,143.78957999,0.440518784350495,-0.8977433935342337,2010-06-13,11.234285714285717,11.21,11.277142857142858,True,True,True,True
2010-06-13,11.234285714285717,11.21,11.248571428571427,11.30714285714286,11.244642857142857,0.024285714285715798,20.700001,15.754285571428571,11.021428571428572,19.749999714285718,1008.6428571428572,84.45714342857143,3.2657142,152.85714285714286,15.2538055,30.900001000000014,84.04429650000002,103.50000109999999,140.19833599,0.3294084822245304,-0.9441875088341993,2010-06-20,11.171428571428573,11.234285714285717,11.287142857142856,True,True,True,True
2010-06-20,11.171428571428573,11.234285714285717,11.21,11.285714285714286,11.216071428571428,-0.06285714285714405,4.1,12.851428428571428,7.861428514285714,17.468571,1017.842857142857,76.74143000000001,4.207142814285715,229.7142857142857,21.7412758,35.00000100000001,82.42576310000001,106.10000109999999,143.84426009,0.21352091543979612,-0.9769384927771817,2010-06-27,11.084285714285716,11.171428571428573,11.268571428571429,True,True,True,True
2010-06-27,11.084285714285716,11.171428571428573,11.234285714285717,11.248571428571427,11.175000000000002,-0.0871428571428563,0.0,16.274285357142855,7.564285714285715,22.919999571428573,1020.1714285714286,69.88000071428571,2.418571385714286,297.0,30.1881478,28.00000100000001,93.21618000000001,67.30000109999999,158.18245769,0.09453674981719912,-0.9955213724144752,2010-07-04,10.944285714285714,11.084285714285716,11.164285714285716,True,True,True,True
2010-07-04,10.944285714285714,11.084285714285716,11.171428571428573,11.21,11.10857142857143,-0.14000000000000234,4.4,20.99428571428572,13.767142714285717,28.128571,1017.2714342857143,71.30214342857143,2.5099999142857143,270.1428571428572,30.038408600000004,29.200001000000015,97.2216377,62.00000099999999,177.88866795,-0.02581844022713239,-0.9996666485105112,2010-07-11,10.884285714285712,10.944285714285714,11.218571428571428,True,True,True,True
2010-07-11,10.884285714285712,10.944285714285714,11.084285714285716,11.234285714285717,11.021071428571428,-0.060000000000002274,43.800002000000006,20.99999928571429,12.90714257142857,27.958571142857146,1018.8285828571428,67.21214285714287,2.961428528571429,268.1428571428572,29.8186951,52.30000200000002,111.7865273,83.200003,195.83082380000002,-0.14579919691987442,-0.9893142039703664,2010-07-18,11.205714285714285,10.884285714285712,11.217142857142855,True,True,True,True
2010-07-18,11.205714285714285,10.884285714285712,10.944285714285714,11.171428571428573,11.029642857142857,0.32142857142857295,50.7,19.252857142857145,13.802857071428573,24.507142428571427,1013.6714342857142,76.89357199999999,3.615714228571429,246.8571428571429,26.565747100000003,98.90000200000003,116.61099860000002,133.900003,199.0367617,-0.2636654927280072,-0.9646141756912435,2010-07-25,11.077142857142857,11.205714285714285,11.241428571428573,True,True,True,True
2010-07-25,11.077142857142857,11.205714285714285,10.884285714285712,11.084285714285716,11.02785714285714,-0.12857142857142811,0.0,18.855714,11.854285385714286,24.719999714285716,1015.6000057142855,71.39857142857143,2.447142757142857,239.57142857142856,25.6399162,98.90000200000003,112.06276700000001,126.900003,205.27894700000002,-0.37770796520396466,-0.9259247771938499,2010-08-01,11.115714285714288,11.077142857142857,11.26,True,True,True,True
2010-08-01,11.115714285714288,11.077142857142857,11.205714285714285,10.944285714285714,11.070714285714285,0.03857142857143181,36.4000001,17.234285285714286,12.828571285714286,21.332857,1013.0142914285716,82.60714414285714,2.6399999857142857,168.85714285714286,17.4853612,130.90000210000002,99.50971960000001,160.10000309999998,196.7313573,-0.4862727071086902,-0.8738071036110807,2010-08-08,11.198571428571428,11.115714285714288,11.208571428571428,True,True,True,True
2010-08-08,11.198571428571428,11.115714285714288,11.077142857142857,10.884285714285712,11.149285714285714,0.08285714285714008,36.4000001,16.0071425,10.96428542857143,20.52999957142857,1013.3,85.22500057142858,2.3142856857142857,166.42857142857142,16.791597200000002,123.50000020000002,86.48262170000001,175.8000022,198.269149,-0.5877852522924734,-0.8090169943749472,2010-08-15,11.281428571428572,11.198571428571428,11.112857142857145,True,True,True,True
2010-08-15,11.281428571428572,11.198571428571428,11.115714285714288,11.205714285714285,11.168214285714287,0.08285714285714363,30.900001,16.768571,10.971428142857144,21.94999971428572,1014.5142914285716,81.31428628571429,3.0214285571428574,181.57142857142856,18.5906619,103.70000120000002,78.50753650000001,202.60000319999997,195.1185351,-0.6807734094770159,-0.7324940716135792,2010-08-22,11.29,11.281428571428572,11.04,True,True,True,True
2010-08-22,11.29,11.281428571428572,11.198571428571428,11.077142857142857,11.221428571428573,0.00857142857142712,15.2000003,17.73428542857143,13.359999714285715,22.037142714285714,1011.6571542857145,84.10204214285714,3.385714271428572,136.71428571428572,14.3302085,118.9000015,67.19782880000001,217.80000349999997,179.2605958,-0.7638886127905429,-0.64534811322955,2010-08-29,11.311428571428571,11.29,11.085714285714284,True,True,True,True
2010-08-29,11.311428571428571,11.29,11.281428571428572,11.115714285714288,11.270357142857144,0.02142857142857224,86.700002,14.329999928571429,10.848571000000002,18.18285657142857,1007.3285771428572,86.40928714285714,4.355714242857142,124.0,12.101876850000002,169.2000034,61.81434445000001,300.10000549999995,161.32406405,-0.8359254794186365,-0.5488429582847199,2010-09-05,11.331428571428573,11.311428571428571,11.185714285714283,True,True,True,True
2010-09-05,11.331428571428573,11.311428571428571,11.29,11.198571428571428,11.30357142857143,0.02000000000000135,5.9,12.678571428571429,7.315714042857143,18.3,1020.7571485714286,84.19428642857143,2.781428542857143,157.71428571428572,14.6874722,138.7000033,59.71021945000001,262.2000035,146.19284115,-0.8958392907349089,-0.4443781781046134,2010-09-12,11.288571428571428,11.331428571428573,11.135714285714286,True,True,True,True
2010-09-12,11.288571428571428,11.331428571428573,11.311428571428571,11.281428571428572,11.305357142857142,-0.04285714285714448,8.8,14.6999995,10.955714142857143,18.37142857142857,1013.6428742857144,84.27319571428572,3.918571357142857,104.14285714285714,10.21823256,116.60000230000001,51.337790110000014,220.30000349999997,129.84532661,-0.9427611433904206,-0.33346877891818705,2010-09-19,11.315714285714284,11.288571428571428,11.09,True,True,True,True
2010-09-19,11.315714285714284,11.288571428571428,11.331428571428573,11.29,11.311785714285714,0.027142857142855803,61.600001,12.431428142857143,8.834285571428572,16.19714242857143,1012.2428628571428,87.03500185714286,4.488571371428572,103.0,9.5188789,163.00000300000002,46.52646051000001,281.90000449999997,113.72428931000002,-0.9760105506323682,-0.21772323039653224,2010-09-26,11.287142857142856,11.315714285714284,11.004285714285714,True,True,True,True
2010-09-26,11.287142857142856,11.315714285714284,11.288571428571428,11.311428571428571,11.305714285714284,-0.02857142857142847,13.6000001,13.255713857142856,9.072856914285714,17.967142714285714,1010.7142971428572,88.52643,2.604285671428572,105.28571428571428,10.0187188,89.90000110000001,44.44330246000001,259.1000045,106.25764691,-0.9951053111006974,-0.09882013873287211,2010-10-03,11.28285714285714,11.287142857142856,11.015714285714283,True,True,True,True
2010-10-03,11.28285714285714,11.287142857142856,11.315714285714284,11.331428571428573,11.293571428571425,-0.0042857142857162245,14.3000001,12.041428428571429,8.1271427,15.74714257142857,1012.48572,89.39749571428571,3.159999928571428,75.85714285714286,6.957635830000001,98.30000120000001,36.71346609000001,237.0000045,96.42368554000001,-0.9997685019798909,0.021516097436222233,2010-10-10,11.268571428571429,11.28285714285714,11.135714285714286,True,True,True,True
2010-10-10,11.268571428571429,11.28285714285714,11.287142857142856,11.288571428571428,11.288571428571426,-0.014285714285710682,1.1,13.678570857142857,9.875714,17.98428542857143,1013.48572,87.34297142857143,3.4971427857142854,91.14285714285714,8.61304733,90.60000120000001,35.10828086000001,207.20000349999998,86.44607097,-0.989932495087353,0.141540295217043,2010-10-17,11.247142857142858,11.268571428571429,11.191428571428572,True,True,True,True
2010-10-17,11.247142857142858,11.268571428571429,11.28285714285714,11.315714285714284,11.27142857142857,-0.021428571428570464,8.1,7.859999914285715,3.219999957142857,12.157142714285714,1018.2000114285712,88.59508285714286,2.5728571,76.28571428571429,6.1625092,37.10000020000001,31.75191116000001,200.10000319999997,78.27837167,-0.965739937654855,0.25951179706979943,2010-10-24,11.292857142857144,11.247142857142858,11.165714285714284,True,True,True,True
2010-10-24,11.292857142857144,11.247142857142858,11.268571428571429,11.287142857142856,11.272857142857143,0.04571428571428626,50.4,7.431428528571429,3.8485714,11.109999714285715,1010.1428628571427,86.03587428571429,5.012857142857143,64.0,5.17651546,73.90000010000001,26.90970782000001,163.8000012,71.35301028,-0.9275416835791965,0.3737197147904692,2010-10-31,11.29857142857143,11.292857142857144,11.187142857142858,True,True,True,True
2010-10-31,11.29857142857143,11.292857142857144,11.247142857142858,11.28285714285714,11.276785714285715,0.005714285714285339,11.3000001,8.872857,5.485714285714286,11.212856857142857,1013.4000114285716,88.55940771428571,4.405714214285714,39.71428571428572,3.29878618,70.90000010000001,23.250858170000008,169.20000129999997,59.964324260000005,-0.8758917051442433,0.48250774176121763,2010-11-07,11.301428571428572,11.29857142857143,11.244285714285716,True,True,True,True
2010-11-07,11.301428571428572,11.29857142857143,11.292857142857144,11.268571428571429,11.285,0.002857142857141781,32.5,9.669999814285717,6.258571429999999,11.902856857142856,1010.6428628571427,92.15122,4.835714214285714,28.571428571428573,2.41393087,102.30000010000002,17.05174171000001,192.90000129999999,52.16002257,-0.8115390590073611,0.5842981736283683,2010-11-14,11.297142857142855,11.301428571428572,11.274285714285714,True,True,True,True
2010-11-14,11.297142857142855,11.301428571428572,11.29857142857143,11.247142857142858,11.2975,-0.0042857142857162245,25.40000114,6.701428428571428,4.2114284571428575,8.719999914285713,989.4714285714286,89.72456714285714,5.589999957142857,22.142857142857142,1.74713044,119.60000124000001,12.636362950000008,156.70000143999997,44.388274110000005,-0.7354170229639858,0.6776147890466887,2010-11-21,11.294285714285715,11.297142857142855,11.28285714285714,True,True,True,True
2010-11-21,11.294285714285715,11.297142857142855,11.301428571428572,11.292857142857144,11.297857142857143,-0.002857142857140005,0.0,4.759999928571429,1.6485714171428572,7.457142714285714,1014.3571485714284,93.10947085714284,2.4299999285714287,27.0,2.0108071000000005,69.20000124000002,9.470654590000008,143.10000133999998,36.380362410000004,-0.6486295610349818,0.7611042586607742,2010-11-28,11.277142857142858,11.294285714285715,11.29857142857143,True,True,True,True
2010-11-28,11.277142857142858,11.294285714285715,11.297142857142855,11.29857142857143,11.2925,-0.017142857142857792,3.4,0.3199999571428571,-2.1828571,2.481428571428571,1005.48572,92.49703785714289,2.861428528571429,28.571428571428573,1.78673093,61.30000114000002,7.958599340000007,132.20000123999998,31.20945751,-0.5524353131676203,0.8335557718385695,2010-12-05,11.244285714285716,11.277142857142858,11.297142857142855,True,True,True,True
2010-12-05,11.244285714285716,11.277142857142858,11.294285714285715,11.301428571428572,11.278214285714286,-0.03285714285714114,8.0,-3.0828570714285712,-5.4585713,-1.3985714571428574,1010.0000114285714,85.35071571428571,5.252857071428571,22.571428571428573,1.22044032,36.80000114000002,6.765108790000007,139.10000123999998,23.8168505,-0.4482293417404106,0.893918596519257,2010-12-12,11.262857142857143,11.244285714285716,11.305714285714286,True,True,True,True
2010-12-12,11.262857142857143,11.244285714285716,11.277142857142858,11.297142857142855,11.269642857142859,0.018571428571426907,24.6000001,0.3642856714285714,-2.5485714285714285,2.7014285342857143,1013.4428571428572,91.74884428571428,3.5514285142857145,17.714285714285715,1.12350771,36.00000010000002,6.141486060000007,155.60000134,18.77784901,-0.33752289959411347,0.941317317512847,2010-12-19,11.278571428571428,11.262857142857143,11.27,True,True,True,True
2010-12-19,11.278571428571428,11.262857142857143,11.244285714285716,11.294285714285715,11.265714285714285,0.015714285714285126,13.8,-3.2399999285714287,-7.244285628571428,-0.7657142857142858,1010.2000142857142,91.18679142857142,3.251428514285714,18.714285714285715,1.015008756,49.80000010000002,5.145687716000007,119.00000133999998,14.616342306,-0.22192151300416674,0.9750645322571945,2010-12-26,11.247142857142858,11.278571428571428,11.278571428571428,True,True,True,True
2010-12-26,11.247142857142858,11.278571428571428,11.262857142857143,11.277142857142858,11.258214285714287,-0.03142857142857025,5.300000000000001,-3.792857071428572,-7.359999728571429,-1.9185714057142855,1011.6285828571428,90.13552871428573,4.128571385714285,20.428571428571427,1.0723462140000002,51.700000100000025,4.431303000000007,113.00000123999999,12.38990234,-0.10310169744743544,0.9946708199115211,2011-01-02,11.244285714285716,11.247142857142858,11.30714285714286,True,True,True,True
2011-01-02,11.244285714285716,11.247142857142858,11.278571428571428,11.244285714285716,11.258214285714287,-0.002857142857141781,4.6000001,-0.8614285342857144,-3.661428432285714,1.15428562,1022.0285771428572,92.147585,3.308571342857143,22.142857142857142,1.349973414,48.30000020000003,4.560836094000008,85.10000133999998,11.325944884,0.017213356155834685,0.9998518392091162,2011-01-09,11.287142857142856,11.244285714285716,11.277142857142858,True,True,True,True
2011-01-09,11.287142857142856,11.244285714285716,11.247142857142858,11.262857142857143,11.264285714285714,0.04285714285713915,15.4000001,2.0399999471428574,-0.3942857,4.4742856571428575,1007.1,88.62580071428572,4.514285614285714,21.714285714285715,1.45681097,39.100000200000025,4.894139354000007,75.10000029999999,11.035625414000002,0.13727877211326478,0.9905324521322229,2011-01-16,11.311428571428571,11.287142857142856,11.26,True,True,True,True
2011-01-16,11.311428571428571,11.287142857142856,11.244285714285716,11.278571428571428,11.272499999999999,0.024285714285715798,28.4000003,5.595714098571428,3.6885714057142858,7.965714071428572,1012.27144,91.83778771428572,5.2342856,18.428571428571427,1.37327709,53.700000500000016,5.252407688000007,103.50000059999999,10.398095404,0.255353295116187,0.9668478136052775,2011-01-23,11.302857142857144,11.311428571428571,11.288571428571428,True,True,True,True
2011-01-23,11.302857142857144,11.311428571428571,11.287142857142856,11.247142857142858,11.286428571428573,-0.00857142857142712,6.5000002,3.388571385714286,0.6199999571428572,5.661428557142857,1028.1571714285717,93.625615,3.2728571142857144,19.0,1.30325892,54.90000070000002,5.483320394000008,106.60000079999998,9.914623394,0.3697245428906731,0.9291414114031743,2011-01-30,11.285714285714286,11.302857142857144,11.277142857142858,True,True,True,True
2011-01-30,11.285714285714286,11.302857142857144,11.311428571428571,11.244285714285716,11.296785714285715,-0.017142857142857792,5.5,-0.0928571000000001,-2.5928571675714283,2.17428567,1020.0142857142856,89.23164857142856,3.5985713857142856,37.85714285714285,2.2345789400000005,55.80000060000002,6.367925920000008,104.10000079999998,10.928762014,0.47873384011578846,0.8779600847008882,2011-02-06,11.281428571428572,11.285714285714286,11.308571428571428,True,True,True,True
2011-02-06,11.281428571428572,11.285714285714286,11.302857142857144,11.287142857142856,11.295357142857144,-0.004285714285714448,11.7,4.692856971428571,3.2485714285714287,6.455714242857143,1019.3428628571428,89.21404271428571,7.3357142,21.142857142857142,1.579766645,52.10000050000002,6.490881595000008,91.20000069999999,11.385020949000001,0.5808002734538009,0.8140460935082178,2011-02-13,11.28,11.281428571428572,11.28,True,True,True,True
2011-02-13,11.28,11.281428571428572,11.285714285714286,11.311428571428571,11.287500000000001,-0.001428571428572667,11.0,4.6057142142857135,1.4157142528571427,7.922857142857143,1015.18572,88.00597057142856,4.2671428,40.85714285714285,2.99597114,34.70000020000002,8.113575645000008,88.40000069999998,13.365983333000003,0.6744436188329455,0.7383263540031065,2011-02-20,11.287142857142856,11.28,11.264285714285714,True,True,True,True
2011-02-20,11.287142857142856,11.28,11.281428571428572,11.302857142857144,11.283571428571427,0.007142857142856229,10.500001,1.9914285,-0.56142855,4.617142857142857,1009.7285942857144,85.41404999999999,4.457142742857143,49.85714285714285,3.3510878600000003,38.70000100000002,10.161404585000009,93.60000169999998,15.644724979000001,0.7583058084785624,0.6518989958787126,2011-02-27,11.265714285714283,11.287142857142856,11.320000000000002,True,True,True,True
2011-02-27,11.265714285714283,11.287142857142856,11.28,11.285714285714286,11.278571428571427,-0.02142857142857224,8.0000003,1.2585714285714285,-1.368571372,3.7828571428571434,1019.2714285714286,78.26071557142858,4.107142785714286,56.71428571428572,3.50867953,41.20000130000002,11.435505175000008,97.00000189999997,17.803431095,0.8311706263658079,0.5560174366570446,2011-03-06,11.268571428571429,11.265714285714283,11.320000000000002,True,True,True,True
2011-03-06,11.268571428571429,11.265714285714283,11.287142857142856,11.281428571428572,11.275357142857143,0.002857142857145334,0.0,0.8985713728571428,-1.5957142857142856,4.942857142857143,1032.9857142857145,88.95658371428571,3.819999985714286,82.85714285714286,5.23865977,29.500001300000022,15.094398300000009,81.60000179999997,21.585279895000003,0.8919813464595485,0.45207220393230435,2011-03-13,11.26,11.268571428571429,11.294285714285715,True,True,True,True
2011-03-13,11.26,11.268571428571429,11.265714285714283,11.28,11.270357142857142,-0.008571428571428896,6.5,5.535714214285714,1.2957142714285717,10.149999571428571,1014.1857142857144,74.3307142857143,4.534285671428571,97.85714285714286,7.24893877,25.000001300000022,19.347365930000006,59.700001499999985,27.460941575,0.9398560579418954,0.3415707691678556,2011-03-20,11.255714285714284,11.26,11.312857142857142,True,True,True,True
2011-03-20,11.255714285714284,11.26,11.268571428571429,11.287142857142856,11.2625,-0.0042857142857162245,0.0,5.992856928571428,2.1985714,10.872856642857142,1021.37144,86.14839785714285,3.534285628571429,90.57142857142856,6.794686929999999,14.500000300000021,22.790965000000007,53.20000129999998,32.952369585,0.9741004551724205,0.22611568550828828,2011-03-27,11.234285714285717,11.255714285714284,11.31,True,True,True,True
2011-03-27,11.234285714285717,11.255714285714284,11.26,11.265714285714283,11.254642857142859,-0.02142857142856691,0.0,5.711428528571429,-0.9685714218571428,12.629999714285717,1028.5286057142855,79.17714342857143,2.425714257142857,147.85714285714286,11.2297761,6.500000000000021,30.512061570000007,47.70000129999998,41.947566745,0.994217906893952,0.10738134666416309,2011-04-03,11.227142857142857,11.234285714285717,11.304285714285712,True,True,True,True
2011-04-03,11.227142857142857,11.234285714285717,11.255714285714284,11.268571428571429,11.244285714285713,-0.007142857142859782,8.7,9.322857114285714,3.638571285714286,14.638571142857144,1014.3142914285714,84.23577114285715,3.4257142714285718,120.85714285714286,10.20363427,15.20000000000002,35.477036070000004,44.70000129999998,50.57143437,0.9999166586547379,-0.01291029607500882,2011-04-10,11.207142857142856,11.227142857142857,11.301428571428572,True,True,True,True
2011-04-10,11.207142857142856,11.227142857142857,11.234285714285717,11.26,11.231071428571427,-0.02000000000000135,0.0,10.065713928571428,4.974285671428572,14.668571,1023.3714571428573,81.19714357142857,4.618571385714286,156.28571428571428,13.4975671,8.70000000000002,41.72566440000001,33.70000129999998,61.073030329999995,0.9911140639934547,-0.1330147065341959,2011-04-17,11.171428571428573,11.207142857142856,11.274285714285714,True,True,True,True
2011-04-17,11.171428571428573,11.207142857142856,11.227142857142857,11.255714285714284,11.21,-0.03571428571428292,2.9,9.62285685714286,2.9214285514285714,15.558570928571427,1021.4286028571428,72.87928571428571,3.1671428285714285,182.57142857142856,15.741549399999998,11.600000000000021,50.672526870000006,26.100000299999987,73.46349187,0.9679377830240642,-0.25119006388481935,2011-04-24,11.111428571428572,11.171428571428573,11.235714285714286,True,True,True,True
2011-04-24,11.111428571428572,11.171428571428573,11.207142857142856,11.234285714285717,11.179285714285713,-0.0600000000000005,0.0,15.792856857142857,7.3314283428571425,23.719999857142856,1016.0714342857144,58.42500128571429,2.984285671428572,247.28571428571428,24.8270461,11.600000000000021,64.26979687000001,18.099999999999987,94.78185844000001,0.9307239310379795,-0.36572252349726897,2011-05-01,11.044285714285715,11.111428571428572,11.245714285714286,True,True,True,True
2011-05-01,11.044285714285715,11.111428571428572,11.171428571428573,11.227142857142857,11.133571428571429,-0.06714285714285673,0.0,13.432857,7.358571014285714,20.02142857142857,1017.7714285714284,62.64857142857143,5.225714228571428,241.57142857142856,22.9659457,2.9000000000000212,77.0321083,18.099999999999987,112.50914437,0.8800122039735357,-0.47495107206704995,2011-05-08,10.95,11.044285714285715,11.308571428571428,True,True,True,True
2011-05-08,10.95,11.044285714285715,11.111428571428572,11.207142857142856,11.069285714285716,-0.09428571428571608,0.0,12.38714285714286,3.605714251428572,19.455714142857143,1019.3142914285714,55.085,4.011428528571429,266.0,24.5506607,2.9000000000000212,88.08520190000002,11.599999999999985,129.8108663,0.8165380514459161,-0.5772916165517272,2011-05-15,10.994285714285716,10.95,11.30714285714286,True,True,True,True
2011-05-15,10.994285714285716,10.95,11.044285714285715,11.171428571428573,11.025,0.04428571428571715,16.8,13.73142842857143,8.51571422857143,19.547142428571423,1020.1285828571428,74.92357342857143,3.4257142571428574,218.14285714285717,20.8729401,16.800000000000022,93.21659260000001,28.399999999999984,143.88911947,0.7412220108485958,-0.6712599575675313,2011-05-22,11.077142857142858,10.994285714285716,11.285714285714286,True,True,True,True
2011-05-22,11.077142857142858,10.994285714285716,10.95,11.111428571428572,11.016428571428573,0.08285714285714185,10.0,13.445714285714288,8.4614282,17.652857,1017.65716,81.24071571428571,3.4699999142857143,165.71428571428572,15.8655481,26.800000000000022,84.2550946,38.39999999999999,148.52489147,0.6551563572090853,-0.7554933140726803,2011-05-29,11.004285714285714,11.077142857142858,11.248571428571427,True,True,True,True
2011-05-29,11.004285714285714,11.077142857142858,10.994285714285716,11.044285714285715,11.006428571428572,-0.07285714285714384,17.9000001,13.537142357142857,7.919999914285714,18.322856714285717,1015.8714285714286,71.55571457142857,5.251428442857143,217.57142857142856,20.8274497,44.700000100000025,82.1165986,47.60000009999999,159.1487069,0.5595892624101765,-0.8287700871745038,2011-06-05,10.995714285714286,11.004285714285714,11.21,True,True,True,True
2011-06-05,10.995714285714286,11.004285714285714,11.077142857142858,10.95,11.017857142857142,-0.008571428571428896,8.7,16.039999642857143,8.724285528571428,22.12428542857143,1021.6285714285714,75.41071585714285,3.698571342857143,271.1428571428572,27.4674964,53.40000010000002,85.03343430000001,56.30000009999999,173.11863620000003,0.4559066935084588,-0.8900275764346767,2011-06-12,10.924285714285714,10.995714285714286,11.234285714285717,True,True,True,True
2011-06-12,10.924285714285714,10.995714285714286,11.004285714285714,10.994285714285716,11.000357142857142,-0.07142857142857117,7.300000240000001,14.048571,7.922856957142857,18.955713857142857,1010.9000114285716,77.81571485714286,2.911428514285714,201.28571428571428,19.4274789,43.90000034000002,83.58797310000001,60.70000033999999,176.8045657,0.3456123126707335,-0.9383773917408641,2011-06-19,10.95142857142857,10.924285714285714,11.171428571428573,True,True,True,True
2011-06-19,10.95142857142857,10.924285714285714,10.995714285714286,11.077142857142858,10.968928571428572,0.027142857142855803,34.1,15.064285357142856,10.56285707142857,18.97999985714286,1010.2428685714286,81.715715,4.0914285,170.42857142857142,16.950849100000003,68.00000034000001,84.67327410000001,94.80000034,168.9283687,0.23030567023061221,-0.9731183372332619,2011-06-26,11.102857142857143,10.95142857142857,11.084285714285716,True,True,True,True
2011-06-26,11.102857142857143,10.95142857142857,10.924285714285714,11.004285714285714,10.993571428571428,0.15142857142857302,15.4000001,15.134285142857143,10.595714228571428,19.19999971428572,1015.5142914285716,83.71504557142858,3.695714242857143,182.7142857142857,18.1561734,65.50000034000001,82.00199780000001,110.20000044,164.1185964,0.11165900712169512,-0.993746580436178,2011-07-03,11.05,11.102857142857143,10.944285714285714,True,True,True,True
2011-07-03,11.05,11.102857142857143,10.95142857142857,10.995714285714286,11.007142857142856,-0.05285714285714249,16.1,17.10999957142857,12.1,21.744285428571427,1017.9714285714286,76.50214342857143,4.072857042857143,210.57142857142856,22.0825198,72.90000034000002,76.61702120000001,126.30000043999999,161.6504555,-0.008606996888688009,-0.9999629591162655,2011-07-10,10.937142857142858,11.05,10.884285714285712,True,True,True,True
2011-07-10,10.937142857142858,11.05,11.102857142857143,10.924285714285714,11.010357142857144,-0.11285714285714299,8.7000001,16.118571142857142,9.857142585714286,21.22714271428572,1012.5428742857142,77.48143,2.941428542857143,216.7142857142857,21.9754722,74.30000020000003,79.16501450000001,118.20000053999999,162.7529876,-0.12874817745258066,-0.99167731989929,2011-07-17,11.132857142857144,10.937142857142858,11.205714285714285,True,True,True,True
2011-07-17,11.132857142857144,10.937142857142858,11.05,10.95142857142857,11.055714285714286,0.19571428571428662,71.40000099999999,15.727142714285716,11.958571142857142,19.988571,1008.9428685714286,84.94071828571428,4.342857057142857,161.85714285714286,16.396358999999997,111.60000120000001,78.6105244,179.60000154,163.2837985,-0.24702218048093527,-0.9690098257244063,2011-07-24,11.228571428571428,11.132857142857144,11.077142857142857,True,True,True,True
2011-07-24,11.228571428571428,11.132857142857144,10.937142857142858,11.102857142857143,11.087142857142858,0.09571428571428342,33.800001300000005,14.701428071428571,11.661428,17.977142714285712,1005.57144,84.83785785714285,4.472857085714286,149.0,14.774393000000002,130.00000240000003,75.228744,195.50000273999999,157.2307418,-0.3617137307297674,-0.9322892131745134,2011-07-31,11.278571428571428,11.228571428571428,11.115714285714288,True,True,True,True
2011-07-31,11.278571428571428,11.228571428571428,11.132857142857144,11.05,11.144285714285715,0.05000000000000071,17.500000999999997,15.398571142857142,11.788571285714283,18.818571,1016.1142914285714,86.00797128571428,2.6757142571428574,151.42857142857142,15.2086363,131.40000340000003,68.3548605,204.30000373999997,144.9718817,-0.47115950767386394,-0.8820480249558535,2011-08-07,11.267142857142858,11.278571428571428,11.198571428571428,True,True,True,True
2011-08-07,11.267142857142858,11.278571428571428,11.228571428571428,10.937142857142858,11.226785714285715,-0.011428571428570677,41.6,18.80571414285714,13.881428428571429,23.845714,1011.1000114285716,81.83714285714287,3.1257142,189.0,20.2077628,164.30000330000001,66.5871511,238.60000349999999,145.7521656,-0.5737722679043243,-0.8190148866680802,2011-08-14,11.3,11.267142857142858,11.281428571428572,True,True,True,True
2011-08-14,11.3,11.267142857142858,11.278571428571428,11.132857142857144,11.268571428571429,0.03285714285714292,29.3,15.445714,11.235714142857145,18.735714142857145,1009.8000057142856,88.25633785714285,3.997142828571428,123.42857142857144,12.2601659,122.20000230000004,62.450958000000014,233.80000349999997,141.06148240000002,-0.6680638642135333,-0.7441039398713608,2011-08-21,11.275714285714283,11.3,11.29,True,True,True,True
2011-08-21,11.275714285714283,11.3,11.267142857142858,11.228571428571428,11.280357142857143,-0.024285714285717575,4.9000001,15.948571285714284,9.705714,21.39571385714285,1015.9714285714286,83.19285714285715,2.872857071428572,170.71428571428572,17.1983727,93.30000110000003,64.8749377,223.30000349999997,140.1036817,-0.7526668275320083,-0.6584015846980489,2011-08-28,11.255714285714284,11.275714285714283,11.311428571428571,True,True,True,True
2011-08-28,11.255714285714284,11.275714285714283,11.3,11.278571428571428,11.274642857142856,-0.019999999999999574,23.8000003,17.098571285714286,12.778571142857142,21.941428142857145,1012.3428742857144,88.43387342857143,3.1599999142857143,141.57142857142858,14.657302200000002,99.60000040000003,64.32360360000001,231.00000379999997,132.6784641,-0.8263541987239094,-0.5631507242749187,2011-09-04,11.28285714285714,11.255714285714284,11.331428571428573,True,True,True,True
2011-09-04,11.28285714285714,11.255714285714284,11.275714285714283,11.267142857142858,11.278571428571427,0.027142857142855803,4.8000001,14.90142842857143,9.611428385714284,19.695714,1012.4857257142858,84.85928642857142,2.605714285714285,137.85714285714286,13.6604673,62.80000050000003,57.77630810000001,227.10000379999997,124.3634592,-0.888057322629493,-0.4597327394521046,2011-09-11,11.3,11.28285714285714,11.288571428571428,True,True,True,True
2011-09-11,11.3,11.28285714285714,11.255714285714284,11.3,11.278571428571427,0.017142857142861345,60.700001,15.957142428571428,13.118571142857144,19.542857,1008.2000171428572,87.961634,4.711428514285714,99.85714285714286,10.1072212,94.20000150000003,55.6233634,216.40000379999998,118.0743214,-0.9368813462954315,-0.34964745525122826,2011-09-18,11.302857142857144,11.3,11.315714285714284,True,True,True,True
2011-09-18,11.302857142857144,11.3,11.28285714285714,11.275714285714283,11.28535714285714,0.0028571428571435575,15.8,13.552857,9.4728571,17.281428285714284,1010.6714342857142,84.30499999999999,4.5299999571428575,107.0,10.15809956,105.10000140000002,48.58309026000001,198.40000249999997,113.45802796000001,-0.9721181966290612,-0.23449138957041052,2011-09-25,11.287142857142856,11.302857142857144,11.287142857142856,True,True,True,True
2011-09-25,11.287142857142856,11.302857142857144,11.3,11.255714285714284,11.293214285714285,-0.015714285714288678,0.0,13.311428142857142,8.19714277142857,18.49285714285714,1016.6714342857142,85.1557142857143,3.259999957142857,113.57142857142856,10.70062486,81.30000110000003,44.62641292000001,180.90000149999997,108.95001652,-0.9932568492674143,-0.11593459959550066,2011-10-02,11.251428571428573,11.287142857142856,11.28285714285714,True,True,True,True
2011-10-02,11.251428571428573,11.287142857142856,11.302857142857144,11.28285714285714,11.285357142857142,-0.03571428571428292,1.5,15.689999642857144,8.829999942857143,23.75857128571429,1026.4857285714286,86.21011342857142,1.6785714071428572,137.0,13.6880966,78.00000100000003,44.65404222000001,140.80000149999998,102.43035032,-0.9999907397361901,0.004303538296243821,2011-10-09,11.26142857142857,11.251428571428573,11.268571428571429,True,True,True,True
2011-10-09,11.26142857142857,11.251428571428573,11.287142857142856,11.3,11.275714285714287,0.00999999999999801,45.400001,12.745714142857144,8.022856914285715,17.3171425,1013.3714285714286,84.8600007142857,4.535714128571429,68.85714285714286,6.37951217,62.70000100000003,40.92633319000001,156.90000249999997,96.54969659000001,-0.9922222094179324,0.12447926388678869,2011-10-16,11.302857142857144,11.26142857142857,11.247142857142858,True,True,True,True
2011-10-16,11.302857142857144,11.26142857142857,11.251428571428573,11.302857142857144,11.275714285714285,0.04142857142857359,15.2000001,9.71,5.414285571428572,14.258571357142856,1023.1143342857142,86.75561285714285,3.212857085714286,82.71428571428571,6.81459842,62.10000110000003,37.58283205000001,167.20000249999998,86.16592231,-0.970063921851507,0.2428497220959358,2011-10-23,11.301428571428572,11.302857142857144,11.292857142857144,True,True,True,True
2011-10-23,11.301428571428572,11.302857142857144,11.26142857142857,11.287142857142856,11.279285714285715,-0.001428571428572667,15.7,7.744285285714286,3.429999957142857,12.192856785714286,1017.28572,83.97428628571429,4.139999914285714,82.0,6.639552909999999,77.80000110000003,33.52176010000001,159.1000022,78.14817301999999,-0.9338372288229252,0.35769823883312546,2011-10-30,11.28,11.301428571428572,11.29857142857143,True,True,True,True
2011-10-30,11.28,11.301428571428572,11.302857142857144,11.251428571428573,11.286428571428573,-0.02142857142857224,1.1,10.37714257142857,6.8528571142857135,13.592856857142856,1014.98572,86.56188542857141,3.945714214285714,55.71428571428572,4.83645909,77.40000110000003,24.670122590000005,155.4000021,69.32416481,-0.8840675099433637,0.46735921715800205,2011-11-06,11.268571428571429,11.28,11.301428571428572,True,True,True,True
2011-11-06,11.268571428571429,11.28,11.301428571428572,11.26142857142857,11.288214285714286,-0.011428571428570677,2.4,11.798571,8.027142671428573,14.958571142857142,1010.2285828571428,86.85452485714286,3.239999957142857,43.42857142857143,4.01357849,34.40000010000003,22.304188910000008,97.10000109999999,63.2305221,-0.8214765533024145,0.5702422926917867,2011-11-13,11.25,11.268571428571429,11.297142857142855,True,True,True,True
2011-11-13,11.25,11.268571428571429,11.28,11.302857142857144,11.275,-0.018571428571428683,0.0,5.1599998000000005,3.1028570714285717,7.805714171428571,1024.6571485714287,90.34855914285716,3.882857085714286,35.57142857142857,2.58768457,19.200000000000028,18.077275060000005,81.30000109999999,55.66010711,-0.7469720876965551,0.6648553979642866,2011-11-20,11.22857142857143,11.25,11.294285714285715,True,True,True,True
2011-11-20,11.22857142857143,11.25,11.268571428571429,11.301428571428572,11.256785714285714,-0.021428571428570464,0.0,1.5699999571428571,-1.0357142571428573,5.261428557142857,1022.6000057142855,94.042255,2.5985714,32.714285714285715,2.14936725,3.5000000000000284,13.587089400000007,81.30000109999999,47.1088495,-0.661634618242279,0.749826401204568,2011-11-27,11.224285714285717,11.22857142857143,11.277142857142858,True,True,True,True
2011-11-27,11.224285714285717,11.22857142857143,11.25,11.28,11.242857142857144,-0.004285714285712672,4.70000004,5.694285542857143,2.885714242857143,8.071428114285714,1021.68572,89.63265057142857,4.367142785714285,22.0,1.6213755099999998,7.100000040000028,10.372005820000009,84.50000114,35.04212841,-0.5667017562911184,0.8239230057575536,2011-12-04,11.255714285714287,11.224285714285717,11.244285714285716,True,True,True,True
2011-12-04,11.255714285714287,11.224285714285717,11.22857142857143,11.268571428571429,11.239642857142858,0.03142857142857025,34.1000011,6.309999857142857,3.6257142285714288,9.294285357142856,1010.08574,88.36779628571428,5.367142785714286,26.428571428571427,2.04526409,38.80000114000003,8.403691420000007,73.20000123999998,30.707880330000002,-0.4635502709028512,0.8860706215341378,2011-12-11,11.31,11.255714285714287,11.262857142857143,True,True,True,True
2011-12-11,11.31,11.255714285714287,11.224285714285717,11.25,11.254642857142859,0.05428571428571338,45.8,4.048571385714285,1.665714242857143,6.787142728571429,1004.2714285714284,86.54932442857144,6.442857057142858,21.428571428571427,1.55550774,84.60000114000002,7.371514590000006,103.80000113999998,25.44878965,-0.3536761221763721,0.935367949313148,2011-12-18,11.312857142857142,11.31,11.278571428571428,True,True,True,True
2011-12-18,11.312857142857142,11.31,11.255714285714287,11.22857142857143,11.275714285714287,0.002857142857141781,39.2000001,4.439999885714285,2.8514285714285714,6.469999857142858,996.6000114285716,88.33983028571429,6.139999885714286,17.857142857142858,1.3183119799999998,123.80000124000003,6.540459320000007,127.30000123999997,20.12754872,-0.23867276600594997,0.9711000518829505,2011-12-25,11.314285714285717,11.312857142857142,11.247142857142858,True,True,True,True
2011-12-25,11.314285714285717,11.312857142857142,11.31,11.224285714285717,11.298214285714288,0.0014285714285744433,23.7,5.99,3.7299999428571433,7.881428528571429,1016.38572,91.61315642857144,5.277142857142857,18.142857142857142,1.366345156,142.80000120000003,6.285428966000007,149.90000124,16.657434786,-0.12020804489935275,0.9927487224577402,2012-01-01,11.304285714285715,11.314285714285717,11.244285714285716,True,True,True,True
2012-01-01,11.304285714285715,11.314285714285717,11.312857142857142,11.255714285714287,11.310357142857143,-0.010000000000001563,42.6,7.3585711,5.571428471428571,9.487142857142857,1016.5428571428572,89.12976357142858,5.911428385714286,13.428571428571429,1.05833233,151.30000010000003,5.298497206000007,190.10000123999998,13.702188626,0.0,1.0,2012-01-08,11.332857142857142,11.304285714285715,11.287142857142856,True,True,True,True
2012-01-08,11.332857142857142,11.304285714285715,11.314285714285717,11.31,11.316071428571428,0.028571428571426694,50.6000012,6.421428471428571,4.047142757142857,8.454285628571428,1006.7142914285714,85.03999999999999,7.558571057142857,18.428571428571427,1.44931601,156.10000130000003,5.192305476000007,240.70000244,12.563820066,0.11988119229922722,0.99278824516254,2012-01-15,11.302857142857144,11.332857142857142,11.311428571428571,True,True,True,True
2012-01-15,11.302857142857144,11.332857142857142,11.304285714285715,11.312857142857142,11.313571428571429,-0.029999999999997584,1.7,5.441428514285714,2.45999996,7.782856885714286,1026.1857285714286,88.57921214285714,4.3799999000000005,24.571428571428573,1.79818267,118.60000120000002,5.672176166000007,242.40000243999998,12.212635485999998,0.2380332770614856,0.9712569994658314,2012-01-22,11.29,11.302857142857144,11.302857142857144,True,True,True,True
2012-01-22,11.29,11.302857142857144,11.332857142857142,11.314285714285717,11.307500000000001,-0.01285714285714512,23.6000001,2.989999957142857,-0.2228571714285713,6.235714185714286,1015.7714428571428,88.74185914285714,4.807142737142857,25.571428571428573,1.71292663,118.50000130000004,6.018757640000008,261.3000025,12.304186605999998,0.3527520865490948,0.9357168190404936,2012-01-29,11.3,11.29,11.285714285714286,True,True,True,True
2012-01-29,11.3,11.29,11.302857142857144,11.304285714285715,11.306428571428572,0.010000000000001563,7.7000003,1.855714257142857,-0.4742857142857142,4.555714185714286,1021.28574,90.75587357142857,3.7457142,31.0,2.09151171,83.60000160000003,7.051937020000007,234.9000017,12.350434225999999,0.4623829729035149,0.88668031802274,2012-02-05,11.252857142857142,11.3,11.281428571428572,True,True,True,True
2012-02-05,11.252857142857142,11.3,11.29,11.332857142857142,11.286428571428573,-0.04714285714285893,2.1000001,-7.205714128571429,-10.939999914285716,-3.5528571,1034.9143142857142,73.16000271428571,3.8671428142857134,61.142857142857146,2.70085237,35.10000050000003,8.303473380000007,191.2000018,13.495778856,0.5653446739747429,0.8248547748594244,2012-02-12,11.188571428571429,11.252857142857142,11.28,True,True,True,True
2012-02-12,11.188571428571429,11.252857142857142,11.3,11.302857142857144,11.25785714285714,-0.06428571428571317,1.7,-5.664285485714286,-11.289999857142858,-1.63285713,1038.5857285714285,78.72142857142856,3.3142856714285718,55.85714285714285,2.59874465,35.10000050000002,9.104035360000006,153.70000169999997,14.776211526,0.6601521206712317,0.7511319308705199,2012-02-19,11.245714285714286,11.188571428571429,11.287142857142856,True,True,True,True
2012-02-19,11.245714285714286,11.188571428571429,11.252857142857142,11.29,11.246785714285714,0.05714285714285694,13.6000001,3.665714257142857,0.8099999857142858,6.209999957142857,1016.0142857142856,90.94697371428572,4.887142785714286,38.85714285714285,2.7570295,25.10000050000003,10.148138230000006,143.6000018,16.166895869999998,0.7454378568683001,0.6665751282095632,2012-02-26,11.28285714285714,11.245714285714286,11.265714285714283,True,True,True,True
2012-02-26,11.28285714285714,11.245714285714286,11.188571428571429,11.3,11.2425,0.03714285714285381,8.100000099999999,5.805714271428571,2.645714171428572,8.84,1023.8286057142858,88.79540999999999,5.278571342857143,54.0,4.05115824,25.50000030000003,12.107784760000007,109.10000189999998,19.159721779999998,0.8199717629247771,0.5724039727378148,2012-03-04,11.268571428571429,11.28285714285714,11.268571428571429,True,True,True,True
2012-03-04,11.268571428571429,11.28285714285714,11.245714285714286,11.252857142857142,11.246428571428572,-0.014285714285710682,3.50000014,7.195714071428571,4.954285685714285,9.11428557142857,1023.2571428571428,93.77937,3.3457142857142856,37.71428571428572,3.0064864,26.90000034000003,12.413418790000009,62.000000839999984,20.71689217,0.8826787983255474,0.46997674302731995,2012-03-11,11.275714285714283,11.268571428571429,11.26,True,True,True,True
2012-03-11,11.275714285714283,11.268571428571429,11.28285714285714,11.188571428571429,11.268214285714285,0.007142857142854453,9.4000001,6.467142857142856,3.827142857142857,9.654285585714288,1025.9428857142857,85.68714414285715,4.267142785714285,66.0,5.15946461,34.60000044000003,14.974138750000009,69.70000093999998,24.07817411,0.9326545075388224,0.36077079921678346,2012-03-18,11.267142857142858,11.275714285714283,11.255714285714284,True,True,True,True
2012-03-18,11.267142857142858,11.275714285714283,11.268571428571429,11.245714285714286,11.273571428571426,-0.008571428571425344,0.0,7.297142742857142,3.7214285214285714,10.557142714285716,1024.742857142857,85.734287,3.0285713857142857,76.28571428571429,6.123770070000001,21.000000340000028,18.34087932000001,46.100000839999986,28.48901755,0.9691780654392536,0.2463612742933148,2012-03-25,11.252857142857142,11.267142857142858,11.234285714285717,True,True,True,True
2012-03-25,11.252857142857142,11.267142857142858,11.275714285714283,11.28285714285714,11.266071428571427,-0.014285714285716011,0.0,8.105714171428572,2.437142857142857,14.854285428571428,1031.7857142857142,84.05928685714285,3.2057141857142857,159.71428571428572,13.0980927,12.900000240000029,27.38781378000001,38.400000539999986,39.49559854,0.9917226741361015,0.12839835514655099,2012-04-01,11.221428571428572,11.252857142857142,11.227142857142857,True,True,True,True
2012-04-01,11.221428571428572,11.252857142857142,11.267142857142858,11.268571428571429,11.254285714285713,-0.03142857142857025,0.0,7.815714,2.1699998857142857,12.904285142857145,1024.5000057142856,80.61428628571427,4.812857071428572,134.0,10.96007604,9.400000100000028,35.341403420000006,36.300000439999984,47.75482221,0.9999631612477099,0.008583481082087055,2012-04-08,11.2,11.221428571428572,11.207142857142856,True,True,True,True
2012-04-08,11.2,11.221428571428572,11.252857142857142,11.275714285714283,11.235357142857143,-0.02142857142857224,4.9000001,5.204285714285715,0.5828571485714286,9.015714285714283,1010.8285885714286,79.2350007142857,3.7357142,124.14285714285714,9.32300849,4.900000100000028,39.504947300000005,39.50000053999999,54.47908605,0.9937806700284985,-0.11135519690480862,2012-04-15,11.23857142857143,11.2,11.171428571428573,True,True,True,True
2012-04-15,11.23857142857143,11.2,11.221428571428572,11.267142857142858,11.228214285714285,0.03857142857143003,17.599999999999998,7.161428314285715,3.485714242428572,11.0042855,1002.3714285714286,86.23309642857143,3.641428542857143,123.71428571428572,9.89342298,22.500000100000026,43.27460021000001,43.50000043999998,61.61547953,0.9732643737003824,-0.22968774213179563,2012-04-22,11.215714285714286,11.23857142857143,11.111428571428572,True,True,True,True
2012-04-22,11.215714285714286,11.23857142857143,11.2,11.252857142857142,11.21892857142857,-0.02285714285714313,14.6000002,7.192857071428572,2.3828571,12.058571,1000.5714342857144,79.644287,4.328571285714285,163.57142857142858,13.1766251,37.100000300000026,43.35313261,50.00000053999998,70.74094639,0.9387101892619443,-0.3447073839879337,2012-04-29,11.241428571428573,11.215714285714286,11.044285714285715,True,True,True,True
2012-04-29,11.241428571428573,11.215714285714286,11.23857142857143,11.221428571428572,11.223928571428573,0.02571428571428669,17.1,10.345714142857144,6.778571385714286,14.255714,1004.6142914285714,83.21349428571429,5.027142814285715,136.57142857142858,12.0791591,54.20000030000003,44.472215670000004,63.600000399999985,79.81361909,0.8906165093267405,-0.4547551355561055,2012-05-06,11.231428571428571,11.241428571428573,10.95,True,True,True,True
2012-05-06,11.231428571428571,11.241428571428573,11.215714285714286,11.2,11.231785714285714,-0.010000000000001563,0.0,11.28428557142857,6.524285671428572,15.534285,1012.4428742857144,79.46612414285714,3.651428542857143,159.42857142857142,14.6824328,49.30000020000003,49.831639980000006,54.200000299999985,89.33658728,0.8296770135526188,-0.5582437220268649,2012-05-13,11.247142857142858,11.231428571428571,10.994285714285716,True,True,True,True
2012-05-13,11.247142857142858,11.231428571428571,11.241428571428573,11.23857142857143,11.233928571428573,0.015714285714286902,20.0,12.155714214285714,6.521428528571429,16.461428285714284,1019.2571485714286,79.32857257142857,4.077142814285714,167.42857142857142,14.9643614,51.700000200000034,54.90257840000001,74.20000029999999,98.17717861000001,0.7567706633464627,-0.6536804747720057,2012-05-20,11.25,11.247142857142858,11.077142857142858,True,True,True,True
2012-05-20,11.25,11.247142857142858,11.231428571428571,11.215714285714286,11.2425,0.002857142857141781,8.2,11.732856857142858,6.837142842857142,16.73,1013.1571485714286,73.912859,3.777142814285714,203.57142857142856,18.5184733,45.30000000000003,60.244426600000004,82.40000029999999,103.59755921,0.672949024155833,-0.7396888608649667,2012-05-27,11.211428571428572,11.25,11.004285714285714,True,True,True,True
2012-05-27,11.211428571428572,11.25,11.247142857142858,11.241428571428573,11.235,-0.03857142857142826,4.9,20.092857142857145,13.199999857142856,26.39142842857143,1018.6571685714288,66.92642857142857,3.9971428,301.1428571428572,32.884378000000005,33.10000000000003,81.04964550000001,87.30000029999998,125.52186117,0.5794210982045638,-0.8150283375168113,2012-06-03,11.20857142857143,11.211428571428572,10.995714285714286,True,True,True,True
2012-06-03,11.20857142857143,11.211428571428572,11.25,11.231428571428571,11.229285714285716,-0.002857142857141781,23.800001200000004,12.647142857142857,7.775714171428571,16.81428557142857,1015.2285771428571,80.75149499999999,2.988571428571429,189.28571428571428,17.889134950000003,56.900001200000034,84.25634765000001,106.20000139999999,134.08798763000001,0.47753588643748834,-0.8786122450571482,2012-06-10,11.23857142857143,11.20857142857143,10.924285714285714,True,True,True,True
2012-06-10,11.23857142857143,11.20857142857143,11.211428571428572,11.247142857142858,11.227142857142859,0.02999999999999936,15.70000004,12.878571285714283,9.034285642857142,16.909999714285714,1008.2142914285714,79.33428685714286,3.9628571285714287,177.57142857142858,16.869160599999997,52.60000124000003,86.16114685000001,104.30000144,141.06372525,0.3687629311922603,-0.9295234803804002,2012-06-17,11.207142857142856,11.23857142857143,10.95142857142857,True,True,True,True
2012-06-17,11.207142857142856,11.23857142857143,11.20857142857143,11.25,11.216428571428573,-0.031428571428573804,18.3,13.71285657142857,8.85571407142857,18.444285428571423,1012.3428628571428,78.35214414285714,3.94,187.8571428571429,17.994011299999997,62.70000124000004,85.63668485000001,108.00000124,145.88111145,0.2546711202412288,-0.9670277247913204,2012-06-24,11.267142857142858,11.207142857142856,11.102857142857143,True,True,True,True
2012-06-24,11.267142857142858,11.207142857142856,11.23857142857143,11.211428571428572,11.230357142857144,0.060000000000002274,42.0,15.21428542857143,11.122856928571428,19.289999857142856,1015.2142857142856,80.62071428571429,4.278571342857143,189.7142857142857,18.90569394,99.80000124000003,71.65800079,132.90000124,152.70764629,0.13690605792347574,-0.9905840354577969,2012-07-01,11.26142857142857,11.267142857142858,11.05,True,True,True,True
2012-07-01,11.26142857142857,11.267142857142858,11.207142857142856,11.20857142857143,11.243571428571428,-0.005714285714287115,2.6000001,16.91142842857143,11.63571414285714,21.06999942857143,1013.2142914285714,80.16928642857144,3.825714285714286,194.0,19.9798854,78.60000014000003,73.74875124,135.50000133999998,158.00509889,0.01716632975470737,-0.9998526477050269,2012-07-08,11.218571428571428,11.26142857142857,10.937142857142858,True,True,True,True
2012-07-08,11.218571428571428,11.26142857142857,11.267142857142858,11.23857142857143,11.238571428571428,-0.042857142857142705,15.1000013,18.954285285714285,13.869999714285711,23.73714257142857,1012.0142971428572,78.27642914285714,2.941428514285714,217.28571428571428,23.283785400000003,78.00000140000003,80.16337604,130.60000263999999,166.32452289000003,-0.10282099713736044,-0.9946998756145891,2012-07-15,11.252857142857142,11.218571428571428,11.132857142857144,True,True,True,True
2012-07-15,11.252857142857142,11.218571428571428,11.26142857142857,11.207142857142856,11.25,0.03428571428571381,34.4000004,14.701428142857145,11.477142714285716,18.664285714285715,1008.2285828571428,85.81357257142858,3.967142742857143,169.28571428571428,16.6096987,94.10000180000003,78.77906344000002,156.80000303999998,164.41574829,-0.22132528438243218,-0.9752000402445826,2012-07-22,11.288571428571428,11.252857142857142,11.228571428571428,True,True,True,True
2012-07-22,11.288571428571428,11.252857142857142,11.218571428571428,11.267142857142858,11.255357142857143,0.035714285714286476,39.6,14.584285571428572,10.159999714285714,18.777142714285716,1016.9142914285716,82.92928642857143,3.862857071428572,184.28571428571428,17.938151700000002,91.70000180000004,77.81152120000002,191.50000304,149.46952199,-0.3366372842469099,-0.941634397659126,2012-07-29,11.247142857142858,11.288571428571428,11.278571428571428,True,True,True,True
2012-07-29,11.247142857142858,11.288571428571428,11.252857142857142,11.26142857142857,11.251785714285713,-0.04142857142857004,16.6,18.927142857142854,12.40142842857143,24.76999957142857,1015.4857257142858,75.65571485714285,2.6414285,258.2857142857143,27.761761,105.70000170000003,85.59339680000001,184.30000184,159.34214804,-0.44709379298511404,-0.8944870822287955,2012-08-05,11.267142857142858,11.247142857142858,11.267142857142858,True,True,True,True
2012-08-05,11.267142857142858,11.247142857142858,11.288571428571428,11.218571428571428,11.263928571428572,0.019999999999999574,40.2,16.962856857142857,11.819999571428571,21.738571142857143,1012.9714457142856,81.72428642857143,2.7657142142857145,196.42857142857144,20.3025229,130.80000040000004,82.61213430000001,208.80000180000002,162.77551033999998,-0.5511016400745998,-0.8344381237138474,2012-08-12,11.301428571428572,11.267142857142858,11.3,True,True,True,True
2012-08-12,11.301428571428572,11.267142857142858,11.247142857142858,11.252857142857142,11.276071428571429,0.03428571428571381,22.400001000000003,15.792856928571428,10.808571285714285,20.545714,1020.2857257142856,81.75857142857144,2.891428557142857,195.0,19.598374,118.80000100000004,85.60080960000002,212.90000279999998,164.37987304,-0.6471606673266059,-0.7623536388483905,2012-08-19,11.252857142857142,11.301428571428572,11.275714285714283,True,True,True,True
2012-08-19,11.252857142857142,11.301428571428572,11.267142857142858,11.288571428571428,11.267142857142858,-0.04857142857142982,10.6,21.16999971428572,14.951428214285714,27.521428428571426,1015.28572,69.49500057142858,3.0442856857142857,229.57142857142856,25.624503,89.80000100000005,93.2871609,181.5000028,171.09868210000002,-0.7338853664321993,-0.6792733388972929,2012-08-26,11.234285714285717,11.252857142857142,11.255714285714284,True,True,True,True
2012-08-26,11.234285714285717,11.252857142857142,11.301428571428572,11.247142857142858,11.263928571428572,-0.01857142857142513,36.000001000000005,17.652856714285715,12.545714,22.691427857142852,1011.8428742857144,82.52000057142857,3.109999942857143,161.28571428571428,16.899100200000003,109.20000200000004,82.4245001,214.9000037,168.0178969,-0.8100248628547748,-0.5863955333706962,2012-09-02,11.275714285714283,11.234285714285717,11.28285714285714,True,True,True,True
2012-09-02,11.275714285714283,11.234285714285717,11.252857142857142,11.267142857142858,11.266071428571427,0.041428571428566485,20.6,15.467142857142855,9.997142585714286,20.278571285714285,1018.9285714285714,81.16571485714285,2.942857057142857,156.28571428571428,15.6082057,89.60000200000005,77.7301829,220.4000024,160.3423172,-0.8744809578310394,-0.4850598461951967,2012-09-09,11.222857142857142,11.275714285714283,11.3,True,True,True,True
2012-09-09,11.222857142857142,11.275714285714283,11.234285714285717,11.301428571428572,11.246428571428572,-0.052857142857140715,0.0,16.388571000000002,10.825714142857144,21.949999428571427,1021.5714428571428,82.05214357142857,2.678571414285714,156.28571428571428,15.9375292,67.20000100000004,74.06933810000001,186.000002,159.6701477,-0.9263239682514951,-0.3767278936351848,2012-09-16,11.205714285714285,11.222857142857142,11.302857142857144,True,True,True,True
2012-09-16,11.205714285714285,11.222857142857142,11.275714285714283,11.252857142857142,11.234642857142855,-0.017142857142857792,9.2,13.927142571428572,9.822857071428572,18.01714257142857,1012.1857257142856,83.34928628571429,3.481428514285714,111.57142857142856,10.77344107,65.80000100000004,59.21827617000001,155.60000200000002,152.50543707,-0.9648061359537644,-0.2629622026565152,2012-09-23,11.21,11.205714285714285,11.287142857142856,True,True,True,True
2012-09-23,11.21,11.205714285714285,11.222857142857142,11.234285714285717,11.228571428571428,0.0042857142857162245,23.300001,11.255713928571428,6.381428428571428,15.65857114285714,1014.6000057142855,82.89,3.434285657142857,105.42857142857144,9.4680087,53.100001000000034,51.78718467,162.30000299999998,134.21168477,-0.9893724130196829,-0.14540367380369032,2012-09-30,11.257142857142856,11.21,11.251428571428573,True,True,True,True
2012-09-30,11.257142857142856,11.21,11.205714285714285,11.275714285714283,11.223928571428571,0.04714285714285538,13.9,12.25999942857143,8.7328571,16.369999714285715,1005.2714342857143,85.258177,4.658571342857143,82.71428571428571,7.650526049999999,46.40000100000004,43.829505020000006,136.000003,121.55968792,-0.9996684675143132,-0.025747913654988113,2012-10-07,11.27142857142857,11.257142857142856,11.26142857142857,True,True,True,True
2012-10-07,11.27142857142857,11.257142857142856,11.21,11.222857142857142,11.236071428571428,0.014285714285714235,38.00000014,11.56999942857143,8.289999671428571,15.468571428571428,1010.7,87.05706714285714,4.3371428142857145,74.85714285714286,6.7810205,84.40000114000003,34.67299632000001,151.60000214,108.74233442,-0.9955457941960382,0.09427922177542405,2012-10-14,11.265714285714283,11.27142857142857,11.302857142857144,True,True,True,True
2012-10-14,11.265714285714283,11.27142857142857,11.257142857142856,11.205714285714285,11.251071428571429,-0.005714285714287115,25.3000001,7.944285614285714,3.12,12.735713714285714,1009.2428685714284,86.32142928571429,3.3599999428571428,80.57142857142857,6.59554383,100.50000124000003,30.495099080000006,166.30000224,89.71337525,-0.9770638564833509,0.21294651993841537,2012-10-21,11.275714285714283,11.265714285714283,11.301428571428572,True,True,True,True
2012-10-21,11.275714285714283,11.265714285714283,11.27142857142857,11.21,11.267499999999998,0.009999999999999787,8.50000004,12.764285357142857,9.948571357142855,15.6842855,1009.0571428571428,86.72485200000001,3.984285685714286,54.142857142857146,5.072120259999999,85.70000028000004,26.099210640000003,138.80000127999998,77.88639531,-0.9444892287836614,0.3285423819108344,2012-10-28,11.258571428571427,11.275714285714283,11.28,True,True,True,True
2012-10-28,11.258571428571427,11.275714285714283,11.265714285714283,11.257142857142856,11.26785714285714,-0.017142857142856016,5.1,8.255714071428573,4.885713962857143,11.994285428571429,1017.0571428571428,86.64411914285714,2.7628570285714287,57.85714285714285,4.62872252,76.90000028000003,23.07740711000001,123.30000127999998,66.90691213,-0.898291751554753,0.4393995096591413,2012-11-04,11.272857142857143,11.258571428571427,11.268571428571429,True,True,True,True
2012-11-04,11.272857142857143,11.258571428571427,11.275714285714283,11.27142857142857,11.268214285714283,0.014285714285716011,23.0000006,6.431428457142857,3.455714285714285,9.232857,996.4571542857144,87.71804514285714,4.638571428571429,40.0,3.17348489,61.90000074000003,19.469871500000007,146.30000187999997,54.14286782,-0.8391377545563939,0.5439189543287245,2012-11-11,11.285714285714286,11.272857142857143,11.25,True,True,True,True
2012-11-11,11.285714285714286,11.272857142857143,11.258571428571427,11.265714285714283,11.273214285714285,0.012857142857143344,13.5,8.274285714285714,5.5071426,10.415714,1009.9000057142856,88.68620414285715,4.402857142857143,33.0,2.7065225900000005,50.10000064000003,15.580850260000009,150.60000187999998,46.07594934,-0.7678804460366002,0.640593178698175,2012-11-18,11.268571428571429,11.285714285714286,11.22857142857143,True,True,True,True
2012-11-18,11.268571428571429,11.285714285714286,11.272857142857143,11.275714285714283,11.27142857142857,-0.017142857142857792,4.0,5.215714271428571,1.341428572,7.862856985714286,1020.7,90.711607,2.8271428000000003,26.857142857142858,2.0403644,45.60000060000003,12.549094400000008,131.30000087999997,38.648305040000004,-0.6855476064742156,0.7280278011569846,2012-11-25,11.262857142857143,11.268571428571429,11.224285714285717,True,True,True,True
2012-11-25,11.262857142857143,11.268571428571429,11.285714285714286,11.258571428571427,11.2725,-0.005714285714285339,12.1,6.238571428571428,2.858571387142857,9.932856857142855,1013.6428685714284,90.02521228571428,4.714285714285714,28.428571428571427,2.24923731,52.60000060000004,10.169609190000008,129.50000088,33.2470163,-0.5933267643772321,0.8049617075821958,2012-12-02,11.268571428571429,11.262857142857143,11.255714285714287,True,True,True,True
2012-12-02,11.268571428571429,11.262857142857143,11.268571428571429,11.272857142857143,11.27142857142857,0.005714285714285339,10.7,3.8999999857142855,0.5471428514285714,6.83,1006.5857142857144,91.32953571428573,2.8728571,24.428571428571427,1.75968719,40.30000000000003,8.755811490000008,102.20000074,28.225682990000003,-0.4925480679538645,0.8702852410301551,2012-12-09,11.28285714285714,11.268571428571429,11.31,True,True,True,True
2012-12-09,11.28285714285714,11.268571428571429,11.262857142857143,11.285714285714286,11.270714285714284,0.014285714285710682,31.9,0.4228571271428571,-3.8471428342857146,3.3014285142857145,1006.4000114285716,89.97030071428571,4.609999957142857,25.0,1.53449796,58.70000000000003,7.583786860000007,108.80000063999998,23.164637120000002,-0.3846650997070013,0.923056206884176,2012-12-16,11.301428571428572,11.28285714285714,11.312857142857142,True,True,True,True
2012-12-16,11.301428571428572,11.28285714285714,11.268571428571429,11.268571428571429,11.27892857142857,0.018571428571432236,23.7000003,2.501428474285714,-0.0528570942857143,4.822857129428571,1008.3000257142858,89.39074642857143,4.207142714285714,18.285714285714285,1.237961876,78.40000030000003,6.7813843360000075,124.00000089999997,19.330478736000003,-0.27123391067291097,0.9625134626077079,2012-12-23,11.304285714285712,11.301428571428572,11.314285714285717,True,True,True,True
2012-12-23,11.304285714285712,11.301428571428572,11.28285714285714,11.262857142857143,11.289285714285713,0.002857142857140005,37.100000300000005,4.4542857,2.7399999428571427,6.082857,1011.2000114285714,91.37261485714284,4.0728571,10.857142857142858,0.795904306,103.40000060000004,5.328051332000007,156.00000119999999,15.497660522,-0.1538905767040627,0.9880878960910771,2012-12-30,11.311428571428571,11.304285714285712,11.304285714285715,True,True,True,True
2012-12-30,11.311428571428571,11.304285714285712,11.301428571428572,11.268571428571429,11.299999999999999,0.007142857142859782,24.9,7.348571314285714,4.471428514285714,9.705714071428572,1005.67144,88.10355214285714,5.992857071428572,18.0,1.455060546,117.60000060000004,5.0234246880000075,157.9000006,13.779236178,-0.034327600513243496,0.9994106342455052,2013-01-06,11.295714285714284,11.311428571428571,11.332857142857142,True,True,True,True
2013-01-06,11.295714285714284,11.311428571428571,11.304285714285712,11.28285714285714,11.303214285714285,-0.015714285714286902,12.800001,7.679999799999999,6.049999728571429,9.198571171428572,1020.9428857142856,90.90907857142858,5.209999971428571,13.0,1.045997904,98.50000160000003,4.534924632000006,157.20000159999998,12.118711492,0.08596479873744647,0.9962981749346078,2013-01-13,11.287142857142856,11.295714285714284,11.302857142857144,True,True,True,True
2013-01-13,11.287142857142856,11.295714285714284,11.311428571428571,11.301428571428572,11.299642857142857,-0.008571428571428896,16.70000004,3.2271427714285714,0.8014285285714287,5.001428428571429,1019.4285714285714,89.02793799999999,3.1757142000000003,19.428571428571427,1.28499335,91.50000134000004,4.581956106000007,169.90000164,11.363340441999998,0.2051044998686192,0.9787400799669153,2013-01-20,11.26142857142857,11.287142857142856,11.29,True,True,True,True
2013-01-20,11.26142857142857,11.287142857142856,11.295714285714284,11.304285714285712,11.28892857142857,-0.025714285714284912,3.2,-4.089999885714286,-6.442857142857143,-1.9899999857142856,1009.5714285714286,81.88285714285713,3.8771427285714286,22.714285714285715,1.1934391400000002,57.60000104000004,4.979490940000007,161.00000164,10.307542272,0.3212696616923644,0.9469877530760753,2013-01-27,11.24,11.26142857142857,11.3,True,True,True,True
2013-01-27,11.24,11.26142857142857,11.287142857142856,11.311428571428571,11.271071428571428,-0.021428571428570464,11.6,-3.288571357142857,-6.178571428571429,-1.3314286142857144,1009.0142857142856,86.13619000000001,4.209999871428572,25.142857142857142,1.34430967,44.30000104000004,4.868740064000007,161.90000163999997,9.892164752,0.4327755925504312,0.901501684131884,2013-02-03,11.302857142857144,11.24,11.252857142857142,True,True,True,True
2013-02-03,11.302857142857144,11.24,11.26142857142857,11.295714285714284,11.272857142857143,0.06285714285714405,44.500001,5.797142828571429,3.2142856714285712,8.195714142857144,1004.7428685714286,86.08402142857143,6.629999914285714,28.142857142857142,2.14540808,76.00000104000003,5.968150240000007,174.50000264,10.503074872000001,0.5380051715382996,0.8429415373547828,2013-02-10,11.297142857142855,11.302857142857144,11.188571428571429,True,True,True,True
2013-02-10,11.297142857142855,11.302857142857144,11.24,11.287142857142856,11.275357142857143,-0.005714285714288891,14.7,1.352857142857143,-1.5457142428571429,4.334285671428572,1007.5143085714286,87.60654414285715,3.792857028571429,46.142857142857146,3.0460124200000003,74.00000100000004,7.729169310000008,165.50000234,12.311125416000001,0.6354323008901774,0.7721565844991642,2013-02-17,11.274285714285714,11.297142857142855,11.245714285714286,True,True,True,True
2013-02-17,11.274285714285714,11.297142857142855,11.302857142857144,11.26142857142857,11.278571428571428,-0.022857142857141355,3.6,0.3557143000000001,-1.8028571285714283,2.185714277142857,1018.4857428571428,81.48308557142857,3.361428514285714,44.0,2.74182039,74.40000100000003,9.277550560000007,132.00000204,14.2570415,0.7236440382959124,0.6901733882429719,2013-02-24,11.267142857142858,11.274285714285714,11.28285714285714,True,True,True,True
2013-02-24,11.267142857142858,11.274285714285714,11.297142857142855,11.24,11.285357142857142,-0.007142857142856229,3.0,-0.0385714285714285,-2.321428571428572,1.7657142785714286,1021.871434285714,80.56615428571429,4.178571342857143,41.85714285714285,2.5666948,65.80000100000004,10.499935690000008,110.10000203999999,15.368675754,0.8013610881746766,0.5981809144059165,2013-03-03,11.257142857142856,11.267142857142858,11.268571428571429,True,True,True,True
2013-03-03,11.257142857142856,11.267142857142858,11.274285714285714,11.302857142857144,11.27392857142857,-0.010000000000001563,1.0,2.164285714285714,-0.7400000042857143,4.277142785714285,1027.9000142857144,88.05683714285715,3.2571428571428567,43.71428571428572,2.95572029,22.300000000000043,11.310247900000007,98.30000103999998,17.27839814,0.8674563547295969,0.49751328890718066,2013-03-10,11.262857142857143,11.257142857142856,11.275714285714283,True,True,True,True
2013-03-10,11.262857142857143,11.257142857142856,11.267142857142858,11.297142857142855,11.265357142857141,0.005714285714287115,12.3,4.144285614285715,0.1642857004285714,8.164285285714286,1005.7428571428572,79.36090928571427,4.808571371428571,80.14285714285714,6.06555073,19.90000000000004,14.329786210000009,93.90000099999999,22.05895552,0.9209712877166346,0.38963044953078796,2013-03-17,11.257142857142856,11.262857142857143,11.267142857142858,True,True,True,True
2013-03-17,11.257142857142856,11.262857142857143,11.257142857142856,11.274285714285714,11.261071428571428,-0.005714285714287115,9.2000001,-0.2528570857142856,-3.612857088571429,2.9842856128571427,1007.8285885714286,75.13214357142859,4.654285685714286,99.42857142857144,6.0776829900000005,25.500000100000044,17.665648810000008,99.9000011,26.94319937,0.9611297838723007,0.27609697309746883,2013-03-24,11.254285714285714,11.257142857142856,11.252857142857142,True,True,True,True
2013-03-24,11.254285714285714,11.257142857142856,11.262857142857143,11.267142857142858,11.257857142857143,-0.002857142857141781,0.0,0.0528571657142857,-2.854285672,3.26999998,1011.7285828571428,69.09857142857143,6.058571157142857,97.28571428571428,6.04292822,22.500000100000044,21.141882230000007,88.30000109999999,31.64181792,0.9873494423939864,0.15855938510313475,2013-03-31,11.225714285714286,11.254285714285714,11.221428571428572,True,True,True,True
2013-03-31,11.225714285714286,11.254285714285714,11.257142857142856,11.257142857142856,11.25,-0.02857142857142847,0.0,-0.1899999999999999,-3.6785713714285713,3.625714185714286,1013.6714285714286,70.14214285714286,4.702857085714286,132.57142857142858,8.2275267,21.500000100000044,26.41368864000001,43.800000099999984,37.72393654,0.9992500112396835,0.03872228089217446,2013-04-07,11.214285714285714,11.225714285714286,11.2,True,True,True,True
2013-04-07,11.214285714285714,11.225714285714286,11.254285714285714,11.262857142857143,11.237857142857141,-0.011428571428572454,0.0,2.808571371428571,-2.041428537142857,8.238571228571429,1017.1857257142856,64.06642857142857,4.805714185714286,176.71428571428572,12.214780100000002,9.200000100000043,32.56291801000001,29.10000009999999,46.892704220000006,0.9966589017541702,-0.08167639533042241,2013-04-14,11.242857142857144,11.214285714285714,11.23857142857143,True,True,True,True
2013-04-14,11.242857142857144,11.214285714285714,11.225714285714286,11.257142857142856,11.234285714285715,0.028571428571430246,23.1,7.585713957142858,3.004285557142857,11.992857,1006.3571428571428,83.157681,4.249999885714286,100.0,8.112169949999998,23.100000000000044,34.59740497000001,48.60000009999999,52.26305378000001,0.9796136916454901,-0.20089055513063506,2013-04-21,11.258571428571427,11.242857142857144,11.215714285714286,True,True,True,True
2013-04-21,11.258571428571427,11.242857142857144,11.214285714285714,11.254285714285714,11.235357142857143,0.01571428571428335,2.3,10.374285428571428,3.919999908571428,15.467142714285714,1020.20002,73.23357142857142,4.874285671428572,184.42857142857144,16.0180686,25.400000000000045,44.572545350000006,47.900000099999986,65.71442758,0.9483615800121715,-0.3171912885891061,2013-04-28,11.224285714285717,11.258571428571427,11.241428571428573,True,True,True,True
2013-04-28,11.224285714285717,11.258571428571427,11.242857142857144,11.225714285714286,11.235,-0.034285714285710256,6.5,9.714285528571429,3.792857102857144,15.461428285714288,1016.8714342857144,75.63131571428572,3.825714242857143,165.28571428571428,14.3287594,31.900000000000045,50.67377805000001,53.400000099999986,77.08746669,0.9033558023246845,-0.4288919379124835,2013-05-05,11.195714285714288,11.224285714285717,11.231428571428571,True,True,True,True
2013-05-05,11.195714285714288,11.224285714285717,11.258571428571427,11.214285714285714,11.230357142857144,-0.02857142857142847,0.0,9.815713814285717,3.329999942857143,16.43285714285714,1020.4571485714284,67.92500071428572,3.9242856857142856,241.57142857142856,20.9660559,31.900000000000045,59.42505385,41.10000009999999,91.98797186,0.8452490573530633,-0.5343725582809786,2013-05-12,11.177142857142856,11.195714285714288,11.247142857142858,True,True,True,True
2013-05-12,11.177142857142856,11.195714285714288,11.224285714285717,11.242857142857144,11.213928571428571,-0.018571428571432236,17.200001,13.265714,8.414285714285715,18.395714,1013.0142914285716,76.16714357142857,4.154285671428571,187.7142857142857,17.8840262,26.000001000000044,69.19691010000001,49.10000099999999,103.79431507000001,0.7748840413670407,-0.6321034111873487,2013-05-19,11.221428571428572,11.177142857142856,11.25,True,True,True,True
2013-05-19,11.221428571428572,11.177142857142856,11.195714285714288,11.258571428571427,11.204642857142858,0.04428571428571537,14.0,10.6699995,7.162857085714286,14.057142571428573,1005.0571542857144,86.04342842857143,3.592857085714286,135.14285714285714,12.07220014,37.70000100000004,65.25104164000001,63.10000099999999,109.82358699,0.6932812268869777,-0.7206671495538609,2013-05-26,11.231428571428571,11.221428571428572,11.211428571428572,True,True,True,True
2013-05-26,11.231428571428571,11.221428571428572,11.177142857142856,11.224285714285717,11.206428571428571,0.009999999999999787,16.8000006,9.055714228571428,5.598571385714286,12.432857,1010.3428628571428,86.36476285714286,4.232857,126.28571428571428,10.57835596,48.00000160000005,61.50063820000001,79.9000016,112.17441625,0.6016240632249226,-0.7987793728863649,2013-06-02,11.26142857142857,11.231428571428571,11.20857142857143,True,True,True,True
2013-06-02,11.26142857142857,11.231428571428571,11.221428571428572,11.195714285714288,11.222857142857142,0.02999999999999936,13.3,12.578571142857143,7.994285642857142,17.068570857142856,1010.8571571428572,79.63857271428571,4.0985713285714285,208.57142857142856,19.5709404,61.300001600000044,60.10552270000001,93.2000016,119.53057655,0.5012418134457758,-0.865307254363206,2013-06-09,11.237142857142857,11.26142857142857,11.23857142857143,True,True,True,True
2013-06-09,11.237142857142857,11.26142857142857,11.231428571428571,11.177142857142856,11.237857142857143,-0.024285714285714022,0.0,13.809999857142856,8.838571285714286,19.61714242857143,1021.5714342857144,72.43428571428572,4.2128571,285.2857142857143,27.4704264,44.100000600000044,69.69192290000001,70.10000159999998,138.888833,0.39359027665646673,-0.9192859697186104,2013-06-16,11.212857142857144,11.237142857142857,11.207142857142856,True,True,True,True
2013-06-16,11.212857142857144,11.237142857142857,11.26142857142857,11.221428571428572,11.235714285714286,-0.024285714285712245,12.30000004,14.822856428571429,9.888571428571428,19.064285714285717,1014.0285714285714,74.23357142857142,4.228571357142857,199.8571428571429,19.520967,42.400000640000044,77.14068976000001,80.10000163999999,142.3917314,0.28023067519921585,-0.9599326896597447,2013-06-23,11.215714285714284,11.212857142857144,11.267142857142858,True,True,True,True
2013-06-23,11.215714285714284,11.212857142857144,11.237142857142857,11.231428571428571,11.231785714285714,0.002857142857140005,39.9000002,17.751428142857144,13.442856785714286,22.372856857142857,1011.9285828571428,84.26804485714285,4.074285671428571,173.28571428571428,18.2246541,65.50000024000005,84.7869879,113.50000183999998,146.2876261,0.16280701293851715,-0.986657932891657,2013-06-30,11.264285714285714,11.215714285714284,11.26142857142857,True,True,True,True
2013-06-30,11.264285714285714,11.215714285714284,11.212857142857144,11.26142857142857,11.2325,0.04857142857142982,12.8000003,13.168571142857145,8.947142671428571,16.722857,1020.9285771428572,81.85714357142857,4.235714242857143,154.42857142857142,14.5914453,65.00000054000004,79.8074928,126.30000213999998,139.9130155,0.04302223300453059,-0.99907411510223,2013-07-07,11.228571428571428,11.264285714285714,11.218571428571428,True,True,True,True
2013-07-07,11.228571428571428,11.264285714285714,11.215714285714284,11.237142857142857,11.230357142857143,-0.035714285714286476,0.90000004,16.962857,11.357142785714286,21.927142714285715,1021.2571485714286,81.08071485714285,2.8757142428571427,219.0,22.482797,65.90000058000004,74.8198634,110.00000117999998,144.5117863,-0.07738647923346322,-0.9970011699250151,2013-07-14,11.131428571428572,11.228571428571428,11.252857142857142,True,True,True,True
2013-07-14,11.131428571428572,11.228571428571428,11.264285714285714,11.212857142857144,11.209999999999999,-0.09714285714285609,0.0,15.587142428571427,10.822856928571428,19.96285657142857,1025.0571485714286,79.15214342857143,3.0514284857142857,226.57142857142856,22.6684661,53.600000540000046,77.96736250000001,96.00000117999998,155.10805226,-0.19667288979357622,-0.9804691603616321,2013-07-21,11.01,11.131428571428572,11.288571428571428,True,True,True,True
2013-07-21,11.01,11.131428571428572,11.228571428571428,11.215714285714284,11.158571428571427,-0.12142857142857189,0.0,18.98999985714286,11.7428565,25.50999942857143,1023.6142857142858,76.93500057142856,2.642857142857143,269.57142857142856,28.8364135,13.700000340000036,88.5791219,79.20000058,173.3661098,-0.3131070409358267,-0.9497178427914317,2013-07-28,10.914285714285716,11.01,11.247142857142858,True,True,True,True
2013-07-28,10.914285714285716,11.01,11.131428571428572,11.264285714285714,11.071071428571429,-0.09571428571428342,29.1000006,21.43428557142857,15.192856857142855,27.40428485714286,1012.7857257142856,79.30605285714286,2.364285642857143,219.28571428571428,24.711051,30.00000064000004,98.69872760000001,95.00000117999998,178.50622040000002,-0.42500033996955394,-0.9051931898913975,2013-08-04,11.027142857142858,10.914285714285716,11.267142857142858,True,True,True,True
2013-08-04,11.027142857142858,10.914285714285716,11.01,11.228571428571428,11.020714285714286,0.11285714285714121,18.2,20.358571,14.352856785714286,25.499999142857146,1014.8285885714286,78.44214414285715,3.281428557142857,228.8571428571429,25.289431,47.30000060000004,101.5053616,113.20000117999999,176.325225,-0.5307300481619331,-0.8475409228928312,2013-08-11,11.117142857142856,11.027142857142858,11.301428571428572,True,True,True,True
2013-08-11,11.117142857142856,11.027142857142858,10.914285714285716,11.131428571428572,11.017142857142858,0.08999999999999808,43.3000003,16.977142714285716,11.3771425,21.924285,1016.27144,80.93669214285715,3.2271428285714285,188.28571428571428,19.5445761,90.60000090000004,98.38147160000001,144.20000144,176.3488341,-0.6287628145958345,-0.7775971469736268,2013-08-18,11.145714285714286,11.117142857142856,11.252857142857142,True,True,True,True
2013-08-18,11.145714285714286,11.117142857142856,11.027142857142858,11.01,11.05107142857143,0.028571428571430246,18.6,16.36714257142857,11.195714285714288,21.377142857142854,1016.0,83.62,3.3042857000000003,173.0,17.5241557,109.20000090000005,87.0692138,122.90000124,175.64833570000002,-0.7176769136759615,-0.6963762255968726,2013-08-25,11.12857142857143,11.145714285714286,11.234285714285717,True,True,True,True
2013-08-25,11.12857142857143,11.145714285714286,11.117142857142856,10.914285714285716,11.104642857142856,-0.017142857142856016,4.6,17.129999857142856,11.218571428571428,22.449999714285717,1019.0428628571428,78.43571485714286,2.5285714285714285,173.71428571428572,17.9696857,84.70000030000004,80.32784850000002,114.70000094,179.0265761,-0.7961828637826154,-0.6050560696488494,2013-09-01,11.0,11.12857142857143,11.275714285714283,True,True,True,True
2013-09-01,11.0,11.12857142857143,11.145714285714286,11.027142857142858,11.097857142857144,-0.1285714285714299,0.0,16.23999957142857,9.501428514285717,22.258571142857143,1020.1285971428572,76.61714285714287,3.0157142142857145,175.14285714285714,17.7908084,66.50000030000004,72.82922590000001,113.80000089999999,174.3345875,-0.8631421280499115,-0.5049610547215202,2013-09-08,10.96,11.0,11.222857142857142,True,True,True,True
2013-09-08,10.96,11.0,11.12857142857143,11.117142857142856,11.05857142857143,-0.03999999999999915,30.3000003,17.621428142857145,12.762856857142856,22.841428142857144,1018.4142857142856,84.98016914285714,2.6214285428571427,123.71428571428572,13.121820160000002,53.500000300000046,66.40646996000001,144.10000119999998,164.78794156,-0.9175836260593934,-0.3975428142825566,2013-09-15,11.225714285714286,10.96,11.205714285714285,True,True,True,True
2013-09-15,11.225714285714286,10.96,11.0,11.145714285714286,11.07857142857143,0.2657142857142851,45.700001,13.344285714285714,9.3028571,18.012857,1012.64288,88.46767942857143,2.965714185714286,94.42857142857144,8.969401199999998,80.60000130000005,57.85171546000001,189.8000022,144.92092925999998,-0.9587178169872964,-0.2843591872810036,2013-09-22,11.23,11.225714285714286,11.21,True,True,True,True
2013-09-22,11.23,11.225714285714286,10.96,11.12857142857143,11.103928571428572,0.004285714285714448,10.2000002,12.26142857142857,8.4185713,16.747142642857145,1009.7571685714286,86.36376057142857,3.742857085714285,101.14285714285714,9.301743600000002,86.20000150000006,49.18377336000001,170.9000018,129.51162186000002,-0.9859481499638303,-0.1670516255021195,2013-09-29,11.18142857142857,11.23,11.257142857142856,True,True,True,True
2013-09-29,11.18142857142857,11.23,11.225714285714286,11.0,11.149285714285714,-0.04857142857142982,0.0,12.155714142857144,7.4657140857142865,16.785713857142856,1016.7000228571428,84.00910857142857,3.0242856714285717,106.71428571428572,9.61237468,86.20000150000006,41.00533964000001,152.7000018,113.83456554,-0.9988797155850335,-0.04732138832243232,2013-10-06,11.13,11.18142857142857,11.27142857142857,True,True,True,True
2013-10-06,11.13,11.18142857142857,11.23,10.96,11.191785714285714,-0.051428571428569825,3.5,11.002856857142858,6.3299999285714295,16.204285285714285,1017.8285714285714,76.01857185714286,3.965714242857143,114.14285714285714,10.02945707,59.40000120000004,37.91297655000001,112.90000149999999,104.31944651,-0.9973249731081555,0.07309512989807776,2013-10-13,11.141428571428571,11.13,11.265714285714283,True,True,True,True
2013-10-13,11.141428571428571,11.13,11.18142857142857,11.225714285714286,11.170714285714286,0.011428571428570677,21.60000024,10.815713885714286,6.195714199999999,14.62142857142857,1017.028582857143,88.93178642857143,3.432857114285714,64.42857142857143,5.707060299999999,35.30000044000004,34.650635650000005,115.90000173999998,92.50235111,-0.9813064702716093,0.19245158197082995,2013-10-20,11.194285714285714,11.141428571428571,11.275714285714283,True,True,True,True
2013-10-20,11.194285714285714,11.141428571428571,11.13,11.23,11.161785714285713,0.05285714285714249,19.8000004,11.259999714285714,7.864285671428571,14.405714,1010.9286,87.8943322857143,3.6542857,52.0,4.69321031,44.900000640000044,30.042102360000005,131.10000214,79.22587572,-0.9510565162951536,0.30901699437494723,2013-10-27,11.214285714285714,11.194285714285714,11.258571428571427,True,True,True,True
2013-10-27,11.214285714285714,11.194285714285714,11.141428571428571,11.18142857142857,11.17,0.019999999999999574,22.000001,14.177142714285711,10.7757141,17.618571285714285,1007.0142914285716,85.19714357142857,5.135714057142857,60.142857142857146,5.84393439,66.90000164000004,26.273662070000007,153.10000313999998,67.27900171,-0.9070138128026362,0.42110087079608916,2013-11-03,11.255714285714284,11.214285714285714,11.272857142857143,True,True,True,True
2013-11-03,11.255714285714284,11.214285714285714,11.194285714285714,11.13,11.20142857142857,0.04142857142857004,47.0000013,10.024285428571428,7.761428385714287,12.711428357142855,1006.48572,85.96445485714285,5.801428528571429,43.285714285714285,3.76068618,110.40000294000004,20.00489118000001,169.80000414,57.917867730000005,-0.8498170915275277,0.5270777086423724,2013-11-10,11.3,11.255714285714284,11.285714285714286,True,True,True,True
2013-11-10,11.3,11.255714285714284,11.214285714285714,11.141428571428571,11.241071428571427,0.04428571428571715,59.20000100000001,7.727142785714286,4.529999942857143,10.502856857142858,999.9571485714284,89.39077928571429,4.427142814285714,38.42857142857143,3.14373602,148.00000370000004,17.44156690000001,183.30000414,52.09220255,-0.780295851070776,0.6254105729852457,2013-11-17,11.3,11.3,11.268571428571429,True,True,True,True
2013-11-17,11.3,11.3,11.255714285714284,11.194285714285714,11.2675,0.0,6.90000004,6.185714285714286,3.0999999714285718,9.311428385714285,1025.8000142857145,91.56729414285714,3.129999957142857,32.714285714285715,2.5194896300000003,135.10000334000006,15.267846220000008,180.00000397999997,45.309948580000004,-0.6994583270516471,0.7146733860429608,2013-11-24,11.274285714285714,11.3,11.262857142857143,True,True,True,True
2013-11-24,11.274285714285714,11.3,11.3,11.214285714285714,11.282499999999999,-0.02571428571428669,4.1,4.049999914285714,0.3314285842857142,6.944285714285714,1012.2286028571428,89.52270857142857,3.211428485714286,28.0,2.00346998,117.20000234000005,11.427381810000009,184.10000397999997,37.70104388,-0.6084768701151264,0.7935716089521472,2013-12-01,11.274285714285714,11.274285714285714,11.268571428571429,True,True,True,True
2013-12-01,11.274285714285714,11.274285714285714,11.3,11.255714285714284,11.287142857142857,0.0,15.90000004,6.102857071428572,3.041428428571429,8.475714285714286,1027.5143,90.42846514285716,3.442857071428571,22.0,1.67776494,86.10000108000004,9.344460570000008,196.50000401999998,29.34935175,-0.5086709438521042,0.8609610158889945,2013-12-08,11.285714285714286,11.274285714285714,11.28285714285714,True,True,True,True
2013-12-08,11.285714285714286,11.274285714285714,11.274285714285714,11.3,11.28357142857143,0.011428571428572454,22.8000012,4.022857085714286,0.9428571371428572,7.0142855285714285,1022.38572,89.21586342857142,4.805714228571429,19.0,1.34926298,49.700001280000045,7.549987530000008,197.70000498,24.99155443,-0.4014879892059737,0.9158642882672868,2013-12-15,11.284285714285714,11.285714285714286,11.301428571428572,True,True,True,True
2013-12-15,11.284285714285714,11.285714285714286,11.274285714285714,11.3,11.279642857142857,-0.001428571428572667,7.0,4.669999885714286,2.5599999414285715,7.0628571,1026.6428628571427,91.46053714285712,4.339999857142857,19.428571428571427,1.4128029300000002,49.80000124000004,6.443300830000007,184.90000458,21.71114705,-0.2884824328806098,0.9574851883550389,2013-12-22,11.281428571428572,11.284285714285714,11.304285714285712,True,True,True,True
2013-12-22,11.281428571428572,11.284285714285714,11.285714285714286,11.274285714285714,11.281428571428572,-0.002857142857141781,21.9,6.901428542857143,4.342857100000001,8.894285514285714,1015.1285771428572,86.74820357142858,5.8671427000000005,16.428571428571427,1.302948415,67.60000124000004,5.7427792650000065,184.80000357999998,17.170161075,-0.1712931441814778,0.9852201067560606,2013-12-29,11.29857142857143,11.281428571428572,11.311428571428571,True,True,True,True
2013-12-29,11.29857142857143,11.281428571428572,11.284285714285714,11.274285714285714,11.2875,0.017142857142857792,27.2000003,6.285714214285714,2.927142842857143,8.575714185714286,997.4714342857144,88.80161642857142,5.969999871428572,19.0,1.48074735,78.90000150000004,5.545761675000008,165.00000258,14.890222245,-0.05161966722325418,0.9986668162884759,2014-01-05,11.285714285714286,11.29857142857143,11.295714285714284,True,True,True,True
2014-01-05,11.285714285714286,11.29857142857143,11.281428571428572,11.285714285714286,11.287500000000001,-0.012857142857143344,16.40000024,6.691428471428572,4.521428542857143,8.6099999,1004.8857142857142,83.67643,6.022857057142857,26.0,2.050562,72.50000054000004,6.247060695000008,122.20000181999998,13.797048225000001,0.06880242680231986,0.9976303053065857,2014-01-12,11.305714285714286,11.285714285714286,11.287142857142856,True,True,True,True
2014-01-12,11.305714285714286,11.285714285714286,11.29857142857143,11.284285714285714,11.292857142857143,0.019999999999999574,32.20000004,7.162856785714285,4.607142814285715,9.569999957142857,1010.1714342857142,88.00086514285714,5.982856957142857,22.0,1.7283191500000004,97.70000058000004,6.562576915000008,147.50000182,13.005877745000001,0.1882267098432442,0.9821256058680006,2014-01-19,11.292857142857144,11.305714285714286,11.26142857142857,True,True,True,True
2014-01-19,11.292857142857144,11.305714285714286,11.285714285714286,11.281428571428572,11.295714285714286,-0.012857142857141568,13.5000003,5.592857085714286,2.9099999828571432,7.797142814285714,1002.3000171428572,89.16707714285714,4.247142785714286,22.714285714285715,1.7381654800000002,89.30000088000004,6.997793980000008,156.90000212,12.740573245,0.30492122465628907,0.9523775757303974,2014-01-26,11.277142857142858,11.292857142857144,11.24,True,True,True,True
2014-01-26,11.277142857142858,11.292857142857144,11.305714285714286,11.29857142857143,11.290357142857143,-0.015714285714286902,15.9,0.4699999657142857,-0.9971428685714284,2.3685714,1010.8285828571428,91.83839,3.591428442857143,20.714285714285715,1.309272785,78.00000058000003,6.8263194150000075,156.90000207999998,12.372081090000002,0.4171936026123168,0.9088176373395029,2014-02-02,11.287142857142856,11.277142857142858,11.302857142857144,True,True,True,True
2014-02-02,11.287142857142856,11.277142857142858,11.292857142857144,11.285714285714286,11.290714285714285,0.00999999999999801,5.6000001,1.854285671428572,-0.7985714285714287,4.562857142857142,1001.8571542857144,83.8471442857143,5.181428442857142,42.42857142857143,2.8874256000000003,67.20000044000004,7.663183015000008,139.70000098,13.910243710000001,0.5234156073655503,0.8520775211013093,2014-02-09,11.28285714285714,11.287142857142856,11.297142857142855,True,True,True,True
2014-02-09,11.28285714285714,11.287142857142856,11.277142857142858,11.305714285714286,11.285,-0.0042857142857162245,28.9000002,5.7528571,2.749999971428572,8.422857,996.2571428571428,82.95142928571428,6.259999942857143,41.85714285714285,3.19308501,63.90000060000004,9.127948875000007,161.60000118,15.69052579,0.6220467484408675,0.7829801036770629,2014-02-16,11.287142857142856,11.28285714285714,11.274285714285714,True,True,True,True
2014-02-16,11.287142857142856,11.28285714285714,11.287142857142856,11.292857142857144,11.283571428571427,0.0042857142857162245,12.4000002,5.509999957142857,2.159999941428571,8.422857042857142,997.1714342857142,82.12714342857143,6.281428414285714,54.0,4.1600775500000005,62.80000050000004,11.549860945000008,152.10000137999998,18.547654925000003,0.7116566222817746,0.7025274741691571,2014-02-23,11.278571428571428,11.287142857142856,11.267142857142858,True,True,True,True
2014-02-23,11.278571428571428,11.287142857142856,11.28285714285714,11.277142857142858,11.283928571428568,-0.00857142857142712,9.10000004,6.248571285714285,3.255714157142857,9.247142428571427,1010.0714342857144,86.68521985714285,4.6042856,54.42857142857143,4.25756857,56.00000054000003,14.498156730000007,134.00000111999998,21.324476145,0.7909456567567772,0.6118864012687243,2014-03-02,11.27,11.278571428571428,11.257142857142856,True,True,True,True
2014-03-02,11.27,11.278571428571428,11.287142857142856,11.287142857142856,11.279642857142855,-0.008571428571428896,7.7,6.112856957142857,2.708571357142857,10.108571242857142,1006.9857314285716,82.77500071428572,3.924285657142857,75.28571428571429,5.90350925,58.10000044000004,17.514240380000007,125.30000088,25.177423395,0.8587639582758029,0.5123714121284237,2014-03-09,11.26142857142857,11.27,11.262857142857143,True,True,True,True
2014-03-09,11.26142857142857,11.27,11.278571428571428,11.28285714285714,11.274285714285714,-0.008571428571428896,0.0,6.975714171428572,0.3557142728571428,12.942857,1017.6285771428572,77.5614292857143,3.324285685714286,112.14285714285714,9.036413,29.200000240000033,23.35756837000001,93.10000083999999,32.485517245,0.9141279881853337,0.40542572835999735,2014-03-16,11.242857142857144,11.26142857142857,11.257142857142856,True,True,True,True
2014-03-16,11.242857142857144,11.26142857142857,11.27,11.287142857142856,11.263214285714286,-0.018571428571426907,3.6000001,7.88285707142857,2.8085714285714287,13.195714,1025.8428714285717,80.30428571428571,4.2528571,124.14285714285714,10.0592197,20.40000014000004,29.256710520000006,83.20000063999998,40.806571465000005,0.9562348265919056,0.29260033563334836,2014-03-23,11.265714285714283,11.242857142857144,11.254285714285714,True,True,True,True
2014-03-23,11.265714285714283,11.242857142857144,11.26142857142857,11.278571428571428,11.259999999999998,0.02285714285713958,34.9,8.2171425,5.189999885714286,12.558571285714285,1009.8142914285714,81.18214342857142,5.199999985714285,95.85714285714286,8.044081949999999,46.20000010000004,33.04322390000001,102.20000063999998,47.541380630000006,0.9844738167520922,0.1755314904214282,2014-03-30,11.268571428571429,11.265714285714283,11.225714285714286,True,True,True,True
2014-03-30,11.268571428571429,11.265714285714283,11.242857142857144,11.27,11.259642857142858,0.002857142857145334,0.0,7.365714185714286,1.4871428142857144,13.778571357142855,1016.07144,76.06142942857143,3.4599999,155.57142857142858,12.5832523,38.50000010000003,39.72296695000001,96.60000053999998,57.237207330000004,0.9984354211555643,0.055916990100603484,2014-04-06,11.251428571428573,11.268571428571429,11.214285714285714,True,True,True,True
2014-04-06,11.251428571428573,11.268571428571429,11.265714285714283,11.26142857142857,11.257142857142858,-0.017142857142856016,0.90000004,11.32714257142857,6.051428414285715,16.944285285714283,1010.8000171428572,84.25643057142858,2.771428485714285,113.57142857142856,10.24149406,39.40000014000003,40.92804801000001,68.60000037999998,64.28561638,0.9979171608653922,-0.06450844944931623,2014-04-13,11.27,11.251428571428573,11.242857142857144,True,True,True,True
2014-04-13,11.27,11.251428571428573,11.268571428571429,11.242857142857144,11.263928571428572,0.018571428571426907,19.5,10.282856714285714,6.065714257142857,14.714285571428572,1017.1285771428572,81.25428785714287,4.025714214285714,135.0,11.7702976,55.30000004000003,42.639125910000004,75.70000017999999,71.89583643,0.9829265519799822,-0.18399835165768005,2014-04-20,11.258571428571427,11.27,11.258571428571427,True,True,True,True
2014-04-20,11.258571428571427,11.27,11.251428571428573,11.265714285714283,11.262142857142857,-0.011428571428572454,5.10000004,9.182857042857142,3.839999842857143,14.341428142857142,1019.1571485714286,73.11000057142857,5.1342856,201.0,17.184080599999998,25.500000080000035,51.77912456000001,71.70000017999999,84.82234846,0.9536809966304457,-0.30081980763566735,2014-04-27,11.241428571428573,11.258571428571427,11.224285714285717,True,True,True,True
2014-04-27,11.241428571428573,11.258571428571427,11.27,11.268571428571429,11.255357142857143,-0.01714285714285424,19.2,13.138570857142856,8.755713814285714,18.055714,1012.5142971428572,86.07857285714286,2.9085714285714284,163.57142857142858,15.559767099999998,44.70000008000004,54.75563936,83.20000017999999,94.47860630999999,0.9106046300942162,-0.4132786077829042,2014-05-04,11.272857142857143,11.241428571428573,11.195714285714288,True,True,True,True
2014-05-04,11.272857142857143,11.241428571428573,11.258571428571427,11.251428571428573,11.260714285714286,0.03142857142857025,24.7,11.039999728571429,7.258571357142857,15.249999571428573,1016.5,81.16543514285715,2.6414285428571427,157.85714285714286,14.090093,68.50000004000003,58.604238300000006,107.90000017999998,99.53228630999999,0.854322169749827,-0.5197438121555155,2014-05-11,11.272857142857143,11.272857142857143,11.177142857142856,True,True,True,True
2014-05-11,11.272857142857143,11.272857142857143,11.241428571428573,11.27,11.261428571428572,0.0,53.90000140000001,11.747142642857142,8.9085711,14.929999642857142,1006.8571428571428,82.94587285714286,4.888571371428571,127.42857142857144,11.71105276,102.90000144000004,58.54499346000001,158.20000148,101.18411936999999,0.7856498550787147,-0.6186714032625031,2014-05-18,11.295714285714284,11.272857142857143,11.221428571428572,True,True,True,True
2014-05-18,11.295714285714284,11.272857142857143,11.272857142857143,11.258571428571427,11.270714285714286,0.022857142857141355,4.9000003,11.245714142857144,5.511428457142857,16.368571214285716,1022.2285714285716,78.295715,3.2571428428571427,227.7142857142857,20.5877655,102.70000170000004,61.94867836,128.20000177999998,113.72780291999999,0.705583610107178,-0.7086266782644596,2014-05-25,11.262857142857143,11.295714285714284,11.231428571428571,True,True,True,True
2014-05-25,11.262857142857143,11.295714285714284,11.272857142857143,11.241428571428573,11.276071428571427,-0.03285714285714114,7.800000000000001,17.46,11.154285428571429,22.417142428571427,1011.4285828571428,74.09714357142857,2.819999985714286,231.8571428571429,24.1612221,91.30000170000004,70.55013336,136.00000178,125.30577272,0.6152845999633276,-0.7883050558305255,2014-06-01,11.304285714285712,11.262857142857143,11.26142857142857,True,True,True,True
2014-06-01,11.304285714285712,11.262857142857143,11.295714285714284,11.272857142857143,11.28392857142857,0.04142857142856826,72.5,13.072857,8.687142814285714,17.572857,1018.3142857142856,80.35173685714287,3.508571357142857,179.14285714285714,16.907763,139.10000170000004,73.36780336000001,207.60000174,131.97204166,0.5160623910158528,-0.8565509959010036,2014-06-08,11.29,11.304285714285712,11.237142857142857,True,True,True,True
2014-06-08,11.29,11.304285714285712,11.262857142857143,11.272857142857143,11.288214285714284,-0.014285714285712459,18.2,16.11142842857143,10.548571171428572,21.447142857142858,1014.0571428571428,76.71143,2.865714214285714,245.7142857142857,24.8840066,103.40000030000003,86.5407572,206.30000174,145.08575065999997,0.4093559588156213,-0.9123747579707273,2014-06-15,11.254285714285714,11.29,11.212857142857144,True,True,True,True
2014-06-15,11.254285714285714,11.29,11.304285714285712,11.295714285714284,11.277857142857142,-0.0357142857142847,4.6,17.39428571428571,12.378571285714289,22.545713857142857,1022.38572,76.25928742857143,3.322857085714286,246.28571428571428,25.5007412,103.10000000000004,91.4537329,205.80000170000002,153.40241126,0.29671281927349075,-0.9549667548552551,2014-06-22,11.204285714285716,11.254285714285714,11.215714285714284,True,True,True,True
2014-06-22,11.204285714285716,11.254285714285714,11.29,11.262857142857143,11.263214285714286,-0.049999999999998934,3.4,14.521428428571427,10.445714071428572,18.562857142857144,1020.5142914285716,78.40928685714286,4.177142842857143,166.0,16.199443199999997,98.70000000000003,83.491954,190.00000169999998,154.04208735999998,0.1797665857255624,-0.9837092937736097,2014-06-29,11.131428571428572,11.204285714285716,11.264285714285714,True,True,True,True
2014-06-29,11.131428571428572,11.204285714285716,11.254285714285714,11.304285714285712,11.22,-0.07285714285714384,16.5,15.291428571428572,10.891428571428571,20.007142857142856,1014.6714457142856,78.84571557142856,2.505714257142857,205.28571428571428,20.3931271,42.70000000000003,86.9773181,181.8000017,160.34512145999997,0.06021327736579302,-0.9981855344718586,2014-07-06,11.071428571428571,11.131428571428572,11.228571428571428,True,True,True,True
2014-07-06,11.071428571428571,11.131428571428572,11.204285714285716,11.29,11.165357142857143,-0.0600000000000005,13.30000064,17.424285571428573,11.262856714285714,22.882857,1013.9857314285716,76.47428571428573,3.2514285285714286,229.7142857142857,23.814575600000005,37.80000064000003,85.90788710000001,141.20000094,172.44864429999998,-0.060213277365792774,-0.9981855344718586,2014-07-13,11.062857142857142,11.071428571428571,11.131428571428572,True,True,True,True
2014-07-13,11.062857142857142,11.071428571428571,11.131428571428572,11.254285714285714,11.1175,-0.008571428571428896,12.9,18.79285685714285,14.06999935714286,24.002857,1011.0428628571428,81.16803857142857,3.204285642857143,199.0,21.55139424,46.100000640000026,81.95854014000001,149.20000063999998,173.41227304,-0.17976658572556214,-0.9837092937736098,2014-07-20,10.927142857142856,11.062857142857142,11.01,True,True,True,True
2014-07-20,10.927142857142856,11.062857142857142,11.071428571428571,11.204285714285716,11.048214285714286,-0.13571428571428612,18.2,21.01999957142857,14.862856857142855,26.70142757142857,1015.9142857142856,73.82785714285716,2.798571414285714,236.14285714285717,26.392392599999997,60.90000064000003,92.15148954,159.60000064,175.64344354,-0.2967128192734901,-0.9549667548552553,2014-07-27,10.97,10.927142857142856,10.914285714285716,True,True,True,True
2014-07-27,10.97,10.927142857142856,11.062857142857142,11.131428571428572,11.007857142857143,0.04285714285714448,15.800001,20.41999985714286,16.50714257142857,24.36142828571429,1016.4000114285716,80.93410714285713,3.0942857,215.7142857142857,23.870313,60.20000164000003,95.62867544000002,102.90000163999999,182.60599354000001,-0.4093559588156211,-0.9123747579707274,2014-08-03,10.85,10.97,11.027142857142858,True,True,True,True
2014-08-03,10.85,10.97,10.927142857142856,11.071428571428571,10.9525,-0.120000000000001,4.6,20.13428557142857,14.204285428571428,25.934285428571428,1011.2285828571428,77.15500057142857,2.884285671428572,233.14285714285717,25.5549022,51.500001000000026,97.36900204,89.30000163999998,183.27688914,-0.5160623910158526,-0.8565509959010037,2014-08-10,10.79142857142857,10.85,11.117142857142856,True,True,True,True
2014-08-10,10.79142857142857,10.85,10.97,11.062857142857142,10.884642857142858,-0.05857142857142961,23.700001,18.577142714285717,12.397142428571428,24.23428557142857,1012.2428628571428,77.85071500000001,3.109999957142857,184.8571428571429,19.6763905,62.300002000000035,95.4939983,108.40000263999998,177.45253843999998,-0.6152845999633277,-0.7883050558305253,2014-08-17,10.915714285714284,10.79142857142857,11.145714285714286,True,True,True,True
2014-08-17,10.915714285714284,10.79142857142857,10.85,10.927142857142856,10.881785714285712,0.12428571428571367,32.500000099999994,15.347142285714286,11.834285142857144,19.575714142857144,1008.5142971428572,81.15642857142858,4.369999942857143,171.14285714285714,17.1458125,76.60000210000003,86.2474182,137.50000273999996,178.39890774,-0.7055836101071774,-0.70862667826446,2014-08-24,11.154285714285717,10.915714285714284,11.12857142857143,True,True,True,True
2014-08-24,11.154285714285717,10.915714285714284,10.79142857142857,10.97,10.927857142857142,0.23857142857143288,35.800000000000004,12.368571142857144,8.292857071428571,17.12,1011.2285771428571,85.59000071428571,3.5942856428571432,161.14285714285714,14.9555437,96.60000110000003,77.33264890000001,156.80000273999997,172.96132434000003,-0.7856498550787144,-0.6186714032625032,2014-08-31,11.11285714285714,11.154285714285717,11.0,True,True,True,True
2014-08-31,11.11285714285714,11.154285714285717,10.915714285714284,10.85,10.993571428571427,-0.04142857142857714,15.7000001,14.951428428571427,9.627142642857144,19.849999714285712,1013.2714285714284,82.12857199999999,2.96,154.28571428571428,15.1907788,107.70000120000003,66.96852550000001,159.20000219999997,164.33752754,-0.8543221697498269,-0.5197438121555157,2014-09-07,11.078571428571427,11.11285714285714,10.96,True,True,True,True
2014-09-07,11.078571428571427,11.11285714285714,11.154285714285717,10.79142857142857,11.065357142857142,-0.03428571428571203,0.0,16.52142842857143,10.918571214285716,21.878571285714287,1018.4285714285714,86.13022757142858,2.22,150.85714285714286,15.369252,84.00000020000003,62.66138700000001,146.3000022,158.1553853,-0.9106046300942162,-0.41327860778290443,2014-09-14,10.987142857142857,11.078571428571427,11.225714285714286,True,True,True,True
2014-09-14,10.987142857142857,11.078571428571427,11.11285714285714,10.915714285714284,11.083214285714284,-0.09142857142857075,0.0,15.107142571428572,10.369999714285717,19.72,1021.342857142857,84.49214285714285,2.9842856857142857,134.71428571428572,13.308232,51.50000010000004,58.8238065,128.10000219999998,145.07122470000002,-0.9536809966304455,-0.300819807635668,2014-09-21,10.911428571428573,10.987142857142857,11.23,True,True,True,True
2014-09-21,10.911428571428573,10.987142857142857,11.078571428571427,11.154285714285717,11.022499999999999,-0.07571428571428385,3.4,17.377142714285714,12.368571285714284,22.98999957142857,1014.5142857142856,84.83071485714287,2.688571385714286,139.71428571428572,14.5703742,19.100000100000035,58.43863700000001,115.70000119999997,135.7712859,-0.9829265519799822,-0.18399835165767986,2014-09-28,10.945714285714288,10.911428571428573,11.18142857142857,True,True,True,True
2014-09-28,10.945714285714288,10.911428571428573,10.987142857142857,11.11285714285714,10.980714285714287,0.034285714285715585,13.7,13.228571142857144,7.942857057142858,17.734285285714286,1019.6142914285714,84.47756357142858,2.997142757142857,93.28571428571428,8.8004247,17.100000000000037,52.04828290000001,124.80000119999998,119.0168084,-0.9979171608653922,-0.06450844944931625,2014-10-05,10.978571428571428,10.945714285714288,11.13,True,True,True,True
2014-10-05,10.978571428571428,10.945714285714288,10.911428571428573,11.078571428571427,10.955714285714286,0.032857142857139365,9.1000001,15.309999714285714,11.414285714285716,19.39571414285714,1022.1714285714286,89.08274800000001,2.3085714000000004,90.28571428571428,8.97220463,26.200000100000036,45.65123553000001,110.20000029999999,108.31262253,-0.9984354211555643,0.05591699010060302,2014-10-12,11.031428571428572,10.978571428571428,11.141428571428571,True,True,True,True
2014-10-12,11.031428571428572,10.978571428571428,10.945714285714288,10.987142857142857,10.966785714285715,0.05285714285714427,16.9,12.75,9.4514285,16.148571285714286,1007.5857142857144,88.13896642857142,3.9214285714285713,74.14285714285714,6.96694797,43.10000010000003,39.309951500000004,94.60000019999998,98.133758,-0.9844738167520923,0.17553149042142777,2014-10-19,11.075714285714286,11.031428571428572,11.194285714285714,True,True,True,True
2014-10-19,11.075714285714286,11.031428571428572,10.978571428571428,10.911428571428573,11.007857142857144,0.044285714285713595,8.7000001,14.072857,10.65714257142857,17.94714257142857,1008.4285771428572,91.20418928571428,3.5471428,55.142857142857146,5.35097019,48.400000200000036,30.090547490000006,67.50000029999998,88.52918449,-0.9562348265919058,0.2926003356333479,2014-10-26,11.15857142857143,11.075714285714286,11.214285714285714,True,True,True,True
2014-10-26,11.15857142857143,11.075714285714286,11.031428571428572,10.945714285714288,11.061071428571429,0.08285714285714363,25.7000004,11.632857142857144,9.132857,13.971428571428572,1015.2142914285714,87.14247342857142,4.617142785714286,40.42857142857143,3.69786788,60.400000600000034,24.987990670000006,77.50000059999999,77.03627356999999,-0.9141279881853337,0.4054257283599973,2014-11-02,11.138571428571428,11.15857142857143,11.255714285714284,True,True,True,True
2014-11-02,11.138571428571428,11.15857142857143,11.075714285714286,10.978571428571428,11.101071428571428,-0.02000000000000135,7.6,11.829999785714287,8.802856957142856,15.177142714285711,1017.8143028571428,89.4495007142857,3.5085714,55.285714285714285,5.08545975,58.90000050000004,21.101245790000007,85.10000059999999,66.75248132,-0.858763958275803,0.5123714121284235,2014-11-09,11.14857142857143,11.138571428571428,11.3,True,True,True,True
2014-11-09,11.14857142857143,11.138571428571428,11.15857142857143,11.031428571428572,11.130357142857143,0.010000000000001563,5.4,8.692856914285715,6.168571414285714,11.369999785714285,1003.0428685714286,88.11619228571429,3.771428528571428,41.85714285714285,3.54265206,47.40000050000004,17.67694988000001,90.50000059999999,56.98690138,-0.7909456567567774,0.6118864012687242,2014-11-16,11.145714285714286,11.14857142857143,11.3,True,True,True,True
2014-11-16,11.145714285714286,11.14857142857143,11.138571428571428,11.075714285714286,11.147857142857145,-0.0028571428571435575,24.4,8.707142685714286,5.612857114285714,11.291428428571429,1005.9571542857144,92.22332057142856,3.1114285571428573,29.428571428571427,2.4677183300000003,63.100000400000035,14.793698020000008,111.50000059999998,44.88424551,-0.711656622281775,0.7025274741691566,2014-11-23,11.204285714285716,11.145714285714286,11.274285714285714,True,True,True,True
2014-11-23,11.204285714285716,11.145714285714286,11.14857142857143,11.15857142857143,11.159285714285714,0.05857142857142961,4.8,7.095714257142857,4.214285671428572,9.547142571428571,1018.0714342857144,91.00367671428572,2.951428542857143,29.285714285714285,2.34754374,42.20000000000003,13.443373880000006,102.60000059999997,38.43136455,-0.622046748440868,0.7829801036770624,2014-11-30,11.187142857142858,11.204285714285716,11.274285714285714,True,True,True,True
2014-11-30,11.187142857142858,11.204285714285716,11.145714285714286,11.138571428571428,11.171428571428573,-0.017142857142857792,1.3000001,3.664285685714286,1.5357142357142857,5.872857128571428,1016.9714485714286,88.80232428571428,4.212857071428571,27.142857142857142,1.96910425,35.900000100000035,10.327018380000007,94.80000059999998,31.42826417,-0.5234156073655503,0.8520775211013093,2014-12-07,11.154285714285717,11.187142857142858,11.285714285714286,True,True,True,True
2014-12-07,11.154285714285717,11.187142857142858,11.204285714285716,11.14857142857143,11.172857142857143,-0.03285714285714114,7.7000003,0.7528571571428572,-1.4114285514285714,2.8728570957142856,1018.4285828571428,89.28938657142858,3.791428542857143,14.714285714285714,0.9563928,38.200000400000036,7.740759120000007,85.60000089999998,25.417709000000002,-0.41719360261231697,0.9088176373395028,2014-12-14,11.239999999999998,11.154285714285717,11.284285714285714,True,True,True,True
2014-12-14,11.239999999999998,11.154285714285717,11.187142857142858,11.145714285714286,11.196428571428571,0.08571428571428186,41.600001,3.661428571428572,0.9814285365714286,6.359999885714286,1009.6571542857145,88.37077771428572,5.641428499999999,19.857142857142858,1.4090567900000002,55.400001400000036,6.682097580000008,118.50000179999998,21.4757956,-0.3049212246562894,0.9523775757303973,2014-12-21,11.268571428571429,11.239999999999998,11.281428571428572,True,True,True,True
2014-12-21,11.268571428571429,11.239999999999998,11.154285714285717,11.204285714285716,11.2125,0.028571428571430246,41.5,6.837142785714286,4.1742857,9.452857071428571,1010.7142857142856,88.84309499999999,6.324285714285714,12.857142857142858,1.007666754,92.10000140000004,5.342220594000008,134.30000139999999,18.785594474000003,-0.1882267098432439,0.9821256058680006,2014-12-28,11.281428571428572,11.268571428571429,11.29857142857143,True,True,True,True
2014-12-28,11.281428571428572,11.268571428571429,11.239999999999998,11.187142857142858,11.236071428571428,0.012857142857143344,27.1000016,4.869999961428571,2.145714285714286,6.9999999142857146,1016.5,84.25928714285715,6.262857042857143,19.714285714285715,1.3672166600000002,117.90000290000003,4.740333004000007,153.80000299999998,15.067351384,-0.06880242680232064,0.9976303053065857,2015-01-04,11.26,11.281428571428572,11.285714285714286,True,True,True,True
2015-01-04,11.26,11.281428571428572,11.268571428571429,11.154285714285717,11.2625,-0.02142857142857224,8.9,4.255714228571429,1.6899999371428571,6.349999957142857,1028.5142857142855,85.68010285714286,5.0485714,22.571428571428573,1.630717694,119.10000260000004,5.414657898000008,157.30000299999998,13.155417018000001,0.051619667223253764,0.998666816288476,2015-01-11,11.262857142857143,11.26,11.305714285714286,True,True,True,True
2015-01-11,11.262857142857143,11.26,11.281428571428572,11.239999999999998,11.268214285714286,0.0028571428571435575,30.400000100000003,5.578571328571428,2.8614285571428573,8.167142771428571,1017.4714342857144,85.90976357142857,6.772856928571429,18.142857142857142,1.3571450699999998,107.90000170000005,5.362746178000007,163.30000309999997,12.044843758,0.1712931441814776,0.9852201067560606,2015-01-18,11.3,11.262857142857143,11.292857142857144,True,True,True,True
2015-01-18,11.3,11.262857142857143,11.26,11.268571428571429,11.276071428571429,0.037142857142857366,62.30000010000001,4.928571314285714,2.4742856714285715,7.147142714285715,1005.2714342857143,87.69047785714285,6.2299999,21.571428571428573,1.55870071,128.70000180000005,5.913780134000008,220.8000032,11.256000728,0.288482432880609,0.9574851883550393,2015-01-25,11.272857142857143,11.3,11.277142857142858,True,True,True,True
2015-01-25,11.272857142857143,11.3,11.262857142857143,11.281428571428572,11.273928571428574,-0.02714285714285758,9.2000001,-0.1157142857142857,-2.4428571242857147,1.7899999714285717,1018.7428628571428,90.51309642857144,2.905714214285714,24.428571428571427,1.5113941,110.80000030000005,6.057957574000007,228.7000032,10.798290578,0.401487989205973,0.9158642882672872,2015-02-01,11.287142857142856,11.272857142857143,11.287142857142856,True,True,True,True
2015-02-01,11.287142857142856,11.272857142857143,11.3,11.26,11.280714285714286,0.014285714285712459,31.200001,2.335714265714286,-0.1042857142857143,4.579999871428571,994.7000114285714,91.55396371428571,4.445714185714285,27.142857142857142,1.85004906,133.10000130000006,6.277288940000007,252.2000039,11.691946838,0.5086709438521044,0.8609610158889943,2015-02-08,11.27142857142857,11.287142857142856,11.28285714285714,True,True,True,True
2015-02-08,11.27142857142857,11.287142857142856,11.272857142857143,11.262857142857143,11.282857142857143,-0.015714285714285126,6.700000340000001,0.7700000014285714,-2.538571357142857,3.8399998714285712,1019.4285828571428,88.44968714285713,3.3814285142857146,49.57142857142857,3.16844799,109.40000154000006,8.088591860000008,217.30000324000002,13.451338038,0.6084768701151261,0.7935716089521474,2015-02-15,11.264285714285714,11.27142857142857,11.287142857142856,True,True,True,True
2015-02-15,11.264285714285714,11.27142857142857,11.287142857142856,11.3,11.273928571428572,-0.007142857142856229,1.5,4.2357141857142855,2.2657142857142856,6.552857071428571,1021.0143142857142,87.28616657142857,3.4457142142857142,39.285714285714285,2.84655146,48.600001440000035,9.376442610000007,177.30000324000002,15.290222744000001,0.699458327051647,0.7146733860429609,2015-02-22,11.257142857142856,11.264285714285714,11.278571428571428,True,True,True,True
2015-02-22,11.257142857142856,11.264285714285714,11.27142857142857,11.272857142857143,11.27,-0.007142857142858006,35.50000034,2.5099999285714287,-0.9214285685714286,6.838571328571429,1016.9857342857142,89.34625857142858,4.2828571,59.42857142857143,4.03532816,74.90000168000003,11.900376670000007,185.70000198,17.958334244,0.7802958510707755,0.6254105729852463,2015-03-01,11.281428571428572,11.257142857142856,11.27,True,True,True,True
2015-03-01,11.281428571428572,11.257142857142856,11.264285714285714,11.287142857142856,11.268571428571427,0.024285714285715798,27.8000014,5.001428571428571,1.4614285442857144,8.161428571428571,1006.8000057142856,84.97319271428572,5.569999914285715,69.0,5.1803111,71.50000208000003,15.230638710000008,204.60000337999998,21.50792765,0.8498170915275278,0.5270777086423722,2015-03-08,11.278571428571428,11.281428571428572,11.26142857142857,True,True,True,True
2015-03-08,11.278571428571428,11.281428571428572,11.257142857142856,11.27142857142857,11.270357142857142,-0.0028571428571435575,10.6,5.635714157142857,2.035714281428571,9.82142837142857,1021.9571428571428,80.89928642857141,5.3314284857142855,81.14285714285714,6.30008462,75.40000174000002,18.362275340000007,184.80000328,26.4508672,0.9070138128026359,0.4211008707960896,2015-03-15,11.254285714285714,11.278571428571428,11.242857142857144,True,True,True,True
2015-03-15,11.254285714285714,11.278571428571428,11.281428571428572,11.264285714285714,11.267857142857142,-0.024285714285714022,1.3000001,4.8757142571428576,0.2985714528571428,9.06285692857143,1029.1714714285715,83.69500000000001,3.5514285142857145,106.71428571428572,7.87669505,75.20000184000003,23.39241893000001,123.80000327999998,32.76886154,0.9510565162951535,0.30901699437494745,2015-03-22,11.237142857142857,11.254285714285714,11.265714285714283,True,True,True,True
2015-03-22,11.237142857142857,11.254285714285714,11.278571428571428,11.257142857142856,11.262857142857143,-0.017142857142857792,3.4,6.1557142,1.1071428214285717,11.397142714285716,1025.1285857142857,83.27643,3.5185714,126.0,9.76650036,43.10000150000003,29.123591130000005,118.00000318,41.0239678,0.9813064702716093,0.19245158197082998,2015-03-29,11.252857142857142,11.237142857142857,11.268571428571429,True,True,True,True
2015-03-29,11.252857142857142,11.237142857142857,11.254285714285714,11.281428571428572,11.255714285714284,0.015714285714285126,30.0,5.819999971428572,1.7442857285714284,9.07,1008.1428571428572,87.33117885714286,4.571428542857142,82.85714285714286,6.27596212,45.300000100000034,30.219242150000007,116.80000217999998,45.44988086,0.9973249731081555,0.07309512989807777,2015-04-05,11.28285714285714,11.252857142857142,11.251428571428573,True,True,True,True
2015-04-05,11.28285714285714,11.252857142857142,11.237142857142857,11.278571428571428,11.256785714285712,0.029999999999997584,31.1,5.344285671428572,1.2885714314285714,9.117142857142856,1012.7000057142858,77.6121442857143,6.064285514285714,145.14285714285714,10.9492408,65.80000010000003,34.868398330000005,141.20000183999997,53.23067367,0.9988797155850336,-0.04732138832243185,2015-04-12,11.267142857142858,11.28285714285714,11.27,True,True,True,True
2015-04-12,11.267142857142858,11.28285714285714,11.252857142857142,11.254285714285714,11.259999999999998,-0.015714285714281573,3.5,8.285714285714286,2.921428557142857,13.955714,1026.8428571428572,83.08428571428571,3.338571357142857,161.28571428571428,13.4358397,68.00000000000003,40.427542980000005,143.20000183999997,63.81996191,0.9859481499638304,-0.16705162550211924,2015-04-19,11.244285714285716,11.267142857142858,11.258571428571427,True,True,True,True
2015-04-19,11.244285714285716,11.267142857142858,11.28285714285714,11.237142857142857,11.261785714285715,-0.022857142857141355,0.0,8.558571128571428,3.0871428428571432,14.432857,1022.6285714285714,75.47071428571428,3.887142828571428,214.0,17.8573959,64.60000000000004,48.518438520000004,107.70000149999998,77.64202965000001,0.9587178169872964,-0.2843591872810034,2015-04-26,11.21,11.244285714285716,11.241428571428573,True,True,True,True
2015-04-26,11.21,11.244285714285716,11.267142857142858,11.252857142857142,11.251071428571429,-0.034285714285715585,3.3,9.33,4.017142828571429,14.657142785714283,1018.8857257142856,81.60312142857143,3.475714285714285,182.42857142857144,15.54383581,37.900000000000034,57.786312210000006,83.20000009999998,88.00555436,0.9175836260593937,-0.39754281428255595,2015-05-03,11.218571428571428,11.21,11.272857142857143,True,True,True,True
2015-05-03,11.218571428571428,11.21,11.244285714285716,11.28285714285714,11.235000000000001,0.00857142857142712,13.900000100000002,7.812857071428572,0.9328571642857144,13.321428,1010.7571485714286,74.50142985714285,4.002857114285715,203.42857142857144,16.586538899999997,20.700000100000036,63.42361031,86.50000019999999,98.29200864,0.8631421280499114,-0.5049610547215204,2015-05-10,11.245714285714286,11.218571428571428,11.272857142857143,True,True,True,True
2015-05-10,11.245714285714286,11.218571428571428,11.21,11.267142857142858,11.229642857142856,0.02714285714285758,26.800000000000004,12.734285571428572,8.058571371428572,17.355714142857142,1011.8428685714284,75.30357342857143,5.117142814285714,195.57142857142856,18.315755,44.00000010000004,68.30352561,112.0000001,108.73106859,0.7961828637826158,-0.6050560696488488,2015-05-17,11.20857142857143,11.245714285714286,11.295714285714284,True,True,True,True
2015-05-17,11.20857142857143,11.245714285714286,11.218571428571428,11.244285714285716,11.220714285714287,-0.03714285714285559,1.4,11.162857,5.805714042857143,16.47428557142857,1018.7428628571428,73.89071571428572,3.9628570571428576,203.14285714285717,18.3973645,45.40000010000004,68.84349420999999,110.00000009999998,117.36193272999999,0.717676913675962,-0.6963762255968722,2015-05-24,11.208571428571428,11.20857142857143,11.262857142857143,True,True,True,True
2015-05-24,11.208571428571428,11.20857142857143,11.245714285714286,11.21,11.220357142857143,-1.7763568394002505e-15,17.099999999999998,11.14714257142857,6.331428528571428,15.792857,1016.4428628571428,77.25071428571428,3.877142842857143,213.14285714285717,19.238806,59.20000010000004,72.5384644,97.10000009999999,130.32477661000001,0.6287628145958344,-0.7775971469736269,2015-05-31,11.191428571428572,11.208571428571428,11.304285714285712,True,True,True,True
2015-05-31,11.191428571428572,11.208571428571428,11.20857142857143,11.218571428571428,11.213571428571429,-0.017142857142856016,23.6000001,11.16428557142857,6.791428528571429,15.56714242857143,1013.8142971428572,77.4542857142857,4.248571428571429,173.85714285714286,15.5812418,68.90000010000004,71.5331673,89.60000019999998,134.95677761,0.5307300481619334,-0.8475409228928311,2015-06-07,11.222857142857142,11.191428571428572,11.29,True,True,True,True
2015-06-07,11.222857142857142,11.191428571428572,11.208571428571428,11.245714285714286,11.207857142857144,0.03142857142857025,11.1,14.457142428571428,7.5885710571428575,19.28999957142857,1019.8571485714284,71.80000128571429,4.401428542857143,251.42857142857144,24.4971615,53.200000100000025,77.71457380000001,97.20000019999999,146.01809941,0.42500033996955416,-0.9051931898913974,2015-06-14,11.162857142857144,11.222857142857142,11.254285714285714,True,True,True,True
2015-06-14,11.162857142857144,11.222857142857142,11.191428571428572,11.20857142857143,11.196428571428571,-0.05999999999999872,3.2000001,14.561428214285714,8.812857085714286,19.44142857142857,1020.6428571428572,75.50642914285716,3.809999871428571,236.8571428571429,23.191875,55.00000020000003,82.5090843,100.40000029999999,151.35257851,0.3131070409358269,-0.9497178427914316,2015-06-21,11.105714285714283,11.162857142857144,11.204285714285716,True,True,True,True
2015-06-21,11.105714285714283,11.162857142857144,11.222857142857142,11.208571428571428,11.170714285714286,-0.05714285714286049,11.7,12.414285714285716,7.229999757142857,16.82999985714286,1019.1285828571428,79.9542857142857,3.421428542857143,180.8571428571429,16.7679738,49.60000020000003,80.03825210000001,108.8000003,152.57671649999997,0.19667288979357647,-0.980469160361632,2015-06-28,11.17,11.105714285714283,11.131428571428572,True,True,True,True
2015-06-28,11.17,11.105714285714283,11.162857142857144,11.191428571428572,11.165357142857143,0.06428571428571672,16.5,14.958571428571428,9.297142857142855,19.482856714285717,1016.3428628571428,82.00857214285715,2.9799999571428573,189.0,18.7296182,42.50000010000004,83.18662850000001,111.4000002,154.71979579999999,0.07738647923346301,-0.9970011699250151,2015-07-05,11.117142857142856,11.17,11.071428571428571,True,True,True,True
2015-07-05,11.117142857142856,11.17,11.105714285714283,11.222857142857142,11.13892857142857,-0.05285714285714427,34.4,21.591428428571422,14.742856857142856,28.555713571428573,1019.88572,74.24357142857143,3.19,290.85714285714283,32.5981683,65.80000010000003,91.2876353,119.00000019999997,169.0022091,-0.04302223300453034,-0.99907411510223,2015-07-12,11.12857142857143,11.117142857142856,11.062857142857142,True,True,True,True
2015-07-12,11.12857142857143,11.117142857142856,11.17,11.162857142857144,11.130357142857143,0.01142857142857423,10.0000004,16.79571357142857,11.172856828571428,21.892857,1015.2857314285716,77.39142914285715,3.8314285,215.14285714285717,22.0818514,72.60000040000003,90.1776117,127.60000059999999,172.68669599999998,-0.16280701293851646,-0.9866579328916572,2015-07-19,11.14,11.12857142857143,10.927142857142856,True,True,True,True
2015-07-19,11.14,11.12857142857143,11.117142857142856,11.105714285714283,11.138928571428572,0.011428571428570677,29.1000004,17.472856857142855,12.935713857142858,21.27142814285714,1014.6285828571428,84.49341414285713,3.4585713,180.57142857142856,18.9636127,90.00000080000002,92.37325059999999,139.600001,172.4115027,-0.2802306751992161,-0.9599326896597445,2015-07-26,11.114285714285714,11.14,10.97,True,True,True,True
2015-07-26,11.114285714285714,11.14,11.12857142857143,11.17,11.125,-0.02571428571428669,29.4000011,17.0671425,11.677142428571427,22.064285428571427,1010.6000114285714,79.41857142857144,3.7128571285714287,204.8571428571429,21.242336100000003,102.90000190000002,94.8859685,145.40000199999997,178.072597,-0.39359027665646645,-0.9192859697186105,2015-08-02,11.305714285714286,11.114285714285714,10.85,True,True,True,True
2015-08-02,11.305714285714286,11.114285714285714,11.14,11.117142857142856,11.172142857142859,0.19142857142857217,78.10000099999999,14.674285428571428,10.214285285714285,19.34714285714286,1010.78572,80.54428728571429,3.939999957142857,196.42857142857144,19.2781364,146.60000290000002,81.5659366,212.40000299999997,172.85357190000002,-0.5012418134457756,-0.8653072543632061,2015-08-09,11.252857142857142,11.305714285714286,10.79142857142857,True,True,True,True
2015-08-09,11.252857142857142,11.305714285714286,11.114285714285714,11.12857142857143,11.203214285714285,-0.05285714285714427,11.1,18.401428142857142,10.909999742857142,25.041428571428572,1016.9285828571428,78.31428757142858,2.572857114285714,230.42857142857144,24.530331,147.7000025,84.0144162,220.30000289999998,174.1920279,-0.6016240632249227,-0.7987793728863648,2015-08-16,11.215714285714286,11.252857142857142,10.915714285714284,True,True,True,True
2015-08-16,11.215714285714286,11.252857142857142,11.305714285714286,11.14,11.222142857142856,-0.03714285714285559,56.7,18.591428285714283,14.49571392857143,22.94142842857143,1015.27144,85.6090827142857,2.9814285428571425,149.71428571428572,16.058801900000002,175.30000210000003,81.1096054,265.3000029,173.48285600000003,-0.6932812268869771,-0.7206671495538615,2015-08-23,11.294285714285715,11.215714285714286,11.154285714285717,True,True,True,True
2015-08-23,11.294285714285715,11.215714285714286,11.252857142857142,11.114285714285714,11.267142857142858,0.07857142857142918,21.6,17.539999857142856,12.2999995,22.547142714285712,1016.9142914285716,78.69553842857144,2.7842856428571428,170.71428571428572,17.9783833,167.50000100000003,77.8456526,270.4000029,172.7316211,-0.7748840413670406,-0.6321034111873488,2015-08-30,11.297142857142855,11.294285714285715,11.11285714285714,True,True,True,True
2015-08-30,11.297142857142855,11.294285714285715,11.215714285714286,11.305714285714286,11.264999999999999,0.002857142857140005,54.600001000000006,17.032857,12.518571142857144,21.499999714285718,1011.85716,83.62857199999999,3.7814285,144.28571428571428,14.9009043,144.00000100000005,73.46842050000001,290.6000039,155.03435710000002,-0.8452490573530634,-0.5343725582809785,2015-09-06,11.308571428571428,11.297142857142855,11.078571428571427,True,True,True,True
2015-09-06,11.308571428571428,11.297142857142855,11.294285714285715,11.252857142857142,11.27892857142857,0.011428571428572454,44.1000004,14.257142428571427,10.837142671428571,18.464285142857143,1013.3714342857144,87.04015914285715,4.379999928571428,130.57142857142858,12.6525726,177.00000140000003,61.5906621,324.7000039,145.6050783,-0.9033558023246842,-0.4288919379124841,2015-09-13,11.3,11.308571428571428,10.987142857142857,True,True,True,True
2015-09-13,11.3,11.308571428571428,11.297142857142855,11.215714285714286,11.3,-0.00857142857142712,8.80000014,13.932856571428571,9.5228571,18.502857142857145,1019.8857485714286,86.12500057142857,3.081428471428571,140.14285714285714,13.3672522,129.10000154000002,58.89911239999999,304.40000364,140.0087178,-0.9483615800121716,-0.31719128858910595,2015-09-20,,11.3,10.911428571428573,True,False,True,False
2015-09-20,,11.3,11.308571428571428,11.294285714285715,,,30.4000001,13.749999857142855,9.937142571428572,17.767142571428572,1006.7571428571428,88.17071685714286,3.891428428571429,92.0,8.79706367,137.90000164000003,49.71779277,305.40000264,127.56344537000001,-0.9796136916454901,-0.20089055513063528,2015-09-27,,,10.945714285714288,False,False,False,False
2015-09-27,,,11.3,11.297142857142855,,,8.1,11.834285571428572,6.877142614285715,16.740000000000002,1017.1285914285714,89.46913642857143,2.5314285,97.42857142857144,8.8464594,91.40000064000003,43.663347869999996,235.40000164,117.13176837,-0.99665890175417,-0.08167639533042288,2015-10-04,,,10.978571428571428,False,False,False,False
2015-10-04,,,,11.308571428571428,,,0.0,10.792857142857144,4.974285628571429,17.169999714285716,1028.6142914285715,87.29021071428572,2.3814285285714285,133.28571428571428,11.7841572,47.30000024000003,42.79493247,224.30000164,104.38559457000001,-0.9992500112396835,0.03872228089217399,2015-10-11,,,11.031428571428572,False,False,False,False
2015-10-11,,,,11.3,,,13.6000001,11.8628571,8.424285428571428,15.352856785714286,1015.3285828571428,86.86744571428572,3.052857085714286,77.71428571428571,6.8813464,52.100000200000025,36.30902667,181.20000173999998,95.20813907,-0.9873494423939864,0.15855938510313475,2015-10-18,,,11.075714285714286,False,False,False,False
2015-10-18,,,,,,,22.6,6.799999914285714,4.249999971428571,9.042857,1019.3285828571428,89.15122714285714,2.7642856428571427,39.42857142857143,3.0305656300000003,44.300000100000034,30.54252863,182.20000174,80.2603214,-0.9611297838723007,0.27609697309746883,2015-10-25,,,11.15857142857143,False,False,False,False
2015-10-25,,,,,,,2.0,10.098571000000002,5.822856857142858,13.32428514285714,1019.6142914285714,89.3339942857143,2.6928571142857143,44.285714285714285,3.83933887,38.200000100000025,25.535408099999998,129.60000073999998,69.19875597000001,-0.9209712877166347,0.38963044953078774,2015-11-01,,,11.138571428571428,False,False,False,False
2015-11-01,,,,,,,0.0,8.528571285714285,4.454285642857143,11.924285571428571,1021.1857285714286,92.16214642857145,2.5971428285714286,62.0,5.16946828,38.200000100000025,18.92071918,85.50000033999999,61.71565165,-0.8674563547295971,0.4975132889071803,2015-11-08,,,11.14857142857143,False,False,False,False
2015-11-08,,,,,,,27.5000013,11.671428571428573,8.235714214285714,14.681428428571428,1019.8571485714284,90.961965,3.5342856285714284,38.85714285714285,3.45756259,52.10000130000003,15.496935370000001,104.2000015,51.805962040000004,-0.801361088174677,0.5981809144059158,2015-11-15,,,11.145714285714286,False,False,False,False
2015-11-15,,,,,,,57.6000001,12.29857142857143,9.504285542857144,14.002857,1017.0142914285716,87.33635114285714,6.654285571428572,26.857142857142858,2.46066705,87.10000140000002,14.92703679,131.40000149999997,45.469565419999995,-0.7236440382959124,0.690173388242972,2015-11-22,,,11.204285714285716,False,False,False,False
2015-11-22,,,,,,,43.4,8.402856828571428,6.008571285714285,10.728571,1004.18572,86.31267157142858,5.907142814285714,23.285714285714285,1.9256704300000005,128.50000140000003,13.01336835,166.70000149999998,38.54877645,-0.6354323008901775,0.7721565844991641,2015-11-29,,,11.187142857142858,False,False,False,False
2015-11-29,,,,,,,32.2000006,5.115714114285715,2.379999971428572,7.812857085714286,1010.3,88.27830642857144,5.229999928571429,29.285714285714285,2.16996215,160.70000200000004,10.01386222,198.9000021,28.934581400000003,-0.5380051715382992,0.8429415373547832,2015-12-06,,,11.154285714285717,False,False,False,False
2015-12-06,,,,,,,20.8,8.765714285714285,6.401428514285714,11.018571285714286,1019.5000057142856,82.70189357142858,6.642857057142857,19.142857142857142,1.60975021,154.00000070000002,8.166049840000001,206.10000200000002,23.66298521,-0.4327755925504317,0.9015016841318838,2015-12-13,,,11.239999999999998,False,False,False,False
2015-12-13,,,,,,,27.900001000000003,7.544285542857144,5.342857100000001,10.195714285714288,1023.657157142857,87.97683842857143,5.024285628571429,25.571428571428573,2.07403978,124.30000160000004,7.779422570000001,211.400003,22.706459360000004,-0.32126966169236515,0.9469877530760751,2015-12-20,,,11.268571428571429,False,False,False,False
2015-12-20,,,,,,,6.700000000000001,9.815714142857145,7.741428514285714,11.562856785714288,1018.5714457142858,89.57582528571429,4.404285671428572,15.571428571428571,1.3362548400000005,87.60000160000004,7.190006980000001,216.100003,20.203375330000004,-0.20510449986861926,0.9787400799669153,2015-12-27,,,11.281428571428572,False,False,False,False
2015-12-27,,,,,,,14.9000001,10.3142855,7.655714171428571,12.732856785714286,1018.3285714285714,85.66906071428572,7.098571242857143,18.285714285714285,1.59876611,70.30000110000003,6.61881094,231.0000031,16.632673160000003,-0.0859647987374467,0.9962981749346077,2016-01-03,,,11.26,False,False,False,False
2016-01-03,,,,,,,8.5000003,5.648571364285714,3.424285671428571,7.749999985714285,1017.9285857142858,88.54711857142857,4.809999914285714,22.285714285714285,1.7362698,58.00000140000004,6.74533053,212.00000210000002,14.911380370000002,0.034327600513243496,0.9994106342455052,2016-01-10,,,11.262857142857143,False,False,False,False
2016-01-10,,,,,,,15.7,0.9514285571428572,-1.0742856857142855,3.6771426785714287,994.9428571428572,89.33950214285714,5.204285657142857,19.571428571428573,1.359813795,45.80000040000003,6.031104545000001,170.100002,13.810527115000001,0.15389057670406178,0.9880878960910772,2016-01-17,,,11.3,False,False,False,False
2016-01-17,,,,,,,42.9,2.127142871428572,0.1399999857142857,4.368571414285714,1005.9428685714286,91.15985357142856,3.9157142,20.285714285714285,1.34758129,82.00000040000003,6.042430995,169.600002,13.232437975000002,0.27123391067291003,0.9625134626077081,2016-01-24,,,11.272857142857143,False,False,False,False
2016-01-24,,,,,,,7.7,0.4142856885714286,-2.7514285285714286,3.36714286,1022.600017142857,90.08952571428571,3.311428457142857,32.285714285714285,1.97254828,74.80000030000002,6.416213165,145.1000014,13.035024105,0.3846650997070012,0.9230562068841761,2016-01-31,,,11.287142857142856,False,False,False,False
2016-01-31,,,,,,,38.2000001,7.998571285714285,5.155714271428572,10.117142785714284,1013.6142914285714,85.7200007142857,6.974285457142857,28.428571428571427,2.32219595,104.50000010000002,7.002139314999999,162.5000015,13.747469845,0.4925480679538643,0.8702852410301553,2016-02-07,,,11.27142857142857,False,False,False,False
2016-02-07,,,,,,,11.1000001,7.332857,4.958571328571429,9.001428200000001,1010.7571485714286,82.96438557142856,6.494285685714287,28.0,2.24373033,99.90000020000002,7.88605585,145.70000059999998,13.917160395,0.593326764377232,0.8049617075821959,2016-02-14,,,11.264285714285714,False,False,False,False
2016-02-14,,,,,,,49.7,3.4099999142857143,0.9671428714285714,6.052857128571428,992.7714285714284,88.80157799999999,5.661428514285714,36.42857142857143,2.60503156,106.70000020000003,9.14350612,188.70000059999998,15.185937115,0.6855476064742154,0.7280278011569848,2016-02-21,,,11.257142857142856,False,False,False,False
2016-02-21,,,,,,,27.10000004,2.847142714285714,-0.48571432,6.031428528571429,1016.68572,85.58109,4.527142828571429,60.42857142857143,3.9312775,126.10000024000003,11.10223534,200.90000053999998,17.518448505000002,0.7678804460366,0.6405931786981751,2016-02-28,,,11.281428571428572,False,False,False,False
2016-02-28,,,,,,,5.0,2.3514285,-1.3885714314285715,6.8785713,1013.1285771428572,86.12406071428572,3.474285642857143,78.71428571428571,5.2922239200000005,92.90000014000003,14.07226331,197.40000024,21.074402625,0.8391377545563938,0.5439189543287247,2016-03-06,,,11.278571428571428,False,False,False,False
2016-03-06,,,,,,,26.8000004,1.9385714257142852,-1.6114285285714287,6.192856985714286,1003.58572,88.89444928571427,3.4357142571428567,69.14285714285714,4.668353300000001,108.60000044000003,16.496886280000002,208.50000063999997,24.38294213,0.8982917515547528,0.4393995096591417,2016-03-13,,,11.254285714285714,False,False,False,False
2016-03-13,,,,,,,0.0,2.8128571,-1.2771428285714284,7.429999957142857,1021.0857485714286,82.88285785714287,3.478571357142857,109.85714285714286,7.608473440000001,58.90000044000003,21.500328160000002,165.60000064,30.643834280000004,0.9444892287836613,0.32854238191083485,2016-03-20,,,11.237142857142857,False,False,False,False
2016-03-20,,,,,,,3.6000001,4.958571342857143,0.7828571214285713,9.011428528571429,1027.2714571428571,83.77619085714286,3.738571385714286,97.28571428571428,7.13293773,35.400000500000026,24.701988390000004,161.50000074,35.804223730000004,0.9770638564833508,0.21294651993841582,2016-03-27,,,11.252857142857142,False,False,False,False
2016-03-27,,,,,,,16.700000199999998,7.418571271428571,3.525714237142857,10.631428428571429,1012.0428571428572,85.63081714285714,4.435714157142857,89.28571428571429,7.317772799999999,47.100000700000024,26.72753727,140.00000083999998,40.79980058,0.9955457941960382,0.09427922177542453,2016-04-03,,,11.28285714285714,False,False,False,False
2016-04-03,,,,,,,12.5,8.465713971428572,3.7114285714285713,12.629999285714286,1009.6000057142855,78.140715,4.0342857,140.85714285714286,11.744205499999998,32.80000030000002,33.80338947,141.40000073999997,50.30027575,0.9996684675143132,-0.025747913654988314,2016-04-10,,,11.267142857142858,False,False,False,False
2016-04-10,,,,,,,17.6000003,9.007142671428571,4.608571385714286,13.2171425,1007.7000057142858,81.55071485714286,3.8499999428571434,134.57142857142858,11.44010986,50.40000060000003,37.635025889999994,109.30000103999998,59.135354050000004,0.9893724130196829,-0.14540367380368988,2016-04-17,,,11.244285714285716,False,False,False,False
2016-04-17,,,,,,,27.7000004,9.217142642857144,4.2371428,14.037142357142857,1007.8285828571428,81.194287,3.561428457142857,167.28571428571428,14.291633299999996,74.50000090000003,44.79372145999999,109.90000139999998,69.49570985,0.9648061359537646,-0.26296220265651454,2016-04-24,,,11.21,False,False,False,False
2016-04-24,,,,,,,4.4000001,6.6228569,1.115714262857143,11.359999714285715,1021.58572,76.31785785714285,4.019999957142857,198.42857142857144,15.5742285,62.20000080000003,53.05017715999999,109.30000149999998,79.77771443,0.926323968251495,-0.376727893635185,2016-05-01,,,11.218571428571428,False,False,False,False
2016-05-01,,,,,,,37.2000003,5.357142742857143,0.7385714142857143,10.214285571428572,1010.8285971428572,82.92142985714285,4.107142814285714,159.0,12.1703716,86.90000110000003,53.47634326,119.70000139999999,87.27973272999999,0.8744809578310397,-0.4850598461951961,2016-05-08,,,11.245714285714286,False,False,False,False
2016-05-08,,,,,,,3.1000001,14.147142857142857,6.0728569,20.212857000000003,1019.6714285714286,63.155,3.637142785714286,282.42857142857144,27.3553975,72.40000090000002,69.3916309,122.8000015,107.02665678999999,0.8100248628547752,-0.5863955333706956,2016-05-15,,,11.20857142857143,False,False,False,False
2016-05-15,,,,,,,3.6000001,15.198571142857142,10.2342854,20.455714,1010.28572,62.11214428571429,5.178571385714285,254.57142857142856,25.511219,48.300000600000025,80.61121659999999,122.8000015,125.40493805999999,0.7338853664321991,-0.6792733388972931,2016-05-22,,,11.208571428571428,False,False,False,False
2016-05-22,,,,,,,15.80000104,13.66428557142857,8.299999971428571,18.332857,1012.4285714285714,76.8307142857143,3.3157142285714287,172.71428571428572,16.566208099999997,59.70000154000003,81.60319619999999,121.90000233999999,134.65337336,0.647160667326606,-0.7623536388483902,2016-05-29,,,11.191428571428572,False,False,False,False
2016-05-29,,,,,,,7.3,13.49428507142857,9.855714142857142,17.042857,1014.3714342857144,86.80785828571427,3.508571371428571,146.0,14.1234399,29.80000124000003,83.5562645,116.70000233999998,137.03260776,0.5511016400746,-0.8344381237138473,2016-06-05,,,11.222857142857142,False,False,False,False
2016-06-05,,,,,,,8.2000003,18.758571142857143,14.087142571428572,24.104285285714287,1012.48572,83.21357214285715,3.642857128571429,215.14285714285717,23.0179484,34.900001440000025,79.2188154,107.30000233999999,148.61044629999998,0.44709379298511426,-0.8944870822287954,2016-06-12,,,11.162857142857144,False,False,False,False
2016-06-12,,,,,,,18.4,15.155714285714286,10.144285428571427,20.40142857142857,1016.97144,78.57642928571428,2.711428514285714,224.28571428571428,22.1980775,49.70000134000003,75.9056739,98.00000193999998,156.5168905,0.3366372842469106,-0.9416343976591258,2016-06-19,,,11.105714285714283,False,False,False,False
2016-06-19,,,,,,,38.2,15.221428285714286,11.784285142857142,19.377142857142854,1006.1285771428572,84.40214342857143,2.5214285571428574,171.71428571428572,17.073790300000002,72.10000030000003,76.41325610000001,131.80000184,158.0164523,0.22132528438243243,-0.9752000402445825,2016-06-26,,,11.17,False,False,False,False
2016-06-26,,,,,,,29.6000001,17.951428214285713,13.505713857142856,21.70142828571429,1017.028582857143,85.93394785714285,3.138571328571428,185.42857142857144,19.5621923,94.40000040000004,81.85200850000001,124.20000163999998,165.408273,0.10282099713736025,-0.9946998756145891,2016-07-03,,,11.117142857142856,False,False,False,False
2016-07-03,,,,,,,20.2000003,15.445714,11.585714071428573,19.249999857142857,1012.88572,82.79928642857143,4.104285585714286,179.28571428571428,17.831961200000002,106.40000040000004,76.66602130000001,141.30000184,155.8848367,-0.017166329754707124,-0.9998526477050269,2016-07-10,,,11.12857142857143,False,False,False,False
2016-07-10,,,,,,,11.3000003,16.62857142857143,11.45285692857143,21.425713857142856,1016.0714457142858,80.78642857142857,3.614285642857143,208.42857142857144,21.3371827,99.30000070000003,75.8051265,149.00000204,151.71080039999998,-0.13690605792347504,-0.990584035457797,2016-07-17,,,11.14,False,False,False,False
2016-07-17,,,,,,,29.9000007,16.365714,12.174285571428571,20.141428571428573,1016.9714457142856,81.59071428571428,3.808571342857143,181.42857142857144,18.4144628,91.00000140000003,77.145799,163.10000169999998,153.5590551,-0.254671120241229,-0.9670277247913203,2016-07-24,,,11.114285714285714,False,False,False,False
2016-07-24,,,,,,,9.6,20.87857114285714,15.465714214285716,26.951428,1017.9285771428572,79.83500000000001,2.265714242857143,246.14285714285717,27.3476431,71.00000130000002,84.9312498,165.4000017,166.7832583,-0.36876293119226006,-0.9295234803804003,2016-07-31,,,11.305714285714286,False,False,False,False
2016-07-31,,,,,,,36.5000003,17.582857,12.907142642857142,22.244285428571427,1014.9571542857142,85.35428685714285,2.591428514285714,171.28571428571428,17.8718499,87.30000130000002,84.9711385,193.70000169999997,161.63715979999998,-0.4775358864374881,-0.8786122450571483,2016-08-07,,,11.252857142857142,False,False,False,False
2016-08-07,,,,,,,11.0,16.759999714285716,12.024285285714283,21.014285285714287,1015.7000057142858,84.755,3.609999985714286,158.0,16.1240372,87.00000100000003,79.757993,186.3000017,155.5631195,-0.5794210982045637,-0.8150283375168114,2016-08-14,,,11.215714285714286,False,False,False,False
2016-08-14,,,,,,,23.1,14.688571142857144,10.1014284,18.924285714285716,1020.3142857142856,84.83901585714285,3.5271428,144.71428571428572,14.056314200000005,80.20000030000003,75.3998444,171.20000169999997,152.5456434,-0.6729490241558326,-0.7396888608649671,2016-08-21,,,11.294285714285715,False,False,False,False
2016-08-21,,,,,,,12.8,16.217142714285714,10.131428357142855,21.94,1015.1571542857145,81.22285842857143,2.8485714142857144,205.57142857142856,20.8084896,83.40000030000003,68.86069090000001,154.4000016,153.7919407,-0.7567706633464625,-0.653680474772006,2016-08-28,,,11.297142857142855,False,False,False,False
2016-08-28,,,,,,,24.900001,20.59999985714285,15.335714142857142,26.251428,1018.7428685714284,81.24857142857142,2.962857085714286,197.42857142857144,21.9573698,71.80000100000004,72.9462108,159.1000023,157.9173493,-0.8296770135526185,-0.5582437220268655,2016-09-04,,,11.308571428571428,False,False,False,False
2016-09-04,,,,,,,22.2000001,16.752856857142856,10.908570999999998,22.139999714285715,1018.3142971428572,83.52071571428571,2.868571371428572,162.85714285714286,16.661837000000002,83.00000110000003,73.4840106,170.0000021,153.2420036,-0.8906165093267404,-0.45475513555610575,2016-09-11,,,11.3,False,False,False,False
2016-09-11,,,,,,,0.0,17.89,11.564285285714286,23.90714285714285,1017.9857257142858,83.09000057142858,1.9828571142857143,178.71428571428572,18.7649233,59.900001100000026,78.1926197,140.10000139999997,153.59246410000003,-0.9387101892619443,-0.3447073839879337,2016-09-18,,,,False,False,False,False
2016-09-18,,,,,,,5.8,19.548571285714285,13.817142428571428,25.671428428571428,1014.7142971428572,77.69500142857143,2.5814285000000003,151.57142857142858,16.6215042,52.90000110000003,74.0056343,136.30000139999999,142.8663252,-0.9732643737003823,-0.2296877421317963,2016-09-25,,,,False,False,False,False
2016-09-25,,,,,,,0.0,14.368571285714284,7.174285528571429,20.91857128571429,1020.6142971428573,79.52,2.065714257142857,130.0,12.6538537,28.00000010000003,64.7021182,99.80000109999999,137.648329,-0.9937806700284985,-0.11135519690480865,2016-10-02,11.107142857142858,,,False,True,False,False
2016-10-02,11.107142857142858,,,,,,18.000001,13.972857,9.009999857142857,18.524285285714285,1015.7000057142856,83.33345971428571,3.4957142,98.57142857142856,9.49895202,23.80000100000003,57.53923322,106.80000209999999,131.02324382,-0.9999631612477099,0.008583481082087254,2016-10-09,11.122857142857145,11.107142857142858,,True,True,False,False
2016-10-09,11.122857142857145,11.107142857142858,,,,0.015714285714286902,0.0,10.07857102857143,5.162857,14.574285571428572,1028.2143142857144,82.56357214285715,3.282857128571429,88.14285714285714,7.66065525,23.80000100000003,46.43496517,83.70000209999998,124.62758486999999,-0.9917226741361016,0.1283983551465503,2016-10-16,11.074285714285711,11.122857142857145,,True,True,False,False
2016-10-16,11.074285714285711,11.122857142857145,11.107142857142858,,,-0.04857142857143337,2.1000001,8.845714,4.924285665714286,12.634285285714286,1018.4285771428572,85.44967057142857,3.5514285285714284,61.142857142857146,5.15376666,20.10000110000003,34.967227630000004,73.00000219999998,108.97286193,-0.9691780654392538,0.24636127429331414,2016-10-23,11.174285714285714,11.074285714285711,,True,True,False,False
2016-10-23,11.174285714285714,11.074285714285711,11.122857142857145,,11.119642857142857,0.1000000000000032,38.4,8.167142728571429,4.268571357142857,12.52,1015.1428628571427,91.64296357142858,2.4571428285714285,49.85714285714285,4.1287312400000005,58.50000110000003,26.44210517,86.50000119999999,91.14422337,-0.9326545075388223,0.3607707992167836,2016-10-30,11.204285714285716,11.174285714285714,,True,True,False,False
2016-10-30,11.204285714285716,11.174285714285714,11.074285714285711,11.107142857142858,11.143928571428571,0.030000000000001137,0.0,8.611428571428572,3.914285685714286,12.735714,1027.2714285714285,91.417355,2.925714242857143,42.71428571428572,3.52212608,40.50000010000002,20.46527923,64.30000109999999,78.00451245,-0.8826787983255476,0.46997674302731957,2016-11-06,11.217142857142855,11.204285714285716,,True,True,True,True
2016-11-06,11.217142857142855,11.204285714285716,11.174285714285714,11.122857142857145,11.167499999999999,0.012857142857139792,16.400000300000002,7.652857042857143,4.114285685714285,11.41428564285714,1012.5571571428572,90.04983714285716,3.084285657142857,39.0,3.1816226,56.900000400000025,15.98624658,80.70000139999999,62.421211750000005,-0.8199717629247775,0.5724039727378144,2016-11-13,11.221428571428572,11.217142857142855,,True,True,True,True
2016-11-13,11.221428571428572,11.217142857142855,11.204285714285716,11.074285714285711,11.204285714285714,0.0042857142857162245,1.1,1.6999999757142858,-1.6371428371428571,4.421428571428572,1013.9428628571428,89.07412857142857,3.0071428,34.42857142857143,2.28483563,55.90000030000003,13.11731555,76.00000139999999,48.084543180000004,-0.7454378568682999,0.6665751282095634,2016-11-20,11.251428571428573,11.221428571428572,,True,True,True,True
2016-11-20,11.251428571428573,11.221428571428572,11.217142857142855,11.174285714285714,11.223571428571429,0.030000000000001137,37.1000004,6.9614283285714285,3.1342857428571427,9.949999828571428,1007.6857314285714,88.25301785714285,5.301428442857143,24.857142857142858,1.9609104900000005,54.60000070000003,10.949494800000002,113.1000018,37.39159997,-0.6601521206712321,0.7511319308705195,2016-11-27,11.252857142857142,11.251428571428573,,True,True,True,True
2016-11-27,11.252857142857142,11.251428571428573,11.221428571428572,11.204285714285716,11.235714285714284,0.0014285714285691142,0.0,6.1599998142857135,1.779999942857143,9.582857142857142,1016.97144,87.16121,3.495714271428571,29.571428571428573,2.25522556,54.60000070000003,9.68259428,95.10000079999998,30.147873510000004,-0.5653446739747432,0.8248547748594242,2016-12-04,11.22857142857143,11.252857142857142,,True,True,True,True
2016-12-04,11.22857142857143,11.252857142857142,11.251428571428573,11.217142857142855,11.23857142857143,-0.024285714285712245,1.0,1.5642856571428572,-2.812857114285714,5.8757141142857146,1028.2714485714284,88.94595357142857,2.647142771428572,36.285714285714285,2.2863785400000003,39.20000040000003,8.78735022,96.10000079999998,24.7735968,-0.4623829729035152,0.8866803180227398,2016-12-11,11.225714285714286,11.22857142857143,,True,True,True,True
2016-12-11,11.225714285714286,11.22857142857143,11.252857142857142,11.221428571428572,11.239642857142856,-0.0028571428571435575,24.7,4.3371428000000005,1.3871429542857143,7.339999785714285,1024.48572,89.04949857142857,3.7199999957142857,20.0,1.3183330560000002,62.80000040000003,7.820847646000002,118.70000069999998,20.938163196,-0.3527520865490943,0.9357168190404939,2016-12-18,11.262857142857143,11.225714285714286,,True,True,True,True
2016-12-18,11.262857142857143,11.225714285714286,11.22857142857143,11.251428571428573,11.2425,0.037142857142857366,3.90000014,5.9442856285714285,4.025714171428572,7.484285657142857,1027.9143,92.96202585714286,2.6714285714285717,13.714285714285714,1.04449699,29.600000140000027,6.904434146000001,84.20000083999999,17.853928946000003,-0.23803327706148678,0.9712569994658311,2016-12-25,11.252857142857142,11.262857142857143,,True,True,True,True
2016-12-25,11.252857142857142,11.262857142857143,11.225714285714286,11.252857142857142,11.242500000000001,-0.010000000000001563,9.6,5.125714071428571,2.9928571228571426,7.0599999,1024.0857142857144,90.50758785714284,5.172857071428572,15.0,1.105624245,39.20000014000003,5.754832831000001,93.80000083999998,15.437427111,-0.1198811922992275,0.99278824516254,2017-01-01,11.248571428571427,11.252857142857142,,True,True,True,True
2017-01-01,11.248571428571427,11.252857142857142,11.262857142857143,11.22857142857143,11.247499999999999,-0.004285714285714448,4.5,3.1914283857142856,0.5985714571428572,5.602856992857142,1032.4000057142855,89.49968642857142,4.445714285714286,21.857142857142858,1.52269234,42.70000014000003,4.991146631,81.90000053999998,13.778496851000002,0.0,1.0,2017-01-08,11.247142857142858,11.248571428571427,,True,True,True,True
2017-01-08,11.247142857142858,11.248571428571427,11.252857142857142,11.225714285714286,11.252857142857144,-0.0014285714285691142,11.60000034,1.22,-1.68285711,3.909999942857143,1026.328577142857,85.65636842857144,3.954285657142857,26.571428571428573,1.6699312899999998,29.600000480000027,5.342744865,92.40000088,13.163592511000001,0.1202080448993527,0.9927487224577402,2017-01-15,11.281428571428572,11.247142857142858,,True,True,True,True
2017-01-15,11.281428571428572,11.247142857142858,11.248571428571427,11.262857142857143,11.2575,0.03428571428571381,43.70000034,3.309999957142857,0.6085714305714285,5.655714285714285,1007.7428685714284,87.84902585714285,5.005714285714285,25.571428571428573,1.7920856900000002,69.40000068000003,6.090333565,99.00000082,12.994767711,0.2386727660059501,0.9711000518829505,2017-01-22,11.27,11.281428571428572,,True,True,True,True
2017-01-22,11.27,11.281428571428572,11.247142857142858,11.252857142857142,11.261785714285715,-0.011428571428572454,0.0,-2.702857114285714,-6.1071427,1.1671428542857143,1034.385728571429,91.71081228571428,1.2542857,35.42857142857143,1.96528057,59.80000068000003,6.9499898899999994,99.00000082,12.704822721000001,0.3536761221763716,0.9353679493131483,2017-01-29,11.247142857142858,11.27,,True,True,True,True
2017-01-29,11.247142857142858,11.27,11.281428571428572,11.248571428571427,11.261428571428572,-0.022857142857141355,9.1,0.7757142571428572,-2.0428571,3.3028570428571427,1022.9857257142858,85.57752428571429,2.8771428,33.42857142857143,2.1431602,64.40000068000003,7.57045775,107.10000081999999,12.561604381000002,0.4635502709028509,0.886070621534138,2017-02-05,11.277142857142858,11.247142857142858,,True,True,True,True
2017-02-05,11.277142857142858,11.247142857142858,11.27,11.247142857142858,11.268928571428571,0.02999999999999936,15.0000001,5.0214285,2.83285711,7.041428428571429,1007.7571542857144,90.78748285714286,3.154285657142857,27.142857142857142,2.08097702,67.80000044000003,7.981503480000001,97.40000091999998,13.324248345,0.5667017562911176,0.8239230057575542,2017-02-12,11.267142857142858,11.277142857142858,,True,True,True,True
2017-02-12,11.267142857142858,11.277142857142858,11.247142857142858,11.281428571428572,11.265357142857143,-0.009999999999999787,1.7,-0.5928571128571428,-2.088571414285714,0.6214285471428572,1024.6857142857143,82.42833499999999,5.198571385714286,25.714285714285715,1.55844243,25.800000100000034,7.74786022,95.20000077999998,13.838193785000001,0.6616346182422783,0.7498264012045686,2017-02-19,11.252857142857142,11.267142857142858,,True,True,True,True
2017-02-19,11.252857142857142,11.267142857142858,11.277142857142858,11.27,11.261071428571428,-0.014285714285716011,4.500000099999999,4.089999951428571,0.5028571714285717,8.318571242857143,1027.171442857143,84.28870400000001,3.9557142857142855,56.85714285714285,3.98449486,30.300000200000035,9.76707451,90.10000087999998,16.7170644,0.7469720876965552,0.6648553979642865,2017-02-26,11.288571428571428,11.252857142857142,,True,True,True,True
2017-02-26,11.288571428571428,11.252857142857142,11.267142857142858,11.247142857142858,11.271428571428572,0.035714285714286476,48.6000013,6.819999928571429,3.645714191428572,9.275714242857145,1007.04288,86.42164928571428,6.497142671428572,42.0,3.25506684,69.80000150000004,10.87898115,134.20000217999998,18.4494389,0.8214765533024142,0.5702422926917871,2017-03-05,11.305714285714286,11.288571428571428,,True,True,True,True
2017-03-05,11.305714285714286,11.288571428571428,11.252857142857142,11.277142857142858,11.278571428571428,0.017142857142857792,46.69999999999999,6.357142857142857,2.8942857,9.658570999999998,996.7571485714286,83.78571485714285,4.988571385714286,57.285714285714285,4.49839715,101.50000140000003,13.29640128,169.30000184,21.27790476,0.8840675099433636,0.4673592171580022,2017-03-12,11.287142857142856,11.305714285714286,,True,True,True,True
2017-03-12,11.287142857142856,11.305714285714286,11.288571428571428,11.267142857142858,11.283571428571427,-0.01857142857143046,7.9,6.255714185714285,2.8499999928571427,9.737142714285714,1016.0428714285716,84.70079771428571,3.382857128571428,75.85714285714286,5.97757441,107.70000140000003,17.71553326,133.5000015,25.463393479999997,0.9338372288229252,0.35769823883312546,2017-03-19,11.27142857142857,11.287142857142856,,True,True,True,True
2017-03-19,11.27142857142857,11.287142857142856,11.305714285714286,11.252857142857142,11.288214285714284,-0.015714285714285126,29.4,8.021428514285715,3.145714285714285,12.158571285714286,1018.2285828571428,84.11124214285714,4.667142785714286,103.14285714285714,8.44446995,132.60000130000003,22.17550835,162.90000149999997,31.94258286,0.9700639218515071,0.2428497220959356,2017-03-26,11.28,11.27142857142857,,True,True,True,True
2017-03-26,11.28,11.27142857142857,11.287142857142856,11.288571428571428,11.286071428571429,0.008571428571428896,8.2,6.997142585714286,1.9428571,11.77999942857143,1019.1000057142855,76.52214357142857,4.377142785714286,146.42857142857142,11.526452799999998,92.20000000000003,30.446894309999998,162.0000015,41.32587546,0.9922222094179323,0.12447926388678915,2017-04-02,11.26,11.28,,True,True,True,True
2017-04-02,11.26,11.28,11.27142857142857,11.305714285714286,11.274642857142856,-0.019999999999999574,11.30000004,11.551428428571429,6.057142771428572,17.649999714285716,1018.85716,79.77000057142857,3.388571371428572,146.85714285714286,13.27519134,56.80000004000003,39.223688499999994,158.30000144,52.52008978,0.9999907397361901,0.004303538296244289,2017-04-09,11.25,11.26,,True,True,True,True
2017-04-09,11.25,11.26,11.28,11.287142857142856,11.265357142857141,-0.009999999999999787,0.0,9.438571285714286,3.3971428142857145,14.835713857142858,1025.0000428571427,77.57571428571428,2.9728570142857142,158.14285714285714,13.5964066,48.90000004000004,46.84252068999999,156.60000143999997,64.55805395,0.9932568492674143,-0.11593459959550041,2017-04-16,11.247142857142858,11.25,,True,True,True,True
2017-04-16,11.247142857142858,11.25,11.26,11.27142857142857,11.259285714285715,-0.002857142857141781,15.9000001,8.232857085714286,3.397142842857143,11.857142571428572,1016.3857257142856,79.49928642857142,4.781428457142858,124.0,10.2483483,35.40000014000003,48.64639903999999,168.00000143999998,70.82190738999999,0.9721181966290613,-0.23449138957040985,2017-04-23,11.244285714285716,11.247142857142858,,True,True,True,True
2017-04-23,11.244285714285716,11.247142857142858,11.25,11.28,11.250357142857144,-0.002857142857141781,5.1,5.975714285714285,0.9557143,10.818571142857142,1027.7,74.25428571428571,4.044285657142857,170.57142857142858,12.9380274,32.30000014000004,50.05797363999999,124.50000013999998,80.50486794999999,0.9368813462954315,-0.3496474552512284,2017-04-30,11.242857142857144,11.244285714285716,,True,True,True,True
2017-04-30,11.242857142857144,11.244285714285716,11.247142857142858,11.26,11.24607142857143,-0.001428571428572667,7.1000000000000005,6.857142728571428,0.6971428228571429,12.058570857142858,1012.7142857142856,75.51214357142858,4.039999914285715,190.8571428571429,15.2383908,28.100000100000035,52.02117309999999,84.90000013999999,91.2448616,0.8880573226294932,-0.45973273945210397,2017-05-07,11.215714285714286,11.242857142857144,,True,True,True,True
2017-05-07,11.215714285714286,11.242857142857144,11.244285714285716,11.25,11.2375,-0.02714285714285758,4.8000001,10.1114285,7.404285657142857,14.268571142857144,1017.9000057142856,80.61000057142857,4.537142814285715,136.42857142857142,12.0217273,32.900000200000036,50.4464938,81.80000023999999,97.28901448999999,0.8263541987239096,-0.5631507242749186,2017-05-14,11.19,11.215714285714286,,True,True,True,True
2017-05-14,11.19,11.215714285714286,11.242857142857144,11.247142857142858,11.223214285714286,-0.02571428571428669,8.4,12.068571285714286,5.592857071428571,17.67428542857143,1011.7000114285712,74.83142914285715,3.302857114285714,205.57142857142856,18.9295214,25.400000100000035,59.127666899999994,60.80000023999999,107.77406593999999,0.7526668275320085,-0.6584015846980488,2017-05-21,11.174285714285714,11.19,,True,True,True,True
2017-05-21,11.174285714285714,11.19,11.215714285714286,11.244285714285716,11.205714285714286,-0.015714285714285126,0.90000004,16.217142714285714,10.36714282857143,21.684285285714285,1019.5714285714286,72.53357142857143,3.2957142285714283,208.42857142857144,20.9823603,21.200000140000032,67.1719998,53.50000027999999,117.22997344000001,0.6680638642135335,-0.7441039398713607,2017-05-28,11.117142857142856,11.174285714285714,,True,True,True,True
2017-05-28,11.117142857142856,11.174285714285714,11.19,11.242857142857144,11.174285714285714,-0.057142857142858716,6.0,17.472857,9.877142785714286,23.99428514285714,1020.3571571428572,69.24642928571429,3.271428542857143,273.2857142857143,28.4859672,20.100000140000034,80.4195762,48.200000239999994,132.4407493,0.5737722679043246,-0.8190148866680801,2017-06-04,11.07,11.117142857142856,,True,True,True,True
2017-06-04,11.07,11.117142857142856,11.174285714285714,11.215714285714286,11.137857142857142,-0.04714285714285538,0.0,17.025714142857144,9.629999857142858,23.462856714285717,1016.0571485714288,72.92785714285715,2.998571385714285,244.57142857142856,25.1087604,15.300000040000034,93.50660930000001,48.200000239999994,143.95310310000002,0.4711595076738638,-0.8820480249558537,2017-06-11,11.137142857142855,11.07,,True,True,True,True
2017-06-11,11.137142857142855,11.07,11.117142857142856,11.19,11.124642857142856,0.06714285714285495,36.5,15.95285685714286,10.718571,20.851428285714285,1010.3285714285714,75.11571500000001,4.755714214285715,203.8571428571429,20.7514993,43.40000004000004,95.3285872,68.80000014,154.4562541,0.36171373072976765,-0.9322892131745133,2017-06-18,11.104285714285714,11.137142857142855,,True,True,True,True
2017-06-18,11.104285714285714,11.137142857142855,11.07,11.174285714285714,11.107142857142856,-0.03285714285714114,0.0,16.96999957142857,10.624285714285715,22.265714,1019.2428571428572,75.25285771428571,3.5542857000000003,219.7142857142857,22.723554,42.500000000000036,97.06978090000001,63.70000013999999,164.2417807,0.24702218048093552,-0.9690098257244062,2017-06-25,10.975714285714286,11.104285714285714,,True,True,True,True
2017-06-25,10.975714285714286,11.104285714285714,11.137142857142855,11.117142857142856,11.071785714285713,-0.12857142857142811,25.6,18.938571142857143,13.685714,24.061428,1014.35716,77.28214285714286,3.914285628571428,214.7142857142857,23.2069295,62.10000000000004,91.79074320000001,82.20000013999999,172.2103194,0.12874817745258132,-0.99167731989929,2017-07-02,11.164285714285716,10.975714285714286,,True,True,True,True
2017-07-02,11.164285714285716,10.975714285714286,11.104285714285714,11.07,11.095357142857143,0.1885714285714304,47.8,16.057142857142857,11.445713885714284,20.50428557142857,1006.5142971428572,85.0940762857143,3.3071428285714286,161.71428571428572,16.290725100000003,109.90000000000003,82.97270790000002,125.20000003999999,176.4793172,0.008606996888688698,-0.9999629591162655,2017-07-09,11.17,11.164285714285716,,True,True,True,True
2017-07-09,11.17,11.164285714285716,10.975714285714286,11.137142857142855,11.10357142857143,0.005714285714283562,8.4,17.142857,10.817142528571429,22.482857,1017.3142857142856,79.11714357142857,2.662857042857143,231.8571428571429,23.956035,81.80000000000004,86.1772436,125.20000003999999,181.5058308,-0.11165900712169444,-0.9937465804361781,2017-07-16,11.157142857142857,11.17,,True,True,True,True
2017-07-16,11.157142857142857,11.17,11.164285714285716,11.104285714285714,11.116785714285715,-0.012857142857143344,44.700001,16.35714257142857,11.76142842857143,20.749999714285718,1015.6142914285714,82.66785914285715,3.065714257142857,166.71428571428572,16.8968044,126.50000100000003,80.350494,169.000001,177.4202749,-0.23030567023061196,-0.973118337233262,2017-07-23,11.13714285714286,11.157142857142857,,True,True,True,True
2017-07-23,11.13714285714286,11.157142857142857,11.17,10.975714285714286,11.157142857142858,-0.01999999999999602,32.9,18.35571385714286,12.21571414285714,24.042857,1013.7857257142856,80.2214297142857,2.9885714,221.42857142857144,23.3968064,133.80000100000004,80.5403709,195.90000099999997,172.3311141,-0.3456123126707333,-0.9383773917408642,2017-07-30,11.191428571428572,11.13714285714286,,True,True,True,True
2017-07-30,11.191428571428572,11.13714285714286,11.157142857142857,11.164285714285716,11.163928571428572,0.054285714285711606,63.60000004,17.135714,13.387142428571428,21.211428285714284,1008.1285771428572,85.26214414285714,3.8299999857142857,167.28571428571428,17.4012336,149.60000104000002,81.65087940000001,259.50000104,164.6235873,-0.455906693508459,-0.8900275764346766,2017-08-06,11.244285714285716,11.191428571428572,,True,True,True,True
2017-08-06,11.244285714285716,11.191428571428572,11.13714285714286,11.17,11.182500000000001,0.05285714285714427,5.6000001,17.22142842857143,12.604285428571428,21.638571,1013.7428628571428,78.81000114285713,3.657142842857143,184.7142857142857,19.0896728,146.80000114,76.7845172,228.60000114,162.9617608,-0.5595892624101763,-0.828770087174504,2017-08-13,11.182857142857143,11.244285714285716,,True,True,True,True
2017-08-13,11.182857142857143,11.244285714285716,11.191428571428572,11.157142857142857,11.188928571428573,-0.061428571428573164,6.600000100000001,15.889999714285713,10.848571357142855,21.214285142857143,1016.0428628571428,83.57642928571428,2.7842857000000003,160.28571428571428,16.125810400000002,108.70000024000004,76.01352320000001,235.20000123999998,156.3640172,-0.655156357209085,-0.7554933140726804,2017-08-20,11.155714285714286,11.182857142857143,,True,True,True,True
2017-08-20,11.155714285714286,11.182857142857143,11.244285714285716,11.13714285714286,11.19357142857143,-0.02714285714285758,23.6000003,16.76714242857143,11.425713928571428,21.41428528571428,1016.25716,83.54500128571429,3.334285671428572,159.0,16.3006103,99.40000054000004,68.9173271,233.20000154,149.457698,-0.7412220108485957,-0.6712599575675315,2017-08-27,11.172857142857143,11.155714285714286,,True,True,True,True
2017-08-27,11.172857142857143,11.155714285714286,11.182857142857143,11.191428571428572,11.188928571428573,0.017142857142857792,0.0,16.599999642857142,10.268571357142855,22.43714271428572,1018.1285885714286,79.48857285714287,2.2771428142857144,196.0,20.007605500000004,35.80000050000004,71.52369900000001,185.40000154,153.1745784,-0.8165380514459157,-0.5772916165517278,2017-09-03,11.17,11.172857142857143,,True,True,True,True
2017-09-03,11.17,11.172857142857143,11.155714285714286,11.244285714285716,11.170357142857142,-0.0028571428571435575,14.0,15.57714257142857,8.948571242857144,21.752857,1016.0142857142856,83.46410857142857,2.0471428428571428,166.85714285714286,16.6716582,44.200000400000036,69.1056844,191.00000154,145.89020159999998,-0.8800122039735356,-0.4749510720670502,2017-09-10,11.222857142857142,11.17,,True,True,True,True
2017-09-10,11.222857142857142,11.17,11.172857142857143,11.182857142857143,11.180357142857142,0.05285714285714249,44.30000020000001,15.015714142857144,10.728571285714285,18.867142857142856,1007.157142857143,86.18837257142857,3.601428471428572,115.57142857142856,11.4512873,81.90000050000005,64.4311613,190.60000073999998,140.44468450000002,-0.9307239310379793,-0.3657225234972692,2017-09-17,11.277142857142858,11.222857142857142,,True,True,True,True
2017-09-17,11.277142857142858,11.222857142857142,11.17,11.155714285714286,11.210714285714285,0.05428571428571516,39.3000003,12.538571,9.511428385714286,16.048571142857142,1002.8571542857144,86.35604271428572,4.864285714285714,115.71428571428572,10.860395099999998,97.60000050000005,58.9909461,197.00000104000003,127.90827320000001,-0.9679377830240642,-0.25119006388481957,2017-09-24,11.26,11.277142857142858,,True,True,True,True
2017-09-24,11.26,11.277142857142858,11.222857142857142,11.172857142857143,11.2325,-0.017142857142857792,4.1,12.307142785714287,7.268571328571428,17.85714257142857,1019.6428742857144,87.32846214285713,2.0085713857142857,116.42857142857144,10.7591207,101.70000050000004,49.7424613,137.50000100000003,121.26616030000001,-0.9911140639934546,-0.13301470653419636,2017-10-01,11.247142857142858,11.26,11.107142857142858,True,True,True,True
2017-10-01,11.247142857142858,11.26,11.277142857142858,11.17,11.251785714285715,-0.012857142857141568,25.800001,13.905714,9.5171426,18.00285692857143,1020.47144,90.8724557142857,2.8371428,74.85714285714286,7.200314390000001,113.50000150000005,40.27111749,157.70000190000002,109.37680189000001,-0.9999166586547379,-0.012910296075008843,2017-10-08,11.281428571428572,11.247142857142858,11.122857142857145,True,True,True,True
2017-10-08,11.281428571428572,11.247142857142858,11.26,11.222857142857142,11.266428571428573,0.03428571428571381,32.800001,12.095713857142856,9.371427957142856,15.117142571428571,1013.3857257142856,85.1546842857143,5.057142771428572,71.0,6.54014954,102.00000230000005,35.35997973,183.9000028,99.79114103,-0.994217906893952,0.10738134666416306,2017-10-15,11.278571428571428,11.281428571428572,11.074285714285711,True,True,True,True
2017-10-15,11.278571428571428,11.281428571428572,11.247142857142858,11.277142857142858,11.266785714285714,-0.0028571428571435575,8.600000099999999,13.617142714285714,9.342857142857143,16.837142571428572,1018.0714342857144,88.84151357142856,4.275714242857143,64.28571428571429,6.16825196,71.30000210000004,30.66783659,168.90000260000002,89.65878269,-0.9741004551724206,0.22611568550828803,2017-10-22,11.271428571428572,11.278571428571428,11.174285714285714,True,True,True,True
2017-10-22,11.271428571428572,11.278571428571428,11.281428571428572,11.26,11.269642857142857,-0.007142857142856229,35.3000003,13.385714142857143,9.722856957142856,17.621428428571427,1012.157142857143,87.42800857142856,3.827142857142857,59.142857142857146,5.68350686,102.50000240000006,25.59222275,204.20000290000002,75.33468405,-0.9398560579418953,0.341570769167856,2017-10-29,11.29142857142857,11.271428571428572,11.204285714285716,True,True,True,True
2017-10-29,11.29142857142857,11.271428571428572,11.278571428571428,11.247142857142858,11.280714285714286,0.019999999999997797,12.4,11.901428285714289,8.647142742857143,14.868571285714284,1018.2428685714286,85.84071428571428,5.254285671428572,42.71428571428572,3.86042142,89.10000140000005,22.25232978,202.60000290000002,62.52344727,-0.8919813464595487,0.45207220393230374,2017-11-05,11.27142857142857,11.29142857142857,11.217142857142855,True,True,True,True
2017-11-05,11.27142857142857,11.29142857142857,11.271428571428572,11.281428571428572,11.278214285714284,-0.019999999999999574,7.4000001,9.158571285714286,5.407142757142857,12.219999785714284,1015.3000114285716,89.110565,3.4257142571428574,39.42857142857143,3.3395852,63.700000500000044,19.05176544,165.7000028,54.41174517,-0.8311706263658079,0.5560174366570446,2017-11-12,11.27,11.27142857142857,11.221428571428572,True,True,True,True
2017-11-12,11.27,11.27142857142857,11.29142857142857,11.278571428571428,11.276071428571427,-0.0014285714285708906,28.0,5.4899999571428575,2.0028571428571427,8.369999857142856,1015.5000057142856,90.51797071428572,3.1242856714285714,36.285714285714285,2.7270624,83.10000040000004,15.61057588,154.4000025,46.27841247,-0.7583058084785625,0.6518989958787125,2017-11-19,11.288571428571428,11.27,11.251428571428573,True,True,True,True
2017-11-19,11.288571428571428,11.27,11.27142857142857,11.271428571428572,11.280357142857142,0.018571428571428683,14.5000001,6.7928571,3.1942857142857144,9.454285357142856,1019.8857142857142,87.78651,4.042857071428572,32.0,2.48303883,62.30000020000005,12.410107850000001,164.8000026,38.0023306,-0.6744436188329457,0.7383263540031063,2017-11-26,11.304285714285712,11.288571428571428,11.252857142857142,True,True,True,True
2017-11-26,11.304285714285712,11.288571428571428,11.27,11.29142857142857,11.283571428571427,0.01571428571428335,35.400001,7.124285642857143,4.5128571285714285,9.844285385714285,1008.2428571428572,88.72282071428572,4.761428542857142,21.142857142857142,1.67705934,85.30000120000005,10.226745769999999,174.4000026,32.47907555,-0.5808002734538013,0.8140460935082175,2017-12-03,11.29142857142857,11.304285714285712,11.22857142857143,True,True,True,True
2017-12-03,11.29142857142857,11.304285714285712,11.288571428571428,11.27142857142857,11.288571428571426,-0.012857142857141568,15.4,2.5557142857142856,-0.0057143442857142,5.148571385714286,1011.5000314285714,91.75727514285714,3.6671427857142858,17.428571428571427,1.197994094,93.30000110000006,8.085154664,157.0000016,27.136920104,-0.4787338401157883,0.8779600847008883,2017-12-10,11.284285714285714,11.29142857142857,11.225714285714286,True,True,True,True
2017-12-10,11.284285714285714,11.29142857142857,11.304285714285712,11.27,11.292142857142856,-0.007142857142856229,31.200000000000003,4.402857071428572,3.1299999628571427,6.292857057142856,1012.4428714285714,87.51683,5.579999957142857,13.571428571428571,0.992682335,96.50000110000005,6.350774599,179.6000015,21.961350479,-0.3697245428906732,0.9291414114031743,2017-12-17,11.304285714285712,11.284285714285714,11.262857142857143,True,True,True,True
2017-12-17,11.304285714285712,11.284285714285714,11.29142857142857,11.288571428571428,11.296071428571427,0.019999999999997797,33.4000001,1.9814285142857144,-0.4828571442857142,3.989999957142857,999.3571485714284,92.059986,4.391428514285715,19.142857142857142,1.30172939,115.40000110000005,5.169465159,177.7000013,17.579573009,-0.2553532951161881,0.9668478136052773,2017-12-24,11.285714285714286,11.304285714285712,11.252857142857142,True,True,True,True
2017-12-24,11.285714285714286,11.304285714285712,11.284285714285714,11.304285714285712,11.291428571428572,-0.01857142857142513,2.7,5.8085713,3.6828571,6.904285657142857,1028.9857285714286,93.98196428571428,3.9457142857142857,10.714285714285714,0.8030292689999999,82.70000010000005,4.295435088,168.0000013,14.522180857999999,-0.13727877211326517,0.9905324521322227,2017-12-31,11.281428571428572,11.285714285714286,11.248571428571427,True,True,True,True
2017-12-31,11.281428571428572,11.285714285714286,11.304285714285712,11.29142857142857,11.288928571428572,-0.004285714285714448,42.100001,5.492857128571429,3.234285671857143,7.778571385714286,996.657142857143,87.76901357142857,6.2499999285714285,16.714285714285715,1.24604735,109.40000110000005,4.343488344,202.7000022,12.428643008,-0.01721335615583528,0.9998518392091162,2018-01-07,11.308571428571428,11.281428571428572,11.247142857142858,True,True,True,True
2018-01-07,11.308571428571428,11.281428571428572,11.285714285714286,11.284285714285714,11.295,0.027142857142855803,35.400001,5.134285614285715,2.947142822857143,7.125714199999999,1001.6143,87.28238214285714,6.0128571,18.857142857142858,1.37790651,113.60000210000005,4.728712519,210.1000032,11.079487118,0.10310169744743485,0.9946708199115211,2018-01-14,11.278571428571428,11.308571428571428,11.281428571428572,True,True,True,True
2018-01-14,11.278571428571428,11.308571428571428,11.281428571428572,11.304285714285712,11.28857142857143,-0.02999999999999936,2.0,2.5657141857142856,0.6585714285714286,4.658571371428572,1020.0000057142856,85.09260657142856,3.565714214285714,23.714285714285715,1.58423893,82.20000200000005,5.011222059,197.6000031,10.180687218,0.2219215130041655,0.9750645322571948,2018-01-21,11.304285714285712,11.278571428571428,11.27,True,True,True,True
2018-01-21,11.304285714285712,11.278571428571428,11.308571428571428,11.285714285714286,11.293214285714285,0.025714285714283136,49.800001140000006,2.699999985714286,0.0014285828571428,5.682856985714286,999.7285771428571,88.90933700000001,5.111428557142857,21.428571428571427,1.4884897700000002,129.30000314000006,5.696682560000001,212.00000324,9.992117648,0.3375228995941133,0.9413173175128471,2018-01-28,11.292857142857144,11.304285714285712,11.247142857142858,True,True,True,True
2018-01-28,11.292857142857144,11.304285714285712,11.278571428571428,11.281428571428572,11.296071428571427,-0.011428571428567125,16.4000001,6.911428485714287,4.049999971428571,8.972857,1016.2143114285716,90.858187,5.248571414285714,20.0,1.58165469,103.60000224000007,6.0322899,213.00000334,10.375778244000001,0.4482293417404106,0.893918596519257,2018-02-04,11.292857142857144,11.292857142857144,11.277142857142858,True,True,True,True
2018-02-04,11.292857142857144,11.292857142857144,11.304285714285712,11.308571428571428,11.292142857142856,0.0,26.7000002,3.692857142857143,1.0657142877142858,6.1514285,1010.8285714285714,88.12928699999999,4.959999885714287,27.285714285714285,1.93100845,94.90000144000007,6.58539184,208.50000354000002,11.314104359000002,0.5524353131676196,0.8335557718385699,2018-02-11,11.27142857142857,11.292857142857144,11.267142857142858,True,True,True,True
2018-02-11,11.27142857142857,11.292857142857144,11.292857142857144,11.278571428571428,11.290357142857143,-0.021428571428574017,4.90000004,-0.5585714414285714,-3.777142828571429,2.6285713857142854,1015.2,83.170715,3.5457142142857143,60.285714285714285,3.5975368200000006,97.80000148000006,8.59868973,180.00000348000003,13.609911789000002,0.6486295610349814,0.7611042586607747,2018-02-18,11.264285714285714,11.27142857142857,11.252857142857142,True,True,True,True
2018-02-18,11.264285714285714,11.27142857142857,11.292857142857144,11.304285714285712,11.280357142857145,-0.007142857142856229,1.7,1.2999999848571429,-2.198571397142857,5.8157142,1017.1714542857144,81.91173171428571,3.655714271428572,74.0,4.83894035,49.70000034000005,11.94914031,179.00000348,17.645822870000003,0.7354170229639855,0.6776147890466889,2018-02-25,11.23857142857143,11.264285714285714,11.288571428571428,True,True,True,True
2018-02-25,11.23857142857143,11.264285714285714,11.27142857142857,11.292857142857144,11.266785714285716,-0.025714285714284912,0.0,-0.8642857014285715,-4.607142814285714,3.324285651428572,1025.9428771428572,78.44000142857143,3.417142757142857,85.57142857142857,5.09585634,33.30000024000005,15.463341960000001,136.90000248,21.49563186,0.8115390590073611,0.5842981736283684,2018-03-04,11.202857142857145,11.23857142857143,11.305714285714286,True,True,True,True
2018-03-04,11.202857142857145,11.23857142857143,11.264285714285714,11.292857142857144,11.244285714285713,-0.0357142857142847,3.1000001,-4.137142828571429,-7.777142642857143,-0.0057142714285715,1013.2142971428572,64.17642914285715,6.174285542857143,104.42857142857144,5.44395553,9.70000014000005,18.97628904,104.60000158000001,25.56168088,0.8758917051442429,0.48250774176121847,2018-03-11,11.227142857142857,11.202857142857145,11.287142857142856,True,True,True,True
2018-03-11,11.227142857142857,11.202857142857145,11.23857142857143,11.27142857142857,11.233214285714286,0.024285714285712245,13.2,6.124285457142856,1.2271428285714283,11.218571,996.2714285714284,86.33428642857143,3.4957141857142857,76.57142857142857,5.96672668,18.00000010000005,21.3454789,115.80000158000001,29.94416863,0.9275416835791966,0.37371971479046906,2018-03-18,11.251428571428573,11.227142857142857,11.27142857142857,True,True,True,True
2018-03-18,11.251428571428573,11.227142857142857,11.202857142857145,11.264285714285714,11.23,0.024285714285715798,4.6000001,3.3628571571428574,0.0542856942857142,7.102856957142857,1005.3285714285714,71.26349414285714,6.104285528571428,86.71428571428571,5.96639927,20.90000020000005,22.472937820000002,70.60000054,34.42207813,0.9657399376548549,0.2595117970697999,2018-03-25,11.232857142857142,11.251428571428573,11.28,True,True,True,True
2018-03-25,11.232857142857142,11.251428571428573,11.227142857142857,11.23857142857143,11.22857142857143,-0.01857142857143046,4.2000001000000005,3.86428572,0.0400000285714285,7.448571414285714,1013.9857257142858,80.08753342857143,3.834285714285714,103.71428571428572,7.1958224600000005,25.10000030000005,24.57290394,58.40000054,40.0362459,0.989932495087353,0.141540295217043,2018-04-01,11.255714285714284,11.232857142857142,11.26,True,True,True,True
2018-04-01,11.255714285714284,11.232857142857142,11.251428571428573,11.202857142857145,11.241785714285713,0.022857142857141355,23.3000011,5.6685712285714285,2.0028571428571427,10.032856857142855,1006.0571542857144,83.78754214285713,3.245714257142857,95.57142857142856,7.373868379999999,45.30000130000005,26.50281679,55.00000144,45.479105829999995,0.9997685019798909,0.021516097436222254,2018-04-08,11.258571428571427,11.255714285714284,11.25,True,True,True,True
2018-04-08,11.258571428571427,11.255714285714284,11.232857142857142,11.227142857142857,11.249642857142856,0.0028571428571435575,9.0,9.602856857142855,3.32,15.457142428571428,1007.1428628571427,75.9714297142857,4.089999857142858,144.57142857142858,12.6334559,41.100001300000045,33.16954601,59.1000014,54.51502491,0.9951053111006976,-0.09882013873287143,2018-04-15,11.244285714285716,11.258571428571427,11.247142857142858,True,True,True,True
2018-04-15,11.244285714285716,11.258571428571427,11.255714285714284,11.251428571428573,11.247857142857143,-0.014285714285710682,10.2000001,11.358571285714286,6.385714185714286,16.815714,1008.47144,83.33643,3.9328571,120.0,10.9457123,46.700001300000054,38.14885904,67.6000015,60.62179686,0.9760105506323683,-0.21772323039653177,2018-04-22,11.232857142857142,11.244285714285716,11.244285714285716,True,True,True,True
2018-04-22,11.232857142857142,11.244285714285716,11.258571428571427,11.232857142857142,11.247857142857143,-0.01142857142857423,4.4,15.395713857142855,6.919999957142857,22.799999714285715,1021.6714628571428,67.26000157142856,3.0171428571428573,240.14285714285717,23.9184458,46.90000120000005,54.87148238,72.0000015,79.44438632,0.9427611433904207,-0.3334687789181868,2018-04-29,11.231428571428571,11.232857142857142,11.242857142857144,True,True,True,True
2018-04-29,11.231428571428571,11.232857142857142,11.244285714285716,11.255714285714284,11.241785714285713,-0.0014285714285708906,34.700001,10.761428,6.314285571428571,14.332856714285716,1010.7714342857143,80.15912785714285,4.501428471428572,146.71428571428572,13.0799498,58.300001100000046,60.5775638,103.6000024,87.08038059,0.895839290734909,-0.4443781781046132,2018-05-06,11.262857142857143,11.231428571428571,11.215714285714286,True,True,True,True
2018-05-06,11.262857142857143,11.231428571428571,11.232857142857142,11.258571428571427,11.242857142857144,0.03142857142857203,6.9,11.24,4.399999842857143,16.83857142857143,1015.342857142857,71.05071557142857,4.105714271428571,239.42857142857144,21.8011101,56.200001100000044,69.745218,97.3000024,102.91476401,0.8359254794186372,-0.548842958284719,2018-05-13,11.221428571428572,11.262857142857143,11.19,True,True,True,True
2018-05-13,11.221428571428572,11.262857142857143,11.231428571428571,11.244285714285716,11.237142857142857,-0.041428571428571814,20.9,16.892856857142856,9.744285571428572,22.724285285714284,1013.5142971428572,67.44714442857142,3.2057142428571432,244.7142857142857,25.3875359,66.90000100000003,84.1870416,113.6000023,122.33590063999999,0.7638886127905428,-0.6453481132295501,2018-05-20,11.244285714285716,11.221428571428572,11.174285714285714,True,True,True,True
2018-05-20,11.244285714285716,11.221428571428572,11.262857142857143,11.232857142857142,11.24,0.022857142857144908,0.0,14.235714285714286,9.349999942857142,19.16428528571429,1020.0000114285714,73.46857214285716,3.8657142,225.0,22.1061123,62.50000100000004,82.3747081,109.40000219999999,137.24619048,0.6807734094770161,-0.7324940716135789,2018-05-27,11.177142857142856,11.244285714285716,11.117142857142856,True,True,True,True
2018-05-27,11.177142857142856,11.244285714285716,11.221428571428572,11.231428571428571,11.226428571428572,-0.06714285714286028,2.5,19.16,13.389999571428572,25.482857,1018.9428628571428,62.54857142857144,4.04,222.7142857142857,23.922944299999997,30.30000000000004,93.2177026,88.60000109999999,153.79526639999997,0.5877852522924732,-0.8090169943749473,2018-06-03,11.211428571428572,11.177142857142856,11.07,True,True,True,True
2018-06-03,11.211428571428572,11.177142857142856,11.244285714285716,11.262857142857143,11.213571428571429,0.034285714285715585,23.500001,20.11999971428571,15.549999428571429,25.782856857142857,1015.7571428571428,84.07285985714286,2.6757142714285718,209.0,23.059335,46.900001000000046,94.47592750000001,103.1000021,164.22114549999998,0.48627270710868997,-0.8738071036110808,2018-06-10,11.22,11.211428571428572,11.137142857142855,True,True,True,True
2018-06-10,11.22,11.211428571428572,11.177142857142856,11.221428571428572,11.213214285714287,0.008571428571428896,7.9,18.152857,12.882856928571428,23.097142285714284,1014.4428685714286,79.04142985714284,2.9014285285714285,202.7142857142857,21.4458502,33.900001000000046,90.5342418,100.80000199999999,174.72128339999998,0.3777079652039649,-0.9259247771938498,2018-06-17,11.15857142857143,11.22,11.104285714285714,True,True,True,True
2018-06-17,11.15857142857143,11.22,11.211428571428572,11.244285714285716,11.191785714285714,-0.06142857142857139,1.9,15.598571285714286,10.978571142857144,20.145714,1014.8428685714288,75.88928628571429,3.4142857,190.28571428571428,19.1244183,35.800001000000044,87.55254779999999,98.300002,169.92725589999998,0.26366549272800704,-0.9646141756912435,2018-06-24,11.131428571428572,11.15857142857143,10.975714285714286,True,True,True,True
2018-06-24,11.131428571428572,11.15857142857143,11.22,11.177142857142856,11.180357142857144,-0.02714285714285758,14.70000014,15.118571214285714,11.832856857142858,18.759999571428573,1021.2428771428572,82.06642942857142,4.7042856,164.85714285714286,16.3184997,48.000001140000045,79.94810319999999,78.30000114,173.16580580000002,0.1457991969198751,-0.9893142039703663,2018-07-01,11.038571428571428,11.131428571428572,11.164285714285716,True,True,True,True
2018-07-01,11.038571428571428,11.131428571428572,11.15857142857143,11.211428571428572,11.137142857142859,-0.09285714285714342,0.0,17.377142142857142,11.118571285714284,23.23428542857143,1022.5571485714285,69.68214357142857,3.7514285,236.57142857142856,24.5494836,24.500000140000044,81.43825179999999,71.40000114,175.9141793,0.02581844022713308,-0.9996666485105112,2018-07-08,10.877142857142855,11.038571428571428,11.17,True,True,True,True
2018-07-08,10.877142857142855,11.038571428571428,11.131428571428572,11.22,11.051428571428572,-0.1614285714285728,0.0,16.745714,8.534285671428572,23.167142714285717,1019.5142914285716,70.87142857142858,2.9799999285714285,240.42857142857144,24.6200684,16.60000014000004,84.61247,50.50000114,175.1467118,-0.09453674981719933,-0.9955213724144752,2018-07-15,10.79,10.877142857142855,11.157142857142857,True,True,True,True
2018-07-15,10.79,10.877142857142855,11.038571428571428,11.15857142857143,10.959285714285713,-0.0871428571428563,1.9,17.09142842857143,10.375714142857143,22.97571414285714,1019.4571428571428,74.82285785714285,3.2942856571428574,217.42857142857144,22.4948834,16.60000014000004,87.98293509999999,52.40000114,175.53548289999998,-0.2135209154397959,-0.9769384927771817,2018-07-22,10.71,10.79,11.13714285714286,True,True,True,True
2018-07-22,10.71,10.79,10.877142857142855,11.131428571428572,10.85392857142857,-0.0799999999999983,0.0,20.08714257142857,12.551428285714286,27.25999971428572,1015.0142971428572,64.319286,2.835714285714286,265.0,28.9830102,1.9000000000000425,100.6474456,49.90000114,180.59554880000002,-0.3294084822245302,-0.9441875088341994,2018-07-29,10.651428571428571,10.71,11.191428571428572,True,True,True,True
2018-07-29,10.651428571428571,10.71,10.79,11.038571428571428,10.757142857142858,-0.05857142857142961,3.2,23.91571385714286,15.308571071428572,31.50571357142857,1013.6857142857144,60.08500057142857,2.9571428285714285,258.42857142857144,30.2387157,5.100000000000042,106.3366777,29.600000140000002,187.7749295,-0.4405187843504952,-0.8977433935342336,2018-08-05,10.604285714285714,10.651428571428571,11.244285714285716,True,True,True,True
2018-08-05,10.604285714285714,10.651428571428571,10.71,10.877142857142855,10.688928571428573,-0.04714285714285715,1.6,21.52571385714285,13.307142571428573,29.20999942857143,1020.0857428571428,67.214286,2.5085714142857145,254.0,28.4426243,6.700000000000043,110.1592336,23.300000139999998,194.7717036,-0.5452404385406507,-0.8382797052177745,2018-08-12,10.634285714285712,10.604285714285714,11.182857142857143,True,True,True,True
2018-08-12,10.634285714285712,10.604285714285714,10.651428571428571,10.79,10.65,0.029999999999997584,26.0,19.18714242857143,10.852857,26.48999985714286,1013.8285714285714,71.910715,3.4099999,203.42857142857144,22.0332018,30.800000000000043,109.697552,47.40000014,197.6804871,-0.6420547132365636,-0.7666588193001592,2018-08-19,10.775714285714283,10.634285714285712,11.155714285714286,True,True,True,True
2018-08-19,10.775714285714283,10.634285714285712,10.604285714285714,10.71,10.66642857142857,0.14142857142857146,11.1,18.03714242857143,13.852856642857144,22.924285571428573,1015.3714342857144,81.68857200000001,3.3771428,155.71428571428572,16.3385623,41.90000000000004,97.0531041,43.8,197.70054969999998,-0.7295575540864876,-0.6839194216246105,2018-08-26,10.70857142857143,10.775714285714283,11.172857142857143,True,True,True,True
2018-08-26,10.70857142857143,10.775714285714283,10.634285714285712,10.651428571428571,10.680714285714284,-0.06714285714285317,23.6,16.659999714285714,11.062856885714284,21.912856857142856,1014.07144,81.38928571428572,3.029999971428571,162.71428571428572,16.6595981,62.30000000000004,83.4739865,67.4,189.8106642,-0.8064799463209447,-0.5912614448635782,2018-09-02,10.731428571428571,10.70857142857143,11.17,True,True,True,True
2018-09-02,10.731428571428571,10.70857142857143,10.775714285714283,10.604285714285714,10.7125,0.022857142857141355,3.2,14.874285285714285,8.881428528571428,20.43714271428572,1019.7000371428572,80.87357271428571,2.752857057142857,156.57142857142858,15.3200612,63.90000000000005,70.3514234,70.6,180.510657,-0.8717063187093217,-0.4900286664290594,2018-09-09,10.735714285714286,10.731428571428571,11.222857142857142,True,True,True,True
2018-09-09,10.735714285714286,10.731428571428571,10.70857142857143,10.634285714285712,10.737857142857141,0.004285714285714448,17.1000013,17.127142714285714,12.615713857142856,22.16142857142857,1016.1000171428572,82.53007942857143,2.9814284714285715,144.42857142857142,14.9553001,55.000001300000044,63.2735217,85.80000129999999,172.97107369999998,-0.9242907221930934,-0.3816892202666586,2018-09-16,10.79857142857143,10.735714285714286,11.277142857142858,True,True,True,True
2018-09-16,10.79857142857143,10.735714285714286,10.731428571428571,10.775714285714283,10.74357142857143,0.06285714285714405,5.5,14.277142857142858,8.995713742857143,19.075714285714287,1020.5000228571428,83.36075142857143,3.0328571,113.85714285714286,10.9491016,49.40000130000004,57.884060999999996,91.30000129999999,154.9371651,-0.9634705485641486,-0.26781430516217486,2018-09-23,10.758571428571427,10.79857142857143,11.26,True,True,True,True
2018-09-23,10.758571428571427,10.79857142857143,10.735714285714286,10.70857142857143,10.756071428571428,-0.0400000000000027,22.2,15.387142428571428,10.619999857142858,20.142856857142856,1013.0714342857144,78.28116571428572,4.434285714285714,118.14285714285714,12.03108783,48.00000130000004,53.25555073,110.3000013,136.72953723,-0.9886775902323404,-0.15005539834465262,2018-09-30,10.854285714285714,10.758571428571427,11.247142857142858,True,True,True,True
2018-09-30,10.854285714285714,10.758571428571427,10.79857142857143,10.731428571428571,10.786785714285713,0.09571428571428697,2.4,11.094285571428571,4.494285685714286,16.827142714285714,1028.0571428571427,78.71785714285714,3.2514285428571426,129.85714285714286,11.5836657,47.20000130000004,49.51915523,111.10000129999999,119.87057863,-0.9995462806873573,-0.03012030484690836,2018-10-07,10.831428571428573,10.854285714285714,11.281428571428572,True,True,True,True
2018-10-07,10.831428571428573,10.854285714285714,10.758571428571427,10.735714285714286,10.810714285714287,-0.022857142857141355,9.4,11.244285285714286,6.349999914285715,16.64142857142857,1017.9285828571428,83.71642928571428,3.429999957142857,99.28571428571428,8.908583700000001,39.50000000000004,43.47243883,94.5000013,106.74596052999999,-0.9959189961471792,0.0902516100310407,2018-10-14,10.781428571428572,10.831428571428573,11.278571428571428,True,True,True,True
2018-10-14,10.781428571428572,10.831428571428573,10.854285714285714,10.79857142857143,10.80642857142857,-0.05000000000000071,0.0,15.594285428571428,9.402856971428571,21.878571,1016.2142971428572,75.28428785714286,3.2542857,116.0,11.5921789,34.00000000000004,44.11551613,83.4000013,101.99957713,-0.9778483415056567,0.20931464596304888,2018-10-21,10.72857142857143,10.781428571428572,11.271428571428572,True,True,True,True
2018-10-21,10.72857142857143,10.781428571428572,10.831428571428573,10.758571428571427,10.798928571428572,-0.05285714285714249,0.8,12.345714114285714,6.148571271428572,18.352857,1022.5857428571428,81.91071542857142,2.2199999285714287,83.0,7.678976219999999,12.600000000000044,39.763404519999995,60.600001299999995,93.01895524999999,-0.9455963874271428,0.3253420847119795,2018-10-28,10.75,10.72857142857143,11.29142857142857,True,True,True,True
2018-10-28,10.75,10.72857142857143,10.781428571428572,10.854285714285714,10.772857142857145,0.021428571428570464,14.0,9.198571,5.177142865714286,12.531428385714287,1017.2142857142856,85.706455,4.351428485714286,51.285714285714285,4.25054747,24.200000000000045,32.43028629,71.4000013,81.94944152,-0.8996308696522434,0.4366512319560638,2018-11-04,10.89,10.75,11.27142857142857,True,True,True,True
2018-11-04,10.89,10.75,10.72857142857143,10.831428571428573,10.787500000000001,0.14000000000000057,14.8,6.331428471428572,2.7028570885714283,10.34999957142857,1011.5142971428572,87.65381628571429,3.721428571428572,48.285714285714285,3.78295915,29.600000000000044,27.30466174,69.1,70.77710057,-0.8406184056344783,0.5416278206559811,2018-11-11,10.907142857142857,10.89,11.27,True,True,True,True
2018-11-11,10.907142857142857,10.89,10.75,10.781428571428572,10.818928571428572,0.017142857142856016,8.300000100000002,10.127142571428571,5.7271428,13.437142499999998,1008.6285714285714,87.40948285714286,3.585714285714286,41.142857142857146,3.5918948500000005,37.90000010000004,19.30437769,71.9000001,63.419893820000006,-0.7694148268839381,0.6387494220515268,2018-11-18,10.97857142857143,10.907142857142857,11.288571428571428,True,True,True,True
2018-11-18,10.97857142857143,10.907142857142857,10.89,10.72857142857143,10.881428571428572,0.07142857142857295,4.0,5.539999971428571,2.3714284,9.392856914285714,1025.9714485714285,88.97024071428572,3.3942857,45.71428571428572,3.38504467,41.100000100000045,15.01044614,53.7000001,54.77385066,-0.6870527672236675,0.7266075247685652,2018-11-25,10.955714285714285,10.97857142857143,11.304285714285712,True,True,True,True
2018-11-25,10.955714285714285,10.97857142857143,10.907142857142857,10.75,10.932857142857143,-0.022857142857144908,1.7,2.914285642857142,1.0128570971428572,4.437142742857143,1017.2428685714286,86.491727,4.637142828571428,19.571428571428573,1.36638175,28.800000100000045,12.12628042,53.0000001,44.55656671,-0.594726686960764,0.8039279618328208,2018-12-02,11.004285714285714,10.955714285714285,11.29142857142857,True,True,True,True
2018-12-02,11.004285714285714,10.955714285714285,10.97857142857143,10.89,10.96142857142857,0.04857142857142982,20.0,6.227142842857143,3.472857128571429,8.277142842857144,1010.7142971428572,88.30096642857143,4.952857142857143,19.142857142857142,1.47490169,34.000000100000044,9.818222960000002,63.6000001,37.1228847,-0.49377555015997737,0.8695893893466109,2018-12-09,11.18,11.004285714285714,11.284285714285714,True,True,True,True
2018-12-09,11.18,11.004285714285714,10.955714285714285,10.907142857142857,11.029642857142857,0.17571428571428527,63.4000003,7.49,4.031428528571429,10.031428385714287,1006.38572,88.94795928571429,5.475714228571428,18.142857142857142,1.43353224,89.10000030000005,7.659860350000001,127.0000004,26.964238039999998,-0.38566340624360745,0.9226395488404875,2018-12-16,11.257142857142856,11.18,11.304285714285712,True,True,True,True
2018-12-16,11.257142857142856,11.18,11.004285714285714,10.97857142857143,11.099285714285715,0.07714285714285651,4.699999999999999,1.8128570885714288,-0.4714285685714285,3.965714224285714,1021.6714542857144,85.56483557142857,3.7142856,19.857142857142858,1.34822999,89.80000030000005,5.62304567,130.9000004,20.63349181,-0.27195815753410524,0.9623090774541487,2018-12-23,11.242857142857144,11.257142857142856,11.285714285714286,True,True,True,True
2018-12-23,11.242857142857144,11.257142857142856,11.18,10.955714285714285,11.171071428571429,-0.014285714285712459,34.9000001,6.541428457142857,4.748571357142857,8.199999857142858,1011.4857257142858,91.14607285714284,4.365714185714286,11.714285714285714,0.922770335,123.00000040000005,5.179434255,151.8000005,17.305714675,-0.154308820664281,0.9880226656636976,2018-12-30,11.218571428571428,11.242857142857144,11.281428571428572,True,True,True,True
2018-12-30,11.218571428571428,11.242857142857144,11.257142857142856,11.004285714285714,11.224642857142857,-0.024285714285715798,3.5,5.857142857142857,4.0314285142857145,7.209999871428571,1028.9571428571428,89.75154714285713,3.7785713857142857,15.428571428571429,1.168799275,106.50000040000005,4.87333184,140.5000005,14.6915548,-0.034421611622745804,0.9994074007397048,2019-01-06,11.197142857142856,11.218571428571428,11.308571428571428,True,True,True,True
2019-01-06,11.197142857142856,11.218571428571428,11.242857142857144,11.18,11.228928571428572,-0.02142857142857224,7.700000040000001,5.884285714285714,3.3614284000000003,7.732857099999999,1032.6000428571429,87.43341685714286,4.792857128571428,18.857142857142858,1.4122614800000002,50.800000140000044,4.85206108,139.90000043999999,12.511921430000001,0.08596479873744647,0.9962981749346078,2019-01-13,11.23,11.197142857142856,11.278571428571428,True,True,True,True
2019-01-13,11.23,11.197142857142856,11.218571428571428,11.257142857142856,11.222142857142856,0.032857142857144694,32.8000003,5.827142685714286,3.339999957142857,7.6428571,1017.4142914285716,87.545598,5.874285571428572,16.142857142857142,1.2252357800000002,78.90000044000004,4.7290668700000005,168.70000074,10.35211254,0.2051044998686192,0.9787400799669153,2019-01-20,11.235714285714286,11.23,11.304285714285712,True,True,True,True
2019-01-20,11.235714285714286,11.23,11.197142857142856,11.242857142857144,11.220357142857143,0.005714285714285339,9.0000001,1.8771428428571428,-1.1614285857142856,4.744285654285714,1012.5428628571428,86.3692862857143,4.391428514285715,31.428571428571427,1.99042984,53.00000044000005,5.796726375,176.00000084,10.97616063,0.3212696616923644,0.9469877530760753,2019-01-27,11.217142857142855,11.235714285714286,11.292857142857144,True,True,True,True
2019-01-27,11.217142857142855,11.235714285714286,11.23,11.218571428571428,11.219999999999999,-0.01857142857143046,30.7000003,-0.4585714142857141,-3.4285714,1.9528571585714285,1004.8714342857144,88.7249222857143,3.7357142285714287,24.571428571428573,1.47319656,80.20000074000005,6.101123660000001,186.70000114,10.974455500000001,0.4327755925504312,0.901501684131884,2019-02-03,11.247142857142858,11.217142857142855,11.292857142857144,True,True,True,True
2019-02-03,11.247142857142858,11.217142857142855,11.235714285714286,11.197142857142856,11.2325,0.030000000000002913,5.699999999999999,0.7442856999999999,-1.4371428571428573,2.8485714085714284,999.6428628571427,89.240667,3.4885713857142853,32.42857142857143,2.10588594,78.20000070000005,6.7947481199999995,129.00000084,11.6468092,0.5380051715382996,0.8429415373547828,2019-02-10,11.245714285714286,11.247142857142858,11.27142857142857,True,True,True,True
2019-02-10,11.245714285714286,11.247142857142858,11.217142857142855,11.23,11.236428571428572,-0.001428571428572667,35.700001,5.574285671428571,3.427142857142857,7.2828567714285715,1009.6285771428572,87.00796071428572,6.398571242857143,23.714285714285715,1.83920689,81.10000140000005,7.40871923,160.00000183999998,12.1377861,0.6354323008901774,0.7721565844991642,2019-02-17,11.235714285714286,11.245714285714286,11.264285714285714,True,True,True,True
2019-02-17,11.235714285714286,11.245714285714286,11.247142857142858,11.235714285714286,11.236428571428572,-0.009999999999999787,0.0,5.978571342857143,0.96142856,11.064285428571427,1027.3285857142855,79.52642857142857,3.645714185714286,74.28571428571429,5.73194352,72.10000130000006,11.15023291,125.10000174,16.946959285000002,0.7236440382959124,0.6901733882429719,2019-02-24,11.21,11.235714285714286,11.23857142857143,True,True,True,True
2019-02-24,11.21,11.235714285714286,11.245714285714286,11.217142857142855,11.234642857142859,-0.025714285714284912,3.3000001,6.662856914285714,2.295714241428571,11.299999642857143,1027.4714428571428,84.18136785714286,3.241428528571429,72.14285714285714,5.58577332,44.70000110000005,15.26280967,124.90000184,21.363933330000002,0.8013610881746766,0.5981809144059165,2019-03-03,11.197142857142856,11.21,11.202857142857145,True,True,True,True
2019-03-03,11.197142857142856,11.21,11.235714285714286,11.247142857142858,11.222142857142856,-0.01285714285714512,21.5,7.099999942857143,1.162857,13.911428428571428,1019.5571628571428,80.62428571428572,3.145714285714285,77.85714285714286,6.152493580000001,60.50000110000005,19.30941731,138.7000018,26.104165430000002,0.8674563547295969,0.49751328890718066,2019-03-10,11.25,11.197142857142856,11.227142857142857,True,True,True,True
2019-03-10,11.25,11.197142857142856,11.21,11.245714285714286,11.223214285714285,0.05285714285714427,49.6000002,7.149999642857144,4.202857082857142,9.975714242857142,999.5428628571428,80.91000071428572,6.864285628571429,66.28571428571429,5.360514090000001,74.40000030000004,22.830724510000003,155.50000169999998,30.239443740000002,0.9209712877166346,0.38963044953078796,2019-03-17,11.281428571428572,11.25,11.251428571428573,True,True,True,True
2019-03-17,11.281428571428572,11.25,11.197142857142856,11.235714285714286,11.234642857142859,0.03142857142857203,54.3,6.615714157142857,3.9485713514285714,9.467142571428573,1002.8143028571428,81.41857200000001,7.739999785714287,55.285714285714285,4.36906886,128.70000030000006,21.46784985,200.8000016,32.61808276,0.9611297838723007,0.27609697309746883,2019-03-24,11.252857142857142,11.281428571428572,11.232857142857142,True,True,True,True
2019-03-24,11.252857142857142,11.281428571428572,11.25,11.21,11.245357142857141,-0.028571428571430246,4.4,7.189999814285715,2.892857067142857,11.7071425,1027.4714714285717,84.84428642857142,3.4642856285714285,104.42857142857144,8.2896286,129.80000020000003,24.171705130000003,174.5000013,39.4345148,0.9873494423939864,0.15855938510313475,2019-03-31,11.222857142857142,11.252857142857142,11.255714285714284,True,True,True,True
2019-03-31,11.222857142857142,11.252857142857142,11.281428571428572,11.197142857142856,11.251785714285715,-0.02999999999999936,1.3000001,8.004285528571428,3.018571395714286,12.514285357142857,1028.2714285714285,81.10285785714287,3.5042856571428573,128.28571428571428,10.548422,109.60000030000003,28.567633550000004,170.10000139999997,47.877050860000004,0.9992500112396835,0.03872228089217446,2019-04-07,11.205714285714285,11.222857142857142,11.258571428571427,True,True,True,True
2019-04-07,11.205714285714285,11.222857142857142,11.252857142857142,11.25,11.240714285714287,-0.017142857142857792,5.7,8.237142685714286,3.5828571142857144,12.985714142857145,1007.4428742857144,79.27357142857143,2.987142771428572,141.85714285714286,11.95822794,65.70000010000005,35.1653474,140.1000004,57.996071910000005,0.9966589017541702,-0.08167639533042241,2019-04-14,11.178571428571429,11.205714285714285,11.244285714285716,True,True,True,True
2019-04-14,11.178571428571429,11.205714285714285,11.222857142857142,11.281428571428572,11.214999999999998,-0.027142857142855803,2.1000001,5.672856828571428,0.71285714,10.837142685714284,1022.0857285714284,70.51928757142858,4.687142714285714,181.57142857142856,13.9500941,13.50000020000005,44.746372640000004,142.2000005,66.21422249,0.9796136916454901,-0.20089055513063506,2019-04-21,11.14,11.178571428571429,11.232857142857142,True,True,True,True
2019-04-21,11.14,11.178571428571429,11.205714285714285,11.252857142857142,11.186785714285714,-0.03857142857142826,0.0,12.801428,5.519999928571429,19.90714257142857,1025.328577142857,55.992857571428566,4.335714285714286,245.42857142857144,22.928723100000003,9.10000020000005,59.38546714,138.90000039999998,83.55717227,0.9483615800121715,-0.3171912885891061,2019-04-28,11.154285714285717,11.14,11.231428571428571,True,True,True,True
2019-04-28,11.154285714285717,11.14,11.178571428571429,11.222857142857142,11.169642857142858,0.014285714285716011,28.6000004,13.051428285714286,7.284285428571429,18.718571,1008.5714514285715,69.09285714285714,4.405714285714286,191.57142857142856,18.4559413,36.40000050000005,67.29298643999999,146.00000079999998,95.86061999,0.9033558023246845,-0.4288919379124835,2019-05-05,11.177142857142856,11.154285714285717,11.262857142857143,True,True,True,True
2019-05-05,11.177142857142856,11.154285714285717,11.14,11.205714285714285,11.162500000000001,0.02285714285713958,3.7,7.941428142857142,3.9914284,12.015713642857142,1016.8142914285714,79.76845914285715,3.849999985714285,168.0,13.6596687,34.40000050000005,68.9944272,100.1000006,104.1597746,0.8452490573530633,-0.5343725582809786,2019-05-12,11.154285714285717,11.177142857142856,11.221428571428572,True,True,True,True
2019-05-12,11.154285714285717,11.177142857142856,11.154285714285717,11.178571428571429,11.156428571428574,-0.02285714285713958,10.7,8.584285657142857,2.8785713562857143,13.809999857142856,1013.6000057142855,77.62214285714286,3.487142785714286,196.14285714285717,16.4350515,43.00000040000005,71.4793846,56.5000006,116.22575724,0.7748840413670407,-0.6321034111873487,2019-05-19,11.098571428571429,11.154285714285717,11.244285714285716,True,True,True,True
2019-05-19,11.098571428571429,11.154285714285717,11.177142857142856,11.14,11.14607142857143,-0.055714285714287826,1.6,11.869999714285711,5.372856857142857,17.732857,1020.3143142857144,71.76785771428571,3.4171428,236.0,21.3725751,44.60000040000004,69.9232366,53.7000006,129.30870374,0.6932812268869777,-0.7206671495538609,2019-05-26,11.05714285714286,11.098571428571429,11.177142857142856,True,True,True,True
2019-05-26,11.05714285714286,11.098571428571429,11.154285714285717,11.154285714285717,11.121785714285714,-0.04142857142856826,9.1,13.579999857142855,8.204285685714286,19.169999571428573,1014.0000057142856,77.808572,3.939999957142857,188.0,17.9848031,25.100000000000044,69.4520984,61.5000005,136.74508484,0.6016240632249226,-0.7987793728863649,2019-06-02,11.058571428571428,11.05714285714286,11.211428571428572,True,True,True,True
2019-06-02,11.058571428571428,11.05714285714286,11.098571428571429,11.177142857142856,11.092142857142859,0.0014285714285673379,1.3000001,15.777142857142858,9.22142847142857,21.06142842857143,1016.5142914285716,71.60357285714285,3.8999999857142855,227.0,22.8603737,22.700000100000047,78.6528034,57.1000006,147.6472306,0.5012418134457758,-0.865307254363206,2019-06-09,11.052857142857144,11.058571428571428,11.22,True,True,True,True
2019-06-09,11.052857142857144,11.058571428571428,11.05714285714286,11.154285714285717,11.066785714285716,-0.005714285714283562,20.6,16.301428285714287,10.501428342857142,21.058571142857144,1011.9714342857144,73.55928628571428,4.229999914285714,209.14285714285717,21.2906119,32.600000100000045,83.5083638,75.6000005,154.9877484,0.39359027665646673,-0.9192859697186104,2019-06-16,11.054285714285712,11.052857142857144,11.15857142857143,True,True,True,True
2019-06-16,11.054285714285712,11.052857142857144,11.058571428571428,11.098571428571429,11.055714285714286,0.0014285714285673379,16.8000001,16.02999942857143,10.514285285714283,20.721428428571432,1012.8857257142856,80.69214342857143,3.628571428571429,197.42857142857144,19.994561800000003,47.80000020000004,82.1303505,92.4000006,152.0535871,0.28023067519921585,-0.9599326896597447,2019-06-23,11.03,11.054285714285712,11.131428571428572,True,True,True,True
2019-06-23,11.03,11.054285714285712,11.052857142857144,11.05714285714286,11.048928571428572,-0.024285714285712245,15.8,18.19999985714286,10.919999714285714,24.16285657142857,1016.2142914285714,73.62785714285714,2.9214285285714285,237.8571428571429,25.1156235,54.50000020000005,89.2611709,79.6000002,158.7132693,0.16280701293851715,-0.986657932891657,2019-06-30,10.891428571428571,11.03,11.038571428571428,True,True,True,True
2019-06-30,10.891428571428571,11.03,11.054285714285712,11.058571428571428,11.007142857142856,-0.1385714285714279,0.0,20.417142428571427,13.78428557142857,26.559999428571427,1021.2285771428571,67.61,3.5242857,242.28571428571428,26.613457200000003,53.20000010000005,93.0142544,75.9000002,171.66705779999998,0.04302223300453059,-0.99907411510223,2019-07-07,10.775714285714288,10.891428571428571,10.877142857142855,True,True,True,True
2019-07-07,10.775714285714288,10.891428571428571,11.03,11.052857142857144,10.937857142857142,-0.115714285714283,1.7,15.525714,9.472857028571427,20.49142857142857,1018.7000057142858,70.85071428571429,3.792857057142857,214.57142857142856,21.4329953,34.30000010000005,93.15663780000001,66.90000020000001,176.6650016,-0.07738647923346322,-0.9970011699250151,2019-07-14,10.742857142857144,10.775714285714288,10.79,True,True,True,True
2019-07-14,10.742857142857144,10.775714285714288,10.891428571428571,11.054285714285712,10.860000000000001,-0.032857142857144694,9.9,15.015714071428572,10.741428571428573,19.46428542857143,1017.1571542857145,80.16714371428573,3.0228571285714283,143.85714285714286,14.150189,27.40000000000005,87.312265,75.2000002,169.4426155,-0.19667288979357622,-0.9804691603616321,2019-07-21,10.708571428571428,10.742857142857144,10.71,True,True,True,True
2019-07-21,10.708571428571428,10.742857142857144,10.775714285714288,11.03,10.779642857142857,-0.034285714285715585,7.8,17.38142842857143,12.634285714285712,22.34999985714285,1015.2571542857144,75.958572,2.884285657142857,192.0,20.075183,19.400000000000045,82.27182450000001,73.90000020000001,171.5329954,-0.3131070409358267,-0.9497178427914317,2019-07-28,10.627142857142855,10.708571428571428,10.651428571428571,True,True,True,True
2019-07-28,10.627142857142855,10.708571428571428,10.742857142857144,10.891428571428571,10.713571428571429,-0.08142857142857274,0.0,24.89714257142857,16.495714,32.85,1012.47144,59.520714857142856,3.6271428,259.1428571428572,30.8025872,19.400000000000045,86.4609545,72.6000001,179.4752089,-0.42500033996955394,-0.9051931898913975,2019-08-04,10.555714285714286,10.627142857142855,10.604285714285714,True,True,True,True
2019-08-04,10.555714285714286,10.627142857142855,10.708571428571428,10.775714285714288,10.65857142857143,-0.0714285714285694,9.4000001,18.515713857142856,13.032856999999998,24.318571285714285,1014.2571485714286,76.89714357142859,2.7342857,185.42857142857144,19.7678923,27.100000100000045,84.7958515,61.400000199999994,177.9524893,-0.5307300481619331,-0.8475409228928312,2019-08-11,10.528571428571428,10.555714285714286,10.634285714285712,True,True,True,True
2019-08-11,10.528571428571428,10.555714285714286,10.627142857142855,10.742857142857144,10.604999999999999,-0.02714285714285758,7.1000001,18.574285571428568,13.498571142857145,23.494285428571427,1008.6714342857142,75.46571557142856,4.312857057142858,184.42857142857144,19.6715998,24.300000200000046,90.31726230000001,51.7000002,177.6295273,-0.6287628145958345,-0.7775971469736268,2019-08-18,10.56142857142857,10.528571428571428,10.775714285714283,True,True,True,True
2019-08-18,10.56142857142857,10.528571428571428,10.555714285714286,10.708571428571428,10.568214285714285,0.03285714285714114,29.6000001,16.378571142857144,12.105714142857142,21.05285685714286,1011.1000114285714,83.00214457142856,3.7914285714285714,146.0,14.841143,46.10000030000005,85.08322229999999,65.5000003,167.3550468,-0.7176769136759615,-0.6963762255968726,2019-08-25,10.59,10.56142857142857,10.70857142857143,True,True,True,True
2019-08-25,10.59,10.56142857142857,10.528571428571428,10.627142857142855,10.55892857142857,0.028571428571430246,0.0,17.758570857142857,10.118571428571428,25.224285714285717,1022.1285771428572,72.13500071428571,2.8071428285714286,230.8571428571429,24.1332674,46.10000030000005,78.4139025,65.5000003,164.87485700000002,-0.7961828637826154,-0.6050560696488494,2019-09-01,10.527142857142858,10.59,10.731428571428571,True,True,True,True
2019-09-01,10.527142857142858,10.59,10.56142857142857,10.555714285714286,10.551785714285714,-0.06285714285714228,13.4000001,20.358571285714284,12.207142857142856,27.712857000000003,1016.1571485714286,72.99642857142858,2.677142771428571,196.57142857142856,21.7008607,50.10000030000005,80.3468709,77.2000004,165.1427224,-0.8631421280499115,-0.5049610547215202,2019-09-08,10.54,10.527142857142858,10.735714285714286,True,True,True,True
2019-09-08,10.54,10.527142857142858,10.59,10.528571428571428,10.554642857142857,0.012857142857141568,22.500001,14.15142807142857,9.21571414285714,18.762856714285714,1018.6000057142855,81.55285714285715,3.7457142142857145,131.57142857142858,12.6816256,65.50000120000004,73.35689670000001,89.80000139999999,163.674159,-0.9175836260593934,-0.3975428142825566,2019-09-15,10.605714285714283,10.54,10.79857142857143,True,True,True,True
2019-09-15,10.605714285714283,10.54,10.527142857142858,10.56142857142857,10.565714285714286,0.06571428571428406,11.1000003,13.852856857142855,7.56,19.328570857142857,1023.3285971428572,83.04468285714286,2.9014285714285712,139.85714285714286,13.3480537,47.000001400000045,71.8638074,93.10000169999999,156.9470297,-0.9587178169872964,-0.2843591872810036,2019-09-22,10.618571428571428,10.605714285714283,10.758571428571427,True,True,True,True
2019-09-22,10.618571428571428,10.605714285714283,10.54,10.59,10.572857142857142,0.01285714285714512,3.7,12.428571142857145,6.335714071428571,18.735714,1022.18572,76.80642928571429,2.721428442857143,134.85714285714286,12.5358087,50.70000140000005,60.2663487,96.8000017,138.6802512,-0.9859481499638303,-0.1670516255021195,2019-09-29,10.64857142857143,10.618571428571428,10.854285714285714,True,True,True,True
2019-09-29,10.64857142857143,10.618571428571428,10.605714285714283,10.527142857142858,10.603214285714285,0.030000000000001137,83.19999999999999,15.048571142857144,12.314285428571427,18.242857,1005.842857142857,89.81466285714285,4.161428542857143,70.28571428571429,6.9709849,120.50000130000004,45.5364729,170.60000159999998,125.8833438,-0.9988797155850335,-0.04732138832243232,2019-10-06,11.135714285714286,10.64857142857143,10.831428571428573,True,True,True,True
2019-10-06,11.135714285714286,10.64857142857143,10.618571428571428,10.54,10.752142857142857,0.48714285714285666,32.6000001,10.618571142857144,7.269999885714285,14.171428285714285,1009.7,87.01616214285714,3.875714185714286,77.42857142857143,6.89236341,130.60000040000006,39.747210710000004,196.10000159999998,113.10410741,-0.9973249731081555,0.07309512989807776,2019-10-13,11.184285714285716,11.135714285714286,10.781428571428572,True,True,True,True
2019-10-13,11.184285714285716,11.135714285714286,10.64857142857143,10.605714285714283,10.896785714285715,0.04857142857142982,52.1000003,12.055714,9.144285571428572,15.23999992857143,1007.9000114285716,89.2835942857143,4.8042856,54.85714285714285,4.99623509,171.60000040000003,31.395392100000002,218.60000179999997,103.2591995,-0.9813064702716093,0.19245158197082995,2019-10-20,11.221428571428572,11.184285714285716,10.72857142857143,True,True,True,True
2019-10-20,11.221428571428572,11.184285714285716,11.135714285714286,10.618571428571428,11.047500000000001,0.03714285714285559,24.200000000000003,12.594285428571428,10.167142357142856,15.16714257142857,1006.842857142857,89.81801914285714,3.609999985714286,53.57142857142857,5.0459591,192.10000040000006,23.9055425,242.8000018,84.1718912,-0.9510565162951536,0.30901699437494723,2019-10-27,11.2,11.221428571428572,10.75,True,True,True,True
2019-10-27,11.2,11.221428571428572,11.184285714285716,10.64857142857143,11.185357142857143,-0.02142857142857224,6.4000001,12.217142642857144,8.675714042857143,15.558571071428572,1014.68572,86.88458657142857,4.2485714,50.85714285714285,4.68874104,115.30000050000004,21.62329864,235.8000018,67.15977154,-0.9070138128026362,0.42110087079608916,2019-11-03,11.187142857142858,11.2,10.89,True,True,True,True
2019-11-03,11.187142857142858,11.2,11.221428571428572,11.135714285714286,11.198214285714286,-0.012857142857141568,24.1,6.354285671428571,2.635714292857142,11.371428142857145,1011.1428714285714,86.92594142857142,3.2399999857142854,62.57142857142857,4.748030190000001,106.80000040000004,19.47896542,237.4000008,59.22617613,-0.8498170915275277,0.5270777086423724,2019-11-10,11.231428571428571,11.187142857142858,10.907142857142857,True,True,True,True
2019-11-10,11.231428571428571,11.187142857142858,11.2,11.184285714285716,11.21,0.044285714285713595,17.3000003,6.434285714285714,2.772856953428572,9.887142571428573,1000.9714342857144,92.28966242857145,2.894285628571428,39.57142857142857,3.05843473,72.00000040000005,17.54116506,243.60000079999998,48.93655716000001,-0.780295851070776,0.6254105729852457,2019-11-17,11.21714285714286,11.231428571428571,10.97857142857143,True,True,True,True
2019-11-17,11.21714285714286,11.231428571428571,11.187142857142858,11.221428571428572,11.208928571428572,-0.014285714285710682,16.600001,4.337142757142857,1.3814285514285716,6.889999828571428,1003.6000057142855,89.99787714285715,4.247142785714286,26.857142857142858,1.9806968,64.40000140000004,14.47590276,256.5000018,38.38144526,-0.6994583270516471,0.7146733860429608,2019-11-24,11.237142857142857,11.21714285714286,10.955714285714285,True,True,True,True
2019-11-24,11.237142857142857,11.21714285714286,11.231428571428571,11.2,11.218214285714287,0.01999999999999602,12.6,4.181428571428572,0.9171428571428571,6.807142714285715,1009.0143085714286,92.66905228571429,3.5614285714285714,26.0,1.88785224,70.60000130000005,11.67501396,185.9000018,33.2983126,-0.6084768701151264,0.7935716089521472,2019-12-01,11.235714285714286,11.237142857142857,11.004285714285714,True,True,True,True
2019-12-01,11.235714285714286,11.237142857142857,11.21714285714286,11.187142857142858,11.230357142857144,-0.0014285714285708906,23.7,5.654285671428572,2.0371427714285715,8.521428342857144,1006.0857314285714,91.63661,3.377142757142857,22.714285714285715,1.68626113,70.20000130000004,8.6132449,177.00000169999998,28.09221032,-0.5086709438521042,0.8609610158889945,2019-12-08,11.23857142857143,11.235714285714286,11.18,True,True,True,True
2019-12-08,11.23857142857143,11.235714285714286,11.237142857142857,11.231428571428571,11.232142857142858,0.0028571428571435575,20.700000000000003,5.335714128571429,2.1457142714285715,8.234285585714286,1013.9714285714286,91.01804442857144,5.272857114285714,23.142857142857142,1.71333645,73.60000100000005,7.26814662,145.6000014,24.80931168,-0.4014879892059737,0.9158642882672868,2019-12-15,11.24,11.23857142857143,11.257142857142856,True,True,True,True
2019-12-15,11.24,11.23857142857143,11.235714285714286,11.21714285714286,11.237857142857143,0.0014285714285708906,12.4000001,4.851428457142857,2.657142771428572,6.784285628571429,997.1714342857142,84.47762,5.714285671428572,22.428571428571427,1.68954941,69.40000010000004,6.97699923,133.8000015,21.45290199,-0.2884824328806098,0.9574851883550389,2019-12-22,11.227142857142857,11.24,11.242857142857144,True,True,True,True
2019-12-22,11.227142857142857,11.24,11.23857142857143,11.237142857142857,11.235357142857143,-0.012857142857143344,9.5000001,7.702856842857143,5.029999942857144,10.165713714285715,997.5000057142856,86.0615827142857,4.414285657142857,20.571428571428573,1.69526523,66.30000020000004,6.784412219999999,136.9000015,18.45942618,-0.1712931441814778,0.9852201067560606,2019-12-29,11.23,11.227142857142857,11.218571428571428,True,True,True,True
2019-12-29,11.23,11.227142857142857,11.24,11.235714285714286,11.233928571428573,0.0028571428571435575,9.8,3.871428557142857,1.6357142571428571,5.934285671428571,1022.7142971428572,90.17345985714287,3.265714228571429,17.857142857142858,1.25543935,52.40000020000004,6.3535904400000005,122.6000015,14.96683534,-0.05161966722325418,0.9986668162884759,2020-01-05,11.225714285714286,11.23,11.197142857142856,True,True,True,True
2020-01-05,11.225714285714286,11.23,11.227142857142857,11.23857142857143,11.230714285714285,-0.004285714285714448,15.4000001,3.9485714,0.5528571228571428,6.748571257142857,1027.3286142857144,89.25910842857142,4.0985714,24.285714285714285,1.72914786,47.10000030000004,6.369401849999999,120.7000013,13.63754847,0.06861473800213404,0.9976432316860063,2020-01-12,11.231428571428571,11.225714285714286,11.23,True,True,True,True
2020-01-12,11.231428571428571,11.225714285714286,11.23,11.24,11.228571428571428,0.005714285714285339,11.5,6.9185713571428575,3.3599999142857144,9.432856857142855,1019.58572,89.5243997142857,5.2799999,20.0,1.58176286,46.20000020000004,6.2616153,115.6000003,13.23861453,0.1877185654371987,0.9822228566828407,2020-01-19,11.245714285714286,11.231428571428571,11.235714285714286,True,True,True,True
2020-01-19,11.245714285714286,11.231428571428571,11.225714285714286,11.227142857142857,11.233214285714286,0.014285714285714235,23.100000099999995,6.7757142,3.6299999142857136,9.461428371428571,1017.2285714285716,87.17571428571429,5.417142857142857,30.142857142857142,2.36249241,59.800000200000035,6.92884248,126.1000004,13.7132547,0.30411483232751785,0.9526353808033826,2020-01-26,11.225714285714286,11.245714285714286,11.217142857142855,True,True,True,True
2020-01-26,11.225714285714286,11.245714285714286,11.231428571428571,11.23,11.232142857142858,-0.019999999999999574,3.5,3.222857114285714,0.5328571285714286,5.799999957142857,1030.0428857142856,92.77421785714286,3.084285671428572,25.571428571428573,1.7886520299999995,53.50000020000004,7.462055159999999,105.9000004,13.8156456,0.41612469599147445,0.9093075592922358,2020-02-02,11.254285714285714,11.225714285714286,11.247142857142858,True,True,True,True
2020-02-02,11.254285714285714,11.225714285714286,11.245714285714286,11.225714285714286,11.239285714285714,0.02857142857142847,33.7000001,7.534285671428571,5.595714200000001,9.41714267142857,1001.3714342857144,88.72821571428572,6.334285685714286,25.857142857142858,2.11719279,71.80000020000003,7.850100089999999,118.90000049999999,14.21950194,0.5221325810768248,0.8528643314021597,2020-02-09,11.235714285714286,11.254285714285714,11.245714285714286,True,True,True,True
2020-02-09,11.235714285714286,11.254285714285714,11.225714285714286,11.231428571428571,11.240357142857142,-0.018571428571428683,23.800001,5.8557142,2.7285713942857144,8.554285528571429,1017.8000285714286,82.90500071428572,5.008571371428571,44.285714285714285,3.34438349,84.10000120000004,9.612720719999999,130.30000139999999,15.87433602,0.6206094818274227,0.7841198065767104,2020-02-16,11.27,11.235714285714286,11.235714285714286,True,True,True,True
2020-02-16,11.27,11.235714285714286,11.254285714285714,11.245714285714286,11.246428571428572,0.03428571428571381,46.6000013,6.664285657142857,3.7057141714285713,8.915713985714286,1003.6000114285716,81.5,7.662857085714286,38.285714285714285,3.0319333200000003,107.60000240000005,10.28216163,167.4000026,17.21100411,0.7101350157125358,0.7040655221348057,2020-02-23,11.265714285714283,11.27,11.21,True,True,True,True
2020-02-23,11.265714285714283,11.27,11.235714285714286,11.225714285714286,11.25642857142857,-0.0042857142857162245,49.9,6.989999857142857,4.8128571,9.39428557142857,1013.14288,81.235715,7.738571342857143,47.142857142857146,3.75153289,154.00000240000003,12.24504249,207.5000026,19.70709765,0.7894179103280197,0.613856141822612,2020-03-01,11.28285714285714,11.265714285714283,11.197142857142856,True,True,True,True
2020-03-01,11.28285714285714,11.265714285714283,11.27,11.254285714285714,11.263571428571426,0.017142857142856016,50.80000009999999,4.927142828571428,1.9828570514285715,8.338570928571428,998.6000114285714,85.08142914285715,6.042857085714286,61.57142857142857,4.66323544,171.10000240000005,14.79108514,242.9000026,22.641185229999998,0.8573146280763322,0.5147928015098309,2020-03-08,11.26142857142857,11.28285714285714,11.25,True,True,True,True
2020-03-08,11.26142857142857,11.28285714285714,11.265714285714283,11.235714285714286,11.269999999999998,-0.021428571428568688,19.4000007,5.451428471428572,2.2714285528571425,8.478571257142857,1002.6000114285716,86.50827857142858,4.3214285285714285,78.14285714285714,5.95833112,166.70000210000003,17.405032770000002,250.8000033,27.017753490000004,0.9128458599921356,0.40830434224389334,2020-03-15,11.262857142857143,11.26142857142857,11.281428571428572,True,True,True,True
2020-03-15,11.262857142857143,11.26142857142857,11.28285714285714,11.27,11.268214285714285,0.001428571428572667,28.100000000000005,7.872857142857143,3.982857107142857,11.477142571428573,1009.7571485714286,80.69428571428571,6.179999714285714,97.42857142857144,7.93111959,148.20000080000003,22.30421904,255.8000032,32.58638067,0.9552106508146316,0.2959267013472893,2020-03-22,11.235714285714286,11.262857142857143,11.252857142857142,True,True,True,True
2020-03-22,11.235714285714286,11.262857142857143,11.26142857142857,11.265714285714283,11.260714285714286,-0.02714285714285758,1.3000001,6.4742855285714285,2.3371427585714284,10.309999857142856,1027.2857285714283,75.52142914285714,4.492857114285714,117.85714285714286,9.0360216,99.60000090000004,27.58870775,253.6000033,39.83375024,0.9837979515735163,0.17928075881073577,2020-03-29,11.202857142857145,11.235714285714286,11.222857142857142,True,True,True,True
2020-03-29,11.202857142857145,11.235714285714286,11.262857142857143,11.28285714285714,11.240714285714287,-0.03285714285714114,0.0,5.064285714285715,-0.7457142571428571,10.539999857142858,1028.6857428571427,53.85357285714286,4.95,204.7142857142857,15.2684012,48.80000080000005,38.19387351,219.90000320000001,52.98495865,0.998195433059714,0.0600489585149486,2020-04-05,11.174285714285714,11.202857142857145,11.205714285714285,True,True,True,True
2020-04-05,11.174285714285714,11.202857142857145,11.235714285714286,11.26142857142857,11.218928571428572,-0.028571428571430246,1.7,6.111428500000001,-0.9485714428571428,11.571428142857144,1021.971442857143,69.08428685714286,3.774285628571429,163.0,12.7427739,31.10000010000005,44.97831629,197.8000022,62.38334906,0.998195433059714,-0.06004895851494825,2020-04-12,11.134285714285712,11.174285714285714,11.178571428571429,True,True,True,True
2020-04-12,11.134285714285712,11.174285714285714,11.202857142857145,11.262857142857143,11.186785714285714,-0.0400000000000027,0.0,11.398571428571428,3.922857028571429,19.59857142857143,1024.1142857142856,66.01,2.7428571142857145,230.14285714285717,20.7101434,3.000000100000043,57.7573401,151.2000009,80.06155914,0.9837979515735163,-0.17928075881073566,2020-04-19,11.097142857142856,11.134285714285712,11.14,True,True,True,True
2020-04-19,11.097142857142856,11.134285714285712,11.174285714285714,11.235714285714286,11.152142857142856,-0.03714285714285559,0.0,8.292857057142857,1.748571382857143,14.514285428571428,1021.3142857142856,64.61214328571428,4.29,228.7142857142857,19.0012257,1.7000000000000426,67.72254419999999,101.3000009,95.31125194999998,0.9552106508146317,-0.2959267013472892,2020-04-26,11.044285714285715,11.097142857142856,11.154285714285717,True,True,True,True
2020-04-26,11.044285714285715,11.097142857142856,11.134285714285712,11.202857142857145,11.112499999999999,-0.052857142857140715,0.0,11.23999992857143,3.969999942857143,17.989999714285712,1018.3428628571428,57.880000714285714,4.479999957142857,266.1428571428572,23.9848907,1.7000000000000426,76.4390337,50.5000008,114.63290721,0.9128458599921355,-0.40830434224389345,2020-05-03,11.044285714285715,11.044285714285715,11.177142857142856,True,True,True,True
2020-05-03,11.044285714285715,11.044285714285715,11.097142857142856,11.174285714285714,11.079999999999998,0.0,17.4000001,10.245714285714286,5.827142857142857,14.588571071428571,1005.2000057142856,78.84571428571428,3.885714171428572,172.71428571428572,15.277789,17.400000100000042,78.9740488,48.5000002,123.95236509,0.8573146280763323,-0.5147928015098308,2020-05-10,11.014285714285714,11.044285714285715,11.154285714285717,True,True,True,True
2020-05-10,11.014285714285714,11.044285714285715,11.044285714285715,11.134285714285712,11.05,-0.030000000000001137,0.0,10.789999714285717,2.4828571,18.09999985714285,1019.2,68.130715,2.8657142857142857,276.85714285714283,24.585632800000003,17.400000100000042,82.84953820000001,20.4000002,140.6068783,0.7894179103280199,-0.6138561418226116,2020-05-17,10.955714285714285,11.014285714285714,11.098571428571429,True,True,True,True
2020-05-17,10.955714285714285,11.014285714285714,11.044285714285715,11.097142857142856,11.014642857142857,-0.05857142857142961,1.3000001,8.181428514285715,0.7942856857142857,13.885713857142855,1019.2571485714286,68.94642999999999,4.089999971428571,221.14285714285717,18.2828538,18.70000020000004,82.1311663,20.4000002,149.8537105,0.7101350157125358,-0.7040655221348058,2020-05-24,10.914285714285716,10.955714285714285,11.05714285714286,True,True,True,True
2020-05-24,10.914285714285716,10.955714285714285,11.014285714285714,11.044285714285715,10.982142857142858,-0.04142857142856826,9.2000004,15.484285071428571,10.167142285714286,20.775714,1021.4142914285716,71.59785714285714,3.864285671428572,224.0,22.3351375,27.90000060000004,80.4814131,29.6000006,156.9204468,0.620609481827423,-0.7841198065767103,2020-05-31,10.905714285714286,10.914285714285716,11.058571428571428,True,True,True,True
2020-05-31,10.905714285714286,10.914285714285716,10.955714285714285,11.044285714285715,10.9475,-0.008571428571430673,0.0,14.039999714285711,6.149999942857143,20.305714,1030.9714714285717,67.95357171428572,3.571428514285714,280.57142857142856,26.9681153,10.500000500000043,92.1717394,27.9000006,171.1457882,0.522132581076825,-0.8528643314021596,2020-06-07,10.87142857142857,10.905714285714286,11.052857142857144,True,True,True,True
2020-06-07,10.87142857142857,10.905714285714286,10.914285714285716,11.014285714285714,10.911785714285713,-0.034285714285715585,30.3000003,14.311428285714284,9.255714285714284,19.558571,1004.8571542857144,73.15071485714286,4.235714199999999,240.28571428571428,23.9741488,40.80000080000004,91.56025539999999,58.2000009,174.4097936,0.4161246959914746,-0.9093075592922357,2020-06-14,10.902857142857142,10.87142857142857,11.054285714285712,True,True,True,True
2020-06-14,10.902857142857142,10.87142857142857,10.905714285714286,10.955714285714285,10.89857142857143,0.03142857142857203,21.4000011,16.111428285714286,11.56285707142857,20.84428557142857,1013.77144,83.03642985714285,2.902857142857143,196.28571428571428,19.8651787,60.90000180000004,93.14258029999999,79.600002,175.2737466,0.30411483232751846,-0.9526353808033824,2020-06-21,10.848571428571429,10.902857142857142,11.03,True,True,True,True
2020-06-21,10.848571428571429,10.902857142857142,10.87142857142857,10.914285714285716,10.882142857142856,-0.05428571428571338,5.000000099999999,17.72714242857143,13.209999642857143,22.647142857142857,1015.7142971428572,82.0950017142857,2.3099999714285717,223.42857142857144,23.3471611,56.70000150000004,94.1546039,84.6000021,174.63601699999998,0.18771856543719884,-0.9822228566828406,2020-06-28,10.758571428571427,10.848571428571429,10.891428571428571,True,True,True,True
2020-06-28,10.758571428571427,10.848571428571429,10.902857142857142,10.905714285714286,10.845357142857141,-0.09000000000000163,11.3,20.177142428571425,13.065714285714288,26.09714242857143,1017.7,68.44428642857143,3.212857142857143,299.42857142857144,32.7798497,68.00000150000004,99.9663383,78.500002,192.1380777,0.0686147380021341,-0.9976432316860063,2020-07-05,10.925714285714289,10.758571428571427,10.775714285714288,True,True,True,True
2020-07-05,10.925714285714289,10.758571428571427,10.848571428571429,10.87142857142857,10.858928571428573,0.1671428571428617,38.5000004,16.38999992857143,12.701428428571427,20.179999857142857,1009.0428628571428,81.557224,5.182856985714286,160.28571428571428,16.3480721,76.20000160000004,92.3402616,117.0000024,183.900517,-0.051478754770346045,-0.9986740898848305,2020-07-12,11.141428571428571,10.925714285714289,10.742857142857144,True,True,True,True
2020-07-12,11.141428571428571,10.925714285714289,10.758571428571427,10.902857142857142,10.918571428571429,0.21571428571428264,47.5,13.738571071428572,8.982857014285715,17.719999714285713,1017.7571485714286,84.09285785714285,3.228571357142857,183.57142857142856,17.5854626,102.30000050000004,90.0605455,163.2000023,183.2031258,-0.17082974322534417,-0.985300562686109,2020-07-19,11.132857142857144,11.141428571428571,10.708571428571428,True,True,True,True
2020-07-19,11.132857142857144,11.141428571428571,10.925714285714289,10.848571428571429,10.989642857142858,-0.00857142857142712,8.299999999999999,16.628571142857144,10.848571428571429,21.681428285714283,1017.5142914285716,83.32571500000002,1.854285657142857,226.57142857142856,23.2582559,105.60000040000004,89.9716403,162.3000019,184.1262442,-0.287716767226167,-0.9577155432887803,2020-07-26,11.055714285714286,11.132857142857144,10.627142857142855,True,True,True,True
2020-07-26,11.055714285714286,11.132857142857144,11.141428571428571,10.758571428571427,11.063928571428573,-0.07714285714285829,20.6,16.291428142857143,10.324285528571428,21.297142428571423,1016.1000057142855,77.7,3.077142785714286,230.0,23.2388364,114.90000040000004,80.430627,182.9000019,180.3969653,-0.40045390565126615,-0.9163169044870049,2020-08-02,11.072857142857142,11.055714285714286,10.555714285714286,True,True,True,True
2020-08-02,11.072857142857142,11.055714285714286,11.132857142857144,10.925714285714289,11.100714285714286,0.017142857142856016,3.2,17.442857,10.782856814285712,22.815713857142857,1015.0285885714286,76.63500057142858,3.237142771428572,224.57142857142856,23.4270812,79.60000000000004,87.50963610000001,155.8000016,179.8498977,-0.5074150932938452,-0.8617017599480683,2020-08-09,10.927142857142856,11.072857142857142,10.528571428571428,True,True,True,True
2020-08-09,10.927142857142856,11.072857142857142,11.055714285714286,11.141428571428571,11.047142857142857,-0.1457142857142859,0.0,20.732856642857143,12.5571428,27.774285285714285,1017.48572,68.03071485714285,2.4057142714285717,261.0,28.9455713,32.100000000000044,98.8697448,134.4000005,188.93029030000002,-0.6070575744291004,-0.794657851737625,2020-08-16,10.79142857142857,10.927142857142856,10.56142857142857,True,True,True,True
2020-08-16,10.79142857142857,10.927142857142856,11.072857142857142,11.132857142857144,10.961785714285714,-0.13571428571428612,14.5,23.988571285714283,17.828571285714286,30.545714,1013.9142971428572,71.11285871428571,2.558571371428571,236.7142857142857,27.726254399999995,38.30000000000004,103.3377433,143.90000039999998,193.30938360000002,-0.6979441547663433,-0.7161521883143935,2020-08-23,10.81857142857143,10.79142857142857,10.59,True,True,True,True
2020-08-23,10.81857142857143,10.79142857142857,10.927142857142856,11.055714285714286,10.9025,0.027142857142859356,27.9,19.71428557142857,14.327142642857142,24.675713857142856,1009.57144,79.378572,3.4414285,180.7142857142857,19.6871797,45.60000000000004,99.7860866,160.5000004,180.2167136,-0.7787639308347605,-0.627317096874294,2020-08-30,11.02,10.81857142857143,10.527142857142858,True,True,True,True
2020-08-30,11.02,10.81857142857143,10.79142857142857,11.072857142857142,10.889285714285712,0.20142857142857018,51.39999999999999,15.497142285714286,11.279999857142856,19.46714257142857,1007.0285771428572,86.8028597142857,4.261428414285715,129.85714285714286,12.9870261,93.80000000000003,89.3460315,173.39999999999998,176.85566759999998,-0.8483511978123038,-0.5294338912181854,2020-09-06,11.084285714285716,11.02,10.54,True,True,True,True
2020-09-06,11.084285714285716,11.02,10.81857142857143,10.927142857142856,10.928571428571429,0.06428571428571672,28.6000012,14.359999857142856,8.795714242857143,19.51428557142857,1018.3571542857144,82.30166785714286,2.719999942857143,152.14285714285714,14.746160200000002,122.40000120000002,75.1466204,154.50000119999999,174.0163652,-0.9057022630804714,-0.42391439070986087,2020-09-13,11.094285714285714,11.084285714285716,10.605714285714283,True,True,True,True
2020-09-13,11.094285714285714,11.084285714285716,11.02,10.79142857142857,11.004285714285714,0.00999999999999801,2.6000001,14.854285571428573,9.441428285714284,19.797142714285712,1020.9428742857144,86.09571271428571,3.042857071428571,125.71428571428572,12.2754145,110.50000130000002,59.695780500000005,148.8000013,163.03352379999998,-0.9499899229945009,-0.3122805568857948,2020-09-20,11.002857142857142,11.094285714285714,10.618571428571428,True,True,True,True
2020-09-20,11.002857142857142,11.094285714285714,11.084285714285716,10.81857142857143,11.050357142857143,-0.09142857142857252,0.0,15.335714,7.937142628571428,23.122857000000003,1023.0857142857144,75.10642928571428,2.969999942857143,185.0,18.309934,82.60000130000003,58.3185348,128.2000013,158.10462139999998,-0.9805753940631429,-0.19614254142819712,2020-09-27,11.005714285714284,11.002857142857142,10.64857142857143,True,True,True,True
2020-09-27,11.005714285714284,11.002857142857142,11.094285714285714,11.02,11.046785714285713,0.002857142857141781,23.600000100000003,13.195714,7.871428385714286,18.892856857142856,1003.0857142857142,82.1997757142857,3.2571427571428573,132.57142857142858,12.6294712,54.80000140000004,57.9609799,148.6000014,147.3070114,-0.9970175264485267,-0.07717546212664643,2020-10-04,11.12857142857143,11.005714285714284,11.135714285714286,True,True,True,True
2020-10-04,11.12857142857143,11.005714285714284,11.002857142857142,11.084285714285716,11.057857142857141,0.12285714285714633,18.3,13.09,9.937142499999998,16.174285285714284,1001.9571485714284,89.33317657142857,3.6757142857142857,66.42857142857143,6.325307179999999,44.500000200000045,49.54012688,166.9000014,124.68674727999999,-0.9990791668951153,0.04290475819955435,2020-10-11,11.212857142857144,11.12857142857143,11.184285714285716,True,True,True,True
2020-10-11,11.212857142857144,11.12857142857143,11.005714285714284,11.094285714285714,11.087499999999999,0.08428571428571452,57.2,10.618571285714284,7.5214285,13.972856714285712,1008.9714285714286,90.002933,4.118571385714286,65.57142857142857,5.776360769999999,99.10000010000005,43.041073149999995,209.6000014,102.73685365000001,-0.9867305793119814,0.16236614133076377,2020-10-18,11.214285714285714,11.212857142857144,11.221428571428572,True,True,True,True
2020-10-18,11.214285714285714,11.212857142857144,11.12857142857143,11.002857142857142,11.140357142857143,0.0014285714285691142,0.0,8.731428457142858,4.892857,12.705713928571427,1019.8571542857144,85.72142914285713,2.6671428285714285,79.0,6.628732459999999,99.10000010000005,31.35987161,181.7000014,89.67840641,-0.9601498736716018,0.2794856348516095,2020-10-25,11.205714285714285,11.214285714285714,11.2,True,True,True,True
2020-10-25,11.205714285714285,11.214285714285714,11.212857142857144,11.005714285714284,11.190357142857144,-0.008571428571428896,12.8,11.994285285714286,8.72714257142857,15.354285428571428,1007.7142914285714,87.89706371428572,4.614285657142857,46.142857142857146,4.23294232,88.30000000000004,22.96334273,143.1000014,80.92432262999999,-0.9197204370389466,0.3925739646141719,2020-11-01,11.222857142857142,11.205714285714285,11.187142857142858,True,True,True,True
2020-11-01,11.222857142857142,11.205714285714285,11.214285714285714,11.12857142857143,11.213928571428571,0.017142857142857792,28.5000003,11.438571285714286,9.077142814285711,13.672856714285714,1007.6714342857142,88.96116842857143,5.349999971428572,41.57142857142857,3.74742883,98.50000030000004,20.38546438,143.0000005,69.92559125999999,-0.8660254037844386,0.5000000000000001,2020-11-08,11.212857142857144,11.222857142857142,11.231428571428571,True,True,True,True
2020-11-08,11.212857142857144,11.222857142857142,11.205714285714285,11.212857142857144,11.213928571428571,-0.00999999999999801,2.4,8.752857071428572,4.352857028571429,13.207142357142857,1024.4571542857143,87.59366085714285,3.6214284,58.85714285714285,4.851486619999999,43.70000030000004,19.46059023,142.8000004,62.50166338,-0.7998392447397198,0.6002142805483676,2020-11-15,11.202857142857145,11.212857142857144,11.21714285714286,True,True,True,True
2020-11-15,11.202857142857145,11.212857142857144,11.222857142857142,11.214285714285714,11.21107142857143,-0.009999999999999787,15.8000011,9.304285671428572,6.318571385714286,11.9842855,1016.8285714285712,90.728435,3.517142814285714,32.57142857142857,2.77082399,59.500001400000045,15.60268176,158.6000015,46.962553369999995,-0.7221165966101161,0.6917713646142221,2020-11-22,11.221428571428572,11.202857142857145,11.237142857142857,True,True,True,True
2020-11-22,11.221428571428572,11.202857142857145,11.212857142857144,11.205714285714285,11.215,0.018571428571426907,14.4000001,8.7457142,5.328571414285714,11.521428285714284,1021.1285828571428,87.03787214285714,5.3228569142857145,31.0,2.58710278,61.10000150000005,13.956842219999999,149.4000015,36.92018495,-0.6339784927628872,0.7733506777097294,2020-11-29,,11.221428571428572,11.235714285714286,True,False,True,False
2020-11-29,,11.221428571428572,11.202857142857145,11.222857142857142,,,,,,,,,,,,,,,,-0.5366961939916011,0.8437755598231853,2020-12-06,,,11.23857142857143,False,False,False,False
